{"Start_Time": [1758181206.6247404], "Time": [1758181208.6273367, 1758181210.6296449, 1758181212.6323028, 1758181214.6346545, 1758181216.63737, 1758181218.6396952, 1758181220.642419, 1758181222.6447155, 1758181224.6474118, 1758181226.6497588, 1758181228.6524272, 1758181230.6547859, 1758181232.657512, 1758181234.6598241, 1758181236.6625423, 1758181238.6648827, 1758181240.6676233, 1758181242.669785, 1758181244.6726806, 1758181246.6755636, 1758181248.6779635, 1758181250.6808262, 1758181252.683643, 1758181254.6860034, 1758181256.6886477, 1758181258.6910534, 1758181260.6937747, 1758181262.6960495, 1758181264.6987774, 1758181266.701097, 1758181268.7037666, 1758181270.706707, 1758181272.709097, 1758181274.7117975, 1758181276.7141497, 1758181278.7168841, 1758181280.7197714, 1758181282.7220228, 1758181284.7248049, 1758181286.7271585, 1758181288.7298853, 1758181290.73213, 1758181292.734901, 1758181294.737241, 1758181296.7402897], "Voltage": [229.14, 229.14, 229.08, 228.87, 228.87, 228.87, 228.77, 228.82, 228.98, 228.93, 228.77, 228.87, 228.82, 229.4, 229.19, 229.19, 229.08, 229.08, 229.29, 229.29, 229.29, 229.14, 229.14, 229.24, 229.24, 229.45, 229.24, 229.24, 229.5, 229.45, 229.4, 229.4, 229.29, 229.4, 229.5, 229.29, 229.35, 229.29, 229.35, 229.4, 229.4, 229.45, 229.24, 229.35, 229.24], "Current": [0.17, 0.17, 0.17, 0.17, 0.17, 0.17, 0.17, 0.17, 0.17, 0.17, 0.17, 0.17, 0.17, 0.17, 0.17, 0.17, 0.17, 0.17, 0.17, 0.17, 0.17, 0.17, 0.17, 0.17, 0.17, 0.17, 0.17, 0.17, 0.17, 0.17, 0.17, 0.17, 0.17, 0.17, 0.17, 0.17, 0.17, 0.17, 0.17, 0.17, 0.17, 0.17, 0.17, 0.17, 0.17], "Real_Power": [25.67, 25.61, 25.58, 25.57, 25.63, 25.82, 25.57, 25.59, 25.61, 25.55, 25.68, 25.56, 25.69, 25.54, 25.73, 25.49, 25.61, 25.58, 25.66, 25.75, 25.64, 25.65, 25.7, 25.66, 25.54, 25.59, 25.47, 25.49, 25.52, 25.69, 25.61, 25.65, 25.62, 25.5, 25.66, 25.8, 25.57, 25.71, 25.6, 25.48, 25.65, 25.69, 25.49, 25.61, 25.73], "Apparent_Power": [38.95, 38.95, 38.94, 38.9, 38.9, 38.9, 38.89, 38.89, 38.92, 38.91, 38.89, 38.9, 38.89, 38.99, 38.96, 38.96, 38.94, 38.94, 38.97, 38.97, 38.97, 38.95, 38.95, 38.97, 38.97, 39.0, 38.97, 38.97, 39.01, 39.0, 38.99, 38.99, 38.97, 38.99, 39.01, 38.97, 38.98, 38.97, 38.98, 38.99, 38.99, 39.0, 38.97, 38.98, 38.97], "Apparent_Power_Reactive": [29.29, 29.34, 29.35, 29.31, 29.26, 29.09, 29.3, 29.28, 29.3, 29.34, 29.2, 29.32, 29.19, 29.46, 29.25, 29.46, 29.33, 29.35, 29.32, 29.25, 29.34, 29.31, 29.26, 29.32, 29.43, 29.43, 29.49, 29.47, 29.5, 29.34, 29.39, 29.36, 29.36, 29.49, 29.38, 29.2, 29.42, 29.28, 29.39, 29.51, 29.36, 29.34, 29.47, 29.38, 29.26], "Power_Factor": [0.659, 0.657, 0.656, 0.657, 0.658, 0.663, 0.657, 0.658, 0.658, 0.656, 0.66, 0.657, 0.66, 0.655, 0.66, 0.654, 0.657, 0.656, 0.658, 0.66, 0.657, 0.658, 0.659, 0.658, 0.655, 0.656, 0.653, 0.654, 0.654, 0.658, 0.656, 0.657, 0.657, 0.654, 0.657, 0.662, 0.655, 0.659, 0.656, 0.653, 0.657, 0.658, 0.654, 0.657, 0.66], "Energy": [0.01, 0.02, 0.04, 0.05, 0.07, 0.08, 0.1, 0.11, 0.12, 0.14, 0.15, 0.17, 0.18, 0.2, 0.21, 0.23, 0.24, 0.26, 0.27, 0.28, 0.3, 0.31, 0.33, 0.34, 0.36, 0.37, 0.38, 0.4, 0.41, 0.43, 0.44, 0.46, 0.47, 0.49, 0.5, 0.51, 0.53, 0.54, 0.56, 0.57, 0.59, 0.6, 0.62, 0.63, 0.64], "Frequency": [49.48, 49.48, 49.48, 49.47, 49.47, 49.47, 49.49, 49.49, 49.49, 49.48, 49.48, 49.48, 49.49, 49.49, 49.49, 49.46, 49.46, 49.46, 49.43, 49.43, 49.43, 49.43, 49.43, 49.43, 49.44, 49.44, 49.44, 49.43, 49.43, 49.43, 49.45, 49.45, 49.45, 49.45, 49.45, 49.45, 49.45, 49.45, 49.45, 49.46, 49.46, 49.46, 49.45, 49.45, 49.45], "Temp_env": []}