{"Start_Time": [1758180184.6522887], "Time": [1758180186.6546626, 1758180188.6567943, 1758180190.65959, 1758180192.6619031, 1758180194.6640363, 1758180196.6667428, 1758180198.6689138, 1758180200.670885, 1758180202.6729128, 1758180204.6750305, 1758180206.677747, 1758180208.6801329, 1758180210.6828635, 1758180212.685101, 1758180214.687753, 1758180216.69011, 1758180218.692834, 1758180220.695017, 1758180222.697112, 1758180224.6998801, 1758180226.7022383, 1758180228.7042768, 1758180230.7068572, 1758180232.709208, 1758180234.7118855, 1758180236.7143419, 1758180238.7170691, 1758180240.719302, 1758180242.7220132, 1758180244.7244658, 1758180246.7269814, 1758180248.7293243, 1758180250.7319837, 1758180252.7343943, 1758180254.7371335, 1758180256.73927, 1758180258.7420669, 1758180260.7445023, 1758180262.747062, 1758180264.7493942, 1758180266.7520998, 1758180268.7544732, 1758180270.7571847, 1758180272.75953, 1758180274.7626069], "Voltage": [230.18, 230.13, 229.97, 229.92, 229.76, 229.87, 230.03, 229.97, 229.82, 229.66, 229.76, 229.71, 229.87, 229.97, 229.87, 229.92, 229.76, 228.45, 228.51, 228.87, 228.82, 228.72, 228.51, 228.72, 228.77, 228.82, 228.82, 228.98, 228.77, 228.51, 228.98, 228.98, 228.93, 229.14, 229.19, 229.03, 228.93, 228.93, 229.14, 229.08, 229.08, 228.87, 228.87, 229.19, 229.24], "Current": [0.17, 0.17, 0.17, 0.17, 0.17, 0.17, 0.17, 0.17, 0.17, 0.17, 0.17, 0.17, 0.17, 0.17, 0.17, 0.17, 0.17, 0.17, 0.17, 0.17, 0.17, 0.17, 0.17, 0.17, 0.17, 0.17, 0.17, 0.17, 0.17, 0.17, 0.17, 0.17, 0.17, 0.17, 0.17, 0.17, 0.17, 0.17, 0.17, 0.17, 0.17, 0.17, 0.17, 0.17, 0.17], "Real_Power": [25.52, 25.58, 25.66, 25.4, 25.34, 25.69, 25.44, 25.44, 25.56, 25.41, 25.48, 25.6, 25.47, 25.47, 25.44, 25.52, 25.56, 25.54, 25.46, 25.5, 25.7, 25.53, 25.58, 25.5, 25.45, 25.47, 25.71, 25.41, 25.53, 25.62, 25.43, 25.48, 25.77, 25.33, 25.49, 25.62, 25.41, 25.35, 25.59, 25.65, 25.39, 25.48, 25.57, 25.48, 25.62], "Apparent_Power": [39.13, 39.12, 39.09, 39.08, 39.05, 39.07, 39.1, 39.09, 39.06, 39.04, 39.05, 39.05, 39.07, 39.09, 39.07, 39.08, 39.05, 38.83, 38.84, 38.9, 38.89, 38.88, 38.84, 38.88, 38.89, 38.89, 38.89, 38.92, 38.89, 38.84, 38.92, 38.92, 38.91, 38.95, 38.96, 38.93, 38.91, 38.91, 38.95, 38.94, 38.94, 38.9, 38.9, 38.96, 38.97], "Apparent_Power_Reactive": [29.66, 29.59, 29.48, 29.69, 29.71, 29.43, 29.69, 29.67, 29.53, 29.63, 29.59, 29.48, 29.62, 29.65, 29.65, 29.59, 29.52, 29.24, 29.33, 29.37, 29.18, 29.32, 29.22, 29.34, 29.4, 29.38, 29.17, 29.48, 29.33, 29.19, 29.46, 29.41, 29.15, 29.58, 29.46, 29.31, 29.46, 29.51, 29.36, 29.29, 29.52, 29.39, 29.31, 29.47, 29.36], "Power_Factor": [0.652, 0.653, 0.656, 0.649, 0.648, 0.657, 0.65, 0.65, 0.654, 0.65, 0.652, 0.655, 0.651, 0.651, 0.651, 0.653, 0.654, 0.657, 0.655, 0.655, 0.66, 0.656, 0.658, 0.655, 0.654, 0.654, 0.661, 0.652, 0.656, 0.659, 0.653, 0.654, 0.662, 0.65, 0.654, 0.658, 0.653, 0.651, 0.656, 0.658, 0.652, 0.655, 0.657, 0.654, 0.657], "Energy": [0.01, 0.02, 0.04, 0.05, 0.07, 0.08, 0.1, 0.11, 0.12, 0.14, 0.15, 0.17, 0.18, 0.2, 0.21, 0.22, 0.24, 0.25, 0.27, 0.28, 0.3, 0.31, 0.33, 0.34, 0.35, 0.37, 0.38, 0.4, 0.41, 0.43, 0.44, 0.45, 0.47, 0.48, 0.5, 0.51, 0.53, 0.54, 0.56, 0.57, 0.58, 0.6, 0.61, 0.63, 0.64], "Frequency": [49.44, 49.45, 49.45, 49.45, 49.43, 49.43, 49.43, 49.43, 49.43, 49.43, 49.43, 49.43, 49.43, 49.43, 49.43, 49.43, 49.44, 49.44, 49.44, 49.43, 49.43, 49.43, 49.44, 49.44, 49.44, 49.44, 49.44, 49.44, 49.43, 49.43, 49.43, 49.45, 49.45, 49.45, 49.45, 49.45, 49.45, 49.47, 49.47, 49.47, 49.47, 49.47, 49.47, 49.48, 49.48], "Temp_env": []}