{"Start_Time": [1758184067.3966537], "Time": [1758184069.398839, 1758184071.4014728, 1758184073.4038625, 1758184075.4057922, 1758184077.4086885, 1758184079.4109256, 1758184081.413671, 1758184083.4160109, 1758184085.4187574, 1758184087.4209912, 1758184089.4229984, 1758184091.4258044, 1758184093.4281528, 1758184095.4302847, 1758184097.4330544, 1758184099.4359162, 1758184101.4382513, 1758184103.4405417, 1758184105.4430232, 1758184107.4452465, 1758184109.4481108, 1758184111.4505465, 1758184113.45323, 1758184115.455532, 1758184117.4582708, 1758184119.4606144, 1758184121.4632857, 1758184123.4654691, 1758184125.4682693, 1758184127.4707541, 1758184129.473245, 1758184131.4755938, 1758184133.4783192, 1758184135.4807968, 1758184137.483503, 1758184139.4857876, 1758184141.4885106, 1758184143.4908864, 1758184145.493573, 1758184147.495738, 1758184149.4985843, 1758184151.5010643, 1758184153.5035937, 1758184155.505961, 1758184157.509043], "Voltage": [227.14, 227.25, 227.41, 227.3, 227.35, 227.41, 227.09, 227.14, 227.09, 227.35, 227.3, 227.25, 227.14, 227.35, 227.35, 227.3, 227.35, 227.41, 227.35, 227.51, 227.46, 227.46, 227.56, 227.56, 227.35, 227.3, 227.46, 227.46, 227.46, 227.2, 227.35, 227.51, 227.41, 227.46, 227.3, 227.46, 227.41, 227.72, 227.72, 227.67, 227.83, 227.72, 227.77, 227.41, 227.41], "Current": [0.17, 0.17, 0.17, 0.17, 0.17, 0.17, 0.17, 0.17, 0.17, 0.17, 0.17, 0.17, 0.17, 0.17, 0.17, 0.17, 0.17, 0.17, 0.17, 0.17, 0.17, 0.17, 0.17, 0.17, 0.17, 0.17, 0.17, 0.17, 0.17, 0.17, 0.17, 0.17, 0.17, 0.17, 0.17, 0.17, 0.17, 0.17, 0.17, 0.17, 0.17, 0.17, 0.17, 0.17, 0.17], "Real_Power": [25.96, 26.04, 26.02, 25.99, 26.08, 25.92, 26.06, 26.0, 26.07, 25.99, 25.87, 25.97, 25.89, 25.96, 25.98, 26.26, 25.94, 26.09, 26.09, 25.93, 25.89, 26.03, 26.04, 26.02, 25.96, 26.0, 25.95, 25.93, 26.23, 25.92, 26.03, 25.94, 26.03, 25.91, 25.89, 25.96, 25.92, 25.98, 25.93, 25.94, 26.09, 25.9, 26.05, 26.04, 26.01], "Apparent_Power": [38.61, 38.63, 38.65, 38.64, 38.64, 38.65, 38.6, 38.61, 38.6, 38.64, 38.64, 38.63, 38.61, 38.64, 38.64, 38.64, 38.64, 38.65, 38.64, 38.67, 38.66, 38.66, 38.68, 38.68, 38.64, 38.64, 38.66, 38.66, 38.66, 38.62, 38.64, 38.67, 38.65, 38.66, 38.64, 38.66, 38.65, 38.71, 38.71, 38.7, 38.73, 38.71, 38.72, 38.65, 38.65], "Apparent_Power_Reactive": [28.57, 28.53, 28.57, 28.59, 28.51, 28.67, 28.47, 28.54, 28.46, 28.59, 28.7, 28.59, 28.64, 28.62, 28.6, 28.34, 28.63, 28.51, 28.5, 28.68, 28.71, 28.58, 28.6, 28.61, 28.62, 28.58, 28.65, 28.67, 28.4, 28.62, 28.55, 28.67, 28.57, 28.69, 28.68, 28.64, 28.67, 28.69, 28.74, 28.71, 28.62, 28.76, 28.64, 28.56, 28.58], "Power_Factor": [0.672, 0.674, 0.673, 0.672, 0.674, 0.67, 0.675, 0.673, 0.675, 0.672, 0.669, 0.672, 0.67, 0.671, 0.672, 0.679, 0.671, 0.675, 0.675, 0.67, 0.669, 0.673, 0.673, 0.672, 0.671, 0.672, 0.671, 0.67, 0.678, 0.671, 0.673, 0.67, 0.673, 0.67, 0.67, 0.671, 0.67, 0.671, 0.669, 0.67, 0.673, 0.669, 0.672, 0.673, 0.672], "Energy": [0.01, 0.02, 0.04, 0.05, 0.07, 0.08, 0.1, 0.11, 0.13, 0.14, 0.16, 0.17, 0.18, 0.2, 0.21, 0.23, 0.24, 0.26, 0.27, 0.29, 0.3, 0.32, 0.33, 0.35, 0.36, 0.37, 0.39, 0.4, 0.42, 0.43, 0.45, 0.46, 0.48, 0.49, 0.51, 0.52, 0.54, 0.55, 0.57, 0.58, 0.6, 0.61, 0.62, 0.64, 0.65], "Frequency": [49.45, 49.47, 49.47, 49.47, 49.44, 49.44, 49.44, 49.42, 49.42, 49.42, 49.43, 49.43, 49.43, 49.42, 49.42, 49.42, 49.43, 49.43, 49.43, 49.42, 49.42, 49.42, 49.42, 49.42, 49.42, 49.43, 49.43, 49.43, 49.43, 49.43, 49.43, 49.43, 49.43, 49.43, 49.45, 49.45, 49.45, 49.45, 49.45, 49.45, 49.45, 49.45, 49.45, 49.44, 49.44], "Temp_env": []}