{"Start_Time": [1758183454.692436], "Time": [1758183456.6949067, 1758183458.6972191, 1758183460.6993508, 1758183462.702067, 1758183464.7042644, 1758183466.7063823, 1758183468.7093015, 1758183470.7113936, 1758183472.7135048, 1758183474.7162445, 1758183476.7186542, 1758183478.7213674, 1758183480.723762, 1758183482.7265115, 1758183484.7287323, 1758183486.7308667, 1758183488.7336018, 1758183490.7367573, 1758183492.738989, 1758183494.7418075, 1758183496.744137, 1758183498.746863, 1758183500.7492595, 1758183502.7519982, 1758183504.7543323, 1758183506.757022, 1758183508.7594361, 1758183510.7620578, 1758183512.7644472, 1758183514.7671988, 1758183516.769536, 1758183518.7722342, 1758183520.7746038, 1758183522.7773516, 1758183524.7797165, 1758183526.78247, 1758183528.784722, 1758183530.7875686, 1758183532.7897604, 1758183534.7926717, 1758183536.7948306, 1758183538.797715, 1758183540.8000903, 1758183542.8028064, 1758183544.8055482], "Voltage": [228.09, 228.19, 228.35, 228.19, 228.04, 228.09, 227.88, 228.09, 227.93, 227.98, 228.24, 228.04, 227.98, 227.83, 227.83, 228.19, 228.14, 228.14, 228.3, 227.98, 228.04, 227.88, 227.93, 227.93, 227.98, 228.04, 227.72, 227.77, 227.56, 227.51, 227.51, 227.72, 227.72, 227.72, 227.51, 227.83, 227.67, 227.62, 227.72, 227.77, 227.98, 228.04, 227.67, 227.72, 227.72], "Current": [0.17, 0.17, 0.17, 0.17, 0.17, 0.17, 0.17, 0.17, 0.17, 0.17, 0.17, 0.17, 0.17, 0.17, 0.17, 0.17, 0.17, 0.17, 0.17, 0.17, 0.17, 0.17, 0.17, 0.17, 0.17, 0.17, 0.17, 0.17, 0.17, 0.17, 0.17, 0.17, 0.17, 0.17, 0.17, 0.17, 0.17, 0.17, 0.17, 0.17, 0.17, 0.17, 0.17, 0.17, 0.17], "Real_Power": [25.89, 26.0, 26.03, 25.94, 25.96, 26.02, 26.09, 25.91, 26.05, 26.05, 26.03, 25.85, 26.11, 25.99, 25.96, 26.01, 25.88, 25.93, 26.04, 26.03, 25.93, 25.96, 26.06, 25.96, 26.01, 26.02, 25.87, 25.95, 25.95, 25.85, 25.96, 25.89, 26.02, 26.0, 25.89, 25.91, 25.97, 25.85, 25.93, 25.86, 25.88, 25.92, 25.93, 25.92, 25.92], "Apparent_Power": [38.77, 38.79, 38.81, 38.79, 38.76, 38.77, 38.73, 38.77, 38.74, 38.75, 38.8, 38.76, 38.75, 38.73, 38.73, 38.79, 38.78, 38.78, 38.81, 38.75, 38.76, 38.73, 38.74, 38.74, 38.75, 38.76, 38.71, 38.72, 38.68, 38.67, 38.67, 38.71, 38.71, 38.71, 38.67, 38.73, 38.7, 38.69, 38.71, 38.72, 38.75, 38.76, 38.7, 38.71, 38.71], "Apparent_Power_Reactive": [28.85, 28.78, 28.78, 28.84, 28.78, 28.74, 28.62, 28.84, 28.67, 28.68, 28.77, 28.88, 28.63, 28.71, 28.74, 28.77, 28.88, 28.83, 28.77, 28.7, 28.8, 28.74, 28.66, 28.75, 28.72, 28.72, 28.79, 28.73, 28.68, 28.76, 28.66, 28.77, 28.66, 28.67, 28.72, 28.78, 28.69, 28.78, 28.74, 28.81, 28.84, 28.81, 28.72, 28.75, 28.75], "Power_Factor": [0.667, 0.67, 0.67, 0.668, 0.669, 0.671, 0.673, 0.668, 0.672, 0.672, 0.67, 0.666, 0.673, 0.671, 0.67, 0.67, 0.667, 0.668, 0.67, 0.671, 0.668, 0.67, 0.672, 0.67, 0.671, 0.671, 0.668, 0.67, 0.67, 0.668, 0.671, 0.668, 0.672, 0.671, 0.669, 0.668, 0.671, 0.668, 0.669, 0.667, 0.667, 0.668, 0.67, 0.669, 0.669], "Energy": [0.01, 0.02, 0.04, 0.05, 0.07, 0.08, 0.1, 0.11, 0.13, 0.14, 0.16, 0.17, 0.18, 0.2, 0.21, 0.23, 0.24, 0.26, 0.27, 0.29, 0.3, 0.32, 0.33, 0.35, 0.36, 0.38, 0.39, 0.41, 0.42, 0.43, 0.45, 0.46, 0.48, 0.49, 0.51, 0.52, 0.54, 0.55, 0.57, 0.58, 0.6, 0.61, 0.62, 0.64, 0.65], "Frequency": [49.39, 49.39, 49.39, 49.39, 49.39, 49.39, 49.39, 49.39, 49.39, 49.39, 49.4, 49.4, 49.4, 49.4, 49.4, 49.4, 49.4, 49.4, 49.4, 49.39, 49.39, 49.39, 49.37, 49.37, 49.37, 49.38, 49.38, 49.38, 49.39, 49.39, 49.39, 49.38, 49.38, 49.38, 49.38, 49.38, 49.38, 49.38, 49.38, 49.38, 49.39, 49.39, 49.39, 49.41, 49.41], "Temp_env": []}