{"Start_Time": [1755596671.4734702], "Time": [1755596673.4756532, 1755596675.4785836, 1755596677.4806757, 1755596679.4827144, 1755596681.48478, 1755596683.4869595, 1755596685.489011, 1755596687.4910364, 1755596689.4930108, 1755596691.495741, 1755596693.498096, 1755596695.5008416, 1755596697.5031936, 1755596699.5051935, 1755596701.507216, 1755596703.509575, 1755596705.5121808, 1755596707.5143511, 1755596709.5164204, 1755596711.51862, 1755596713.5213327, 1755596715.523715, 1755596717.5257397, 1755596719.5284972, 1755596721.5308657, 1755596723.5336206, 1755596725.5359635, 1755596727.5387437, 1755596729.540921, 1755596731.5429616, 1755596733.545115, 1755596735.5478961, 1755596737.5502367, 1755596739.5529323, 1755596741.55532, 1755596743.5580583, 1755596745.5605319, 1755596747.563107, 1755596749.5654454, 1755596751.5681818, 1755596753.5706537, 1755596755.5733771, 1755596757.5755472, 1755596759.57762, 1755596761.5805657], "Voltage": [231.28, 231.07, 230.92, 230.76, 231.02, 231.07, 231.34, 231.28, 231.23, 231.18, 231.18, 231.18, 231.34, 231.34, 231.44, 231.34, 231.23, 230.81, 230.97, 230.97, 231.18, 230.81, 230.86, 230.86, 231.07, 230.97, 230.92, 230.76, 230.55, 230.86, 230.71, 230.86, 231.18, 230.86, 231.13, 231.23, 231.13, 230.97, 230.81, 230.97, 230.97, 231.07, 231.02, 230.76, 231.39], "Current": [0.17, 0.17, 0.17, 0.17, 0.17, 0.17, 0.17, 0.17, 0.17, 0.17, 0.17, 0.17, 0.17, 0.17, 0.17, 0.17, 0.17, 0.17, 0.17, 0.17, 0.17, 0.17, 0.17, 0.17, 0.17, 0.17, 0.17, 0.17, 0.17, 0.17, 0.17, 0.17, 0.17, 0.17, 0.17, 0.17, 0.17, 0.17, 0.17, 0.17, 0.17, 0.17, 0.17, 0.17, 0.17], "Real_Power": [26.17, 26.05, 26.21, 26.38, 26.03, 26.14, 26.12, 26.14, 26.27, 26.04, 26.28, 26.2, 26.21, 26.35, 25.92, 26.28, 26.19, 26.05, 26.22, 26.22, 26.22, 26.27, 26.07, 26.05, 26.28, 25.94, 26.25, 26.24, 26.02, 26.3, 26.14, 26.09, 26.29, 26.05, 26.24, 26.22, 26.11, 26.3, 26.12, 26.08, 26.24, 26.02, 26.37, 26.29, 25.99], "Apparent_Power": [39.31, 39.28, 39.25, 39.22, 39.27, 39.28, 39.32, 39.31, 39.3, 39.3, 39.3, 39.3, 39.32, 39.32, 39.34, 39.32, 39.3, 39.23, 39.26, 39.26, 39.3, 39.23, 39.24, 39.24, 39.28, 39.26, 39.25, 39.22, 39.19, 39.24, 39.22, 39.24, 39.3, 39.24, 39.29, 39.3, 39.29, 39.26, 39.23, 39.26, 39.26, 39.28, 39.27, 39.22, 39.33], "Apparent_Power_Reactive": [29.33, 29.39, 29.21, 29.02, 29.4, 29.31, 29.39, 29.35, 29.22, 29.43, 29.22, 29.29, 29.31, 29.18, 29.59, 29.24, 29.3, 29.33, 29.22, 29.22, 29.27, 29.13, 29.32, 29.34, 29.19, 29.46, 29.18, 29.14, 29.3, 29.12, 29.23, 29.31, 29.21, 29.34, 29.24, 29.27, 29.35, 29.14, 29.27, 29.34, 29.2, 29.42, 29.09, 29.1, 29.51], "Power_Factor": [0.665, 0.663, 0.667, 0.672, 0.662, 0.665, 0.664, 0.664, 0.668, 0.662, 0.668, 0.666, 0.666, 0.67, 0.658, 0.668, 0.666, 0.664, 0.667, 0.667, 0.667, 0.669, 0.664, 0.663, 0.669, 0.66, 0.668, 0.669, 0.663, 0.67, 0.666, 0.664, 0.668, 0.663, 0.667, 0.667, 0.664, 0.669, 0.665, 0.664, 0.668, 0.662, 0.671, 0.67, 0.66], "Energy": [0.01, 0.02, 0.04, 0.05, 0.07, 0.08, 0.1, 0.11, 0.13, 0.14, 0.16, 0.17, 0.19, 0.2, 0.22, 0.23, 0.24, 0.26, 0.27, 0.29, 0.3, 0.32, 0.33, 0.35, 0.36, 0.38, 0.39, 0.41, 0.42, 0.44, 0.45, 0.47, 0.48, 0.49, 0.51, 0.52, 0.54, 0.55, 0.57, 0.58, 0.6, 0.61, 0.63, 0.64, 0.66], "Frequency": [49.43, 49.44, 49.44, 49.44, 49.44, 49.44, 49.44, 49.43, 49.43, 49.43, 49.44, 49.44, 49.44, 49.43, 49.43, 49.43, 49.43, 49.43, 49.43, 49.43, 49.43, 49.43, 49.42, 49.42, 49.42, 49.42, 49.42, 49.42, 49.43, 49.43, 49.43, 49.43, 49.43, 49.43, 49.43, 49.43, 49.43, 49.43, 49.43, 49.43, 49.43, 49.43, 49.43, 49.43, 49.43], "Temp_env": []}