{"Start_Time": [1755186522.7680104], "Time": [1755186524.7700684, 1755186526.7726548, 1755186528.7750251, 1755186530.7777114, 1755186532.7800589, 1755186534.7826858, 1755186536.7850294, 1755186538.78774, 1755186540.790092, 1755186542.7921855, 1755186544.7948725, 1755186546.7972243, 1755186548.799952, 1755186550.8022718, 1755186552.8049521, 1755186554.8072374, 1755186556.8099148, 1755186558.8121731, 1755186560.8149388, 1755186562.817318, 1755186564.8199797, 1755186566.8221984, 1755186568.8242435, 1755186570.8263419, 1755186572.8290625, 1755186574.83152, 1755186576.8341012, 1755186578.8363948, 1755186580.8385499, 1755186582.8413541, 1755186584.8434405, 1755186586.8455675, 1755186588.8482769, 1755186590.8506007, 1755186592.853286, 1755186594.8555884, 1755186596.8583102, 1755186598.86066, 1755186600.8633602, 1755186602.865677, 1755186604.8683999, 1755186606.8707106, 1755186608.8734217, 1755186610.875735, 1755186612.8784752], "Voltage": [229.66, 229.82, 229.71, 229.71, 229.76, 229.76, 229.87, 229.76, 229.71, 229.71, 229.87, 229.71, 229.71, 229.87, 229.82, 229.82, 229.92, 229.87, 229.87, 229.76, 229.82, 229.82, 229.82, 229.87, 229.82, 229.82, 229.71, 229.87, 229.82, 229.66, 229.82, 229.82, 229.71, 229.82, 229.76, 229.76, 229.76, 229.61, 229.66, 229.76, 229.76, 229.71, 229.71, 229.87, 229.71], "Current": [0.17, 0.17, 0.17, 0.17, 0.17, 0.17, 0.17, 0.17, 0.17, 0.17, 0.17, 0.17, 0.17, 0.17, 0.17, 0.17, 0.17, 0.17, 0.17, 0.17, 0.17, 0.17, 0.17, 0.17, 0.17, 0.17, 0.17, 0.17, 0.17, 0.17, 0.17, 0.17, 0.17, 0.17, 0.17, 0.17, 0.17, 0.17, 0.17, 0.17, 0.17, 0.17, 0.17, 0.17, 0.17], "Real_Power": [25.92, 26.02, 26.13, 25.85, 26.03, 25.9, 25.87, 26.17, 25.75, 26.14, 26.17, 25.75, 26.22, 25.87, 25.97, 26.23, 25.96, 26.04, 25.98, 25.79, 26.15, 26.02, 26.0, 26.09, 25.89, 25.97, 26.16, 25.83, 26.05, 26.0, 25.97, 26.1, 25.84, 25.87, 26.17, 25.83, 26.02, 26.17, 25.86, 26.18, 26.03, 26.1, 26.05, 25.92, 25.96], "Apparent_Power": [39.04, 39.06, 39.05, 39.05, 39.05, 39.05, 39.07, 39.05, 39.05, 39.05, 39.07, 39.05, 39.05, 39.07, 39.06, 39.06, 39.08, 39.07, 39.07, 39.05, 39.06, 39.06, 39.06, 39.07, 39.06, 39.06, 39.05, 39.07, 39.06, 39.04, 39.06, 39.06, 39.05, 39.06, 39.05, 39.05, 39.05, 39.03, 39.04, 39.05, 39.05, 39.05, 39.05, 39.07, 39.05], "Apparent_Power_Reactive": [29.19, 29.13, 29.01, 29.26, 29.1, 29.22, 29.27, 28.98, 29.35, 29.01, 29.01, 29.35, 28.93, 29.27, 29.17, 28.94, 29.21, 29.12, 29.18, 29.32, 29.01, 29.13, 29.14, 29.08, 29.24, 29.17, 28.99, 29.31, 29.1, 29.12, 29.17, 29.05, 29.27, 29.26, 28.98, 29.28, 29.11, 28.95, 29.24, 28.97, 29.1, 29.04, 29.09, 29.23, 29.17], "Power_Factor": [0.663, 0.666, 0.669, 0.661, 0.666, 0.663, 0.662, 0.67, 0.659, 0.669, 0.669, 0.659, 0.671, 0.662, 0.664, 0.671, 0.664, 0.666, 0.664, 0.66, 0.669, 0.666, 0.665, 0.667, 0.662, 0.664, 0.669, 0.661, 0.666, 0.665, 0.664, 0.668, 0.661, 0.662, 0.67, 0.661, 0.666, 0.67, 0.662, 0.67, 0.666, 0.668, 0.667, 0.663, 0.664], "Energy": [0.01, 0.02, 0.04, 0.05, 0.07, 0.08, 0.1, 0.11, 0.13, 0.14, 0.16, 0.17, 0.18, 0.2, 0.21, 0.23, 0.24, 0.26, 0.27, 0.29, 0.3, 0.32, 0.33, 0.35, 0.36, 0.37, 0.39, 0.4, 0.42, 0.43, 0.45, 0.46, 0.48, 0.49, 0.51, 0.52, 0.54, 0.55, 0.56, 0.58, 0.59, 0.61, 0.62, 0.64, 0.65], "Frequency": [49.4, 49.41, 49.41, 49.41, 49.41, 49.41, 49.41, 49.41, 49.41, 49.41, 49.41, 49.41, 49.41, 49.4, 49.4, 49.4, 49.4, 49.4, 49.4, 49.38, 49.38, 49.38, 49.39, 49.39, 49.39, 49.4, 49.4, 49.4, 49.42, 49.42, 49.42, 49.41, 49.41, 49.41, 49.41, 49.41, 49.41, 49.43, 49.43, 49.43, 49.4, 49.4, 49.4, 49.4, 49.4], "Temp_env": []}