{"Start_Time": [1755595813.7291973], "Time": [1755595815.7315845, 1755595817.7341583, 1755595819.7364726, 1755595821.7391753, 1755595823.741605, 1755595825.744215, 1755595827.7464366, 1755595829.7485266, 1755595831.7512481, 1755595833.753584, 1755595835.7557044, 1755595837.7584188, 1755595839.7605371, 1755595841.7625782, 1755595843.7654743, 1755595845.7675612, 1755595847.7696254, 1755595849.7718122, 1755595851.7744925, 1755595853.7766118, 1755595855.778708, 1755595857.7814167, 1755595859.7837527, 1755595861.785884, 1755595863.7885778, 1755595865.7906961, 1755595867.792798, 1755595869.7956576, 1755595871.7977319, 1755595873.799811, 1755595875.802529, 1755595877.8048713, 1755595879.8075411, 1755595881.809905, 1755595883.8126283, 1755595885.814958, 1755595887.817611, 1755595889.8199751, 1755595891.8220606, 1755595893.8248122, 1755595895.8268957, 1755595897.8296893, 1755595899.8320136, 1755595901.8347466, 1755595903.8369656], "Voltage": [230.34, 230.24, 230.03, 230.18, 229.87, 229.76, 230.13, 230.13, 230.03, 230.34, 230.6, 230.5, 230.29, 230.55, 230.66, 230.6, 230.5, 230.29, 230.66, 230.5, 230.39, 230.45, 230.5, 230.34, 230.5, 230.6, 230.39, 230.24, 230.18, 230.13, 230.39, 230.45, 230.34, 230.24, 230.29, 230.18, 230.29, 230.39, 230.45, 230.45, 230.29, 230.29, 230.13, 230.29, 230.29], "Current": [0.17, 0.17, 0.17, 0.17, 0.17, 0.17, 0.17, 0.17, 0.17, 0.17, 0.17, 0.17, 0.17, 0.17, 0.17, 0.17, 0.17, 0.17, 0.17, 0.17, 0.17, 0.17, 0.17, 0.17, 0.17, 0.17, 0.17, 0.17, 0.17, 0.17, 0.17, 0.17, 0.17, 0.17, 0.17, 0.17, 0.17, 0.17, 0.17, 0.17, 0.17, 0.17, 0.17, 0.17, 0.17], "Real_Power": [26.28, 25.95, 26.29, 26.16, 26.06, 26.24, 25.89, 26.17, 26.31, 25.89, 26.27, 26.06, 26.02, 26.32, 25.96, 26.1, 26.3, 26.01, 26.32, 26.02, 26.07, 26.24, 25.83, 26.23, 26.17, 25.95, 26.21, 26.11, 25.97, 26.26, 26.06, 26.12, 26.27, 26.0, 26.26, 26.37, 26.05, 26.23, 26.08, 26.02, 26.26, 25.93, 26.22, 26.07, 26.08], "Apparent_Power": [39.15, 39.14, 39.1, 39.13, 39.07, 39.05, 39.12, 39.12, 39.1, 39.15, 39.2, 39.18, 39.14, 39.19, 39.21, 39.2, 39.18, 39.14, 39.21, 39.18, 39.16, 39.17, 39.18, 39.15, 39.18, 39.2, 39.16, 39.14, 39.13, 39.12, 39.16, 39.17, 39.15, 39.14, 39.14, 39.13, 39.14, 39.16, 39.17, 39.17, 39.14, 39.14, 39.12, 39.14, 39.14], "Apparent_Power_Reactive": [29.01, 29.3, 28.94, 29.1, 29.1, 28.91, 29.32, 29.07, 28.92, 29.36, 29.09, 29.25, 29.23, 29.03, 29.38, 29.24, 29.04, 29.24, 29.06, 29.29, 29.22, 29.08, 29.45, 29.06, 29.15, 29.38, 29.09, 29.15, 29.26, 28.99, 29.22, 29.18, 29.02, 29.25, 29.02, 28.9, 29.21, 29.07, 29.22, 29.27, 29.02, 29.31, 29.03, 29.19, 29.18], "Power_Factor": [0.671, 0.663, 0.672, 0.668, 0.667, 0.671, 0.661, 0.668, 0.672, 0.661, 0.67, 0.665, 0.664, 0.671, 0.662, 0.665, 0.671, 0.664, 0.671, 0.664, 0.665, 0.669, 0.659, 0.669, 0.667, 0.661, 0.669, 0.667, 0.663, 0.671, 0.665, 0.666, 0.671, 0.664, 0.67, 0.673, 0.665, 0.669, 0.665, 0.664, 0.67, 0.662, 0.67, 0.666, 0.666], "Energy": [0.01, 0.02, 0.04, 0.05, 0.07, 0.08, 0.1, 0.11, 0.13, 0.14, 0.16, 0.17, 0.19, 0.2, 0.22, 0.23, 0.24, 0.26, 0.27, 0.29, 0.3, 0.32, 0.33, 0.35, 0.36, 0.38, 0.39, 0.41, 0.42, 0.44, 0.45, 0.47, 0.48, 0.49, 0.51, 0.52, 0.54, 0.55, 0.57, 0.58, 0.6, 0.61, 0.63, 0.64, 0.66], "Frequency": [49.42, 49.4, 49.4, 49.4, 49.41, 49.41, 49.41, 49.4, 49.4, 49.4, 49.4, 49.4, 49.4, 49.39, 49.39, 49.39, 49.42, 49.42, 49.42, 49.4, 49.4, 49.4, 49.4, 49.4, 49.4, 49.39, 49.39, 49.39, 49.4, 49.4, 49.4, 49.42, 49.42, 49.42, 49.39, 49.39, 49.39, 49.39, 49.39, 49.39, 49.4, 49.4, 49.4, 49.4, 49.4], "Temp_env": []}