{"Start_Time": [1755674974.6325479], "Time": [1755674976.6350353, 1755674978.63752, 1755674980.639873, 1755674982.6425447, 1755674984.6449318, 1755674986.6474817, 1755674988.6498055, 1755674990.6519554, 1755674992.654742, 1755674994.656807, 1755674996.6589627, 1755674998.6616538, 1755675000.663968, 1755675002.6667, 1755675004.6688175, 1755675006.6708775, 1755675008.6736183, 1755675010.6758614, 1755675012.6780515, 1755675014.6807566, 1755675016.6828508, 1755675018.6852112, 1755675020.687714, 1755675022.6901035, 1755675024.6926773, 1755675026.6951454, 1755675028.6976743, 1755675030.699974, 1755675032.70271, 1755675034.705191, 1755675036.7077022, 1755675038.7100708, 1755675040.712778, 1755675042.7152178, 1755675044.717745, 1755675046.7200246, 1755675048.722852, 1755675050.7252507, 1755675052.7279377, 1755675054.7307713, 1755675056.7330894, 1755675058.7352884, 1755675060.7379453, 1755675062.7400646, 1755675064.7428803], "Voltage": [231.18, 231.18, 231.07, 231.02, 230.97, 230.92, 230.92, 230.81, 230.97, 231.02, 231.02, 230.86, 230.76, 230.97, 230.81, 230.92, 230.71, 230.6, 230.6, 230.71, 230.71, 230.71, 230.66, 230.6, 230.6, 230.55, 230.55, 230.45, 230.71, 230.71, 230.55, 230.6, 230.66, 230.76, 230.45, 230.45, 230.5, 230.34, 230.18, 230.39, 230.29, 230.24, 230.24, 230.45, 230.34], "Current": [0.17, 0.17, 0.17, 0.17, 0.17, 0.17, 0.17, 0.17, 0.17, 0.17, 0.17, 0.17, 0.17, 0.17, 0.17, 0.17, 0.17, 0.17, 0.17, 0.17, 0.17, 0.17, 0.17, 0.17, 0.17, 0.17, 0.17, 0.17, 0.17, 0.17, 0.17, 0.17, 0.17, 0.17, 0.17, 0.17, 0.17, 0.17, 0.17, 0.17, 0.17, 0.17, 0.17, 0.17, 0.17], "Real_Power": [26.3, 26.13, 26.24, 26.2, 26.16, 26.23, 26.1, 26.23, 26.17, 26.12, 26.17, 26.11, 26.17, 26.24, 26.06, 26.39, 26.32, 26.15, 26.27, 26.31, 26.21, 26.27, 26.2, 26.06, 26.29, 26.08, 26.22, 26.09, 26.23, 26.4, 26.11, 26.13, 26.28, 26.2, 26.24, 26.18, 26.17, 26.19, 26.1, 26.24, 26.21, 26.08, 26.23, 26.16, 26.02], "Apparent_Power": [39.3, 39.3, 39.28, 39.27, 39.26, 39.25, 39.25, 39.23, 39.26, 39.27, 39.27, 39.24, 39.22, 39.26, 39.23, 39.25, 39.22, 39.2, 39.2, 39.22, 39.22, 39.22, 39.21, 39.2, 39.2, 39.19, 39.19, 39.17, 39.22, 39.22, 39.19, 39.2, 39.21, 39.22, 39.17, 39.17, 39.18, 39.15, 39.13, 39.16, 39.14, 39.14, 39.14, 39.17, 39.15], "Apparent_Power_Reactive": [29.2, 29.35, 29.22, 29.25, 29.27, 29.19, 29.31, 29.17, 29.26, 29.32, 29.27, 29.29, 29.21, 29.2, 29.32, 29.05, 29.07, 29.2, 29.09, 29.08, 29.17, 29.12, 29.17, 29.28, 29.07, 29.25, 29.12, 29.21, 29.15, 29.0, 29.22, 29.22, 29.09, 29.18, 29.08, 29.13, 29.15, 29.09, 29.15, 29.06, 29.06, 29.18, 29.05, 29.15, 29.25], "Power_Factor": [0.669, 0.664, 0.668, 0.667, 0.666, 0.668, 0.664, 0.668, 0.666, 0.665, 0.666, 0.665, 0.667, 0.668, 0.664, 0.672, 0.671, 0.667, 0.67, 0.67, 0.668, 0.669, 0.668, 0.664, 0.67, 0.665, 0.669, 0.666, 0.668, 0.673, 0.666, 0.666, 0.67, 0.668, 0.669, 0.668, 0.667, 0.668, 0.667, 0.67, 0.669, 0.666, 0.67, 0.667, 0.664], "Energy": [0.01, 0.02, 0.04, 0.05, 0.07, 0.08, 0.1, 0.11, 0.13, 0.14, 0.16, 0.17, 0.19, 0.2, 0.22, 0.23, 0.25, 0.26, 0.27, 0.29, 0.3, 0.32, 0.33, 0.35, 0.36, 0.38, 0.39, 0.41, 0.42, 0.44, 0.45, 0.47, 0.48, 0.5, 0.51, 0.53, 0.54, 0.55, 0.57, 0.58, 0.6, 0.61, 0.63, 0.64, 0.66], "Frequency": [49.43, 49.42, 49.42, 49.42, 49.42, 49.42, 49.42, 49.41, 49.41, 49.41, 49.42, 49.42, 49.42, 49.42, 49.42, 49.42, 49.41, 49.41, 49.41, 49.4, 49.4, 49.4, 49.39, 49.39, 49.39, 49.38, 49.38, 49.38, 49.38, 49.38, 49.38, 49.39, 49.39, 49.39, 49.39, 49.39, 49.39, 49.39, 49.39, 49.39, 49.39, 49.39, 49.39, 49.39, 49.39], "Temp_env": []}