{"Start_Time": [1755656807.9694614], "Time": [1755656809.9720502, 1755656811.9746585, 1755656813.976765, 1755656815.9794621, 1755656817.981936, 1755656819.9846315, 1755656821.9921243, 1755656823.9945865, 1755656825.9969265, 1755656828.0045073, 1755656830.0068474, 1755656832.0095954, 1755656834.016996, 1755656836.0197546, 1755656838.0220275, 1755656840.0247815, 1755656842.0269032, 1755656844.0290096, 1755656846.036683, 1755656848.0389733, 1755656850.04114, 1755656852.0487802, 1755656854.051102, 1755656856.053015, 1755656858.0550923, 1755656860.0577874, 1755656862.0601578, 1755656864.0622568, 1755656866.0649433, 1755656868.0673275, 1755656870.0750022, 1755656872.0771654, 1755656874.0792649, 1755656876.08709, 1755656878.0892644, 1755656880.092139, 1755656882.0949752, 1755656884.0973673, 1755656886.100022, 1755656888.1080568, 1755656890.1104052, 1755656892.1125865, 1755656894.1203947, 1755656896.1227012, 1755656898.1251998], "Voltage": [229.97, 230.03, 230.03, 230.03, 229.97, 230.03, 229.97, 230.03, 229.97, 229.97, 230.03, 230.08, 230.08, 230.03, 230.08, 230.03, 229.92, 229.97, 230.08, 230.03, 229.97, 230.13, 230.08, 230.08, 229.92, 229.97, 229.97, 230.03, 230.03, 229.97, 230.03, 230.03, 229.97, 230.08, 230.08, 229.92, 230.03, 229.87, 230.03, 229.92, 230.08, 229.97, 229.87, 229.97, 229.87], "Current": [0.17, 0.17, 0.17, 0.17, 0.17, 0.17, 0.17, 0.17, 0.17, 0.17, 0.17, 0.17, 0.17, 0.17, 0.17, 0.17, 0.17, 0.17, 0.17, 0.17, 0.17, 0.17, 0.17, 0.17, 0.17, 0.17, 0.17, 0.17, 0.17, 0.17, 0.17, 0.17, 0.17, 0.17, 0.17, 0.17, 0.17, 0.17, 0.17, 0.17, 0.17, 0.17, 0.17, 0.17, 0.17], "Real_Power": [26.13, 25.97, 25.95, 26.07, 25.98, 26.08, 26.11, 25.94, 26.18, 26.09, 26.12, 26.14, 25.89, 26.17, 26.06, 25.94, 26.19, 25.95, 26.0, 26.11, 25.87, 26.16, 26.1, 25.95, 26.08, 25.98, 26.07, 26.26, 26.25, 25.94, 25.97, 26.2, 25.94, 26.14, 26.09, 25.76, 26.15, 25.95, 25.94, 26.13, 25.97, 26.09, 26.01, 25.92, 26.11], "Apparent_Power": [39.09, 39.1, 39.1, 39.1, 39.09, 39.1, 39.09, 39.1, 39.09, 39.09, 39.1, 39.11, 39.11, 39.1, 39.11, 39.1, 39.08, 39.09, 39.11, 39.1, 39.09, 39.12, 39.11, 39.11, 39.08, 39.09, 39.09, 39.1, 39.1, 39.09, 39.1, 39.1, 39.09, 39.11, 39.11, 39.08, 39.1, 39.07, 39.1, 39.08, 39.11, 39.09, 39.07, 39.09, 39.07], "Apparent_Power_Reactive": [29.07, 29.22, 29.24, 29.14, 29.2, 29.13, 29.09, 29.25, 29.02, 29.1, 29.09, 29.09, 29.31, 29.05, 29.16, 29.25, 29.0, 29.23, 29.21, 29.1, 29.3, 29.08, 29.12, 29.26, 29.1, 29.2, 29.12, 28.96, 28.97, 29.24, 29.22, 29.02, 29.24, 29.09, 29.13, 29.38, 29.06, 29.2, 29.25, 29.05, 29.24, 29.1, 29.15, 29.26, 29.06], "Power_Factor": [0.668, 0.664, 0.663, 0.666, 0.664, 0.667, 0.667, 0.663, 0.669, 0.667, 0.668, 0.668, 0.661, 0.669, 0.666, 0.663, 0.67, 0.663, 0.664, 0.667, 0.661, 0.668, 0.667, 0.663, 0.667, 0.664, 0.666, 0.671, 0.671, 0.663, 0.664, 0.67, 0.663, 0.668, 0.667, 0.659, 0.668, 0.664, 0.663, 0.668, 0.664, 0.667, 0.665, 0.663, 0.668], "Energy": [0.01, 0.02, 0.04, 0.05, 0.07, 0.08, 0.1, 0.11, 0.13, 0.14, 0.16, 0.17, 0.19, 0.2, 0.21, 0.23, 0.24, 0.26, 0.27, 0.29, 0.3, 0.32, 0.33, 0.35, 0.36, 0.38, 0.39, 0.4, 0.42, 0.44, 0.45, 0.46, 0.48, 0.49, 0.51, 0.52, 0.54, 0.55, 0.57, 0.58, 0.6, 0.61, 0.63, 0.64, 0.66], "Frequency": [49.4, 49.4, 49.4, 49.4, 49.4, 49.4, 49.4, 49.4, 49.4, 49.41, 49.41, 49.41, 49.4, 49.4, 49.4, 49.42, 49.42, 49.42, 49.4, 49.4, 49.4, 49.39, 49.39, 49.39, 49.4, 49.4, 49.4, 49.39, 49.39, 49.39, 49.4, 49.4, 49.4, 49.4, 49.4, 49.4, 49.4, 49.4, 49.4, 49.4, 49.4, 49.4, 49.39, 49.39, 49.39], "Temp_env": []}