{"Start_Time": [1755794643.3194478], "Time": [1755794645.3218558, 1755794647.3241396, 1755794649.326992, 1755794651.3291252, 1755794653.3317995, 1755794655.3341935, 1755794657.3370178, 1755794659.3390834, 1755794661.3412285, 1755794663.3439033, 1755794665.3462882, 1755794667.3489149, 1755794669.356211, 1755794671.3583417, 1755794673.3610306, 1755794675.3633666, 1755794677.366097, 1755794679.3683116, 1755794681.3704557, 1755794683.3732119, 1755794685.3753595, 1755794687.3776195, 1755794689.3801963, 1755794691.3825243, 1755794693.3852148, 1755794695.387697, 1755794697.3902617, 1755794699.392637, 1755794701.395244, 1755794703.397688, 1755794705.400389, 1755794707.403276, 1755794709.4056149, 1755794711.4083357, 1755794713.410616, 1755794715.413306, 1755794717.4156764, 1755794719.4183567, 1755794721.420681, 1755794723.42342, 1755794725.4257298, 1755794727.4284194, 1755794729.4307618, 1755794731.4334452, 1755794733.435761], "Voltage": [226.83, 226.83, 226.73, 226.83, 226.67, 226.78, 226.62, 226.83, 226.73, 226.67, 226.67, 226.88, 226.57, 226.73, 226.78, 226.57, 226.62, 226.73, 226.73, 226.62, 226.67, 226.73, 226.62, 226.62, 226.62, 226.73, 226.67, 226.67, 226.67, 226.88, 226.93, 226.83, 226.93, 226.93, 227.09, 226.99, 226.83, 226.88, 226.93, 226.88, 226.88, 226.93, 226.99, 226.78, 226.83], "Current": [0.17, 0.17, 0.18, 0.17, 0.18, 0.18, 0.17, 0.18, 0.17, 0.17, 0.18, 0.17, 0.18, 0.18, 0.17, 0.18, 0.17, 0.17, 0.18, 0.17, 0.17, 0.18, 0.18, 0.18, 0.18, 0.17, 0.18, 0.17, 0.18, 0.18, 0.17, 0.18, 0.17, 0.18, 0.18, 0.17, 0.18, 0.18, 0.17, 0.17, 0.18, 0.18, 0.17, 0.18, 0.18], "Real_Power": [26.22, 26.15, 26.38, 26.16, 26.27, 26.28, 26.05, 26.4, 26.18, 26.13, 26.36, 26.21, 26.26, 26.3, 26.06, 26.34, 26.22, 26.18, 26.34, 26.2, 26.15, 26.34, 26.28, 26.42, 26.26, 26.23, 26.36, 26.15, 26.29, 26.4, 26.2, 26.36, 26.21, 26.32, 26.4, 26.22, 26.24, 26.33, 26.13, 26.2, 26.16, 26.32, 26.16, 26.4, 26.25], "Apparent_Power": [38.56, 38.56, 40.81, 38.56, 40.8, 40.82, 38.52, 40.82, 38.54, 38.53, 40.8, 38.56, 40.78, 40.81, 38.55, 40.78, 38.52, 38.54, 40.81, 38.52, 38.53, 40.81, 40.79, 40.79, 40.79, 38.54, 40.8, 38.53, 40.8, 40.83, 38.57, 40.82, 38.57, 40.84, 40.87, 38.58, 40.82, 40.83, 38.57, 38.56, 40.83, 40.84, 38.58, 40.82, 40.82], "Apparent_Power_Reactive": [28.27, 28.33, 31.13, 28.32, 31.21, 31.23, 28.37, 31.13, 28.28, 28.31, 31.14, 28.28, 31.19, 31.2, 28.4, 31.13, 28.21, 28.28, 31.17, 28.23, 28.29, 31.17, 31.19, 31.07, 31.21, 28.23, 31.14, 28.29, 31.2, 31.14, 28.3, 31.16, 28.29, 31.22, 31.19, 28.3, 31.26, 31.2, 28.37, 28.29, 31.34, 31.22, 28.35, 31.13, 31.26], "Power_Factor": [0.679, 0.678, 0.646, 0.678, 0.643, 0.643, 0.676, 0.646, 0.679, 0.678, 0.646, 0.679, 0.643, 0.644, 0.676, 0.645, 0.68, 0.679, 0.645, 0.68, 0.678, 0.645, 0.644, 0.647, 0.643, 0.68, 0.646, 0.678, 0.644, 0.646, 0.679, 0.645, 0.679, 0.644, 0.645, 0.679, 0.642, 0.644, 0.677, 0.679, 0.64, 0.644, 0.678, 0.646, 0.643], "Energy": [0.01, 0.02, 0.04, 0.05, 0.07, 0.08, 0.1, 0.11, 0.13, 0.14, 0.16, 0.17, 0.19, 0.2, 0.22, 0.23, 0.25, 0.26, 0.28, 0.29, 0.3, 0.32, 0.33, 0.35, 0.36, 0.38, 0.39, 0.41, 0.42, 0.44, 0.45, 0.47, 0.48, 0.5, 0.51, 0.53, 0.54, 0.56, 0.57, 0.59, 0.6, 0.62, 0.63, 0.65, 0.66], "Frequency": [49.41, 49.41, 49.42, 49.42, 49.42, 49.41, 49.41, 49.41, 49.41, 49.41, 49.41, 49.41, 49.41, 49.41, 49.43, 49.43, 49.43, 49.43, 49.43, 49.43, 49.42, 49.42, 49.42, 49.43, 49.43, 49.43, 49.43, 49.43, 49.43, 49.41, 49.41, 49.41, 49.42, 49.42, 49.42, 49.4, 49.4, 49.4, 49.4, 49.4, 49.4, 49.39, 49.39, 49.39, 49.39], "Temp_env": []}