{"Start_Time": [1755223218.7318184], "Time": [1755223220.734074, 1755223222.7369049, 1755223224.7393873, 1755223226.7420752, 1755223228.7443905, 1755223230.747089, 1755223232.7494118, 1755223234.7521076, 1755223236.7544537, 1755223238.7571363, 1755223240.7595007, 1755223242.7621846, 1755223244.7645376, 1755223246.7672806, 1755223248.7697854, 1755223250.772212, 1755223252.7745101, 1755223254.77725, 1755223256.7796698, 1755223258.7823913, 1755223260.7845426, 1755223262.786662, 1755223264.7895558, 1755223266.791625, 1755223268.7937498, 1755223270.7964656, 1755223272.7986434, 1755223274.8007314, 1755223276.8034596, 1755223278.8058069, 1755223280.8085525, 1755223282.8107777, 1755223284.8135476, 1755223286.8158083, 1755223288.8185802, 1755223290.8207617, 1755223292.8236134, 1755223294.8259532, 1755223296.8286703, 1755223298.8309102, 1755223300.8337018, 1755223302.8360164, 1755223304.838752, 1755223306.8410175, 1755223308.8438017], "Voltage": [230.6, 230.6, 230.55, 230.6, 230.66, 230.55, 230.5, 230.45, 230.5, 230.55, 230.55, 230.45, 230.5, 230.55, 230.6, 230.45, 230.55, 230.5, 230.55, 230.5, 230.66, 230.55, 230.45, 230.55, 230.45, 230.39, 230.5, 230.45, 230.5, 230.55, 230.55, 230.45, 230.55, 230.55, 230.6, 230.55, 230.5, 230.5, 230.5, 230.55, 230.6, 230.5, 230.45, 230.66, 230.66], "Current": [0.17, 0.17, 0.17, 0.17, 0.17, 0.17, 0.17, 0.17, 0.17, 0.17, 0.17, 0.17, 0.17, 0.17, 0.17, 0.17, 0.17, 0.17, 0.17, 0.17, 0.17, 0.17, 0.17, 0.17, 0.17, 0.17, 0.17, 0.17, 0.17, 0.17, 0.17, 0.17, 0.17, 0.17, 0.17, 0.17, 0.17, 0.17, 0.17, 0.17, 0.17, 0.17, 0.17, 0.17, 0.17], "Real_Power": [25.92, 25.89, 26.06, 25.74, 25.94, 26.02, 25.82, 26.02, 26.04, 25.92, 26.05, 25.93, 25.84, 26.12, 25.85, 26.14, 25.97, 25.83, 26.04, 25.81, 25.98, 25.99, 25.82, 26.09, 26.06, 25.78, 26.08, 25.94, 25.9, 26.01, 25.9, 25.87, 25.85, 26.0, 25.91, 26.0, 26.2, 25.83, 26.09, 25.93, 25.91, 26.05, 25.88, 25.89, 26.1], "Apparent_Power": [39.2, 39.2, 39.19, 39.2, 39.21, 39.19, 39.18, 39.17, 39.18, 39.19, 39.19, 39.17, 39.18, 39.19, 39.2, 39.17, 39.19, 39.18, 39.19, 39.18, 39.21, 39.19, 39.17, 39.19, 39.17, 39.16, 39.18, 39.17, 39.18, 39.19, 39.19, 39.17, 39.19, 39.19, 39.2, 39.19, 39.18, 39.18, 39.18, 39.19, 39.2, 39.18, 39.17, 39.21, 39.21], "Apparent_Power_Reactive": [29.4, 29.43, 29.26, 29.56, 29.4, 29.3, 29.46, 29.27, 29.27, 29.39, 29.27, 29.35, 29.45, 29.21, 29.46, 29.17, 29.34, 29.45, 29.28, 29.47, 29.36, 29.33, 29.45, 29.24, 29.24, 29.47, 29.23, 29.34, 29.39, 29.31, 29.41, 29.41, 29.45, 29.32, 29.41, 29.32, 29.13, 29.45, 29.22, 29.38, 29.41, 29.26, 29.4, 29.44, 29.26], "Power_Factor": [0.661, 0.66, 0.664, 0.656, 0.661, 0.663, 0.659, 0.664, 0.664, 0.661, 0.664, 0.661, 0.659, 0.666, 0.659, 0.667, 0.662, 0.659, 0.664, 0.658, 0.662, 0.663, 0.659, 0.665, 0.665, 0.658, 0.665, 0.662, 0.661, 0.663, 0.66, 0.66, 0.659, 0.663, 0.66, 0.663, 0.668, 0.659, 0.665, 0.661, 0.66, 0.664, 0.66, 0.66, 0.665], "Energy": [0.01, 0.02, 0.04, 0.05, 0.07, 0.08, 0.1, 0.11, 0.13, 0.14, 0.16, 0.17, 0.18, 0.2, 0.21, 0.23, 0.24, 0.26, 0.27, 0.29, 0.3, 0.32, 0.33, 0.35, 0.36, 0.37, 0.39, 0.4, 0.42, 0.43, 0.45, 0.46, 0.48, 0.49, 0.51, 0.52, 0.54, 0.55, 0.57, 0.58, 0.59, 0.61, 0.62, 0.64, 0.65], "Frequency": [49.41, 49.41, 49.41, 49.41, 49.41, 49.41, 49.42, 49.42, 49.42, 49.4, 49.4, 49.4, 49.4, 49.4, 49.4, 49.4, 49.4, 49.4, 49.4, 49.4, 49.4, 49.4, 49.4, 49.4, 49.4, 49.4, 49.4, 49.4, 49.4, 49.4, 49.44, 49.44, 49.44, 49.46, 49.46, 49.46, 49.44, 49.44, 49.44, 49.44, 49.44, 49.44, 49.44, 49.44, 49.44], "Temp_env": []}