{"Start_Time": [1755692331.8253412], "Time": [1755692333.827653, 1755692335.829967, 1755692337.8326833, 1755692339.8350017, 1755692341.8377304, 1755692343.8400478, 1755692345.8427632, 1755692347.8450665, 1755692349.8477407, 1755692351.85008, 1755692353.852798, 1755692355.8550456, 1755692357.8571563, 1755692359.8598957, 1755692361.8620312, 1755692363.864361, 1755692365.8668666, 1755692367.869248, 1755692369.8719327, 1755692371.8743827, 1755692373.8769424, 1755692375.8792894, 1755692377.881981, 1755692379.884458, 1755692381.8870177, 1755692383.8892686, 1755692385.891416, 1755692387.8942468, 1755692389.8963506, 1755692391.8984547, 1755692393.9061189, 1755692395.908394, 1755692397.9105232, 1755692399.918175, 1755692401.920508, 1755692403.9232614, 1755692405.9312658, 1755692407.9335432, 1755692409.9363182, 1755692411.944512, 1755692413.946659, 1755692415.9493763, 1755692417.9516902, 1755692419.9545934, 1755692421.9565833], "Voltage": [227.67, 227.88, 227.67, 227.77, 227.51, 227.62, 227.62, 227.51, 227.51, 227.51, 227.3, 227.25, 227.3, 227.35, 227.14, 227.04, 227.04, 226.99, 227.2, 227.2, 227.25, 227.09, 227.09, 227.04, 227.09, 227.14, 227.09, 227.04, 227.09, 227.2, 227.2, 227.25, 227.04, 227.09, 227.04, 227.14, 227.2, 227.3, 227.2, 227.56, 227.46, 227.51, 227.46, 227.67, 227.62], "Current": [0.17, 0.17, 0.17, 0.17, 0.17, 0.17, 0.17, 0.17, 0.17, 0.17, 0.17, 0.17, 0.17, 0.17, 0.17, 0.17, 0.17, 0.17, 0.17, 0.17, 0.17, 0.17, 0.17, 0.17, 0.17, 0.17, 0.17, 0.17, 0.17, 0.17, 0.17, 0.17, 0.17, 0.17, 0.17, 0.17, 0.17, 0.17, 0.17, 0.17, 0.17, 0.17, 0.17, 0.17, 0.17], "Real_Power": [26.15, 26.0, 26.03, 26.29, 25.98, 26.11, 26.05, 26.05, 26.26, 26.09, 26.14, 26.09, 25.97, 26.14, 26.12, 25.97, 26.1, 26.09, 26.06, 26.27, 26.04, 26.11, 26.12, 26.04, 26.1, 26.23, 25.98, 26.21, 26.05, 25.97, 26.35, 25.97, 26.05, 26.11, 26.01, 26.25, 26.22, 26.07, 26.0, 26.24, 26.0, 26.06, 26.11, 25.95, 26.07], "Apparent_Power": [38.7, 38.73, 38.7, 38.72, 38.67, 38.69, 38.69, 38.67, 38.67, 38.67, 38.64, 38.63, 38.64, 38.64, 38.61, 38.59, 38.59, 38.58, 38.62, 38.62, 38.63, 38.6, 38.6, 38.59, 38.6, 38.61, 38.6, 38.59, 38.6, 38.62, 38.62, 38.63, 38.59, 38.6, 38.59, 38.61, 38.62, 38.64, 38.62, 38.68, 38.66, 38.67, 38.66, 38.7, 38.69], "Apparent_Power_Reactive": [28.52, 28.7, 28.63, 28.42, 28.64, 28.55, 28.6, 28.57, 28.38, 28.54, 28.45, 28.48, 28.61, 28.45, 28.43, 28.54, 28.42, 28.42, 28.5, 28.3, 28.53, 28.42, 28.42, 28.47, 28.43, 28.33, 28.54, 28.32, 28.48, 28.58, 28.23, 28.59, 28.47, 28.42, 28.5, 28.31, 28.35, 28.52, 28.55, 28.41, 28.61, 28.57, 28.51, 28.71, 28.58], "Power_Factor": [0.675, 0.671, 0.672, 0.678, 0.671, 0.674, 0.673, 0.673, 0.679, 0.674, 0.676, 0.675, 0.672, 0.676, 0.676, 0.672, 0.676, 0.676, 0.674, 0.68, 0.674, 0.676, 0.676, 0.674, 0.676, 0.679, 0.673, 0.679, 0.674, 0.672, 0.682, 0.672, 0.675, 0.676, 0.674, 0.679, 0.678, 0.674, 0.673, 0.678, 0.672, 0.673, 0.675, 0.67, 0.673], "Energy": [0.01, 0.02, 0.04, 0.05, 0.07, 0.08, 0.1, 0.11, 0.13, 0.14, 0.16, 0.17, 0.19, 0.2, 0.22, 0.23, 0.24, 0.26, 0.27, 0.29, 0.3, 0.32, 0.33, 0.35, 0.36, 0.38, 0.39, 0.41, 0.42, 0.44, 0.45, 0.46, 0.48, 0.49, 0.51, 0.52, 0.54, 0.55, 0.57, 0.58, 0.6, 0.61, 0.63, 0.64, 0.66], "Frequency": [49.38, 49.39, 49.39, 49.39, 49.39, 49.39, 49.39, 49.39, 49.39, 49.39, 49.39, 49.39, 49.39, 49.38, 49.38, 49.38, 49.39, 49.39, 49.39, 49.38, 49.38, 49.38, 49.37, 49.37, 49.37, 49.38, 49.38, 49.38, 49.39, 49.39, 49.39, 49.39, 49.39, 49.39, 49.4, 49.4, 49.4, 49.39, 49.39, 49.39, 49.39, 49.39, 49.39, 49.39, 49.39], "Temp_env": []}