{"Start_Time": [1755590362.4679484], "Time": [1755590364.4701426, 1755590366.472732, 1755590368.4750836, 1755590370.477762, 1755590372.480108, 1755590374.4828176, 1755590376.4850087, 1755590378.4870481, 1755590380.4892032, 1755590382.4912953, 1755590384.493827, 1755590386.496143, 1755590388.4988534, 1755590390.5012913, 1755590392.5040147, 1755590394.5061853, 1755590396.5089054, 1755590398.5113826, 1755590400.5138986, 1755590402.5162075, 1755590404.5183272, 1755590406.5211651, 1755590408.5232487, 1755590410.525438, 1755590412.5281427, 1755590414.5302682, 1755590416.5323908, 1755590418.5351112, 1755590420.5374062, 1755590422.5400999, 1755590424.5423234, 1755590426.5443757, 1755590428.5465128, 1755590430.5492637, 1755590432.551774, 1755590434.5542214, 1755590436.5565603, 1755590438.5592697, 1755590440.5616865, 1755590442.5642338, 1755590444.56658, 1755590446.5693414, 1755590448.57175, 1755590450.5742924, 1755590452.5765493], "Voltage": [229.45, 229.4, 229.5, 229.45, 229.45, 229.71, 229.55, 229.45, 229.45, 229.82, 229.82, 230.03, 229.97, 229.71, 229.97, 230.03, 229.97, 230.24, 230.13, 229.82, 230.29, 230.6, 230.81, 230.92, 230.76, 230.76, 230.81, 230.86, 230.92, 230.97, 230.97, 230.71, 230.76, 230.76, 230.97, 230.71, 230.71, 230.55, 230.55, 230.81, 230.66, 231.13, 231.02, 231.13, 231.44], "Current": [0.17, 0.17, 0.17, 0.17, 0.17, 0.17, 0.17, 0.17, 0.17, 0.17, 0.17, 0.17, 0.17, 0.17, 0.17, 0.17, 0.17, 0.17, 0.17, 0.17, 0.17, 0.17, 0.17, 0.17, 0.17, 0.17, 0.17, 0.17, 0.17, 0.17, 0.17, 0.17, 0.17, 0.17, 0.17, 0.17, 0.17, 0.17, 0.17, 0.17, 0.17, 0.17, 0.17, 0.17, 0.17], "Real_Power": [26.13, 25.84, 26.19, 25.99, 26.03, 26.2, 26.04, 26.04, 26.13, 26.01, 26.18, 26.01, 26.19, 26.18, 26.06, 26.2, 26.08, 26.06, 26.13, 26.07, 26.06, 26.14, 25.95, 26.2, 25.99, 26.05, 26.23, 25.93, 26.2, 26.04, 26.0, 26.21, 26.11, 26.14, 26.19, 26.09, 26.32, 25.93, 26.0, 26.19, 26.05, 26.23, 26.23, 26.36, 26.09], "Apparent_Power": [39.0, 38.99, 39.01, 39.0, 39.0, 39.05, 39.02, 39.0, 39.0, 39.06, 39.06, 39.1, 39.09, 39.05, 39.09, 39.1, 39.09, 39.14, 39.12, 39.06, 39.14, 39.2, 39.23, 39.25, 39.22, 39.22, 39.23, 39.24, 39.25, 39.26, 39.26, 39.22, 39.22, 39.22, 39.26, 39.22, 39.22, 39.19, 39.19, 39.23, 39.21, 39.29, 39.27, 39.29, 39.34], "Apparent_Power_Reactive": [28.95, 29.19, 28.91, 29.07, 29.04, 28.95, 29.05, 29.03, 28.95, 29.14, 28.98, 29.19, 29.01, 28.97, 29.13, 29.02, 29.11, 29.2, 29.11, 29.08, 29.2, 29.21, 29.42, 29.22, 29.37, 29.31, 29.17, 29.45, 29.22, 29.38, 29.41, 29.17, 29.26, 29.23, 29.24, 29.28, 29.07, 29.38, 29.32, 29.2, 29.3, 29.25, 29.22, 29.13, 29.44], "Power_Factor": [0.67, 0.662, 0.671, 0.666, 0.667, 0.67, 0.667, 0.667, 0.67, 0.665, 0.67, 0.665, 0.669, 0.67, 0.666, 0.67, 0.667, 0.665, 0.667, 0.667, 0.665, 0.666, 0.661, 0.667, 0.662, 0.664, 0.668, 0.66, 0.667, 0.663, 0.662, 0.668, 0.665, 0.666, 0.667, 0.665, 0.671, 0.661, 0.663, 0.667, 0.664, 0.667, 0.667, 0.67, 0.663], "Energy": [0.01, 0.02, 0.04, 0.05, 0.07, 0.08, 0.1, 0.11, 0.13, 0.14, 0.16, 0.17, 0.19, 0.2, 0.21, 0.23, 0.24, 0.26, 0.27, 0.29, 0.3, 0.32, 0.33, 0.35, 0.36, 0.38, 0.39, 0.4, 0.42, 0.43, 0.45, 0.46, 0.48, 0.49, 0.51, 0.52, 0.54, 0.55, 0.57, 0.58, 0.6, 0.61, 0.62, 0.64, 0.65], "Frequency": [49.43, 49.43, 49.43, 49.43, 49.43, 49.43, 49.43, 49.43, 49.43, 49.44, 49.44, 49.44, 49.44, 49.44, 49.44, 49.45, 49.45, 49.45, 49.43, 49.43, 49.43, 49.43, 49.43, 49.43, 49.43, 49.43, 49.43, 49.43, 49.43, 49.43, 49.41, 49.41, 49.41, 49.42, 49.42, 49.42, 49.44, 49.44, 49.44, 49.45, 49.45, 49.45, 49.45, 49.45, 49.45], "Temp_env": []}