{"Start_Time": [1755436854.1187375], "Time": [1755436856.121018, 1755436858.1236143, 1755436860.1257794, 1755436862.13349, 1755436864.1356406, 1755436866.1377528, 1755436868.1456091, 1755436870.147772, 1755436872.1500251, 1755436874.1519852, 1755436876.1546826, 1755436878.1568348, 1755436880.1647925, 1755436882.1669693, 1755436884.1689768, 1755436886.176834, 1755436888.1790938, 1755436890.181792, 1755436892.1841254, 1755436894.1868029, 1755436896.1889665, 1755436898.191115, 1755436900.1930828, 1755436902.1951308, 1755436904.203012, 1755436906.2051976, 1755436908.2071788, 1755436910.2150192, 1755436912.217265, 1755436914.2192588, 1755436916.2213538, 1755436918.224088, 1755436920.2264082, 1755436922.2290297, 1755436924.2313209, 1755436926.233287, 1755436928.2406104, 1755436930.2431004, 1755436932.245444, 1755436934.247452, 1755436936.250343, 1755436938.2523227, 1755436940.2543886, 1755436942.2565377, 1755436944.2593117], "Voltage": [230.66, 230.71, 230.45, 230.5, 230.39, 230.39, 230.55, 230.5, 230.6, 230.66, 230.6, 230.55, 230.66, 230.55, 230.5, 230.55, 230.55, 230.6, 230.45, 230.5, 230.39, 230.5, 230.66, 230.55, 230.5, 230.34, 230.18, 230.24, 230.34, 230.24, 230.24, 230.34, 230.34, 230.39, 230.39, 230.29, 230.45, 230.45, 230.39, 230.29, 230.45, 230.29, 230.24, 230.18, 230.24], "Current": [0.17, 0.17, 0.17, 0.17, 0.17, 0.17, 0.17, 0.17, 0.17, 0.17, 0.17, 0.17, 0.17, 0.17, 0.17, 0.17, 0.17, 0.17, 0.17, 0.17, 0.17, 0.17, 0.17, 0.17, 0.17, 0.17, 0.17, 0.17, 0.17, 0.17, 0.17, 0.17, 0.17, 0.17, 0.17, 0.17, 0.17, 0.17, 0.17, 0.17, 0.17, 0.17, 0.17, 0.17, 0.17], "Real_Power": [25.86, 26.0, 25.87, 26.03, 26.0, 25.92, 25.91, 25.92, 25.97, 25.84, 26.01, 26.01, 25.97, 25.92, 25.97, 25.92, 26.01, 25.94, 25.88, 26.01, 25.83, 25.98, 25.99, 25.91, 25.81, 25.8, 25.96, 25.94, 25.98, 25.86, 25.84, 25.93, 25.87, 25.86, 25.93, 25.94, 25.98, 26.0, 25.92, 25.88, 25.87, 25.92, 25.94, 25.87, 25.8], "Apparent_Power": [39.21, 39.22, 39.17, 39.18, 39.16, 39.16, 39.19, 39.18, 39.2, 39.21, 39.2, 39.19, 39.21, 39.19, 39.18, 39.19, 39.19, 39.2, 39.17, 39.18, 39.16, 39.18, 39.21, 39.19, 39.18, 39.15, 39.13, 39.14, 39.15, 39.14, 39.14, 39.15, 39.15, 39.16, 39.16, 39.14, 39.17, 39.17, 39.16, 39.14, 39.17, 39.14, 39.14, 39.13, 39.14], "Apparent_Power_Reactive": [29.47, 29.36, 29.41, 29.28, 29.28, 29.35, 29.4, 29.38, 29.36, 29.49, 29.32, 29.31, 29.37, 29.39, 29.33, 29.39, 29.31, 29.38, 29.4, 29.3, 29.43, 29.32, 29.35, 29.4, 29.47, 29.44, 29.27, 29.3, 29.28, 29.38, 29.39, 29.33, 29.38, 29.4, 29.34, 29.3, 29.31, 29.29, 29.35, 29.36, 29.41, 29.32, 29.3, 29.35, 29.43], "Power_Factor": [0.659, 0.662, 0.66, 0.664, 0.663, 0.661, 0.661, 0.661, 0.662, 0.659, 0.663, 0.663, 0.662, 0.661, 0.662, 0.661, 0.663, 0.661, 0.66, 0.663, 0.659, 0.663, 0.662, 0.661, 0.658, 0.659, 0.663, 0.662, 0.663, 0.66, 0.66, 0.662, 0.66, 0.66, 0.662, 0.662, 0.663, 0.663, 0.661, 0.661, 0.66, 0.662, 0.662, 0.661, 0.659], "Energy": [0.01, 0.02, 0.04, 0.05, 0.07, 0.08, 0.1, 0.11, 0.13, 0.14, 0.16, 0.17, 0.19, 0.2, 0.22, 0.23, 0.24, 0.26, 0.27, 0.29, 0.3, 0.32, 0.33, 0.35, 0.36, 0.38, 0.39, 0.4, 0.42, 0.43, 0.45, 0.46, 0.48, 0.49, 0.51, 0.52, 0.54, 0.55, 0.57, 0.58, 0.59, 0.61, 0.62, 0.64, 0.65], "Frequency": [49.39, 49.39, 49.39, 49.39, 49.39, 49.4, 49.4, 49.4, 49.4, 49.4, 49.4, 49.39, 49.39, 49.39, 49.39, 49.39, 49.39, 49.38, 49.38, 49.38, 49.39, 49.39, 49.39, 49.39, 49.39, 49.39, 49.4, 49.4, 49.4, 49.4, 49.4, 49.4, 49.41, 49.41, 49.41, 49.41, 49.41, 49.41, 49.4, 49.4, 49.4, 49.4, 49.4, 49.4, 49.4], "Temp_env": []}