{"Start_Time": [1755260890.160151], "Time": [1755260892.1624289, 1755260894.1647663, 1755260896.1667283, 1755260898.168667, 1755260900.1707642, 1755260902.1727178, 1755260904.180535, 1755260906.1828716, 1755260908.1855402, 1755260910.192876, 1755260912.1955562, 1755260914.1977336, 1755260916.1998997, 1755260918.2020376, 1755260920.204215, 1755260922.2066925, 1755260924.2088935, 1755260926.210989, 1755260928.2187903, 1755260930.2211828, 1755260932.2240224, 1755260934.2260604, 1755260936.2281609, 1755260938.2308784, 1755260940.2332401, 1755260942.2359016, 1755260944.238245, 1755260946.240243, 1755260948.2423425, 1755260950.2444763, 1755260952.2521436, 1755260954.254466, 1755260956.257184, 1755260958.259336, 1755260960.2613637, 1755260962.2642908, 1755260964.2665308, 1755260966.269238, 1755260968.2715316, 1755260970.2792447, 1755260972.2815344, 1755260974.2843976, 1755260976.2865214, 1755260978.2886777, 1755260980.2913957], "Voltage": [230.18, 230.13, 230.03, 229.97, 229.87, 230.24, 230.29, 230.24, 230.24, 230.13, 230.03, 229.97, 230.03, 230.24, 230.03, 230.03, 230.03, 229.82, 229.92, 229.92, 230.03, 230.13, 230.13, 230.13, 229.97, 229.92, 230.08, 230.18, 230.24, 230.29, 230.34, 230.24, 230.24, 230.24, 230.13, 230.29, 230.18, 230.18, 230.08, 229.97, 229.87, 230.24, 230.18, 230.24, 230.13], "Current": [0.17, 0.17, 0.17, 0.17, 0.17, 0.17, 0.17, 0.17, 0.17, 0.17, 0.17, 0.17, 0.17, 0.17, 0.17, 0.17, 0.17, 0.17, 0.17, 0.17, 0.17, 0.17, 0.17, 0.17, 0.17, 0.17, 0.17, 0.17, 0.17, 0.17, 0.17, 0.17, 0.17, 0.17, 0.17, 0.17, 0.17, 0.17, 0.17, 0.17, 0.17, 0.17, 0.17, 0.17, 0.17], "Real_Power": [25.98, 25.93, 26.01, 25.95, 25.88, 26.0, 25.96, 26.03, 25.92, 25.99, 26.08, 25.86, 25.96, 25.96, 26.0, 26.09, 26.06, 25.92, 25.86, 25.93, 25.97, 26.04, 25.91, 25.99, 26.12, 25.9, 25.84, 26.02, 25.99, 25.88, 25.99, 25.89, 26.08, 26.1, 26.03, 26.08, 25.97, 26.13, 26.01, 25.91, 26.04, 26.05, 25.92, 26.0, 26.06], "Apparent_Power": [39.13, 39.12, 39.1, 39.09, 39.07, 39.14, 39.14, 39.14, 39.14, 39.12, 39.1, 39.09, 39.1, 39.14, 39.1, 39.1, 39.1, 39.06, 39.08, 39.08, 39.1, 39.12, 39.12, 39.12, 39.09, 39.08, 39.11, 39.13, 39.14, 39.14, 39.15, 39.14, 39.14, 39.14, 39.12, 39.14, 39.13, 39.13, 39.11, 39.09, 39.07, 39.14, 39.13, 39.14, 39.12], "Apparent_Power_Reactive": [29.26, 29.29, 29.19, 29.23, 29.26, 29.25, 29.29, 29.22, 29.32, 29.23, 29.13, 29.31, 29.23, 29.29, 29.2, 29.12, 29.14, 29.22, 29.3, 29.23, 29.22, 29.19, 29.3, 29.23, 29.08, 29.26, 29.35, 29.22, 29.26, 29.36, 29.27, 29.35, 29.18, 29.16, 29.2, 29.18, 29.26, 29.12, 29.2, 29.26, 29.12, 29.21, 29.31, 29.25, 29.17], "Power_Factor": [0.663, 0.662, 0.665, 0.663, 0.662, 0.664, 0.663, 0.665, 0.662, 0.664, 0.667, 0.661, 0.663, 0.663, 0.664, 0.667, 0.666, 0.663, 0.661, 0.663, 0.664, 0.665, 0.662, 0.664, 0.668, 0.662, 0.66, 0.664, 0.664, 0.661, 0.663, 0.661, 0.666, 0.666, 0.665, 0.666, 0.663, 0.667, 0.665, 0.662, 0.666, 0.665, 0.662, 0.664, 0.666], "Energy": [0.01, 0.02, 0.04, 0.05, 0.07, 0.08, 0.1, 0.11, 0.13, 0.14, 0.16, 0.17, 0.19, 0.2, 0.21, 0.23, 0.24, 0.26, 0.27, 0.29, 0.3, 0.32, 0.33, 0.35, 0.36, 0.38, 0.39, 0.4, 0.42, 0.43, 0.45, 0.46, 0.48, 0.49, 0.51, 0.52, 0.54, 0.55, 0.57, 0.58, 0.59, 0.61, 0.62, 0.64, 0.65], "Frequency": [49.39, 49.39, 49.39, 49.39, 49.39, 49.39, 49.39, 49.39, 49.39, 49.39, 49.39, 49.39, 49.39, 49.39, 49.4, 49.4, 49.4, 49.39, 49.39, 49.39, 49.4, 49.4, 49.4, 49.39, 49.39, 49.39, 49.4, 49.4, 49.4, 49.4, 49.4, 49.4, 49.41, 49.41, 49.41, 49.41, 49.41, 49.41, 49.42, 49.42, 49.42, 49.4, 49.4, 49.4, 49.4], "Temp_env": []}