{"Start_Time": [1755226915.5533435], "Time": [1755226917.555995, 1755226919.5580823, 1755226921.5604815, 1755226923.5629027, 1755226925.565274, 1755226927.567969, 1755226929.5703814, 1755226931.572933, 1755226933.5752587, 1755226935.578, 1755226937.5804307, 1755226939.583192, 1755226941.5852711, 1755226943.587391, 1755226945.5903418, 1755226947.5924072, 1755226949.594428, 1755226951.5971131, 1755226953.599536, 1755226955.6021793, 1755226957.604561, 1755226959.6072726, 1755226961.6095757, 1755226963.6122708, 1755226965.6146166, 1755226967.617337, 1755226969.619681, 1755226971.6224036, 1755226973.6247628, 1755226975.6274438, 1755226977.629615, 1755226979.6317298, 1755226981.6344044, 1755226983.6367948, 1755226985.6395197, 1755226987.6417472, 1755226989.6445, 1755226991.6468437, 1755226993.6495805, 1755226995.651776, 1755226997.6538568, 1755226999.656626, 1755227001.6589434, 1755227003.6610522, 1755227005.6637428], "Voltage": [230.71, 230.55, 230.55, 230.55, 230.66, 230.71, 230.66, 230.66, 230.6, 230.66, 230.66, 230.71, 230.66, 230.66, 230.6, 230.6, 230.5, 230.6, 230.66, 230.66, 230.66, 230.66, 230.5, 230.66, 230.66, 230.71, 230.55, 230.66, 230.66, 230.66, 230.6, 230.66, 230.66, 230.66, 230.71, 230.6, 230.6, 230.66, 230.66, 230.71, 230.71, 230.66, 230.76, 230.66, 230.71], "Current": [0.17, 0.17, 0.17, 0.17, 0.17, 0.17, 0.17, 0.17, 0.17, 0.17, 0.17, 0.17, 0.17, 0.17, 0.17, 0.17, 0.17, 0.17, 0.17, 0.17, 0.17, 0.17, 0.17, 0.17, 0.17, 0.17, 0.17, 0.17, 0.17, 0.17, 0.17, 0.17, 0.17, 0.17, 0.17, 0.17, 0.17, 0.17, 0.17, 0.17, 0.17, 0.17, 0.17, 0.17, 0.17], "Real_Power": [26.05, 26.13, 26.03, 26.1, 26.11, 25.86, 25.98, 26.08, 25.97, 26.1, 26.02, 26.12, 25.99, 26.15, 26.07, 25.89, 26.16, 25.98, 26.01, 26.02, 26.05, 26.09, 25.99, 26.05, 26.13, 26.13, 26.0, 26.04, 25.98, 26.06, 26.04, 25.92, 25.98, 26.06, 25.99, 26.23, 26.05, 26.05, 26.01, 25.93, 26.02, 26.1, 25.95, 26.14, 25.97], "Apparent_Power": [39.22, 39.19, 39.19, 39.19, 39.21, 39.22, 39.21, 39.21, 39.2, 39.21, 39.21, 39.22, 39.21, 39.21, 39.2, 39.2, 39.18, 39.2, 39.21, 39.21, 39.21, 39.21, 39.18, 39.21, 39.21, 39.22, 39.19, 39.21, 39.21, 39.21, 39.2, 39.21, 39.21, 39.21, 39.22, 39.2, 39.2, 39.21, 39.21, 39.22, 39.22, 39.21, 39.22, 39.21, 39.22], "Apparent_Power_Reactive": [29.31, 29.2, 29.29, 29.23, 29.25, 29.48, 29.36, 29.27, 29.36, 29.26, 29.33, 29.25, 29.35, 29.21, 29.27, 29.43, 29.16, 29.35, 29.34, 29.33, 29.3, 29.27, 29.31, 29.3, 29.23, 29.24, 29.32, 29.31, 29.36, 29.29, 29.3, 29.42, 29.36, 29.29, 29.37, 29.13, 29.29, 29.3, 29.34, 29.42, 29.34, 29.26, 29.4, 29.22, 29.38], "Power_Factor": [0.664, 0.666, 0.664, 0.665, 0.665, 0.659, 0.662, 0.665, 0.662, 0.665, 0.663, 0.665, 0.662, 0.666, 0.665, 0.66, 0.667, 0.662, 0.663, 0.663, 0.664, 0.665, 0.663, 0.664, 0.666, 0.666, 0.663, 0.664, 0.662, 0.664, 0.664, 0.661, 0.662, 0.664, 0.662, 0.669, 0.664, 0.664, 0.663, 0.661, 0.663, 0.665, 0.661, 0.666, 0.662], "Energy": [0.01, 0.02, 0.04, 0.05, 0.07, 0.08, 0.1, 0.11, 0.13, 0.14, 0.16, 0.17, 0.19, 0.2, 0.22, 0.23, 0.25, 0.26, 0.28, 0.29, 0.3, 0.32, 0.33, 0.35, 0.36, 0.38, 0.39, 0.41, 0.42, 0.44, 0.45, 0.47, 0.48, 0.49, 0.51, 0.52, 0.54, 0.55, 0.57, 0.58, 0.6, 0.61, 0.63, 0.64, 0.66], "Frequency": [49.35, 49.35, 49.36, 49.36, 49.36, 49.35, 49.35, 49.35, 49.36, 49.36, 49.36, 49.35, 49.35, 49.35, 49.36, 49.36, 49.36, 49.35, 49.35, 49.35, 49.36, 49.36, 49.36, 49.36, 49.36, 49.36, 49.36, 49.36, 49.36, 49.36, 49.36, 49.36, 49.36, 49.36, 49.36, 49.37, 49.37, 49.37, 49.39, 49.39, 49.39, 49.39, 49.39, 49.39, 49.4], "Temp_env": []}