{"Start_Time": [1755276319.9161708], "Time": [1755276321.9181566, 1755276323.9209104, 1755276325.9231033, 1755276327.9309301, 1755276329.9333036, 1755276331.9359865, 1755276333.9432993, 1755276335.9459627, 1755276337.9483168, 1755276339.955915, 1755276341.958326, 1755276343.960963, 1755276345.9683118, 1755276347.970395, 1755276349.9731183, 1755276351.98043, 1755276353.9831433, 1755276355.985329, 1755276357.9874566, 1755276359.9901712, 1755276361.9923496, 1755276364.000167, 1755276366.0025084, 1755276368.0045917, 1755276370.0123093, 1755276372.0145955, 1755276374.017308, 1755276376.0246546, 1755276378.027171, 1755276380.0296016, 1755276382.0322182, 1755276384.0346572, 1755276386.037178, 1755276388.0446517, 1755276390.0473547, 1755276392.0494847, 1755276394.057288, 1755276396.0596936, 1755276398.0623467, 1755276400.0648112, 1755276402.0673482, 1755276404.0696473, 1755276406.0723932, 1755276408.0748608, 1755276410.0773764], "Voltage": [227.83, 227.98, 227.93, 227.72, 227.77, 227.72, 227.88, 227.93, 227.98, 227.83, 227.72, 227.98, 227.93, 227.93, 227.83, 227.88, 227.88, 227.88, 228.04, 227.93, 227.98, 227.98, 228.04, 227.98, 227.83, 227.93, 227.88, 227.98, 227.88, 227.88, 227.88, 227.88, 227.83, 227.93, 227.88, 227.88, 227.93, 227.98, 227.93, 227.83, 227.72, 227.83, 227.83, 227.77, 227.67], "Current": [0.18, 0.17, 0.18, 0.17, 0.17, 0.18, 0.17, 0.17, 0.17, 0.17, 0.17, 0.17, 0.17, 0.18, 0.17, 0.18, 0.18, 0.17, 0.18, 0.17, 0.18, 0.18, 0.18, 0.17, 0.17, 0.18, 0.17, 0.18, 0.17, 0.17, 0.18, 0.17, 0.17, 0.18, 0.17, 0.18, 0.17, 0.17, 0.18, 0.17, 0.17, 0.18, 0.17, 0.18, 0.17], "Real_Power": [26.13, 26.05, 26.26, 26.04, 26.01, 26.39, 25.98, 26.08, 26.12, 25.97, 26.07, 26.06, 26.1, 26.32, 25.93, 26.16, 26.12, 25.91, 26.42, 25.94, 26.15, 26.33, 26.2, 25.98, 26.19, 26.16, 25.99, 26.15, 26.05, 26.0, 26.18, 25.95, 26.12, 26.29, 25.91, 26.28, 26.13, 26.07, 26.21, 25.99, 26.1, 26.17, 25.98, 26.27, 25.98], "Apparent_Power": [41.0, 38.75, 41.02, 38.71, 38.72, 40.98, 38.73, 38.74, 38.75, 38.73, 38.71, 38.75, 38.74, 41.02, 38.73, 41.01, 41.01, 38.73, 41.04, 38.74, 41.03, 41.03, 41.04, 38.75, 38.73, 41.02, 38.73, 41.03, 38.73, 38.73, 41.01, 38.73, 38.73, 41.02, 38.73, 41.01, 38.74, 38.75, 41.02, 38.73, 38.71, 41.0, 38.73, 40.99, 38.7], "Apparent_Power_Reactive": [31.59, 28.68, 31.51, 28.64, 28.68, 31.35, 28.72, 28.64, 28.62, 28.73, 28.61, 28.67, 28.62, 31.46, 28.76, 31.58, 31.61, 28.78, 31.4, 28.77, 31.61, 31.46, 31.58, 28.75, 28.53, 31.59, 28.71, 31.61, 28.66, 28.7, 31.56, 28.75, 28.59, 31.48, 28.78, 31.48, 28.6, 28.66, 31.55, 28.71, 28.58, 31.56, 28.72, 31.46, 28.68], "Power_Factor": [0.637, 0.672, 0.64, 0.672, 0.671, 0.643, 0.67, 0.673, 0.674, 0.67, 0.673, 0.672, 0.673, 0.641, 0.669, 0.637, 0.636, 0.668, 0.643, 0.669, 0.637, 0.641, 0.638, 0.67, 0.676, 0.637, 0.671, 0.637, 0.672, 0.671, 0.638, 0.67, 0.674, 0.64, 0.668, 0.64, 0.674, 0.672, 0.638, 0.671, 0.674, 0.638, 0.67, 0.64, 0.671], "Energy": [0.01, 0.02, 0.04, 0.05, 0.07, 0.08, 0.1, 0.11, 0.13, 0.14, 0.16, 0.17, 0.19, 0.2, 0.22, 0.23, 0.24, 0.26, 0.27, 0.29, 0.3, 0.32, 0.33, 0.35, 0.36, 0.38, 0.39, 0.41, 0.42, 0.44, 0.45, 0.47, 0.48, 0.5, 0.51, 0.52, 0.54, 0.55, 0.57, 0.58, 0.6, 0.61, 0.63, 0.64, 0.66], "Frequency": [49.39, 49.39, 49.39, 49.39, 49.41, 49.41, 49.41, 49.4, 49.4, 49.4, 49.41, 49.41, 49.41, 49.42, 49.42, 49.42, 49.42, 49.42, 49.42, 49.44, 49.44, 49.44, 49.44, 49.44, 49.44, 49.44, 49.44, 49.44, 49.44, 49.44, 49.44, 49.43, 49.43, 49.43, 49.43, 49.43, 49.43, 49.43, 49.43, 49.43, 49.44, 49.44, 49.44, 49.42, 49.42], "Temp_env": []}