{"Start_Time": [1755587152.7708852], "Time": [1755587154.7733588, 1755587156.7761867, 1755587158.7785244, 1755587160.7812011, 1755587162.7833962, 1755587164.785489, 1755587166.787705, 1755587168.7903311, 1755587170.79276, 1755587172.7953682, 1755587174.797691, 1755587176.800387, 1755587178.8028276, 1755587180.8053224, 1755587182.8076408, 1755587184.809607, 1755587186.8116276, 1755587188.8137846, 1755587190.8157773, 1755587192.8184743, 1755587194.8208175, 1755587196.8228967, 1755587198.825603, 1755587200.8277416, 1755587202.8298147, 1755587204.8317878, 1755587206.8338788, 1755587208.8366032, 1755587210.8389666, 1755587212.8416414, 1755587214.843858, 1755587216.8459244, 1755587218.8480747, 1755587220.850796, 1755587222.8531237, 1755587224.8557901, 1755587226.858108, 1755587228.8607757, 1755587230.863262, 1755587232.8659232, 1755587234.8680868, 1755587236.8702347, 1755587238.8731098, 1755587240.8751454, 1755587242.8778965], "Voltage": [228.35, 228.51, 228.56, 228.56, 228.51, 228.56, 228.56, 228.51, 228.61, 228.4, 228.45, 228.4, 228.45, 228.4, 228.61, 228.66, 228.56, 228.45, 228.51, 228.66, 228.45, 228.61, 228.35, 228.4, 228.4, 228.35, 228.45, 228.3, 228.45, 228.19, 228.14, 228.19, 228.24, 228.45, 228.51, 228.24, 228.61, 228.93, 228.72, 228.61, 228.77, 228.82, 228.82, 228.56, 228.77], "Current": [0.17, 0.17, 0.17, 0.17, 0.17, 0.17, 0.17, 0.17, 0.17, 0.17, 0.17, 0.17, 0.17, 0.17, 0.17, 0.17, 0.17, 0.17, 0.17, 0.17, 0.17, 0.17, 0.17, 0.17, 0.17, 0.17, 0.17, 0.17, 0.17, 0.17, 0.17, 0.17, 0.17, 0.17, 0.17, 0.17, 0.17, 0.17, 0.17, 0.17, 0.17, 0.17, 0.17, 0.17, 0.17], "Real_Power": [26.03, 26.03, 25.92, 26.04, 26.06, 25.99, 26.11, 25.97, 25.98, 26.05, 25.94, 26.05, 26.1, 25.84, 26.04, 26.04, 25.91, 26.03, 26.02, 25.98, 26.07, 25.88, 26.02, 26.0, 26.03, 26.04, 25.93, 25.9, 26.0, 25.97, 26.0, 26.03, 26.01, 26.08, 25.95, 25.93, 26.16, 25.97, 26.1, 26.03, 25.99, 25.95, 26.05, 25.89, 26.08], "Apparent_Power": [38.81, 38.84, 38.85, 38.85, 38.84, 38.85, 38.85, 38.84, 38.86, 38.82, 38.83, 38.82, 38.83, 38.82, 38.86, 38.87, 38.85, 38.83, 38.84, 38.87, 38.83, 38.86, 38.81, 38.82, 38.82, 38.81, 38.83, 38.81, 38.83, 38.79, 38.78, 38.79, 38.8, 38.83, 38.84, 38.8, 38.86, 38.91, 38.88, 38.86, 38.89, 38.89, 38.89, 38.85, 38.89], "Apparent_Power_Reactive": [28.78, 28.82, 28.93, 28.83, 28.79, 28.87, 28.76, 28.88, 28.89, 28.78, 28.89, 28.78, 28.74, 28.97, 28.84, 28.85, 28.94, 28.81, 28.83, 28.91, 28.77, 28.98, 28.79, 28.82, 28.79, 28.77, 28.9, 28.9, 28.84, 28.81, 28.77, 28.75, 28.79, 28.76, 28.89, 28.86, 28.73, 28.97, 28.81, 28.85, 28.93, 28.96, 28.87, 28.96, 28.84], "Power_Factor": [0.67, 0.67, 0.667, 0.67, 0.67, 0.668, 0.672, 0.668, 0.668, 0.671, 0.668, 0.671, 0.672, 0.665, 0.67, 0.669, 0.666, 0.67, 0.669, 0.668, 0.671, 0.665, 0.67, 0.669, 0.67, 0.67, 0.667, 0.667, 0.669, 0.669, 0.67, 0.671, 0.67, 0.671, 0.668, 0.668, 0.673, 0.667, 0.671, 0.669, 0.668, 0.667, 0.669, 0.666, 0.67], "Energy": [0.01, 0.02, 0.04, 0.05, 0.07, 0.08, 0.1, 0.11, 0.13, 0.14, 0.16, 0.17, 0.19, 0.2, 0.21, 0.23, 0.24, 0.26, 0.27, 0.29, 0.3, 0.32, 0.33, 0.35, 0.36, 0.38, 0.39, 0.4, 0.42, 0.43, 0.45, 0.46, 0.48, 0.49, 0.51, 0.52, 0.54, 0.55, 0.57, 0.58, 0.59, 0.61, 0.62, 0.64, 0.65], "Frequency": [49.41, 49.41, 49.41, 49.41, 49.41, 49.41, 49.39, 49.39, 49.39, 49.39, 49.39, 49.39, 49.39, 49.39, 49.39, 49.41, 49.41, 49.41, 49.41, 49.41, 49.41, 49.41, 49.41, 49.41, 49.41, 49.41, 49.41, 49.41, 49.41, 49.41, 49.41, 49.41, 49.41, 49.42, 49.42, 49.42, 49.43, 49.43, 49.43, 49.41, 49.41, 49.41, 49.41, 49.41, 49.41], "Temp_env": []}