{"Start_Time": [1755527587.0866857], "Time": [1755527589.0889924, 1755527591.0912948, 1755527593.094077, 1755527595.1013362, 1755527597.10403, 1755527599.1063893, 1755527601.1085157, 1755527603.111027, 1755527605.1133494, 1755527607.1160746, 1755527609.1185486, 1755527611.1212604, 1755527613.1286368, 1755527615.1311293, 1755527617.1334689, 1755527619.1411228, 1755527621.143498, 1755527623.1462379, 1755527625.1486576, 1755527627.1512258, 1755527629.1535192, 1755527631.157582, 1755527633.1596835, 1755527635.162378, 1755527637.169699, 1755527639.1723952, 1755527641.1747124, 1755527643.1774096, 1755527645.1796787, 1755527647.182376, 1755527649.1847737, 1755527651.1874902, 1755527653.1897013, 1755527655.1974537, 1755527657.1997275, 1755527659.2018187, 1755527661.2094665, 1755527663.211833, 1755527665.2145576, 1755527667.2168548, 1755527669.2191958, 1755527671.2216809, 1755527673.2240207, 1755527675.2267942, 1755527677.2290819], "Voltage": [228.72, 228.77, 228.72, 228.77, 228.72, 228.77, 228.82, 228.66, 228.72, 228.82, 228.66, 228.87, 228.87, 228.93, 228.87, 228.87, 228.82, 228.98, 228.87, 228.87, 228.93, 228.93, 228.93, 228.82, 228.66, 228.56, 228.56, 228.66, 228.35, 228.61, 228.56, 228.51, 228.56, 228.56, 228.56, 228.61, 228.61, 228.56, 228.56, 228.45, 228.35, 228.66, 228.72, 228.66, 228.66], "Current": [0.17, 0.17, 0.17, 0.17, 0.17, 0.17, 0.17, 0.17, 0.17, 0.17, 0.17, 0.17, 0.17, 0.17, 0.17, 0.17, 0.17, 0.17, 0.17, 0.17, 0.17, 0.17, 0.17, 0.17, 0.17, 0.17, 0.17, 0.17, 0.17, 0.17, 0.17, 0.17, 0.17, 0.17, 0.17, 0.17, 0.17, 0.17, 0.17, 0.17, 0.17, 0.17, 0.17, 0.17, 0.17], "Real_Power": [26.16, 26.11, 26.07, 26.11, 26.21, 26.21, 26.12, 26.1, 26.25, 26.04, 26.19, 26.16, 26.03, 26.31, 26.24, 26.07, 26.22, 26.21, 26.19, 26.37, 26.02, 26.13, 26.17, 26.03, 26.23, 26.08, 26.15, 26.11, 26.15, 26.25, 26.18, 26.2, 26.22, 26.11, 26.25, 26.27, 26.08, 26.15, 26.16, 26.06, 26.3, 26.12, 26.14, 26.2, 26.11], "Apparent_Power": [38.88, 38.89, 38.88, 38.89, 38.88, 38.89, 38.89, 38.87, 38.88, 38.89, 38.87, 38.9, 38.9, 38.91, 38.9, 38.9, 38.89, 38.92, 38.9, 38.9, 38.91, 38.91, 38.91, 38.89, 38.87, 38.85, 38.85, 38.87, 38.81, 38.86, 38.85, 38.84, 38.85, 38.85, 38.85, 38.86, 38.86, 38.85, 38.85, 38.83, 38.81, 38.87, 38.88, 38.87, 38.87], "Apparent_Power_Reactive": [28.76, 28.82, 28.84, 28.82, 28.71, 28.73, 28.81, 28.8, 28.68, 28.88, 28.72, 28.79, 28.9, 28.66, 28.71, 28.87, 28.72, 28.77, 28.76, 28.59, 28.93, 28.83, 28.79, 28.89, 28.68, 28.79, 28.73, 28.79, 28.67, 28.65, 28.7, 28.67, 28.66, 28.76, 28.64, 28.63, 28.8, 28.73, 28.72, 28.78, 28.53, 28.78, 28.78, 28.71, 28.79], "Power_Factor": [0.672, 0.671, 0.67, 0.671, 0.674, 0.673, 0.671, 0.671, 0.675, 0.669, 0.673, 0.672, 0.669, 0.676, 0.674, 0.67, 0.674, 0.673, 0.673, 0.677, 0.668, 0.671, 0.672, 0.669, 0.674, 0.671, 0.673, 0.671, 0.673, 0.675, 0.673, 0.674, 0.674, 0.672, 0.675, 0.676, 0.671, 0.673, 0.673, 0.671, 0.677, 0.671, 0.672, 0.674, 0.671], "Energy": [0.01, 0.02, 0.04, 0.05, 0.07, 0.08, 0.1, 0.11, 0.13, 0.14, 0.16, 0.17, 0.19, 0.2, 0.22, 0.23, 0.24, 0.26, 0.27, 0.29, 0.3, 0.32, 0.33, 0.35, 0.36, 0.38, 0.39, 0.41, 0.42, 0.44, 0.45, 0.47, 0.48, 0.49, 0.51, 0.52, 0.54, 0.55, 0.57, 0.58, 0.6, 0.61, 0.63, 0.64, 0.66], "Frequency": [49.39, 49.39, 49.39, 49.39, 49.39, 49.4, 49.4, 49.4, 49.39, 49.39, 49.39, 49.39, 49.39, 49.39, 49.38, 49.38, 49.38, 49.38, 49.38, 49.38, 49.38, 49.38, 49.38, 49.38, 49.38, 49.38, 49.38, 49.38, 49.38, 49.39, 49.39, 49.39, 49.38, 49.38, 49.38, 49.37, 49.37, 49.37, 49.38, 49.38, 49.38, 49.39, 49.39, 49.39, 49.37], "Temp_env": []}