{"Start_Time": [1755643139.5913036], "Time": [1755643141.5933943, 1755643143.5960512, 1755643145.5982502, 1755643147.6002634, 1755643149.602407, 1755643151.604352, 1755643153.6063492, 1755643155.608317, 1755643157.6104786, 1755643159.6131082, 1755643161.6153111, 1755643163.6173751, 1755643165.6194458, 1755643167.62157, 1755643169.6234834, 1755643171.6254613, 1755643173.627514, 1755643175.6294925, 1755643177.631821, 1755643179.6343174, 1755643181.6364856, 1755643183.6385224, 1755643185.6406152, 1755643187.6427584, 1755643189.6446998, 1755643191.6466765, 1755643193.6488297, 1755643195.6516345, 1755643197.6537073, 1755643199.656421, 1755643201.658772, 1755643203.6608908, 1755643205.6635368, 1755643207.6658587, 1755643209.6678486, 1755643211.6705525, 1755643213.672779, 1755643215.67482, 1755643217.6768932, 1755643219.6790435, 1755643221.6818998, 1755643223.683977, 1755643225.6867232, 1755643227.6889427, 1755643229.6909976], "Voltage": [228.66, 228.72, 228.72, 228.56, 228.77, 228.61, 228.61, 228.66, 228.56, 228.72, 228.66, 228.72, 228.77, 228.72, 228.72, 228.72, 228.66, 228.87, 228.77, 228.87, 228.82, 228.82, 228.87, 228.72, 228.72, 228.77, 228.87, 228.77, 228.72, 228.77, 228.72, 228.66, 228.77, 228.61, 228.82, 228.82, 228.77, 228.72, 228.77, 228.82, 228.77, 228.93, 228.82, 228.87, 228.93], "Current": [0.17, 0.17, 0.17, 0.17, 0.17, 0.17, 0.17, 0.17, 0.17, 0.17, 0.17, 0.17, 0.17, 0.17, 0.17, 0.17, 0.17, 0.17, 0.17, 0.17, 0.17, 0.17, 0.17, 0.17, 0.17, 0.17, 0.17, 0.17, 0.17, 0.17, 0.17, 0.17, 0.17, 0.17, 0.17, 0.17, 0.17, 0.17, 0.17, 0.17, 0.17, 0.17, 0.17, 0.17, 0.17], "Real_Power": [26.17, 26.24, 26.23, 26.08, 26.25, 26.09, 26.19, 26.1, 26.13, 26.12, 26.28, 26.19, 26.22, 26.13, 26.18, 26.27, 26.16, 26.19, 26.2, 26.09, 26.25, 26.17, 26.21, 26.24, 26.14, 26.31, 26.28, 26.23, 26.21, 26.14, 26.25, 26.1, 26.06, 26.3, 26.2, 26.19, 26.2, 26.15, 26.09, 26.21, 26.15, 26.21, 26.14, 26.22, 26.1], "Apparent_Power": [38.87, 38.88, 38.88, 38.85, 38.89, 38.86, 38.86, 38.87, 38.85, 38.88, 38.87, 38.88, 38.89, 38.88, 38.88, 38.88, 38.87, 38.9, 38.89, 38.9, 38.89, 38.89, 38.9, 38.88, 38.88, 38.89, 38.9, 38.89, 38.88, 38.89, 38.88, 38.87, 38.89, 38.86, 38.89, 38.89, 38.89, 38.88, 38.89, 38.89, 38.89, 38.91, 38.89, 38.9, 38.91], "Apparent_Power_Reactive": [28.74, 28.69, 28.69, 28.79, 28.69, 28.79, 28.7, 28.8, 28.74, 28.79, 28.63, 28.73, 28.72, 28.79, 28.74, 28.66, 28.74, 28.76, 28.74, 28.85, 28.69, 28.76, 28.74, 28.69, 28.78, 28.63, 28.68, 28.71, 28.71, 28.79, 28.68, 28.8, 28.86, 28.6, 28.74, 28.74, 28.74, 28.77, 28.83, 28.73, 28.78, 28.75, 28.79, 28.73, 28.85], "Power_Factor": [0.673, 0.674, 0.674, 0.671, 0.674, 0.671, 0.673, 0.671, 0.672, 0.671, 0.676, 0.673, 0.674, 0.672, 0.673, 0.675, 0.673, 0.673, 0.673, 0.67, 0.674, 0.672, 0.673, 0.674, 0.672, 0.676, 0.675, 0.674, 0.674, 0.672, 0.675, 0.671, 0.67, 0.676, 0.673, 0.673, 0.673, 0.672, 0.67, 0.673, 0.672, 0.673, 0.672, 0.674, 0.67], "Energy": [0.01, 0.02, 0.04, 0.05, 0.07, 0.08, 0.1, 0.11, 0.13, 0.14, 0.16, 0.17, 0.19, 0.2, 0.22, 0.23, 0.25, 0.26, 0.27, 0.29, 0.3, 0.32, 0.33, 0.35, 0.36, 0.38, 0.39, 0.41, 0.42, 0.44, 0.45, 0.47, 0.48, 0.5, 0.51, 0.52, 0.54, 0.55, 0.57, 0.58, 0.6, 0.61, 0.63, 0.64, 0.66], "Frequency": [49.43, 49.43, 49.43, 49.42, 49.42, 49.42, 49.43, 49.43, 49.43, 49.43, 49.43, 49.43, 49.43, 49.43, 49.43, 49.43, 49.43, 49.43, 49.44, 49.44, 49.44, 49.43, 49.43, 49.43, 49.43, 49.43, 49.43, 49.42, 49.42, 49.42, 49.41, 49.41, 49.41, 49.43, 49.43, 49.43, 49.43, 49.43, 49.43, 49.43, 49.43, 49.43, 49.43, 49.43, 49.43], "Temp_env": []}