{"Start_Time": [1755199806.4077923], "Time": [1755199808.4103367, 1755199810.4125524, 1755199812.4146457, 1755199814.4173753, 1755199816.419476, 1755199818.421556, 1755199820.4244835, 1755199822.4265516, 1755199824.4286425, 1755199826.4314446, 1755199828.433742, 1755199830.4364758, 1755199832.4387877, 1755199834.441525, 1755199836.4436717, 1755199838.4458013, 1755199840.448582, 1755199842.4508538, 1755199844.453621, 1755199846.4557796, 1755199848.4579482, 1755199850.4606888, 1755199852.462829, 1755199854.4651449, 1755199856.4677536, 1755199858.4700375, 1755199860.4727926, 1755199862.4752886, 1755199864.4777415, 1755199866.4800835, 1755199868.4828813, 1755199870.4852908, 1755199872.4877732, 1755199874.4901211, 1755199876.4927864, 1755199878.495266, 1755199880.4980042, 1755199882.5002434, 1755199884.5029466, 1755199886.5053875, 1755199888.5079203, 1755199890.5102746, 1755199892.5129316, 1755199894.5153883, 1755199896.5181854], "Voltage": [230.55, 230.29, 230.5, 230.45, 230.45, 230.5, 230.34, 230.34, 230.5, 230.34, 230.24, 230.29, 230.29, 230.39, 230.29, 230.24, 230.29, 230.29, 230.24, 230.34, 230.29, 230.34, 230.39, 230.45, 230.39, 230.45, 230.5, 230.5, 230.5, 230.45, 230.5, 230.45, 230.34, 230.5, 230.5, 230.39, 230.5, 230.55, 230.5, 230.5, 230.6, 230.5, 230.5, 230.55, 230.45], "Current": [0.17, 0.17, 0.17, 0.17, 0.17, 0.17, 0.17, 0.17, 0.17, 0.17, 0.17, 0.17, 0.17, 0.17, 0.17, 0.17, 0.17, 0.17, 0.17, 0.17, 0.17, 0.17, 0.17, 0.17, 0.17, 0.17, 0.17, 0.17, 0.17, 0.17, 0.17, 0.17, 0.17, 0.17, 0.17, 0.17, 0.17, 0.17, 0.17, 0.17, 0.17, 0.17, 0.17, 0.17, 0.17], "Real_Power": [25.79, 25.95, 26.17, 25.73, 25.85, 26.08, 25.8, 25.93, 26.0, 25.88, 25.86, 25.88, 25.88, 25.98, 25.84, 25.84, 25.83, 25.87, 25.95, 25.98, 25.86, 26.03, 25.81, 25.93, 26.0, 25.9, 25.97, 25.99, 25.8, 25.95, 26.06, 25.88, 26.0, 25.93, 25.99, 25.9, 25.97, 25.79, 25.91, 25.98, 25.87, 26.02, 25.97, 25.93, 25.98], "Apparent_Power": [39.19, 39.14, 39.18, 39.17, 39.17, 39.18, 39.15, 39.15, 39.18, 39.15, 39.14, 39.14, 39.14, 39.16, 39.14, 39.14, 39.14, 39.14, 39.14, 39.15, 39.14, 39.15, 39.16, 39.17, 39.16, 39.17, 39.18, 39.18, 39.18, 39.17, 39.18, 39.17, 39.15, 39.18, 39.18, 39.16, 39.18, 39.19, 39.18, 39.18, 39.2, 39.18, 39.18, 39.19, 39.17], "Apparent_Power_Reactive": [29.5, 29.3, 29.15, 29.53, 29.42, 29.23, 29.44, 29.33, 29.3, 29.37, 29.38, 29.36, 29.36, 29.3, 29.39, 29.39, 29.4, 29.37, 29.3, 29.28, 29.38, 29.24, 29.45, 29.35, 29.28, 29.38, 29.33, 29.31, 29.48, 29.34, 29.25, 29.4, 29.26, 29.37, 29.31, 29.37, 29.33, 29.5, 29.38, 29.32, 29.45, 29.29, 29.33, 29.38, 29.31], "Power_Factor": [0.658, 0.663, 0.667, 0.656, 0.659, 0.665, 0.659, 0.662, 0.663, 0.661, 0.66, 0.661, 0.661, 0.663, 0.66, 0.66, 0.659, 0.66, 0.663, 0.663, 0.66, 0.664, 0.659, 0.661, 0.663, 0.661, 0.662, 0.663, 0.658, 0.662, 0.665, 0.66, 0.664, 0.661, 0.663, 0.661, 0.662, 0.658, 0.661, 0.663, 0.659, 0.664, 0.662, 0.661, 0.663], "Energy": [0.01, 0.02, 0.04, 0.05, 0.07, 0.08, 0.1, 0.11, 0.13, 0.14, 0.16, 0.17, 0.19, 0.2, 0.21, 0.23, 0.24, 0.26, 0.27, 0.29, 0.3, 0.32, 0.33, 0.35, 0.36, 0.37, 0.39, 0.4, 0.42, 0.43, 0.45, 0.46, 0.48, 0.49, 0.51, 0.52, 0.54, 0.55, 0.56, 0.58, 0.59, 0.61, 0.62, 0.64, 0.65], "Frequency": [49.45, 49.43, 49.43, 49.43, 49.43, 49.43, 49.43, 49.41, 49.41, 49.41, 49.42, 49.42, 49.42, 49.39, 49.39, 49.39, 49.4, 49.4, 49.4, 49.39, 49.39, 49.39, 49.4, 49.4, 49.4, 49.42, 49.42, 49.42, 49.39, 49.39, 49.39, 49.4, 49.4, 49.4, 49.39, 49.39, 49.39, 49.4, 49.4, 49.4, 49.42, 49.42, 49.42, 49.41, 49.41], "Temp_env": []}