{"Start_Time": [1755369573.2732866], "Time": [1755369575.2755175, 1755369577.2782192, 1755369579.2805128, 1755369581.2881265, 1755369583.290442, 1755369585.2930598, 1755369587.295376, 1755369589.297483, 1755369591.2994328, 1755369593.302246, 1755369595.3042495, 1755369597.3062825, 1755369599.3083694, 1755369601.311031, 1755369603.31321, 1755369605.315315, 1755369607.317939, 1755369609.320273, 1755369611.322411, 1755369613.3248518, 1755369615.3271186, 1755369617.3298354, 1755369619.3322182, 1755369621.3348901, 1755369623.3423038, 1755369625.3447804, 1755369627.3471315, 1755369629.3498, 1755369631.3522878, 1755369633.354711, 1755369635.357028, 1755369637.35969, 1755369639.362072, 1755369641.3647356, 1755369643.3668177, 1755369645.368813, 1755369647.3709402, 1755369649.3736005, 1755369651.3758821, 1755369653.3785145, 1755369655.380838, 1755369657.383503, 1755369659.3857918, 1755369661.3884857, 1755369663.3907325], "Voltage": [228.19, 227.93, 228.04, 228.3, 228.09, 228.14, 228.09, 228.04, 227.98, 228.04, 228.09, 227.98, 228.04, 227.98, 228.04, 227.98, 227.93, 227.93, 227.93, 227.88, 227.72, 227.72, 227.83, 227.93, 227.93, 228.14, 228.14, 228.3, 228.24, 228.24, 228.35, 228.35, 228.35, 228.35, 228.3, 228.4, 228.3, 228.24, 228.19, 228.4, 228.4, 228.35, 228.35, 228.3, 228.19], "Current": [0.17, 0.17, 0.17, 0.17, 0.17, 0.17, 0.17, 0.17, 0.17, 0.17, 0.17, 0.17, 0.17, 0.17, 0.17, 0.17, 0.17, 0.17, 0.17, 0.17, 0.17, 0.17, 0.17, 0.17, 0.18, 0.17, 0.17, 0.17, 0.17, 0.17, 0.17, 0.17, 0.17, 0.17, 0.17, 0.17, 0.17, 0.17, 0.17, 0.17, 0.17, 0.17, 0.17, 0.17, 0.17], "Real_Power": [25.9, 26.02, 26.12, 25.87, 26.01, 25.99, 26.13, 25.87, 26.06, 25.95, 25.75, 26.08, 25.81, 26.01, 26.13, 25.78, 26.01, 26.0, 25.97, 26.05, 25.91, 25.86, 26.02, 25.87, 26.22, 26.01, 25.88, 26.0, 25.96, 25.96, 26.07, 25.87, 26.04, 25.94, 25.78, 26.03, 25.94, 25.75, 26.01, 25.85, 25.94, 26.14, 25.94, 26.08, 25.99], "Apparent_Power": [38.79, 38.74, 38.76, 38.81, 38.77, 38.78, 38.77, 38.76, 38.75, 38.76, 38.77, 38.75, 38.76, 38.75, 38.76, 38.75, 38.74, 38.74, 38.74, 38.73, 38.71, 38.71, 38.73, 38.74, 41.02, 38.78, 38.78, 38.81, 38.8, 38.8, 38.81, 38.81, 38.81, 38.81, 38.81, 38.82, 38.81, 38.8, 38.79, 38.82, 38.82, 38.81, 38.81, 38.81, 38.79], "Apparent_Power_Reactive": [28.87, 28.7, 28.63, 28.93, 28.75, 28.78, 28.64, 28.86, 28.67, 28.79, 28.98, 28.66, 28.91, 28.72, 28.62, 28.93, 28.71, 28.71, 28.74, 28.66, 28.75, 28.8, 28.68, 28.83, 31.54, 28.76, 28.88, 28.81, 28.83, 28.83, 28.75, 28.93, 28.77, 28.86, 29.01, 28.79, 28.86, 29.02, 28.77, 28.96, 28.88, 28.68, 28.86, 28.74, 28.79], "Power_Factor": [0.667, 0.671, 0.673, 0.666, 0.67, 0.67, 0.673, 0.667, 0.672, 0.669, 0.664, 0.673, 0.665, 0.671, 0.674, 0.665, 0.671, 0.671, 0.67, 0.672, 0.669, 0.668, 0.671, 0.667, 0.639, 0.67, 0.667, 0.669, 0.669, 0.669, 0.671, 0.666, 0.67, 0.668, 0.664, 0.67, 0.668, 0.663, 0.67, 0.665, 0.668, 0.673, 0.668, 0.671, 0.67], "Energy": [0.01, 0.02, 0.04, 0.05, 0.07, 0.08, 0.1, 0.11, 0.13, 0.14, 0.16, 0.17, 0.19, 0.2, 0.22, 0.23, 0.24, 0.26, 0.27, 0.29, 0.3, 0.32, 0.33, 0.35, 0.36, 0.38, 0.39, 0.41, 0.42, 0.43, 0.45, 0.46, 0.48, 0.49, 0.51, 0.52, 0.54, 0.55, 0.57, 0.58, 0.6, 0.61, 0.62, 0.64, 0.65], "Frequency": [49.42, 49.42, 49.42, 49.42, 49.41, 49.41, 49.41, 49.41, 49.41, 49.41, 49.41, 49.41, 49.41, 49.41, 49.41, 49.41, 49.39, 49.39, 49.39, 49.39, 49.39, 49.39, 49.39, 49.39, 49.39, 49.39, 49.39, 49.39, 49.41, 49.41, 49.41, 49.41, 49.41, 49.41, 49.41, 49.41, 49.41, 49.4, 49.4, 49.4, 49.41, 49.41, 49.41, 49.39, 49.39], "Temp_env": []}