{"Start_Time": [1755787721.368193], "Time": [1755787723.3705478, 1755787725.3728282, 1755787727.3756711, 1755787729.377711, 1755787731.3798711, 1755787733.382567, 1755787735.3849058, 1755787737.3875766, 1755787739.389769, 1755787741.3918161, 1755787743.3939676, 1755787745.3960633, 1755787747.3987286, 1755787749.4008923, 1755787751.4029326, 1755787753.405079, 1755787755.4076219, 1755787757.40999, 1755787759.4121025, 1755787761.4147947, 1755787763.4171174, 1755787765.419776, 1755787767.4221838, 1755787769.4248052, 1755787771.4270504, 1755787773.4292123, 1755787775.4318733, 1755787777.4342387, 1755787779.4363315, 1755787781.4388452, 1755787783.4411669, 1755787785.4438896, 1755787787.4463692, 1755787789.448867, 1755787791.4511883, 1755787793.4539163, 1755787795.456568, 1755787797.459011, 1755787799.4612143, 1755787801.4632912, 1755787803.4654448, 1755787805.468071, 1755787807.4704843, 1755787809.4730768, 1755787811.4754012], "Voltage": [228.35, 228.45, 228.4, 228.4, 228.4, 228.51, 228.45, 228.56, 228.45, 228.45, 228.66, 228.61, 228.51, 228.61, 228.56, 228.51, 228.51, 228.56, 228.66, 228.51, 228.56, 228.56, 228.61, 228.56, 228.61, 228.45, 228.66, 228.66, 228.61, 228.56, 228.82, 228.87, 228.72, 228.72, 228.77, 228.77, 228.93, 228.87, 228.66, 228.72, 228.66, 228.61, 228.51, 228.4, 228.51], "Current": [0.17, 0.17, 0.17, 0.17, 0.17, 0.17, 0.17, 0.17, 0.17, 0.17, 0.17, 0.17, 0.17, 0.17, 0.17, 0.17, 0.17, 0.17, 0.17, 0.17, 0.17, 0.17, 0.17, 0.17, 0.17, 0.17, 0.17, 0.17, 0.17, 0.17, 0.17, 0.17, 0.17, 0.17, 0.17, 0.17, 0.17, 0.17, 0.17, 0.17, 0.17, 0.17, 0.17, 0.17, 0.17], "Real_Power": [26.18, 26.13, 26.21, 26.02, 26.24, 26.08, 26.3, 26.1, 26.04, 26.13, 26.17, 26.17, 26.16, 26.04, 26.33, 26.09, 26.25, 26.05, 26.15, 26.11, 25.99, 26.17, 26.15, 26.13, 26.15, 26.11, 26.16, 26.11, 26.12, 26.13, 26.27, 26.19, 26.18, 26.08, 26.06, 26.24, 26.22, 26.22, 25.99, 26.21, 26.19, 26.13, 26.17, 26.06, 26.25], "Apparent_Power": [38.81, 38.83, 38.82, 38.82, 38.82, 38.84, 38.83, 38.85, 38.83, 38.83, 38.87, 38.86, 38.84, 38.86, 38.85, 38.84, 38.84, 38.85, 38.87, 38.84, 38.85, 38.85, 38.86, 38.85, 38.86, 38.83, 38.87, 38.87, 38.86, 38.85, 38.89, 38.9, 38.88, 38.88, 38.89, 38.89, 38.91, 38.9, 38.87, 38.88, 38.87, 38.86, 38.84, 38.82, 38.84], "Apparent_Power_Reactive": [28.65, 28.72, 28.63, 28.8, 28.6, 28.78, 28.56, 28.77, 28.8, 28.72, 28.74, 28.72, 28.7, 28.84, 28.56, 28.77, 28.62, 28.82, 28.75, 28.75, 28.87, 28.71, 28.74, 28.74, 28.74, 28.74, 28.74, 28.79, 28.77, 28.74, 28.67, 28.76, 28.74, 28.83, 28.86, 28.7, 28.74, 28.73, 28.9, 28.71, 28.72, 28.76, 28.69, 28.77, 28.62], "Power_Factor": [0.674, 0.672, 0.675, 0.67, 0.675, 0.671, 0.677, 0.671, 0.67, 0.672, 0.673, 0.673, 0.673, 0.67, 0.677, 0.671, 0.675, 0.67, 0.672, 0.672, 0.668, 0.673, 0.672, 0.672, 0.672, 0.672, 0.673, 0.671, 0.672, 0.672, 0.675, 0.673, 0.673, 0.67, 0.67, 0.674, 0.673, 0.674, 0.668, 0.674, 0.673, 0.672, 0.673, 0.671, 0.675], "Energy": [0.01, 0.02, 0.04, 0.05, 0.07, 0.08, 0.1, 0.11, 0.13, 0.14, 0.16, 0.17, 0.19, 0.2, 0.22, 0.23, 0.25, 0.26, 0.28, 0.29, 0.31, 0.32, 0.33, 0.35, 0.36, 0.38, 0.39, 0.41, 0.42, 0.44, 0.45, 0.47, 0.48, 0.5, 0.51, 0.53, 0.54, 0.56, 0.57, 0.58, 0.6, 0.61, 0.63, 0.64, 0.66], "Frequency": [49.4, 49.4, 49.4, 49.4, 49.41, 49.41, 49.41, 49.41, 49.41, 49.41, 49.41, 49.41, 49.41, 49.41, 49.41, 49.41, 49.41, 49.41, 49.41, 49.41, 49.41, 49.41, 49.42, 49.42, 49.42, 49.42, 49.42, 49.42, 49.43, 49.43, 49.43, 49.43, 49.43, 49.43, 49.43, 49.43, 49.43, 49.42, 49.42, 49.42, 49.4, 49.4, 49.4, 49.41, 49.41], "Temp_env": []}