{"Start_Time": [1755420640.861359], "Time": [1755420642.863579, 1755420644.8658605, 1755420646.8685875, 1755420648.8709261, 1755420650.8736124, 1755420652.8759587, 1755420654.878615, 1755420656.8809645, 1755420658.8836703, 1755420660.885988, 1755420662.888631, 1755420664.890995, 1755420666.892965, 1755420668.8949466, 1755420670.8973122, 1755420672.8997083, 1755420674.9020486, 1755420676.9047194, 1755420678.9071782, 1755420680.909874, 1755420682.912025, 1755420684.9197502, 1755420686.922096, 1755420688.9248347, 1755420690.9320478, 1755420692.9341626, 1755420694.9370453, 1755420696.9448192, 1755420698.9472914, 1755420700.9499698, 1755420702.9575465, 1755420704.9599638, 1755420706.9622712, 1755420708.9699008, 1755420710.972292, 1755420712.97436, 1755420714.9821165, 1755420716.984361, 1755420718.9873037, 1755420720.989415, 1755420722.9920757, 1755420724.9944208, 1755420727.002042, 1755420729.0044, 1755420731.0073051], "Voltage": [230.6, 230.66, 230.71, 230.76, 230.76, 230.55, 230.71, 230.81, 230.81, 230.55, 230.81, 230.71, 230.5, 230.45, 230.5, 230.6, 230.29, 230.5, 230.45, 230.45, 230.6, 230.39, 230.34, 230.34, 230.29, 230.39, 230.39, 230.45, 230.45, 230.39, 230.39, 230.13, 230.13, 230.34, 230.45, 230.39, 230.29, 230.29, 230.39, 230.24, 230.24, 230.18, 230.03, 230.18, 230.13], "Current": [0.17, 0.17, 0.17, 0.17, 0.17, 0.17, 0.17, 0.17, 0.17, 0.17, 0.17, 0.17, 0.17, 0.17, 0.17, 0.17, 0.17, 0.17, 0.17, 0.17, 0.17, 0.17, 0.17, 0.17, 0.17, 0.17, 0.17, 0.17, 0.17, 0.17, 0.17, 0.17, 0.17, 0.17, 0.17, 0.17, 0.17, 0.17, 0.17, 0.17, 0.17, 0.17, 0.17, 0.17, 0.17], "Real_Power": [26.22, 26.25, 25.92, 26.28, 26.11, 26.0, 26.35, 26.01, 26.16, 26.19, 25.99, 26.42, 26.09, 26.14, 26.2, 25.94, 26.17, 26.15, 26.04, 26.23, 25.98, 26.14, 26.19, 25.96, 26.31, 26.12, 25.97, 26.28, 25.96, 26.19, 26.21, 26.04, 26.26, 26.18, 26.03, 26.18, 25.96, 26.2, 26.09, 26.05, 26.3, 26.01, 26.13, 26.31, 26.04], "Apparent_Power": [39.2, 39.21, 39.22, 39.22, 39.22, 39.19, 39.22, 39.23, 39.23, 39.19, 39.23, 39.22, 39.18, 39.17, 39.18, 39.2, 39.14, 39.18, 39.17, 39.17, 39.2, 39.16, 39.15, 39.15, 39.14, 39.16, 39.16, 39.17, 39.17, 39.16, 39.16, 39.12, 39.12, 39.15, 39.17, 39.16, 39.14, 39.14, 39.16, 39.14, 39.14, 39.13, 39.1, 39.13, 39.12], "Apparent_Power_Reactive": [29.14, 29.12, 29.43, 29.11, 29.26, 29.32, 29.04, 29.36, 29.23, 29.15, 29.38, 28.98, 29.22, 29.17, 29.13, 29.38, 29.1, 29.17, 29.26, 29.09, 29.35, 29.15, 29.09, 29.3, 28.97, 29.17, 29.3, 29.04, 29.33, 29.11, 29.09, 29.19, 28.99, 29.1, 29.26, 29.12, 29.29, 29.07, 29.2, 29.21, 28.98, 29.23, 29.08, 28.96, 29.19], "Power_Factor": [0.668, 0.669, 0.66, 0.67, 0.665, 0.663, 0.671, 0.663, 0.666, 0.668, 0.662, 0.673, 0.665, 0.667, 0.668, 0.661, 0.668, 0.667, 0.664, 0.669, 0.662, 0.667, 0.668, 0.663, 0.672, 0.667, 0.663, 0.67, 0.662, 0.668, 0.669, 0.665, 0.671, 0.668, 0.664, 0.668, 0.663, 0.669, 0.666, 0.665, 0.671, 0.664, 0.668, 0.672, 0.665], "Energy": [0.01, 0.02, 0.04, 0.05, 0.07, 0.08, 0.1, 0.11, 0.13, 0.14, 0.16, 0.17, 0.19, 0.2, 0.22, 0.23, 0.24, 0.26, 0.27, 0.29, 0.3, 0.32, 0.33, 0.35, 0.36, 0.38, 0.39, 0.41, 0.42, 0.44, 0.45, 0.47, 0.48, 0.49, 0.51, 0.52, 0.54, 0.55, 0.57, 0.58, 0.6, 0.61, 0.63, 0.64, 0.66], "Frequency": [49.43, 49.4, 49.4, 49.4, 49.4, 49.4, 49.4, 49.41, 49.41, 49.41, 49.39, 49.39, 49.39, 49.4, 49.4, 49.4, 49.43, 49.43, 49.43, 49.42, 49.42, 49.42, 49.42, 49.42, 49.42, 49.43, 49.43, 49.43, 49.43, 49.43, 49.43, 49.43, 49.43, 49.43, 49.43, 49.43, 49.43, 49.42, 49.42, 49.42, 49.42, 49.42, 49.42, 49.43, 49.43], "Temp_env": []}