{"Start_Time": [1755302941.2400453], "Time": [1755302943.2424023, 1755302945.2446651, 1755302947.246777, 1755302949.2494476, 1755302951.251665, 1755302953.2538126, 1755302955.2614813, 1755302957.2637799, 1755302959.2664733, 1755302961.2688127, 1755302963.2709782, 1755302965.2736468, 1755302967.2757602, 1755302969.277859, 1755302971.2799761, 1755302973.2820065, 1755302975.284726, 1755302977.2868826, 1755302979.2947397, 1755302981.2969227, 1755302983.2990732, 1755302985.3011718, 1755302987.3037078, 1755302989.3060489, 1755302991.3087695, 1755302993.3112392, 1755302995.3138995, 1755302997.316145, 1755302999.318881, 1755303001.3213763, 1755303003.323844, 1755303005.3262625, 1755303007.3289049, 1755303009.3313506, 1755303011.3340166, 1755303013.3361712, 1755303015.3383052, 1755303017.341161, 1755303019.343294, 1755303021.3511224, 1755303023.3531811, 1755303025.3552673, 1755303027.3572602, 1755303029.3592694, 1755303031.361635], "Voltage": [230.03, 230.08, 229.97, 230.03, 230.08, 230.13, 229.97, 230.08, 230.13, 230.03, 230.13, 229.92, 230.03, 230.18, 230.08, 230.13, 230.08, 229.97, 230.13, 230.08, 230.13, 230.13, 230.13, 230.13, 229.92, 230.08, 230.03, 230.03, 229.87, 229.92, 229.97, 229.92, 229.82, 229.82, 229.76, 229.87, 229.87, 229.82, 229.87, 229.92, 229.87, 229.97, 229.92, 229.97, 229.97], "Current": [0.17, 0.17, 0.17, 0.17, 0.17, 0.17, 0.17, 0.17, 0.17, 0.17, 0.17, 0.17, 0.17, 0.17, 0.17, 0.17, 0.17, 0.17, 0.17, 0.17, 0.17, 0.17, 0.17, 0.17, 0.17, 0.17, 0.17, 0.17, 0.17, 0.17, 0.17, 0.17, 0.17, 0.17, 0.17, 0.17, 0.17, 0.17, 0.17, 0.17, 0.17, 0.17, 0.17, 0.17, 0.17], "Real_Power": [25.85, 26.43, 26.13, 26.05, 26.24, 25.96, 26.0, 26.13, 25.99, 26.09, 26.01, 25.94, 26.29, 25.95, 26.05, 26.1, 25.9, 26.17, 25.97, 26.05, 26.16, 26.0, 26.11, 26.1, 25.96, 26.18, 26.02, 26.01, 26.21, 25.96, 26.13, 26.1, 25.76, 26.18, 25.99, 25.94, 26.22, 25.96, 26.07, 26.16, 25.9, 26.18, 25.92, 25.91, 26.18], "Apparent_Power": [39.1, 39.11, 39.09, 39.1, 39.11, 39.12, 39.09, 39.11, 39.12, 39.1, 39.12, 39.08, 39.1, 39.13, 39.11, 39.12, 39.11, 39.09, 39.12, 39.11, 39.12, 39.12, 39.12, 39.12, 39.08, 39.11, 39.1, 39.1, 39.07, 39.08, 39.09, 39.08, 39.06, 39.06, 39.05, 39.07, 39.07, 39.06, 39.07, 39.08, 39.07, 39.09, 39.08, 39.09, 39.09], "Apparent_Power_Reactive": [29.33, 28.82, 29.07, 29.15, 29.0, 29.26, 29.18, 29.1, 29.23, 29.12, 29.22, 29.22, 28.94, 29.28, 29.17, 29.14, 29.3, 29.03, 29.25, 29.17, 29.08, 29.22, 29.13, 29.14, 29.21, 29.05, 29.18, 29.19, 28.97, 29.21, 29.07, 29.08, 29.36, 28.98, 29.14, 29.21, 28.96, 29.18, 29.1, 29.03, 29.25, 29.02, 29.24, 29.26, 29.02], "Power_Factor": [0.661, 0.675, 0.668, 0.666, 0.67, 0.663, 0.665, 0.668, 0.664, 0.667, 0.664, 0.663, 0.672, 0.663, 0.666, 0.667, 0.662, 0.669, 0.663, 0.666, 0.668, 0.664, 0.667, 0.667, 0.664, 0.669, 0.665, 0.665, 0.67, 0.664, 0.668, 0.667, 0.659, 0.67, 0.665, 0.663, 0.671, 0.664, 0.667, 0.669, 0.662, 0.669, 0.663, 0.662, 0.669], "Energy": [0.01, 0.02, 0.04, 0.05, 0.07, 0.08, 0.1, 0.11, 0.13, 0.14, 0.16, 0.17, 0.19, 0.2, 0.21, 0.23, 0.24, 0.26, 0.27, 0.29, 0.3, 0.32, 0.33, 0.35, 0.36, 0.38, 0.39, 0.41, 0.42, 0.43, 0.45, 0.46, 0.48, 0.49, 0.51, 0.52, 0.54, 0.55, 0.57, 0.58, 0.6, 0.61, 0.63, 0.64, 0.65], "Frequency": [49.4, 49.41, 49.41, 49.41, 49.4, 49.4, 49.4, 49.39, 49.39, 49.39, 49.39, 49.39, 49.39, 49.41, 49.41, 49.41, 49.42, 49.42, 49.42, 49.42, 49.42, 49.42, 49.42, 49.42, 49.42, 49.43, 49.43, 49.43, 49.41, 49.41, 49.41, 49.39, 49.39, 49.39, 49.37, 49.37, 49.37, 49.39, 49.39, 49.39, 49.4, 49.4, 49.4, 49.4, 49.4], "Temp_env": []}