{"Start_Time": [1755755685.4304917], "Time": [1755755687.4328313, 1755755689.4356225, 1755755691.438045, 1755755693.4406695, 1755755695.4428973, 1755755697.4449818, 1755755699.4477444, 1755755701.450186, 1755755703.452738, 1755755705.455137, 1755755707.4578338, 1755755709.4601877, 1755755711.4623168, 1755755713.464923, 1755755715.467083, 1755755717.469936, 1755755719.4723654, 1755755721.4749043, 1755755723.4772475, 1755755725.4799457, 1755755727.4824016, 1755755729.4850814, 1755755731.487236, 1755755733.4893112, 1755755735.4921672, 1755755737.4942114, 1755755739.4963334, 1755755741.4990368, 1755755743.5013888, 1755755745.5041382, 1755755747.5064898, 1755755749.5092032, 1755755751.5115547, 1755755753.5142858, 1755755755.5166001, 1755755757.5192935, 1755755759.5215237, 1755755761.523613, 1755755763.5263832, 1755755765.528735, 1755755767.5314212, 1755755769.5336554, 1755755771.535813, 1755755773.5385237, 1755755775.5406475], "Voltage": [229.24, 229.35, 229.35, 229.35, 229.4, 229.4, 229.19, 229.35, 229.35, 229.29, 229.08, 229.24, 229.19, 229.35, 229.35, 229.29, 229.29, 229.29, 229.24, 229.35, 229.19, 229.24, 229.29, 229.35, 229.24, 229.29, 229.24, 229.19, 229.45, 229.4, 229.35, 229.35, 229.45, 229.4, 229.4, 229.24, 229.19, 229.29, 229.35, 229.35, 229.4, 229.24, 229.29, 229.24, 229.29], "Current": [0.17, 0.17, 0.17, 0.17, 0.17, 0.17, 0.17, 0.17, 0.17, 0.17, 0.17, 0.17, 0.17, 0.17, 0.17, 0.17, 0.17, 0.17, 0.17, 0.17, 0.17, 0.17, 0.17, 0.17, 0.17, 0.17, 0.17, 0.17, 0.17, 0.17, 0.17, 0.17, 0.17, 0.17, 0.17, 0.17, 0.17, 0.17, 0.17, 0.17, 0.17, 0.17, 0.17, 0.17, 0.17], "Real_Power": [26.37, 26.21, 26.25, 26.26, 26.18, 26.17, 26.24, 26.21, 26.19, 26.24, 26.17, 26.15, 26.23, 26.18, 26.25, 26.25, 26.25, 26.17, 26.12, 26.21, 26.25, 26.18, 26.27, 26.26, 26.19, 26.24, 26.14, 26.13, 26.18, 26.2, 26.2, 26.15, 26.18, 26.41, 26.15, 26.3, 26.13, 26.16, 26.29, 26.11, 26.2, 26.2, 26.11, 26.29, 26.26], "Apparent_Power": [38.97, 38.98, 38.98, 38.98, 38.99, 38.99, 38.96, 38.98, 38.98, 38.97, 38.94, 38.97, 38.96, 38.98, 38.98, 38.97, 38.97, 38.97, 38.97, 38.98, 38.96, 38.97, 38.97, 38.98, 38.97, 38.97, 38.97, 38.96, 39.0, 38.99, 38.98, 38.98, 39.0, 38.99, 38.99, 38.97, 38.96, 38.97, 38.98, 38.98, 38.99, 38.97, 38.97, 38.97, 38.97], "Apparent_Power_Reactive": [28.69, 28.85, 28.81, 28.8, 28.89, 28.9, 28.79, 28.85, 28.87, 28.81, 28.83, 28.89, 28.8, 28.87, 28.81, 28.8, 28.8, 28.87, 28.92, 28.85, 28.78, 28.86, 28.78, 28.8, 28.85, 28.81, 28.9, 28.89, 28.9, 28.87, 28.86, 28.9, 28.9, 28.68, 28.92, 28.75, 28.89, 28.88, 28.77, 28.94, 28.87, 28.84, 28.92, 28.76, 28.79], "Power_Factor": [0.676, 0.672, 0.673, 0.673, 0.671, 0.671, 0.673, 0.672, 0.671, 0.673, 0.672, 0.671, 0.673, 0.671, 0.673, 0.673, 0.673, 0.671, 0.67, 0.672, 0.673, 0.671, 0.674, 0.673, 0.672, 0.673, 0.67, 0.67, 0.671, 0.671, 0.672, 0.67, 0.671, 0.677, 0.67, 0.674, 0.67, 0.671, 0.674, 0.669, 0.671, 0.672, 0.67, 0.674, 0.673], "Energy": [0.01, 0.02, 0.04, 0.05, 0.07, 0.08, 0.1, 0.11, 0.13, 0.14, 0.16, 0.17, 0.19, 0.2, 0.22, 0.23, 0.25, 0.26, 0.27, 0.29, 0.3, 0.32, 0.33, 0.35, 0.36, 0.38, 0.39, 0.41, 0.42, 0.44, 0.45, 0.47, 0.48, 0.5, 0.51, 0.53, 0.54, 0.55, 0.57, 0.58, 0.6, 0.61, 0.63, 0.64, 0.66], "Frequency": [49.41, 49.42, 49.42, 49.42, 49.4, 49.4, 49.4, 49.43, 49.43, 49.43, 49.43, 49.43, 49.43, 49.43, 49.43, 49.43, 49.42, 49.42, 49.42, 49.43, 49.43, 49.43, 49.41, 49.41, 49.41, 49.44, 49.44, 49.44, 49.42, 49.42, 49.42, 49.42, 49.42, 49.42, 49.43, 49.43, 49.43, 49.41, 49.41, 49.41, 49.41, 49.41, 49.41, 49.43, 49.43], "Temp_env": []}