{"Start_Time": [1755124092.7531567], "Time": [1755124094.7553678, 1755124096.7580626, 1755124098.7605548, 1755124100.7632499, 1755124102.7653737, 1755124104.767443, 1755124106.769404, 1755124108.7715096, 1755124110.774199, 1755124112.7765486, 1755124114.7792816, 1755124116.78148, 1755124118.783604, 1755124120.7855985, 1755124122.7882812, 1755124124.7907245, 1755124126.7934809, 1755124128.8009343, 1755124130.8034227, 1755124132.8057942, 1755124134.80845, 1755124136.810939, 1755124138.8134134, 1755124140.8157814, 1755124142.8184462, 1755124144.8208988, 1755124146.8234413, 1755124148.825739, 1755124150.8278506, 1755124152.8307045, 1755124154.832765, 1755124156.8348613, 1755124158.8375788, 1755124160.8399336, 1755124162.842594, 1755124164.844917, 1755124166.8476787, 1755124168.8500247, 1755124170.8527055, 1755124172.8550475, 1755124174.8577175, 1755124176.8600907, 1755124178.862733, 1755124180.8650644, 1755124182.867795], "Voltage": [227.88, 227.83, 227.77, 227.83, 227.83, 227.83, 227.83, 227.83, 227.72, 227.88, 227.83, 227.72, 227.72, 227.72, 227.67, 227.77, 227.72, 227.72, 227.72, 227.72, 227.77, 227.72, 227.67, 227.67, 227.72, 227.83, 227.88, 227.72, 227.77, 227.77, 227.72, 227.83, 227.83, 227.77, 227.72, 227.88, 227.88, 227.67, 227.72, 227.77, 227.83, 227.77, 227.77, 227.72, 227.77], "Current": [0.17, 0.17, 0.17, 0.17, 0.17, 0.17, 0.17, 0.17, 0.17, 0.17, 0.17, 0.17, 0.17, 0.17, 0.17, 0.17, 0.17, 0.17, 0.17, 0.17, 0.17, 0.17, 0.17, 0.17, 0.17, 0.17, 0.17, 0.17, 0.17, 0.17, 0.17, 0.17, 0.17, 0.17, 0.17, 0.17, 0.17, 0.17, 0.17, 0.17, 0.17, 0.17, 0.17, 0.17, 0.17], "Real_Power": [25.6, 25.65, 25.69, 25.5, 25.78, 25.65, 25.73, 25.72, 25.64, 25.77, 25.57, 25.7, 25.83, 25.52, 25.73, 25.65, 25.64, 25.78, 25.81, 25.59, 25.68, 25.7, 25.68, 25.74, 25.65, 25.7, 25.62, 25.64, 25.86, 25.63, 25.63, 25.81, 25.5, 25.68, 25.71, 25.69, 25.77, 25.64, 25.76, 25.73, 25.67, 25.66, 25.56, 25.8, 25.66], "Apparent_Power": [38.73, 38.73, 38.72, 38.73, 38.73, 38.73, 38.73, 38.73, 38.71, 38.73, 38.73, 38.71, 38.71, 38.71, 38.7, 38.72, 38.71, 38.71, 38.71, 38.71, 38.72, 38.71, 38.7, 38.7, 38.71, 38.73, 38.73, 38.71, 38.72, 38.72, 38.71, 38.73, 38.73, 38.72, 38.71, 38.73, 38.73, 38.7, 38.71, 38.72, 38.73, 38.72, 38.72, 38.71, 38.72], "Apparent_Power_Reactive": [29.06, 29.01, 28.97, 29.15, 28.9, 29.01, 28.94, 28.95, 29.0, 28.91, 29.08, 28.94, 28.83, 29.1, 28.9, 29.0, 29.0, 28.87, 28.84, 29.04, 28.97, 28.94, 28.95, 28.89, 28.99, 28.97, 29.04, 29.0, 28.81, 29.02, 29.0, 28.87, 29.15, 28.97, 28.93, 28.98, 28.91, 28.98, 28.89, 28.93, 29.0, 28.99, 29.08, 28.85, 28.99], "Power_Factor": [0.66, 0.662, 0.663, 0.658, 0.665, 0.662, 0.664, 0.664, 0.662, 0.665, 0.66, 0.663, 0.667, 0.659, 0.664, 0.662, 0.662, 0.665, 0.666, 0.661, 0.663, 0.663, 0.663, 0.665, 0.662, 0.663, 0.661, 0.662, 0.667, 0.661, 0.662, 0.666, 0.658, 0.663, 0.664, 0.663, 0.665, 0.662, 0.665, 0.664, 0.662, 0.662, 0.66, 0.666, 0.662], "Energy": [0.01, 0.02, 0.04, 0.05, 0.07, 0.08, 0.1, 0.11, 0.12, 0.14, 0.15, 0.17, 0.18, 0.2, 0.21, 0.23, 0.24, 0.25, 0.27, 0.28, 0.3, 0.31, 0.33, 0.34, 0.36, 0.37, 0.38, 0.4, 0.41, 0.43, 0.44, 0.46, 0.47, 0.49, 0.5, 0.51, 0.53, 0.54, 0.56, 0.57, 0.59, 0.6, 0.62, 0.63, 0.65], "Frequency": [49.43, 49.43, 49.43, 49.43, 49.43, 49.43, 49.43, 49.43, 49.43, 49.43, 49.43, 49.43, 49.43, 49.43, 49.43, 49.43, 49.43, 49.43, 49.43, 49.43, 49.42, 49.42, 49.42, 49.41, 49.41, 49.41, 49.41, 49.41, 49.41, 49.41, 49.41, 49.41, 49.4, 49.4, 49.4, 49.4, 49.4, 49.4, 49.41, 49.41, 49.41, 49.41, 49.41, 49.41, 49.43], "Temp_env": []}