{"Start_Time": [1755187477.2751985], "Time": [1755187479.2775428, 1755187481.2797039, 1755187483.2817776, 1755187485.2839284, 1755187487.2865872, 1755187489.2890754, 1755187491.2915795, 1755187493.2939482, 1755187495.2966413, 1755187497.2991195, 1755187499.301635, 1755187501.3039775, 1755187503.3066962, 1755187505.3091676, 1755187507.3119528, 1755187509.3141115, 1755187511.3168206, 1755187513.319248, 1755187515.3219078, 1755187517.3242018, 1755187519.3268456, 1755187521.3338752, 1755187523.3362954, 1755187525.3390975, 1755187527.3411317, 1755187529.3433142, 1755187531.3459742, 1755187533.3483148, 1755187535.3510225, 1755187537.3533301, 1755187539.3560073, 1755187541.358371, 1755187543.3610706, 1755187545.3683622, 1755187547.3710513, 1755187549.373373, 1755187551.375495, 1755187553.3782153, 1755187555.3804753, 1755187557.3831856, 1755187559.3855557, 1755187561.3883023, 1755187563.390474, 1755187565.3932183, 1755187567.3955576], "Voltage": [229.97, 229.82, 229.97, 230.03, 230.03, 229.97, 229.97, 229.76, 229.87, 229.82, 229.82, 229.76, 229.87, 229.92, 229.82, 229.87, 229.87, 229.87, 229.92, 229.97, 229.87, 229.87, 229.92, 229.97, 229.97, 229.82, 229.92, 229.82, 229.87, 229.92, 229.82, 229.87, 229.92, 229.92, 229.97, 229.82, 229.92, 229.92, 229.87, 229.97, 229.97, 229.87, 229.87, 230.03, 230.03], "Current": [0.17, 0.17, 0.17, 0.17, 0.17, 0.17, 0.17, 0.17, 0.17, 0.17, 0.17, 0.17, 0.17, 0.17, 0.17, 0.17, 0.17, 0.17, 0.17, 0.17, 0.17, 0.17, 0.17, 0.17, 0.17, 0.17, 0.17, 0.17, 0.17, 0.17, 0.17, 0.17, 0.17, 0.17, 0.17, 0.17, 0.17, 0.17, 0.17, 0.17, 0.17, 0.17, 0.17, 0.17, 0.17], "Real_Power": [25.97, 25.89, 26.09, 25.86, 25.92, 26.05, 25.83, 26.08, 25.87, 25.83, 26.03, 25.83, 26.03, 25.91, 25.9, 26.15, 25.8, 26.05, 25.84, 25.98, 25.96, 26.03, 25.88, 25.82, 26.16, 25.76, 25.82, 25.98, 25.73, 26.06, 25.97, 25.9, 26.05, 25.77, 25.93, 25.81, 25.87, 25.95, 25.71, 26.08, 25.96, 25.73, 26.07, 25.76, 25.96], "Apparent_Power": [39.09, 39.06, 39.09, 39.1, 39.1, 39.09, 39.09, 39.05, 39.07, 39.06, 39.06, 39.05, 39.07, 39.08, 39.06, 39.07, 39.07, 39.07, 39.08, 39.09, 39.07, 39.07, 39.08, 39.09, 39.09, 39.06, 39.08, 39.06, 39.07, 39.08, 39.06, 39.07, 39.08, 39.08, 39.09, 39.06, 39.08, 39.08, 39.07, 39.09, 39.09, 39.07, 39.07, 39.1, 39.1], "Apparent_Power_Reactive": [29.21, 29.24, 29.1, 29.32, 29.27, 29.14, 29.34, 29.06, 29.27, 29.3, 29.12, 29.28, 29.13, 29.25, 29.23, 29.02, 29.33, 29.11, 29.31, 29.2, 29.19, 29.13, 29.28, 29.34, 29.04, 29.36, 29.33, 29.16, 29.4, 29.12, 29.17, 29.25, 29.13, 29.37, 29.25, 29.31, 29.29, 29.22, 29.41, 29.11, 29.22, 29.4, 29.1, 29.41, 29.23], "Power_Factor": [0.664, 0.662, 0.667, 0.661, 0.662, 0.666, 0.66, 0.667, 0.662, 0.661, 0.666, 0.661, 0.666, 0.662, 0.663, 0.669, 0.66, 0.666, 0.661, 0.664, 0.664, 0.666, 0.662, 0.66, 0.669, 0.659, 0.66, 0.665, 0.658, 0.666, 0.664, 0.662, 0.666, 0.659, 0.663, 0.66, 0.661, 0.664, 0.658, 0.667, 0.664, 0.658, 0.667, 0.658, 0.663], "Energy": [0.01, 0.02, 0.04, 0.05, 0.07, 0.08, 0.1, 0.11, 0.13, 0.14, 0.16, 0.17, 0.18, 0.2, 0.21, 0.23, 0.24, 0.26, 0.27, 0.29, 0.3, 0.32, 0.33, 0.35, 0.36, 0.38, 0.39, 0.4, 0.42, 0.43, 0.45, 0.46, 0.48, 0.49, 0.51, 0.52, 0.54, 0.55, 0.56, 0.58, 0.59, 0.61, 0.62, 0.64, 0.65], "Frequency": [49.48, 49.46, 49.46, 49.46, 49.48, 49.48, 49.48, 49.48, 49.48, 49.48, 49.48, 49.48, 49.48, 49.48, 49.48, 49.48, 49.45, 49.45, 49.45, 49.47, 49.47, 49.45, 49.45, 49.45, 49.45, 49.45, 49.45, 49.44, 49.44, 49.44, 49.45, 49.45, 49.45, 49.46, 49.46, 49.46, 49.48, 49.48, 49.48, 49.49, 49.49, 49.49, 49.49, 49.49, 49.49], "Temp_env": []}