{"Start_Time": [1755392483.183292], "Time": [1755392485.1857681, 1755392487.18874, 1755392489.1908352, 1755392491.1988215, 1755392493.2015717, 1755392495.2039366, 1755392497.2066016, 1755392499.208988, 1755392501.2116928, 1755392503.213877, 1755392505.216021, 1755392507.2188249, 1755392509.2265325, 1755392511.2290435, 1755392513.2317903, 1755392515.2392957, 1755392517.2417812, 1755392519.2440908, 1755392521.2468152, 1755392523.2491586, 1755392525.251728, 1755392527.254105, 1755392529.2567751, 1755392531.2593846, 1755392533.2670383, 1755392535.2693293, 1755392537.2718513, 1755392539.2742674, 1755392541.276984, 1755392543.2793908, 1755392545.281901, 1755392547.2843087, 1755392549.2869403, 1755392551.2893972, 1755392553.292142, 1755392555.2943304, 1755392557.302063, 1755392559.304433, 1755392561.3070362, 1755392563.3095343, 1755392565.3120708, 1755392567.314482, 1755392569.3171942, 1755392571.3196244, 1755392573.3221247], "Voltage": [230.5, 230.55, 230.55, 230.39, 230.45, 230.5, 230.45, 230.45, 230.6, 230.5, 230.5, 230.6, 230.45, 230.34, 230.5, 230.55, 230.66, 230.66, 230.66, 230.55, 230.55, 230.55, 230.55, 230.45, 230.45, 230.39, 230.45, 230.39, 230.39, 230.5, 230.39, 230.5, 230.5, 230.34, 230.5, 230.5, 230.55, 230.5, 230.45, 230.55, 230.55, 230.5, 230.55, 230.55, 230.55], "Current": [0.17, 0.17, 0.17, 0.17, 0.17, 0.17, 0.17, 0.17, 0.17, 0.17, 0.17, 0.17, 0.17, 0.17, 0.17, 0.17, 0.17, 0.17, 0.17, 0.17, 0.17, 0.17, 0.17, 0.17, 0.17, 0.17, 0.17, 0.17, 0.17, 0.17, 0.17, 0.17, 0.17, 0.17, 0.17, 0.17, 0.17, 0.17, 0.17, 0.17, 0.17, 0.17, 0.17, 0.17, 0.17], "Real_Power": [26.17, 26.26, 26.39, 26.09, 26.45, 26.34, 26.19, 26.37, 26.17, 26.33, 26.37, 25.95, 26.46, 26.14, 26.19, 26.52, 26.21, 26.31, 26.5, 26.1, 26.33, 26.31, 26.11, 26.41, 26.16, 26.29, 26.34, 26.16, 26.26, 26.33, 26.17, 26.37, 26.2, 26.22, 26.47, 26.04, 26.35, 26.22, 26.07, 26.51, 26.21, 26.25, 26.41, 26.07, 26.45], "Apparent_Power": [39.18, 39.19, 39.19, 39.16, 39.17, 39.18, 39.17, 39.17, 39.2, 39.18, 39.18, 39.2, 39.17, 39.15, 39.18, 39.19, 39.21, 39.21, 39.21, 39.19, 39.19, 39.19, 39.19, 39.17, 39.17, 39.16, 39.17, 39.16, 39.16, 39.18, 39.16, 39.18, 39.18, 39.15, 39.18, 39.18, 39.19, 39.18, 39.17, 39.19, 39.19, 39.18, 39.19, 39.19, 39.19], "Apparent_Power_Reactive": [29.15, 29.09, 28.97, 29.2, 28.89, 29.0, 29.12, 28.96, 29.18, 29.01, 28.97, 29.38, 28.88, 29.14, 29.14, 28.85, 29.16, 29.07, 28.89, 29.23, 29.02, 29.04, 29.22, 28.92, 29.15, 29.02, 28.99, 29.14, 29.05, 29.01, 29.13, 28.97, 29.13, 29.07, 28.88, 29.27, 29.0, 29.11, 29.23, 28.86, 29.13, 29.08, 28.95, 29.26, 28.91], "Power_Factor": [0.667, 0.67, 0.673, 0.666, 0.675, 0.672, 0.668, 0.673, 0.667, 0.672, 0.673, 0.661, 0.675, 0.667, 0.668, 0.676, 0.668, 0.671, 0.675, 0.665, 0.671, 0.671, 0.666, 0.674, 0.667, 0.671, 0.672, 0.668, 0.67, 0.672, 0.668, 0.673, 0.668, 0.669, 0.675, 0.664, 0.672, 0.669, 0.665, 0.676, 0.668, 0.669, 0.673, 0.665, 0.674], "Energy": [0.01, 0.02, 0.04, 0.05, 0.07, 0.08, 0.1, 0.11, 0.13, 0.14, 0.16, 0.17, 0.19, 0.2, 0.22, 0.23, 0.25, 0.26, 0.28, 0.29, 0.31, 0.32, 0.33, 0.35, 0.36, 0.38, 0.39, 0.41, 0.42, 0.44, 0.45, 0.47, 0.48, 0.5, 0.51, 0.53, 0.54, 0.56, 0.57, 0.59, 0.6, 0.61, 0.63, 0.64, 0.66], "Frequency": [49.38, 49.38, 49.38, 49.38, 49.38, 49.39, 49.39, 49.39, 49.38, 49.38, 49.38, 49.38, 49.38, 49.38, 49.38, 49.38, 49.38, 49.4, 49.4, 49.4, 49.4, 49.4, 49.4, 49.41, 49.41, 49.41, 49.41, 49.41, 49.41, 49.42, 49.42, 49.42, 49.42, 49.42, 49.42, 49.43, 49.43, 49.43, 49.42, 49.42, 49.42, 49.43, 49.43, 49.43, 49.39], "Temp_env": []}