{"Start_Time": [1755757915.2878268], "Time": [1755757917.2905693, 1755757919.292886, 1755757921.2955618, 1755757923.2978601, 1755757925.3006186, 1755757927.30307, 1755757929.3056836, 1755757931.3080058, 1755757933.315642, 1755757935.3179958, 1755757937.3207073, 1755757939.3230588, 1755757941.3257148, 1755757943.3281167, 1755757945.3308134, 1755757947.3331356, 1755757949.3358474, 1755757951.338173, 1755757953.340862, 1755757955.3431897, 1755757957.3458765, 1755757959.3482623, 1755757961.350925, 1755757963.3530803, 1755757965.3552449, 1755757967.3579342, 1755757969.3603137, 1755757971.3630025, 1755757973.3652234, 1755757975.3673491, 1755757977.3700824, 1755757979.372971, 1755757981.3752503, 1755757983.3780448, 1755757985.3804715, 1755757987.3831298, 1755757989.385419, 1755757991.3881123, 1755757993.3904622, 1755757995.3931608, 1755757997.3954399, 1755757999.3981137, 1755758001.4004805, 1755758003.4031606, 1755758005.4055998], "Voltage": [227.51, 227.62, 227.51, 227.56, 227.62, 227.56, 227.46, 227.51, 227.3, 227.46, 227.46, 227.56, 227.41, 227.35, 227.3, 227.41, 227.35, 227.3, 227.46, 227.41, 227.41, 227.51, 227.35, 227.41, 227.35, 227.35, 227.41, 227.41, 227.35, 227.41, 227.41, 227.41, 227.35, 227.51, 227.51, 227.41, 227.67, 227.56, 227.56, 227.46, 227.35, 227.46, 227.46, 227.41, 227.46], "Current": [0.17, 0.17, 0.17, 0.17, 0.18, 0.17, 0.17, 0.17, 0.17, 0.17, 0.17, 0.17, 0.17, 0.17, 0.17, 0.17, 0.17, 0.17, 0.18, 0.17, 0.17, 0.17, 0.17, 0.17, 0.17, 0.18, 0.17, 0.17, 0.18, 0.17, 0.17, 0.17, 0.17, 0.17, 0.17, 0.17, 0.18, 0.17, 0.17, 0.18, 0.17, 0.17, 0.17, 0.18, 0.17], "Real_Power": [26.26, 26.17, 26.21, 26.2, 26.3, 26.22, 26.27, 26.26, 26.16, 26.15, 26.22, 26.17, 26.26, 26.23, 26.18, 26.27, 26.2, 26.23, 26.33, 26.27, 26.22, 26.23, 26.23, 26.19, 26.16, 26.18, 26.23, 26.18, 26.29, 26.22, 26.22, 26.24, 26.2, 26.19, 26.31, 26.14, 26.37, 26.23, 26.25, 26.26, 26.17, 26.14, 26.16, 26.42, 26.29], "Apparent_Power": [38.67, 38.69, 38.67, 38.68, 40.97, 38.68, 38.66, 38.67, 38.64, 38.66, 38.66, 38.68, 38.65, 38.64, 38.64, 38.65, 38.64, 38.64, 40.94, 38.65, 38.65, 38.67, 38.64, 38.65, 38.64, 40.92, 38.65, 38.65, 40.92, 38.65, 38.65, 38.65, 38.64, 38.67, 38.67, 38.65, 40.98, 38.68, 38.68, 40.94, 38.64, 38.66, 38.66, 40.93, 38.66], "Apparent_Power_Reactive": [28.38, 28.49, 28.43, 28.45, 31.41, 28.43, 28.36, 28.38, 28.43, 28.47, 28.4, 28.48, 28.35, 28.37, 28.41, 28.34, 28.4, 28.37, 31.34, 28.34, 28.39, 28.41, 28.37, 28.42, 28.43, 31.44, 28.38, 28.43, 31.35, 28.39, 28.39, 28.37, 28.4, 28.45, 28.33, 28.46, 31.36, 28.42, 28.4, 31.4, 28.42, 28.48, 28.46, 31.26, 28.34], "Power_Factor": [0.679, 0.676, 0.677, 0.677, 0.641, 0.677, 0.679, 0.679, 0.677, 0.676, 0.678, 0.676, 0.679, 0.678, 0.677, 0.679, 0.678, 0.678, 0.643, 0.679, 0.678, 0.678, 0.678, 0.677, 0.677, 0.639, 0.678, 0.677, 0.642, 0.678, 0.678, 0.678, 0.678, 0.677, 0.68, 0.676, 0.643, 0.678, 0.678, 0.641, 0.677, 0.676, 0.676, 0.645, 0.68], "Energy": [0.01, 0.02, 0.04, 0.05, 0.07, 0.08, 0.1, 0.11, 0.13, 0.14, 0.16, 0.17, 0.19, 0.2, 0.22, 0.23, 0.25, 0.26, 0.28, 0.29, 0.3, 0.32, 0.33, 0.35, 0.36, 0.38, 0.39, 0.41, 0.42, 0.44, 0.45, 0.47, 0.48, 0.5, 0.51, 0.53, 0.54, 0.56, 0.57, 0.59, 0.6, 0.62, 0.63, 0.65, 0.66], "Frequency": [49.4, 49.4, 49.4, 49.42, 49.42, 49.42, 49.42, 49.42, 49.42, 49.42, 49.42, 49.42, 49.41, 49.41, 49.41, 49.41, 49.41, 49.41, 49.42, 49.42, 49.42, 49.41, 49.41, 49.41, 49.42, 49.42, 49.42, 49.43, 49.43, 49.43, 49.43, 49.43, 49.43, 49.47, 49.47, 49.47, 49.47, 49.47, 49.47, 49.47, 49.47, 49.46, 49.46, 49.46, 49.44], "Temp_env": []}