{"Start_Time": [1755589830.2120676], "Time": [1755589832.214386, 1755589834.216769, 1755589836.219465, 1755589838.221761, 1755589840.2244577, 1755589842.2268753, 1755589844.2343829, 1755589846.2368727, 1755589848.2395563, 1755589850.2417147, 1755589852.2437756, 1755589854.2458994, 1755589856.2485971, 1755589858.2509277, 1755589860.2536066, 1755589862.2559516, 1755589864.2586586, 1755589866.260974, 1755589868.2686334, 1755589870.2710083, 1755589872.273678, 1755589874.2760453, 1755589876.2787368, 1755589878.2810884, 1755589880.283753, 1755589882.2860525, 1755589884.2881904, 1755589886.2908745, 1755589888.293183, 1755589890.2959368, 1755589892.2982297, 1755589894.30093, 1755589896.3031025, 1755589898.3051865, 1755589900.3078773, 1755589902.3102374, 1755589904.3123586, 1755589906.3150444, 1755589908.317476, 1755589910.3250256, 1755589912.3274581, 1755589914.3301055, 1755589916.3324292, 1755589918.3350585, 1755589920.3374908], "Voltage": [229.66, 229.92, 229.92, 229.97, 230.13, 229.92, 229.82, 229.92, 230.03, 229.71, 230.08, 230.08, 229.87, 229.87, 229.66, 229.61, 229.61, 229.55, 229.92, 229.82, 229.71, 229.76, 229.66, 229.61, 229.5, 230.03, 229.76, 229.71, 229.61, 229.66, 229.66, 229.71, 229.76, 229.66, 229.45, 229.82, 229.92, 229.82, 229.61, 228.82, 228.87, 228.72, 228.61, 228.77, 228.51], "Current": [0.17, 0.17, 0.17, 0.17, 0.17, 0.17, 0.17, 0.17, 0.17, 0.17, 0.17, 0.17, 0.17, 0.17, 0.17, 0.17, 0.17, 0.17, 0.17, 0.17, 0.17, 0.17, 0.17, 0.17, 0.17, 0.17, 0.17, 0.17, 0.17, 0.17, 0.17, 0.17, 0.17, 0.17, 0.17, 0.17, 0.17, 0.17, 0.17, 0.17, 0.17, 0.17, 0.17, 0.17, 0.17], "Real_Power": [25.94, 26.12, 26.16, 25.95, 26.11, 26.06, 26.18, 26.15, 25.9, 26.01, 26.15, 25.95, 26.15, 25.99, 26.18, 26.12, 25.83, 26.22, 26.15, 26.13, 25.91, 26.05, 26.07, 26.01, 26.16, 26.06, 26.0, 26.1, 25.85, 26.15, 25.94, 25.96, 26.23, 25.86, 26.02, 26.12, 25.94, 26.17, 26.02, 26.05, 26.24, 25.96, 26.12, 26.15, 26.01], "Apparent_Power": [39.04, 39.08, 39.08, 39.09, 39.12, 39.08, 39.06, 39.08, 39.1, 39.05, 39.11, 39.11, 39.07, 39.07, 39.04, 39.03, 39.03, 39.02, 39.08, 39.06, 39.05, 39.05, 39.04, 39.03, 39.01, 39.1, 39.05, 39.05, 39.03, 39.04, 39.04, 39.05, 39.05, 39.04, 39.0, 39.06, 39.08, 39.06, 39.03, 38.89, 38.9, 38.88, 38.86, 38.89, 38.84], "Apparent_Power_Reactive": [29.17, 29.06, 29.03, 29.23, 29.13, 29.12, 28.98, 29.04, 29.29, 29.12, 29.08, 29.26, 29.02, 29.17, 28.96, 29.0, 29.26, 28.89, 29.04, 29.03, 29.21, 29.09, 29.05, 29.1, 28.93, 29.14, 29.13, 29.04, 29.24, 28.98, 29.17, 29.17, 28.92, 29.24, 29.05, 29.04, 29.22, 28.99, 29.09, 28.87, 28.71, 28.94, 28.77, 28.78, 28.84], "Power_Factor": [0.664, 0.668, 0.669, 0.663, 0.667, 0.666, 0.67, 0.669, 0.662, 0.666, 0.668, 0.663, 0.669, 0.665, 0.67, 0.669, 0.661, 0.671, 0.669, 0.668, 0.663, 0.667, 0.667, 0.666, 0.67, 0.666, 0.665, 0.668, 0.662, 0.669, 0.664, 0.664, 0.671, 0.662, 0.667, 0.668, 0.663, 0.669, 0.666, 0.669, 0.674, 0.667, 0.672, 0.672, 0.669], "Energy": [0.01, 0.02, 0.04, 0.05, 0.07, 0.08, 0.1, 0.11, 0.13, 0.14, 0.16, 0.17, 0.19, 0.2, 0.21, 0.23, 0.24, 0.26, 0.27, 0.29, 0.3, 0.32, 0.33, 0.35, 0.36, 0.38, 0.39, 0.41, 0.42, 0.44, 0.45, 0.47, 0.48, 0.49, 0.51, 0.52, 0.54, 0.55, 0.57, 0.58, 0.6, 0.61, 0.63, 0.64, 0.66], "Frequency": [49.39, 49.39, 49.41, 49.41, 49.41, 49.43, 49.43, 49.43, 49.42, 49.42, 49.42, 49.43, 49.43, 49.43, 49.42, 49.42, 49.42, 49.41, 49.41, 49.41, 49.4, 49.4, 49.4, 49.41, 49.41, 49.41, 49.42, 49.42, 49.42, 49.43, 49.43, 49.43, 49.42, 49.42, 49.42, 49.43, 49.43, 49.43, 49.47, 49.47, 49.47, 49.46, 49.46, 49.46, 49.46], "Temp_env": []}