{"Start_Time": [1755454293.942127], "Time": [1755454295.9439988, 1755454297.9467256, 1755454299.948837, 1755454301.950898, 1755454303.9530108, 1755454305.9606705, 1755454307.9629104, 1755454309.9650774, 1755454311.9727252, 1755454313.9750445, 1755454315.9777505, 1755454317.9850478, 1755454319.98775, 1755454321.9900622, 1755454323.9978905, 1755454326.0000095, 1755454328.0023203, 1755454330.00977, 1755454332.0122743, 1755454334.0149343, 1755454336.0223758, 1755454338.0248368, 1755454340.0271516, 1755454342.029282, 1755454344.032143, 1755454346.0342155, 1755454348.0423114, 1755454350.044947, 1755454352.0473197, 1755454354.0543892, 1755454356.057117, 1755454358.0592656, 1755454360.0670302, 1755454362.069379, 1755454364.0722928, 1755454366.074309, 1755454368.0764143, 1755454370.0791423, 1755454372.0864284, 1755454374.089224, 1755454376.0914621, 1755454378.0993023, 1755454380.1014173, 1755454382.1034992, 1755454384.1056037], "Voltage": [228.04, 228.09, 228.09, 228.04, 228.09, 227.98, 228.04, 227.98, 228.04, 227.98, 227.98, 228.04, 227.98, 227.93, 228.09, 228.04, 228.14, 228.04, 228.04, 228.04, 227.98, 228.04, 227.98, 228.09, 228.09, 228.04, 227.98, 228.09, 228.19, 228.09, 228.14, 228.09, 228.14, 228.14, 228.14, 228.09, 228.14, 228.09, 228.04, 228.04, 228.04, 227.93, 228.04, 228.09, 228.04], "Current": [0.17, 0.17, 0.17, 0.18, 0.17, 0.17, 0.17, 0.17, 0.18, 0.17, 0.17, 0.17, 0.17, 0.17, 0.17, 0.18, 0.17, 0.17, 0.17, 0.17, 0.18, 0.17, 0.17, 0.18, 0.17, 0.17, 0.17, 0.17, 0.17, 0.17, 0.17, 0.17, 0.17, 0.17, 0.18, 0.17, 0.17, 0.17, 0.17, 0.17, 0.17, 0.18, 0.18, 0.17, 0.18], "Real_Power": [26.19, 26.03, 26.05, 26.48, 26.05, 26.05, 26.05, 25.97, 26.11, 26.03, 25.93, 25.87, 26.12, 26.08, 26.16, 26.24, 25.99, 26.16, 26.17, 25.91, 26.35, 25.93, 25.87, 26.25, 25.95, 26.0, 26.06, 25.89, 26.1, 25.95, 26.2, 26.23, 26.1, 26.08, 26.36, 25.99, 26.2, 25.98, 26.01, 26.16, 26.01, 26.25, 26.25, 25.93, 26.21], "Apparent_Power": [38.76, 38.77, 38.77, 41.04, 38.77, 38.75, 38.76, 38.75, 41.04, 38.75, 38.75, 38.76, 38.75, 38.74, 38.77, 41.04, 38.78, 38.76, 38.76, 38.76, 41.03, 38.76, 38.75, 41.05, 38.77, 38.76, 38.75, 38.77, 38.79, 38.77, 38.78, 38.77, 38.78, 38.78, 41.06, 38.77, 38.78, 38.77, 38.76, 38.76, 38.76, 41.02, 41.04, 38.77, 41.04], "Apparent_Power_Reactive": [28.57, 28.73, 28.71, 31.35, 28.71, 28.68, 28.7, 28.75, 31.66, 28.7, 28.79, 28.86, 28.62, 28.64, 28.61, 31.55, 28.78, 28.6, 28.59, 28.82, 31.45, 28.8, 28.84, 31.56, 28.8, 28.74, 28.67, 28.85, 28.69, 28.8, 28.59, 28.54, 28.68, 28.7, 31.48, 28.76, 28.59, 28.77, 28.73, 28.6, 28.73, 31.52, 31.54, 28.82, 31.58], "Power_Factor": [0.675, 0.671, 0.671, 0.645, 0.671, 0.672, 0.672, 0.67, 0.636, 0.671, 0.669, 0.667, 0.674, 0.673, 0.674, 0.639, 0.67, 0.674, 0.675, 0.668, 0.642, 0.668, 0.667, 0.639, 0.669, 0.67, 0.672, 0.667, 0.672, 0.669, 0.675, 0.676, 0.673, 0.672, 0.641, 0.67, 0.675, 0.67, 0.671, 0.674, 0.671, 0.639, 0.639, 0.668, 0.638], "Energy": [0.01, 0.02, 0.04, 0.05, 0.07, 0.08, 0.1, 0.11, 0.13, 0.14, 0.16, 0.17, 0.19, 0.2, 0.22, 0.23, 0.25, 0.26, 0.28, 0.29, 0.3, 0.32, 0.33, 0.35, 0.36, 0.38, 0.39, 0.41, 0.42, 0.44, 0.45, 0.47, 0.48, 0.49, 0.51, 0.52, 0.54, 0.55, 0.57, 0.58, 0.6, 0.61, 0.63, 0.64, 0.66], "Frequency": [49.43, 49.41, 49.41, 49.41, 49.41, 49.41, 49.41, 49.4, 49.4, 49.4, 49.41, 49.41, 49.41, 49.42, 49.42, 49.42, 49.41, 49.41, 49.41, 49.42, 49.42, 49.42, 49.42, 49.42, 49.42, 49.4, 49.4, 49.4, 49.4, 49.4, 49.4, 49.41, 49.41, 49.41, 49.42, 49.42, 49.42, 49.41, 49.41, 49.41, 49.41, 49.41, 49.41, 49.41, 49.41], "Temp_env": []}