{"Start_Time": [1755115300.8835437], "Time": [1755115302.8860483, 1755115304.888296, 1755115306.890981, 1755115308.8931081, 1755115310.8955204, 1755115312.8979778, 1755115314.905425, 1755115316.9079564, 1755115318.910303, 1755115320.9181092, 1755115322.9204307, 1755115324.9231174, 1755115326.931078, 1755115328.9334428, 1755115330.9355547, 1755115332.938124, 1755115334.9404423, 1755115336.943201, 1755115338.950583, 1755115340.9533703, 1755115342.9556606, 1755115344.9583714, 1755115346.9605274, 1755115348.9625823, 1755115350.9654682, 1755115352.9677048, 1755115354.970412, 1755115356.9727626, 1755115358.975631, 1755115360.9777339, 1755115362.9804723, 1755115364.9828234, 1755115366.9856718, 1755115368.9877493, 1755115370.9897897, 1755115372.99252, 1755115374.994832, 1755115376.996906, 1755115378.9996111, 1755115381.0018997, 1755115383.004705, 1755115385.0069346, 1755115387.0090742, 1755115389.011793, 1755115391.013922], "Voltage": [229.5, 229.45, 229.4, 229.45, 229.45, 229.45, 229.5, 229.5, 229.55, 229.5, 229.45, 229.45, 229.4, 229.4, 229.45, 229.4, 229.4, 229.4, 229.4, 229.45, 229.35, 229.5, 229.4, 229.45, 229.5, 229.5, 229.5, 229.5, 229.5, 229.4, 229.55, 229.45, 229.45, 229.45, 229.45, 229.35, 229.4, 229.4, 229.29, 229.29, 229.4, 229.4, 229.4, 229.35, 229.35], "Current": [0.17, 0.17, 0.17, 0.17, 0.17, 0.17, 0.17, 0.17, 0.17, 0.17, 0.17, 0.17, 0.17, 0.17, 0.17, 0.17, 0.17, 0.17, 0.17, 0.17, 0.17, 0.17, 0.17, 0.17, 0.17, 0.17, 0.17, 0.17, 0.17, 0.17, 0.17, 0.17, 0.17, 0.17, 0.17, 0.17, 0.17, 0.17, 0.17, 0.17, 0.17, 0.17, 0.17, 0.17, 0.17], "Real_Power": [25.71, 25.71, 25.68, 25.79, 25.9, 25.85, 25.84, 25.77, 25.62, 25.82, 25.7, 25.94, 25.84, 25.87, 25.87, 25.83, 25.76, 25.89, 25.77, 25.85, 25.88, 25.81, 25.83, 25.87, 25.82, 25.81, 25.78, 25.83, 25.82, 25.69, 25.72, 25.83, 25.69, 25.83, 25.72, 25.76, 25.79, 25.81, 25.74, 25.89, 25.68, 25.69, 25.84, 25.81, 25.74], "Apparent_Power": [39.01, 39.0, 38.99, 39.0, 39.0, 39.0, 39.01, 39.01, 39.02, 39.01, 39.0, 39.0, 38.99, 38.99, 39.0, 38.99, 38.99, 38.99, 38.99, 39.0, 38.98, 39.01, 38.99, 39.0, 39.01, 39.01, 39.01, 39.01, 39.01, 38.99, 39.02, 39.0, 39.0, 39.0, 39.0, 38.98, 38.99, 38.99, 38.97, 38.97, 38.99, 38.99, 38.99, 38.98, 38.98], "Apparent_Power_Reactive": [29.33, 29.32, 29.33, 29.25, 29.15, 29.2, 29.22, 29.28, 29.43, 29.24, 29.33, 29.12, 29.19, 29.17, 29.18, 29.2, 29.26, 29.15, 29.25, 29.2, 29.14, 29.25, 29.2, 29.18, 29.24, 29.25, 29.27, 29.23, 29.24, 29.32, 29.34, 29.22, 29.34, 29.22, 29.31, 29.25, 29.24, 29.22, 29.25, 29.12, 29.33, 29.32, 29.19, 29.21, 29.27], "Power_Factor": [0.659, 0.659, 0.658, 0.661, 0.664, 0.662, 0.662, 0.66, 0.656, 0.661, 0.658, 0.665, 0.662, 0.663, 0.663, 0.662, 0.66, 0.664, 0.66, 0.662, 0.663, 0.661, 0.662, 0.663, 0.661, 0.661, 0.66, 0.662, 0.661, 0.658, 0.659, 0.662, 0.658, 0.662, 0.659, 0.66, 0.661, 0.661, 0.66, 0.664, 0.658, 0.658, 0.662, 0.662, 0.66], "Energy": [0.01, 0.02, 0.04, 0.05, 0.07, 0.08, 0.1, 0.11, 0.13, 0.14, 0.15, 0.17, 0.18, 0.2, 0.21, 0.23, 0.24, 0.26, 0.27, 0.29, 0.3, 0.32, 0.33, 0.34, 0.36, 0.37, 0.39, 0.4, 0.42, 0.43, 0.45, 0.46, 0.48, 0.49, 0.5, 0.52, 0.53, 0.55, 0.56, 0.58, 0.59, 0.61, 0.62, 0.63, 0.65], "Frequency": [49.38, 49.37, 49.37, 49.37, 49.38, 49.38, 49.38, 49.37, 49.37, 49.37, 49.38, 49.38, 49.38, 49.39, 49.39, 49.39, 49.39, 49.39, 49.39, 49.39, 49.39, 49.39, 49.39, 49.39, 49.39, 49.39, 49.39, 49.39, 49.4, 49.4, 49.4, 49.39, 49.39, 49.39, 49.38, 49.38, 49.38, 49.39, 49.39, 49.39, 49.39, 49.39, 49.39, 49.39, 49.39], "Temp_env": []}