{"Start_Time": [1755763855.5676584], "Time": [1755763857.57003, 1755763859.5723732, 1755763861.574468, 1755763863.5771368, 1755763865.5793123, 1755763867.5814219, 1755763869.5842977, 1755763871.5863702, 1755763873.588621, 1755763875.591172, 1755763877.5935667, 1755763879.5962534, 1755763881.5985289, 1755763883.6012752, 1755763885.6035652, 1755763887.6056664, 1755763889.608357, 1755763891.6106803, 1755763893.6133595, 1755763895.6156054, 1755763897.6176298, 1755763899.6196976, 1755763901.6224597, 1755763903.62496, 1755763905.6274729, 1755763907.6297643, 1755763909.631965, 1755763911.63476, 1755763913.6368349, 1755763915.6389616, 1755763917.6417048, 1755763919.6440413, 1755763921.6466916, 1755763923.6490152, 1755763925.651764, 1755763927.6540897, 1755763929.6567423, 1755763931.659058, 1755763933.661796, 1755763935.6641076, 1755763937.6668217, 1755763939.6691377, 1755763941.6713028, 1755763943.6739633, 1755763945.6762621], "Voltage": [229.82, 229.71, 229.61, 229.61, 229.61, 229.66, 229.61, 229.71, 229.66, 229.61, 229.66, 229.4, 229.61, 229.61, 229.61, 229.66, 229.61, 229.5, 229.61, 229.66, 229.55, 229.55, 229.61, 229.61, 229.66, 229.76, 229.71, 229.66, 229.66, 229.66, 229.82, 229.66, 229.61, 229.5, 229.45, 229.55, 229.29, 229.4, 229.35, 229.35, 229.29, 229.4, 229.29, 229.29, 229.5], "Current": [0.17, 0.17, 0.17, 0.17, 0.17, 0.17, 0.17, 0.17, 0.17, 0.17, 0.17, 0.17, 0.17, 0.17, 0.17, 0.17, 0.17, 0.17, 0.17, 0.17, 0.17, 0.17, 0.17, 0.17, 0.17, 0.17, 0.17, 0.17, 0.17, 0.17, 0.17, 0.17, 0.17, 0.17, 0.17, 0.17, 0.17, 0.17, 0.17, 0.17, 0.17, 0.17, 0.17, 0.17, 0.17], "Real_Power": [26.26, 26.46, 26.42, 26.23, 26.45, 26.39, 26.34, 26.4, 26.26, 26.36, 26.4, 26.24, 26.38, 26.31, 26.23, 26.46, 26.26, 26.42, 26.28, 26.28, 26.38, 26.22, 26.37, 26.29, 26.38, 26.33, 26.35, 26.43, 26.22, 26.45, 26.54, 26.3, 26.51, 26.32, 26.42, 26.48, 26.29, 26.49, 26.4, 26.28, 26.43, 26.41, 26.48, 26.42, 26.28], "Apparent_Power": [39.06, 39.05, 39.03, 39.03, 39.03, 39.04, 39.03, 39.05, 39.04, 39.03, 39.04, 38.99, 39.03, 39.03, 39.03, 39.04, 39.03, 39.01, 39.03, 39.04, 39.02, 39.02, 39.03, 39.03, 39.04, 39.05, 39.05, 39.04, 39.04, 39.04, 39.06, 39.04, 39.03, 39.01, 39.0, 39.02, 38.97, 38.99, 38.98, 38.98, 38.97, 38.99, 38.97, 38.97, 39.01], "Apparent_Power_Reactive": [28.91, 28.71, 28.72, 28.9, 28.7, 28.76, 28.8, 28.77, 28.88, 28.78, 28.76, 28.83, 28.76, 28.82, 28.9, 28.7, 28.87, 28.7, 28.85, 28.87, 28.75, 28.89, 28.77, 28.84, 28.77, 28.83, 28.81, 28.73, 28.92, 28.71, 28.65, 28.85, 28.64, 28.79, 28.68, 28.65, 28.76, 28.6, 28.67, 28.78, 28.63, 28.68, 28.59, 28.64, 28.82], "Power_Factor": [0.672, 0.677, 0.676, 0.672, 0.677, 0.675, 0.674, 0.676, 0.672, 0.675, 0.676, 0.672, 0.675, 0.674, 0.672, 0.677, 0.672, 0.677, 0.673, 0.673, 0.676, 0.671, 0.675, 0.673, 0.675, 0.674, 0.674, 0.676, 0.671, 0.677, 0.679, 0.673, 0.679, 0.674, 0.677, 0.678, 0.674, 0.679, 0.677, 0.674, 0.678, 0.677, 0.679, 0.677, 0.673], "Energy": [0.01, 0.02, 0.04, 0.05, 0.07, 0.08, 0.1, 0.11, 0.13, 0.14, 0.16, 0.17, 0.19, 0.2, 0.22, 0.23, 0.25, 0.26, 0.28, 0.29, 0.31, 0.32, 0.34, 0.35, 0.37, 0.38, 0.4, 0.41, 0.43, 0.44, 0.46, 0.47, 0.49, 0.5, 0.51, 0.53, 0.54, 0.56, 0.57, 0.59, 0.6, 0.62, 0.63, 0.65, 0.66], "Frequency": [49.39, 49.39, 49.39, 49.39, 49.39, 49.39, 49.39, 49.39, 49.4, 49.4, 49.4, 49.39, 49.39, 49.39, 49.39, 49.39, 49.39, 49.39, 49.39, 49.39, 49.4, 49.4, 49.4, 49.39, 49.39, 49.39, 49.39, 49.39, 49.39, 49.4, 49.4, 49.4, 49.41, 49.41, 49.41, 49.4, 49.4, 49.4, 49.41, 49.41, 49.41, 49.41, 49.41, 49.41, 49.39], "Temp_env": []}