{"Start_Time": [1755739442.7580771], "Time": [1755739444.7603762, 1755739446.7623882, 1755739448.764464, 1755739450.766429, 1755739452.768565, 1755739454.7704983, 1755739456.77244, 1755739458.7743783, 1755739460.7764444, 1755739462.7788115, 1755739464.781273, 1755739466.7835772, 1755739468.7855432, 1755739470.7874863, 1755739472.789657, 1755739474.7923236, 1755739476.7944913, 1755739478.7966263, 1755739480.7987692, 1755739482.80069, 1755739484.8026583, 1755739486.8047538, 1755739488.8067439, 1755739490.808881, 1755739492.8114247, 1755739494.8136635, 1755739496.8156888, 1755739498.8178184, 1755739500.8204508, 1755739502.8226616, 1755739504.8247166, 1755739506.826824, 1755739508.8289566, 1755739510.8316743, 1755739512.8337855, 1755739514.8358521, 1755739516.8378692, 1755739518.8399909, 1755739520.8426754, 1755739522.8450215, 1755739524.8477416, 1755739526.8499143, 1755739528.8520527, 1755739530.8547714, 1755739532.8570828], "Voltage": [230.13, 230.08, 230.18, 230.18, 230.13, 230.24, 230.29, 230.18, 230.24, 230.24, 230.29, 230.34, 230.29, 230.13, 230.13, 230.18, 230.29, 230.29, 230.24, 230.13, 230.18, 230.13, 230.13, 229.97, 230.08, 230.03, 230.24, 230.18, 230.03, 230.18, 230.24, 230.13, 230.18, 230.18, 230.24, 230.24, 230.39, 230.39, 230.39, 230.29, 230.29, 230.39, 230.34, 230.34, 230.34], "Current": [0.17, 0.17, 0.17, 0.17, 0.17, 0.17, 0.17, 0.17, 0.17, 0.17, 0.17, 0.17, 0.17, 0.17, 0.17, 0.17, 0.17, 0.17, 0.17, 0.17, 0.17, 0.17, 0.17, 0.17, 0.17, 0.17, 0.17, 0.17, 0.17, 0.17, 0.17, 0.17, 0.17, 0.17, 0.17, 0.17, 0.17, 0.17, 0.17, 0.17, 0.17, 0.17, 0.17, 0.17, 0.17], "Real_Power": [26.19, 25.77, 26.08, 26.14, 25.95, 26.2, 26.04, 26.01, 26.21, 25.95, 26.15, 26.13, 25.99, 26.18, 26.01, 26.04, 26.15, 25.95, 26.19, 26.13, 26.04, 26.03, 26.0, 26.08, 26.27, 26.05, 26.11, 26.16, 25.88, 26.05, 26.08, 26.01, 26.23, 26.0, 26.1, 26.13, 25.92, 26.19, 26.04, 26.0, 26.18, 25.99, 26.15, 26.18, 26.02], "Apparent_Power": [39.12, 39.11, 39.13, 39.13, 39.12, 39.14, 39.14, 39.13, 39.14, 39.14, 39.14, 39.15, 39.14, 39.12, 39.12, 39.13, 39.14, 39.14, 39.14, 39.12, 39.13, 39.12, 39.12, 39.09, 39.11, 39.1, 39.14, 39.13, 39.1, 39.13, 39.14, 39.12, 39.13, 39.13, 39.14, 39.14, 39.16, 39.16, 39.16, 39.14, 39.14, 39.16, 39.15, 39.15, 39.15], "Apparent_Power_Reactive": [29.05, 29.41, 29.17, 29.11, 29.27, 29.07, 29.22, 29.23, 29.06, 29.3, 29.12, 29.15, 29.26, 29.06, 29.22, 29.2, 29.12, 29.3, 29.08, 29.11, 29.2, 29.2, 29.22, 29.11, 28.97, 29.15, 29.15, 29.1, 29.3, 29.19, 29.18, 29.22, 29.03, 29.24, 29.16, 29.14, 29.35, 29.11, 29.24, 29.25, 29.09, 29.29, 29.13, 29.1, 29.25], "Power_Factor": [0.669, 0.658, 0.666, 0.668, 0.663, 0.669, 0.665, 0.664, 0.669, 0.663, 0.668, 0.667, 0.664, 0.669, 0.664, 0.665, 0.668, 0.663, 0.669, 0.667, 0.665, 0.665, 0.664, 0.667, 0.671, 0.666, 0.667, 0.668, 0.661, 0.665, 0.666, 0.664, 0.67, 0.664, 0.666, 0.667, 0.661, 0.668, 0.664, 0.664, 0.668, 0.663, 0.667, 0.668, 0.664], "Energy": [0.01, 0.02, 0.04, 0.05, 0.07, 0.08, 0.1, 0.11, 0.13, 0.14, 0.16, 0.17, 0.19, 0.2, 0.22, 0.23, 0.24, 0.26, 0.27, 0.29, 0.3, 0.32, 0.33, 0.35, 0.36, 0.38, 0.39, 0.41, 0.42, 0.44, 0.45, 0.46, 0.48, 0.49, 0.51, 0.52, 0.54, 0.55, 0.57, 0.58, 0.6, 0.61, 0.63, 0.64, 0.66], "Frequency": [49.39, 49.38, 49.38, 49.38, 49.39, 49.39, 49.39, 49.39, 49.39, 49.39, 49.39, 49.39, 49.39, 49.39, 49.39, 49.39, 49.39, 49.39, 49.39, 49.38, 49.38, 49.38, 49.39, 49.39, 49.39, 49.36, 49.36, 49.36, 49.39, 49.39, 49.39, 49.4, 49.4, 49.4, 49.41, 49.41, 49.41, 49.42, 49.42, 49.42, 49.41, 49.41, 49.41, 49.41, 49.41], "Temp_env": []}