{"Start_Time": [1755504984.573352], "Time": [1755504986.5757277, 1755504988.5780282, 1755504990.5807362, 1755504992.583069, 1755504994.585182, 1755504996.5878804, 1755504998.5900176, 1755505000.5920641, 1755505002.5949466, 1755505004.5970135, 1755505006.599066, 1755505008.6010942, 1755505010.6038373, 1755505012.6060386, 1755505014.60812, 1755505016.6108503, 1755505018.6131349, 1755505020.6152625, 1755505022.6179934, 1755505024.6200755, 1755505026.6221347, 1755505028.6250734, 1755505030.627885, 1755505032.6302397, 1755505034.6329575, 1755505036.6353667, 1755505038.6379058, 1755505040.6402435, 1755505042.6429076, 1755505044.6454184, 1755505046.6478841, 1755505048.6502912, 1755505050.6529589, 1755505052.6553514, 1755505054.658086, 1755505056.6603665, 1755505058.663099, 1755505060.6654315, 1755505062.6681147, 1755505064.6703007, 1755505066.6730325, 1755505068.675563, 1755505070.6780813, 1755505072.6804006, 1755505074.6831055], "Voltage": [230.08, 229.71, 229.71, 229.87, 229.71, 229.45, 229.29, 229.55, 229.55, 229.76, 229.66, 229.92, 229.76, 229.87, 229.45, 229.61, 229.66, 229.35, 229.55, 229.71, 229.5, 229.5, 229.45, 229.45, 229.5, 229.66, 229.4, 229.19, 229.5, 229.4, 229.29, 229.45, 229.5, 229.55, 229.66, 229.66, 229.82, 229.71, 229.76, 229.82, 229.92, 229.82, 229.66, 229.61, 229.71], "Current": [0.17, 0.17, 0.17, 0.17, 0.17, 0.17, 0.17, 0.17, 0.17, 0.17, 0.17, 0.17, 0.17, 0.17, 0.17, 0.17, 0.17, 0.17, 0.17, 0.17, 0.17, 0.17, 0.17, 0.17, 0.17, 0.17, 0.17, 0.17, 0.17, 0.17, 0.17, 0.17, 0.17, 0.17, 0.17, 0.17, 0.17, 0.17, 0.17, 0.17, 0.17, 0.17, 0.17, 0.17, 0.17], "Real_Power": [26.28, 26.22, 26.42, 26.06, 26.47, 26.29, 26.22, 26.38, 26.22, 26.36, 26.45, 26.23, 26.26, 26.14, 26.39, 26.23, 26.44, 26.44, 26.05, 26.35, 26.14, 26.26, 26.38, 26.11, 26.33, 26.4, 26.22, 26.42, 26.23, 26.3, 26.33, 26.24, 26.35, 26.25, 26.13, 26.41, 26.27, 26.2, 26.35, 26.22, 26.27, 26.39, 26.16, 26.51, 26.27], "Apparent_Power": [39.11, 39.05, 39.05, 39.07, 39.05, 39.0, 38.97, 39.02, 39.02, 39.05, 39.04, 39.08, 39.05, 39.07, 39.0, 39.03, 39.04, 38.98, 39.02, 39.05, 39.01, 39.01, 39.0, 39.0, 39.01, 39.04, 38.99, 38.96, 39.01, 38.99, 38.97, 39.0, 39.01, 39.02, 39.04, 39.04, 39.06, 39.05, 39.05, 39.06, 39.08, 39.06, 39.04, 39.03, 39.05], "Apparent_Power_Reactive": [28.96, 28.93, 28.75, 29.1, 28.7, 28.8, 28.83, 28.75, 28.89, 28.81, 28.71, 28.96, 28.9, 29.03, 28.71, 28.9, 28.72, 28.64, 29.05, 28.81, 28.95, 28.84, 28.72, 28.97, 28.78, 28.76, 28.85, 28.63, 28.87, 28.78, 28.72, 28.85, 28.76, 28.87, 29.0, 28.75, 28.9, 28.95, 28.81, 28.95, 28.93, 28.79, 28.97, 28.64, 28.89], "Power_Factor": [0.671, 0.671, 0.676, 0.667, 0.677, 0.674, 0.672, 0.676, 0.671, 0.675, 0.677, 0.671, 0.672, 0.669, 0.676, 0.672, 0.677, 0.678, 0.667, 0.674, 0.67, 0.673, 0.676, 0.669, 0.674, 0.676, 0.672, 0.678, 0.672, 0.674, 0.675, 0.672, 0.675, 0.672, 0.669, 0.676, 0.672, 0.67, 0.674, 0.671, 0.672, 0.675, 0.67, 0.679, 0.672], "Energy": [0.01, 0.02, 0.04, 0.05, 0.07, 0.08, 0.1, 0.11, 0.13, 0.14, 0.16, 0.17, 0.19, 0.2, 0.22, 0.23, 0.25, 0.26, 0.28, 0.29, 0.31, 0.32, 0.34, 0.35, 0.37, 0.38, 0.4, 0.41, 0.43, 0.44, 0.45, 0.47, 0.48, 0.5, 0.51, 0.53, 0.54, 0.56, 0.57, 0.59, 0.6, 0.62, 0.63, 0.65, 0.66], "Frequency": [49.38, 49.38, 49.38, 49.38, 49.38, 49.39, 49.39, 49.39, 49.38, 49.38, 49.38, 49.38, 49.38, 49.39, 49.39, 49.39, 49.38, 49.38, 49.38, 49.39, 49.39, 49.39, 49.39, 49.39, 49.39, 49.4, 49.4, 49.4, 49.4, 49.4, 49.4, 49.4, 49.4, 49.4, 49.39, 49.39, 49.39, 49.37, 49.37, 49.37, 49.38, 49.38, 49.38, 49.38, 49.38], "Temp_env": []}