{"Start_Time": [1755119798.023964], "Time": [1755119800.0259862, 1755119802.028655, 1755119804.031006, 1755119806.0386882, 1755119808.041007, 1755119810.0437183, 1755119812.0509114, 1755119814.0530279, 1755119816.055158, 1755119818.05783, 1755119820.0601401, 1755119822.0628211, 1755119824.0653157, 1755119826.0678244, 1755119828.0701852, 1755119830.0778654, 1755119832.0802016, 1755119834.0829031, 1755119836.0853412, 1755119838.08788, 1755119840.090256, 1755119842.0980694, 1755119844.1003497, 1755119846.1030636, 1755119848.1053896, 1755119850.108084, 1755119852.110309, 1755119854.1130788, 1755119856.115521, 1755119858.1180227, 1755119860.1204016, 1755119862.1230989, 1755119864.1256037, 1755119866.128105, 1755119868.1304872, 1755119870.133177, 1755119872.1356106, 1755119874.1383224, 1755119876.1405153, 1755119878.1432703, 1755119880.1456876, 1755119882.1483917, 1755119884.150597, 1755119886.1527154, 1755119888.155534], "Voltage": [230.97, 230.92, 231.02, 231.02, 230.97, 230.97, 230.97, 231.02, 230.92, 230.92, 230.92, 231.02, 231.02, 231.02, 231.02, 231.07, 231.02, 231.02, 231.07, 230.97, 231.02, 230.92, 230.97, 230.92, 230.86, 230.92, 230.97, 230.92, 231.02, 230.92, 230.86, 230.97, 230.97, 230.81, 230.86, 230.86, 230.92, 230.81, 230.92, 231.02, 231.02, 231.02, 230.97, 231.07, 231.07], "Current": [0.17, 0.17, 0.17, 0.17, 0.17, 0.17, 0.17, 0.17, 0.17, 0.17, 0.17, 0.17, 0.17, 0.17, 0.17, 0.17, 0.17, 0.17, 0.17, 0.17, 0.17, 0.17, 0.17, 0.17, 0.17, 0.17, 0.17, 0.17, 0.17, 0.17, 0.17, 0.17, 0.17, 0.17, 0.17, 0.17, 0.17, 0.17, 0.17, 0.17, 0.17, 0.17, 0.17, 0.17, 0.17], "Real_Power": [25.73, 25.8, 25.78, 25.75, 25.66, 25.84, 25.74, 25.67, 25.81, 25.84, 25.63, 25.77, 25.76, 25.63, 26.03, 25.68, 25.78, 25.91, 25.64, 25.76, 25.75, 25.59, 25.65, 25.84, 25.66, 25.82, 25.7, 25.68, 25.83, 25.57, 25.73, 25.82, 25.56, 25.76, 25.71, 25.71, 25.61, 25.8, 25.74, 25.61, 25.73, 25.91, 25.67, 25.65, 25.76], "Apparent_Power": [39.26, 39.25, 39.27, 39.27, 39.26, 39.26, 39.26, 39.27, 39.25, 39.25, 39.25, 39.27, 39.27, 39.27, 39.27, 39.28, 39.27, 39.27, 39.28, 39.26, 39.27, 39.25, 39.26, 39.25, 39.24, 39.25, 39.26, 39.25, 39.27, 39.25, 39.24, 39.26, 39.26, 39.23, 39.24, 39.24, 39.25, 39.23, 39.25, 39.27, 39.27, 39.27, 39.26, 39.28, 39.28], "Apparent_Power_Reactive": [29.65, 29.57, 29.62, 29.64, 29.71, 29.55, 29.64, 29.71, 29.57, 29.54, 29.72, 29.63, 29.64, 29.75, 29.4, 29.72, 29.62, 29.5, 29.75, 29.62, 29.64, 29.76, 29.72, 29.54, 29.68, 29.56, 29.67, 29.68, 29.57, 29.77, 29.62, 29.57, 29.79, 29.58, 29.64, 29.64, 29.74, 29.55, 29.63, 29.77, 29.66, 29.5, 29.7, 29.74, 29.65], "Power_Factor": [0.655, 0.657, 0.656, 0.655, 0.653, 0.658, 0.655, 0.653, 0.657, 0.658, 0.652, 0.656, 0.655, 0.652, 0.662, 0.653, 0.656, 0.659, 0.652, 0.656, 0.655, 0.651, 0.653, 0.658, 0.653, 0.657, 0.654, 0.654, 0.657, 0.651, 0.655, 0.657, 0.651, 0.656, 0.655, 0.655, 0.652, 0.657, 0.655, 0.652, 0.655, 0.659, 0.653, 0.653, 0.655], "Energy": [0.01, 0.02, 0.04, 0.05, 0.07, 0.08, 0.1, 0.11, 0.13, 0.14, 0.15, 0.17, 0.18, 0.2, 0.21, 0.23, 0.24, 0.26, 0.27, 0.28, 0.3, 0.31, 0.33, 0.34, 0.36, 0.37, 0.39, 0.4, 0.41, 0.43, 0.44, 0.46, 0.47, 0.49, 0.5, 0.52, 0.53, 0.55, 0.56, 0.57, 0.59, 0.6, 0.62, 0.63, 0.65], "Frequency": [49.42, 49.42, 49.42, 49.42, 49.42, 49.43, 49.43, 49.43, 49.43, 49.43, 49.43, 49.42, 49.42, 49.42, 49.41, 49.41, 49.41, 49.41, 49.41, 49.41, 49.43, 49.43, 49.43, 49.41, 49.41, 49.41, 49.43, 49.43, 49.43, 49.41, 49.41, 49.41, 49.42, 49.42, 49.42, 49.4, 49.4, 49.4, 49.4, 49.4, 49.4, 49.41, 49.41, 49.41, 49.4], "Temp_env": []}