{"Start_Time": [1755609749.135885], "Time": [1755609751.1382554, 1755609753.1405451, 1755609755.1426516, 1755609757.1453507, 1755609759.1474702, 1755609761.1495273, 1755609763.1518807, 1755609765.1543956, 1755609767.1566813, 1755609769.1643755, 1755609771.1665819, 1755609773.1686394, 1755609775.170752, 1755609777.1734803, 1755609779.1756022, 1755609781.1775856, 1755609783.1797004, 1755609785.1820152, 1755609787.18966, 1755609789.191977, 1755609791.194416, 1755609793.2020504, 1755609795.204493, 1755609797.2067082, 1755609799.2087443, 1755609801.2109418, 1755609803.2136483, 1755609805.2159624, 1755609807.2186236, 1755609809.2209532, 1755609811.2285879, 1755609813.2308488, 1755609815.232988, 1755609817.235723, 1755609819.2379622, 1755609821.2407763, 1755609823.24295, 1755609825.2450562, 1755609827.2477996, 1755609829.2499764, 1755609831.2523324, 1755609833.254762, 1755609835.2570546, 1755609837.2647312, 1755609839.2670927], "Voltage": [227.83, 227.93, 227.93, 228.19, 228.04, 227.98, 227.67, 227.88, 227.88, 227.83, 227.62, 227.83, 227.88, 228.04, 227.98, 227.98, 227.88, 227.98, 227.98, 228.09, 228.04, 228.14, 228.14, 228.04, 228.09, 227.88, 227.98, 228.14, 227.98, 228.04, 228.24, 228.09, 228.09, 228.19, 228.04, 228.14, 228.09, 228.3, 228.04, 228.4, 228.19, 228.24, 228.24, 228.4, 228.4], "Current": [0.17, 0.17, 0.17, 0.17, 0.17, 0.17, 0.17, 0.17, 0.17, 0.17, 0.17, 0.17, 0.17, 0.17, 0.17, 0.17, 0.17, 0.17, 0.17, 0.17, 0.17, 0.17, 0.17, 0.17, 0.17, 0.17, 0.17, 0.17, 0.17, 0.17, 0.17, 0.17, 0.17, 0.17, 0.17, 0.17, 0.17, 0.17, 0.17, 0.17, 0.17, 0.17, 0.17, 0.17, 0.17], "Real_Power": [26.22, 26.2, 26.21, 26.33, 26.25, 26.18, 26.37, 26.22, 26.16, 26.25, 26.2, 26.14, 26.12, 26.28, 26.28, 26.22, 26.31, 26.31, 26.25, 26.3, 26.25, 26.21, 26.26, 26.18, 26.23, 26.35, 26.17, 26.19, 26.31, 26.21, 26.21, 26.23, 26.14, 26.23, 26.1, 26.24, 26.2, 26.34, 26.27, 26.27, 26.24, 26.32, 26.21, 26.26, 26.28], "Apparent_Power": [38.73, 38.74, 38.74, 38.79, 38.76, 38.75, 38.7, 38.73, 38.73, 38.73, 38.69, 38.73, 38.73, 38.76, 38.75, 38.75, 38.73, 38.75, 38.75, 38.77, 38.76, 38.78, 38.78, 38.76, 38.77, 38.73, 38.75, 38.78, 38.75, 38.76, 38.8, 38.77, 38.77, 38.79, 38.76, 38.78, 38.77, 38.81, 38.76, 38.82, 38.79, 38.8, 38.8, 38.82, 38.82], "Apparent_Power_Reactive": [28.5, 28.53, 28.52, 28.48, 28.51, 28.56, 28.32, 28.5, 28.55, 28.47, 28.46, 28.57, 28.59, 28.49, 28.47, 28.53, 28.42, 28.44, 28.5, 28.48, 28.51, 28.58, 28.53, 28.58, 28.54, 28.38, 28.57, 28.6, 28.44, 28.55, 28.6, 28.54, 28.63, 28.57, 28.65, 28.55, 28.57, 28.5, 28.49, 28.58, 28.56, 28.5, 28.6, 28.59, 28.57], "Power_Factor": [0.676, 0.676, 0.676, 0.678, 0.677, 0.675, 0.681, 0.676, 0.675, 0.677, 0.677, 0.674, 0.674, 0.678, 0.678, 0.676, 0.679, 0.678, 0.677, 0.678, 0.677, 0.675, 0.677, 0.675, 0.676, 0.68, 0.675, 0.675, 0.678, 0.676, 0.675, 0.676, 0.674, 0.676, 0.673, 0.676, 0.675, 0.678, 0.677, 0.676, 0.676, 0.678, 0.675, 0.676, 0.676], "Energy": [0.01, 0.03, 0.04, 0.06, 0.07, 0.08, 0.1, 0.11, 0.13, 0.14, 0.16, 0.17, 0.19, 0.2, 0.22, 0.23, 0.25, 0.26, 0.28, 0.29, 0.31, 0.32, 0.34, 0.35, 0.37, 0.38, 0.39, 0.41, 0.42, 0.44, 0.45, 0.47, 0.48, 0.5, 0.51, 0.53, 0.54, 0.56, 0.57, 0.59, 0.6, 0.62, 0.63, 0.65, 0.66], "Frequency": [49.39, 49.39, 49.39, 49.39, 49.39, 49.39, 49.39, 49.39, 49.39, 49.39, 49.39, 49.39, 49.39, 49.39, 49.39, 49.38, 49.38, 49.38, 49.38, 49.38, 49.38, 49.37, 49.37, 49.37, 49.38, 49.38, 49.38, 49.38, 49.38, 49.38, 49.39, 49.39, 49.39, 49.39, 49.39, 49.39, 49.39, 49.39, 49.39, 49.4, 49.4, 49.4, 49.39, 49.39, 49.39], "Temp_env": []}