{"Start_Time": [1755716602.9936562], "Time": [1755716604.996329, 1755716606.9985585, 1755716609.0005324, 1755716611.0082586, 1755716613.0104537, 1755716615.0127125, 1755716617.0153491, 1755716619.0176117, 1755716621.0196233, 1755716623.0274143, 1755716625.0297825, 1755716627.032477, 1755716629.0398448, 1755716631.0418143, 1755716633.043933, 1755716635.0466251, 1755716637.0488002, 1755716639.0508733, 1755716641.0584953, 1755716643.0607014, 1755716645.0628288, 1755716647.070679, 1755716649.0730414, 1755716651.0756376, 1755716653.0829089, 1755716655.0850453, 1755716657.0877762, 1755716659.090118, 1755716661.092814, 1755716663.095127, 1755716665.1028109, 1755716667.105096, 1755716669.1077561, 1755716671.1151228, 1755716673.117199, 1755716675.119913, 1755716677.1222649, 1755716679.1243308, 1755716681.1268888, 1755716683.129244, 1755716685.131933, 1755716687.1343334, 1755716689.1420774, 1755716691.1445322, 1755716693.1470275], "Voltage": [231.23, 231.23, 231.39, 231.34, 231.39, 231.39, 231.39, 231.34, 231.34, 230.24, 230.29, 230.18, 230.34, 230.18, 230.13, 230.29, 230.34, 230.13, 230.18, 230.24, 230.03, 230.13, 230.18, 230.08, 230.24, 230.08, 230.08, 230.08, 230.18, 230.13, 230.13, 230.24, 230.29, 230.29, 230.08, 230.34, 230.39, 230.34, 230.18, 230.34, 230.29, 230.39, 230.29, 230.13, 230.34], "Current": [0.17, 0.17, 0.17, 0.17, 0.17, 0.17, 0.17, 0.17, 0.17, 0.17, 0.17, 0.17, 0.17, 0.17, 0.17, 0.17, 0.17, 0.17, 0.17, 0.17, 0.17, 0.17, 0.17, 0.17, 0.17, 0.17, 0.17, 0.17, 0.17, 0.17, 0.17, 0.17, 0.17, 0.17, 0.17, 0.17, 0.17, 0.17, 0.17, 0.17, 0.17, 0.17, 0.17, 0.17, 0.17], "Real_Power": [26.35, 26.14, 26.19, 26.42, 26.01, 26.29, 26.22, 26.14, 26.28, 26.24, 26.12, 26.17, 26.05, 26.15, 26.33, 26.0, 26.3, 26.13, 26.14, 26.22, 25.9, 26.18, 26.18, 26.06, 26.36, 26.13, 26.08, 26.26, 26.11, 26.18, 26.48, 26.03, 26.25, 26.2, 26.01, 26.42, 26.16, 26.08, 26.23, 26.06, 26.19, 26.19, 26.29, 26.12, 26.19], "Apparent_Power": [39.3, 39.3, 39.33, 39.32, 39.33, 39.33, 39.33, 39.32, 39.32, 39.14, 39.14, 39.13, 39.15, 39.13, 39.12, 39.14, 39.15, 39.12, 39.13, 39.14, 39.1, 39.12, 39.13, 39.11, 39.14, 39.11, 39.11, 39.11, 39.13, 39.12, 39.12, 39.14, 39.14, 39.14, 39.11, 39.15, 39.16, 39.15, 39.13, 39.15, 39.14, 39.16, 39.14, 39.12, 39.15], "Apparent_Power_Reactive": [29.15, 29.34, 29.34, 29.12, 29.5, 29.25, 29.31, 29.37, 29.24, 29.04, 29.14, 29.09, 29.22, 29.1, 28.93, 29.25, 29.0, 29.11, 29.11, 29.05, 29.29, 29.06, 29.08, 29.16, 28.93, 29.1, 29.14, 28.98, 29.14, 29.06, 28.79, 29.22, 29.03, 29.07, 29.2, 28.89, 29.14, 29.19, 29.03, 29.21, 29.08, 29.11, 28.99, 29.12, 29.09], "Power_Factor": [0.67, 0.665, 0.665, 0.671, 0.661, 0.668, 0.666, 0.664, 0.668, 0.67, 0.667, 0.668, 0.665, 0.668, 0.673, 0.664, 0.671, 0.667, 0.668, 0.669, 0.662, 0.669, 0.669, 0.666, 0.673, 0.668, 0.666, 0.671, 0.667, 0.669, 0.676, 0.665, 0.67, 0.669, 0.665, 0.674, 0.668, 0.666, 0.67, 0.665, 0.669, 0.668, 0.671, 0.667, 0.668], "Energy": [0.01, 0.02, 0.04, 0.05, 0.07, 0.08, 0.1, 0.11, 0.13, 0.14, 0.16, 0.17, 0.19, 0.2, 0.22, 0.23, 0.25, 0.26, 0.27, 0.29, 0.3, 0.32, 0.33, 0.35, 0.36, 0.38, 0.39, 0.41, 0.42, 0.44, 0.45, 0.47, 0.48, 0.5, 0.51, 0.53, 0.54, 0.55, 0.57, 0.58, 0.6, 0.61, 0.63, 0.64, 0.66], "Frequency": [49.37, 49.35, 49.35, 49.35, 49.38, 49.38, 49.38, 49.38, 49.38, 49.38, 49.39, 49.39, 49.39, 49.37, 49.37, 49.37, 49.37, 49.37, 49.37, 49.37, 49.37, 49.37, 49.37, 49.37, 49.37, 49.38, 49.38, 49.38, 49.37, 49.37, 49.37, 49.38, 49.38, 49.38, 49.38, 49.38, 49.38, 49.39, 49.39, 49.39, 49.39, 49.39, 49.39, 49.39, 49.39], "Temp_env": []}