{"Start_Time": [1755077797.4914157], "Time": [1755077799.4937468, 1755077801.4965036, 1755077803.4988797, 1755077805.5009744, 1755077807.5036786, 1755077809.5057917, 1755077811.5079393, 1755077813.5107684, 1755077815.512941, 1755077817.5155807, 1755077819.517772, 1755077821.5198429, 1755077823.5220137, 1755077825.5247154, 1755077827.5270555, 1755077829.5298028, 1755077831.5319483, 1755077833.5340075, 1755077835.5361369, 1755077837.5388513, 1755077839.5413475, 1755077841.5438187, 1755077843.5462098, 1755077845.5488517, 1755077847.551327, 1755077849.5539904, 1755077851.5561376, 1755077853.5589473, 1755077855.5613184, 1755077857.5640483, 1755077859.5661697, 1755077861.5682411, 1755077863.5711048, 1755077865.5734136, 1755077867.5760932, 1755077869.5782678, 1755077871.580342, 1755077873.583044, 1755077875.5854971, 1755077877.5881073, 1755077879.5905557, 1755077881.593127, 1755077883.5954258, 1755077885.5981703, 1755077887.6005285], "Voltage": [228.87, 228.87, 228.93, 228.87, 228.82, 228.82, 228.87, 228.93, 228.93, 228.87, 228.66, 228.82, 228.72, 228.45, 228.4, 228.82, 228.77, 228.66, 228.77, 228.51, 228.72, 228.51, 228.77, 228.82, 228.66, 228.72, 228.77, 228.82, 228.66, 228.61, 228.82, 228.93, 228.72, 228.82, 228.66, 228.66, 228.87, 228.93, 228.77, 228.82, 228.72, 228.77, 228.45, 228.87, 228.45], "Current": [0.17, 0.17, 0.17, 0.17, 0.17, 0.17, 0.17, 0.17, 0.17, 0.17, 0.17, 0.17, 0.17, 0.17, 0.17, 0.17, 0.17, 0.17, 0.17, 0.17, 0.17, 0.17, 0.17, 0.17, 0.17, 0.17, 0.17, 0.17, 0.17, 0.17, 0.17, 0.17, 0.17, 0.17, 0.17, 0.17, 0.17, 0.17, 0.17, 0.17, 0.17, 0.17, 0.17, 0.17, 0.17], "Real_Power": [26.01, 25.96, 25.94, 26.09, 25.87, 25.82, 26.08, 25.78, 26.02, 25.89, 25.81, 26.03, 25.9, 25.96, 25.94, 25.9, 26.02, 25.94, 25.78, 26.02, 25.84, 25.91, 26.07, 25.87, 25.89, 26.11, 25.83, 26.07, 26.03, 25.95, 25.95, 25.79, 25.94, 25.98, 26.02, 26.04, 25.91, 25.89, 26.05, 25.84, 26.0, 26.02, 25.81, 25.88, 26.0], "Apparent_Power": [38.9, 38.9, 38.91, 38.9, 38.89, 38.89, 38.9, 38.91, 38.91, 38.9, 38.87, 38.89, 38.88, 38.83, 38.82, 38.89, 38.89, 38.87, 38.89, 38.84, 38.88, 38.84, 38.89, 38.89, 38.87, 38.88, 38.89, 38.89, 38.87, 38.86, 38.89, 38.91, 38.88, 38.89, 38.87, 38.87, 38.9, 38.91, 38.89, 38.89, 38.88, 38.89, 38.83, 38.9, 38.83], "Apparent_Power_Reactive": [28.92, 28.97, 29.0, 28.85, 29.03, 29.08, 28.86, 29.14, 28.93, 29.03, 29.06, 28.89, 28.99, 28.87, 28.88, 29.01, 28.9, 28.94, 29.11, 28.83, 29.05, 28.93, 28.85, 29.03, 28.99, 28.8, 29.07, 28.85, 28.86, 28.92, 28.96, 29.13, 28.96, 28.93, 28.87, 28.85, 29.01, 29.04, 28.87, 29.06, 28.9, 28.9, 29.01, 29.04, 28.84], "Power_Factor": [0.668, 0.667, 0.666, 0.67, 0.665, 0.663, 0.67, 0.662, 0.668, 0.665, 0.664, 0.669, 0.666, 0.668, 0.668, 0.665, 0.669, 0.667, 0.662, 0.669, 0.664, 0.667, 0.67, 0.665, 0.666, 0.671, 0.664, 0.67, 0.669, 0.667, 0.667, 0.662, 0.667, 0.668, 0.669, 0.669, 0.666, 0.665, 0.669, 0.664, 0.668, 0.669, 0.664, 0.665, 0.669], "Energy": [0.01, 0.02, 0.04, 0.05, 0.07, 0.08, 0.1, 0.11, 0.13, 0.14, 0.16, 0.17, 0.18, 0.2, 0.21, 0.23, 0.24, 0.26, 0.27, 0.29, 0.3, 0.32, 0.33, 0.35, 0.36, 0.37, 0.39, 0.4, 0.42, 0.43, 0.45, 0.46, 0.48, 0.49, 0.51, 0.52, 0.53, 0.55, 0.56, 0.58, 0.59, 0.61, 0.62, 0.64, 0.65], "Frequency": [49.4, 49.4, 49.4, 49.4, 49.4, 49.4, 49.4, 49.43, 49.43, 49.43, 49.44, 49.44, 49.44, 49.45, 49.45, 49.45, 49.44, 49.44, 49.44, 49.44, 49.44, 49.44, 49.44, 49.44, 49.44, 49.43, 49.43, 49.43, 49.45, 49.45, 49.45, 49.45, 49.45, 49.45, 49.44, 49.44, 49.44, 49.45, 49.45, 49.45, 49.46, 49.46, 49.46, 49.46, 49.46], "Temp_env": []}