{"Start_Time": [1755678388.9189339], "Time": [1755678390.9213123, 1755678392.9237432, 1755678394.9260912, 1755678396.9339511, 1755678398.936117, 1755678400.9382918, 1755678402.9459682, 1755678404.9483366, 1755678406.951253, 1755678408.9584577, 1755678410.9604201, 1755678412.9625685, 1755678414.9702451, 1755678416.9724898, 1755678418.9747016, 1755678420.9824033, 1755678422.984776, 1755678424.9874916, 1755678426.9896839, 1755678428.9920328, 1755678430.994548, 1755678433.0020413, 1755678435.00401, 1755678437.0060072, 1755678439.0138528, 1755678441.0160303, 1755678443.01807, 1755678445.0258288, 1755678447.0282605, 1755678449.0309536, 1755678451.0332482, 1755678453.03541, 1755678455.0373957, 1755678457.0450575, 1755678459.0474365, 1755678461.0501766, 1755678463.0575798, 1755678465.0603206, 1755678467.0627635, 1755678469.0653105, 1755678471.0676985, 1755678473.0698187, 1755678475.0727303, 1755678477.0749052, 1755678479.0775926], "Voltage": [229.24, 229.35, 229.14, 228.98, 228.98, 228.87, 228.77, 229.24, 229.19, 229.08, 229.19, 229.14, 229.14, 229.19, 229.24, 229.08, 229.03, 229.03, 229.14, 228.87, 228.82, 228.66, 229.03, 228.82, 228.77, 228.77, 228.61, 228.87, 229.08, 229.03, 228.98, 228.87, 228.66, 228.82, 228.87, 228.77, 228.87, 228.93, 228.87, 228.82, 228.98, 229.08, 228.93, 228.98, 228.87], "Current": [0.17, 0.17, 0.17, 0.17, 0.17, 0.17, 0.17, 0.17, 0.17, 0.17, 0.17, 0.17, 0.17, 0.17, 0.17, 0.17, 0.17, 0.17, 0.17, 0.17, 0.17, 0.17, 0.17, 0.17, 0.17, 0.17, 0.17, 0.17, 0.17, 0.17, 0.17, 0.17, 0.17, 0.17, 0.17, 0.17, 0.17, 0.17, 0.17, 0.17, 0.17, 0.17, 0.17, 0.17, 0.17], "Real_Power": [26.25, 26.16, 26.03, 26.3, 26.21, 26.17, 26.33, 26.11, 26.22, 26.19, 26.5, 26.07, 26.27, 26.12, 26.12, 26.34, 26.13, 26.23, 26.34, 26.05, 26.19, 26.25, 26.09, 26.32, 26.2, 26.09, 26.39, 26.15, 26.26, 26.32, 26.04, 26.21, 26.09, 26.1, 26.29, 26.06, 26.32, 26.17, 26.18, 26.23, 26.34, 26.17, 26.23, 26.1, 26.4], "Apparent_Power": [38.97, 38.98, 38.95, 38.92, 38.92, 38.9, 38.89, 38.97, 38.96, 38.94, 38.96, 38.95, 38.95, 38.96, 38.97, 38.94, 38.93, 38.93, 38.95, 38.9, 38.89, 38.87, 38.93, 38.89, 38.89, 38.89, 38.86, 38.9, 38.94, 38.93, 38.92, 38.9, 38.87, 38.89, 38.9, 38.89, 38.9, 38.91, 38.9, 38.89, 38.92, 38.94, 38.91, 38.92, 38.9], "Apparent_Power_Reactive": [28.8, 28.89, 28.97, 28.68, 28.77, 28.78, 28.62, 28.92, 28.81, 28.81, 28.55, 28.93, 28.75, 28.9, 28.92, 28.67, 28.85, 28.76, 28.69, 28.88, 28.74, 28.66, 28.89, 28.63, 28.74, 28.83, 28.52, 28.79, 28.75, 28.68, 28.92, 28.74, 28.81, 28.83, 28.67, 28.86, 28.64, 28.79, 28.77, 28.71, 28.65, 28.83, 28.73, 28.87, 28.57], "Power_Factor": [0.673, 0.671, 0.668, 0.675, 0.673, 0.672, 0.677, 0.67, 0.672, 0.672, 0.68, 0.669, 0.674, 0.67, 0.67, 0.676, 0.671, 0.673, 0.676, 0.669, 0.673, 0.675, 0.67, 0.676, 0.673, 0.67, 0.679, 0.672, 0.674, 0.676, 0.669, 0.673, 0.671, 0.671, 0.675, 0.67, 0.676, 0.672, 0.673, 0.674, 0.676, 0.672, 0.674, 0.67, 0.678], "Energy": [0.01, 0.02, 0.04, 0.05, 0.07, 0.08, 0.1, 0.11, 0.13, 0.14, 0.16, 0.17, 0.19, 0.2, 0.22, 0.23, 0.25, 0.26, 0.28, 0.29, 0.31, 0.32, 0.34, 0.35, 0.36, 0.38, 0.39, 0.41, 0.42, 0.44, 0.45, 0.47, 0.48, 0.5, 0.51, 0.53, 0.54, 0.56, 0.57, 0.59, 0.6, 0.61, 0.63, 0.64, 0.66], "Frequency": [49.41, 49.41, 49.41, 49.41, 49.4, 49.4, 49.4, 49.4, 49.4, 49.4, 49.43, 49.43, 49.43, 49.43, 49.43, 49.43, 49.43, 49.43, 49.43, 49.41, 49.41, 49.41, 49.43, 49.43, 49.43, 49.43, 49.43, 49.43, 49.43, 49.43, 49.43, 49.43, 49.43, 49.43, 49.44, 49.44, 49.44, 49.43, 49.43, 49.43, 49.44, 49.44, 49.44, 49.44, 49.44], "Temp_env": []}