{"Start_Time": [1755374678.8743653], "Time": [1755374680.8766425, 1755374682.8794057, 1755374684.8817806, 1755374686.884455, 1755374688.886819, 1755374690.8894756, 1755374692.8918376, 1755374694.8944976, 1755374696.896907, 1755374698.904528, 1755374700.9069057, 1755374702.9096048, 1755374704.9176667, 1755374706.9198148, 1755374708.9218864, 1755374710.929718, 1755374712.9320464, 1755374714.9347281, 1755374716.942967, 1755374718.945112, 1755374720.9478185, 1755374722.9558141, 1755374724.958003, 1755374726.9600844, 1755374728.9677637, 1755374730.9700997, 1755374732.9721777, 1755374734.9798295, 1755374736.9822085, 1755374738.9848604, 1755374740.9930685, 1755374742.9951794, 1755374744.9973617, 1755374746.9999907, 1755374749.0023153, 1755374751.0049703, 1755374753.0123575, 1755374755.0144143, 1755374757.0170546, 1755374759.0193932, 1755374761.0215034, 1755374763.023643, 1755374765.0260706, 1755374767.0284429, 1755374769.030588], "Voltage": [227.93, 228.04, 228.04, 228.3, 228.3, 228.4, 228.19, 228.19, 228.3, 228.24, 228.24, 228.14, 228.3, 228.24, 228.3, 228.24, 228.24, 228.09, 228.19, 228.3, 228.14, 228.19, 228.09, 227.98, 227.88, 227.93, 227.88, 227.83, 228.09, 228.09, 228.09, 228.09, 229.14, 229.14, 229.19, 229.14, 229.08, 229.29, 229.19, 229.19, 229.29, 229.4, 229.35, 229.4, 229.45], "Current": [0.17, 0.17, 0.17, 0.17, 0.17, 0.17, 0.17, 0.17, 0.17, 0.17, 0.17, 0.17, 0.17, 0.17, 0.17, 0.17, 0.17, 0.17, 0.17, 0.17, 0.17, 0.17, 0.17, 0.17, 0.17, 0.17, 0.17, 0.17, 0.17, 0.17, 0.17, 0.17, 0.17, 0.17, 0.17, 0.17, 0.17, 0.17, 0.17, 0.17, 0.17, 0.17, 0.17, 0.17, 0.17], "Real_Power": [26.14, 25.96, 26.16, 25.97, 26.09, 26.15, 25.9, 26.06, 26.06, 26.03, 26.11, 25.96, 26.12, 26.01, 26.07, 26.07, 25.91, 26.04, 26.04, 25.96, 26.1, 26.1, 25.97, 26.15, 25.95, 26.0, 26.07, 25.97, 26.15, 25.99, 26.03, 26.1, 25.97, 26.0, 26.12, 26.03, 26.1, 26.01, 26.11, 26.06, 26.01, 26.07, 26.08, 26.04, 26.07], "Apparent_Power": [38.74, 38.76, 38.76, 38.81, 38.81, 38.82, 38.79, 38.79, 38.81, 38.8, 38.8, 38.78, 38.81, 38.8, 38.81, 38.8, 38.8, 38.77, 38.79, 38.81, 38.78, 38.79, 38.77, 38.75, 38.73, 38.74, 38.73, 38.73, 38.77, 38.77, 38.77, 38.77, 38.95, 38.95, 38.96, 38.95, 38.94, 38.97, 38.96, 38.96, 38.97, 38.99, 38.98, 38.99, 39.0], "Apparent_Power_Reactive": [28.59, 28.78, 28.6, 28.84, 28.73, 28.69, 28.87, 28.73, 28.75, 28.77, 28.7, 28.8, 28.7, 28.79, 28.75, 28.73, 28.88, 28.72, 28.75, 28.84, 28.68, 28.69, 28.78, 28.59, 28.75, 28.71, 28.64, 28.73, 28.62, 28.76, 28.73, 28.66, 29.02, 29.0, 28.9, 28.97, 28.89, 29.01, 28.91, 28.96, 29.01, 28.99, 28.97, 29.01, 29.0], "Power_Factor": [0.674, 0.669, 0.674, 0.669, 0.672, 0.673, 0.667, 0.671, 0.671, 0.67, 0.672, 0.669, 0.673, 0.67, 0.671, 0.671, 0.667, 0.671, 0.671, 0.668, 0.673, 0.672, 0.669, 0.674, 0.67, 0.671, 0.673, 0.67, 0.674, 0.67, 0.671, 0.673, 0.666, 0.667, 0.67, 0.668, 0.67, 0.667, 0.67, 0.668, 0.667, 0.668, 0.669, 0.667, 0.668], "Energy": [0.01, 0.02, 0.04, 0.05, 0.07, 0.08, 0.1, 0.11, 0.13, 0.14, 0.16, 0.17, 0.19, 0.2, 0.21, 0.23, 0.24, 0.26, 0.27, 0.29, 0.3, 0.32, 0.33, 0.35, 0.36, 0.38, 0.39, 0.4, 0.42, 0.43, 0.45, 0.46, 0.48, 0.49, 0.51, 0.52, 0.54, 0.55, 0.57, 0.58, 0.59, 0.61, 0.63, 0.64, 0.66], "Frequency": [49.42, 49.43, 49.43, 49.43, 49.43, 49.43, 49.43, 49.43, 49.43, 49.43, 49.43, 49.43, 49.43, 49.43, 49.43, 49.43, 49.43, 49.43, 49.43, 49.43, 49.43, 49.43, 49.43, 49.43, 49.43, 49.43, 49.43, 49.43, 49.43, 49.43, 49.43, 49.44, 49.44, 49.44, 49.44, 49.44, 49.44, 49.43, 49.43, 49.43, 49.45, 49.45, 49.45, 49.44, 49.44], "Temp_env": []}