{"Start_Time": [1755147941.4376101], "Time": [1755147943.4400752, 1755147945.4423172, 1755147947.444461, 1755147949.4465165, 1755147951.4490535, 1755147953.4513223, 1755147955.4533575, 1755147957.456283, 1755147959.4583235, 1755147961.4604902, 1755147963.4631863, 1755147965.465326, 1755147967.4675236, 1755147969.4701092, 1755147971.4725304, 1755147973.475146, 1755147975.4773624, 1755147977.480104, 1755147979.4824274, 1755147981.4851224, 1755147983.4873517, 1755147985.489382, 1755147987.4913607, 1755147989.493405, 1755147991.495472, 1755147993.498172, 1755147995.5006, 1755147997.5031605, 1755147999.5056126, 1755148001.5082152, 1755148003.5105126, 1755148005.5131915, 1755148007.515489, 1755148009.518193, 1755148011.520526, 1755148013.5232239, 1755148015.5255263, 1755148017.5281925, 1755148019.5305357, 1755148021.5332432, 1755148023.5355532, 1755148025.5382416, 1755148027.5405571, 1755148029.5432708, 1755148031.5455976], "Voltage": [227.77, 227.93, 228.04, 227.88, 228.04, 228.04, 227.98, 228.04, 227.93, 228.04, 227.98, 227.98, 228.09, 227.98, 228.04, 227.88, 227.88, 227.93, 227.98, 227.83, 227.93, 227.93, 227.88, 227.98, 227.88, 227.83, 227.77, 227.93, 227.77, 227.98, 227.88, 227.88, 227.93, 227.88, 227.83, 227.77, 227.83, 227.93, 227.88, 227.83, 227.88, 227.88, 227.93, 227.88, 227.93], "Current": [0.17, 0.17, 0.17, 0.17, 0.17, 0.17, 0.17, 0.17, 0.17, 0.17, 0.17, 0.17, 0.17, 0.17, 0.17, 0.17, 0.17, 0.17, 0.17, 0.17, 0.17, 0.17, 0.17, 0.17, 0.17, 0.17, 0.17, 0.17, 0.17, 0.17, 0.17, 0.17, 0.17, 0.17, 0.17, 0.17, 0.17, 0.17, 0.17, 0.17, 0.17, 0.17, 0.17, 0.17, 0.17], "Real_Power": [25.93, 25.78, 26.04, 25.85, 25.83, 25.97, 25.85, 25.89, 25.97, 25.92, 25.87, 26.01, 25.84, 25.99, 25.84, 25.94, 25.89, 25.79, 25.88, 25.83, 25.87, 25.97, 25.94, 25.79, 25.87, 25.9, 25.95, 25.96, 25.74, 26.08, 25.87, 25.82, 26.04, 25.79, 25.82, 25.94, 25.77, 25.94, 25.95, 25.81, 25.98, 25.78, 25.83, 25.84, 25.82], "Apparent_Power": [38.72, 38.74, 38.76, 38.73, 38.76, 38.76, 38.75, 38.76, 38.74, 38.76, 38.75, 38.75, 38.77, 38.75, 38.76, 38.73, 38.73, 38.74, 38.75, 38.73, 38.74, 38.74, 38.73, 38.75, 38.73, 38.73, 38.72, 38.74, 38.72, 38.75, 38.73, 38.73, 38.74, 38.73, 38.73, 38.72, 38.73, 38.74, 38.73, 38.73, 38.73, 38.73, 38.74, 38.73, 38.74], "Apparent_Power_Reactive": [28.75, 28.91, 28.7, 28.84, 28.89, 28.77, 28.86, 28.84, 28.74, 28.81, 28.84, 28.72, 28.9, 28.74, 28.88, 28.75, 28.8, 28.9, 28.84, 28.85, 28.83, 28.74, 28.75, 28.92, 28.82, 28.79, 28.73, 28.75, 28.92, 28.66, 28.82, 28.86, 28.68, 28.89, 28.86, 28.74, 28.91, 28.77, 28.75, 28.87, 28.72, 28.9, 28.87, 28.84, 28.88], "Power_Factor": [0.669, 0.665, 0.671, 0.667, 0.666, 0.67, 0.667, 0.667, 0.67, 0.668, 0.667, 0.671, 0.666, 0.67, 0.666, 0.669, 0.668, 0.665, 0.667, 0.666, 0.667, 0.67, 0.669, 0.665, 0.667, 0.668, 0.67, 0.67, 0.664, 0.673, 0.667, 0.666, 0.672, 0.665, 0.666, 0.669, 0.665, 0.669, 0.67, 0.666, 0.67, 0.665, 0.666, 0.667, 0.666], "Energy": [0.01, 0.02, 0.04, 0.05, 0.07, 0.08, 0.1, 0.11, 0.13, 0.14, 0.16, 0.17, 0.18, 0.2, 0.21, 0.23, 0.24, 0.26, 0.27, 0.29, 0.3, 0.32, 0.33, 0.34, 0.36, 0.37, 0.39, 0.4, 0.42, 0.43, 0.45, 0.46, 0.48, 0.49, 0.5, 0.52, 0.53, 0.55, 0.56, 0.58, 0.59, 0.61, 0.62, 0.64, 0.65], "Frequency": [49.39, 49.39, 49.39, 49.4, 49.4, 49.4, 49.4, 49.4, 49.4, 49.4, 49.4, 49.4, 49.39, 49.39, 49.39, 49.39, 49.39, 49.39, 49.38, 49.38, 49.38, 49.38, 49.38, 49.38, 49.38, 49.38, 49.38, 49.38, 49.38, 49.38, 49.38, 49.38, 49.38, 49.39, 49.39, 49.39, 49.38, 49.38, 49.38, 49.4, 49.4, 49.4, 49.39, 49.39, 49.39], "Temp_env": []}