{"Start_Time": [1755592722.0465958], "Time": [1755592724.048824, 1755592726.0510585, 1755592728.053752, 1755592730.056107, 1755592732.058812, 1755592734.0611322, 1755592736.0638435, 1755592738.0662847, 1755592740.0687783, 1755592742.0763116, 1755592744.0788882, 1755592746.0810096, 1755592748.0888047, 1755592750.091173, 1755592752.0938697, 1755592754.0963576, 1755592756.098754, 1755592758.1010444, 1755592760.1087768, 1755592762.1110308, 1755592764.1130784, 1755592766.1209419, 1755592768.1231115, 1755592770.1252131, 1755592772.1328707, 1755592774.1351912, 1755592776.1378338, 1755592778.1401339, 1755592780.142249, 1755592782.144964, 1755592784.1522448, 1755592786.1548924, 1755592788.1571074, 1755592790.1648993, 1755592792.16711, 1755592794.1691763, 1755592796.1713233, 1755592798.174006, 1755592800.1765032, 1755592802.1789913, 1755592804.1813488, 1755592806.184034, 1755592808.1913438, 1755592810.1940198, 1755592812.1964924], "Voltage": [229.35, 229.29, 229.08, 228.93, 229.4, 229.45, 228.66, 228.98, 229.14, 228.82, 228.87, 228.82, 229.03, 229.55, 229.45, 229.76, 229.71, 229.92, 229.45, 229.92, 229.71, 229.61, 229.35, 229.19, 229.4, 229.29, 229.45, 229.4, 229.29, 229.66, 229.61, 229.5, 229.55, 229.61, 229.45, 229.66, 229.35, 229.19, 229.03, 229.03, 229.29, 229.03, 229.5, 229.19, 229.19], "Current": [0.17, 0.17, 0.17, 0.17, 0.17, 0.17, 0.17, 0.17, 0.17, 0.17, 0.17, 0.17, 0.17, 0.17, 0.17, 0.17, 0.17, 0.17, 0.17, 0.17, 0.17, 0.17, 0.17, 0.17, 0.17, 0.17, 0.17, 0.17, 0.17, 0.17, 0.17, 0.17, 0.17, 0.17, 0.17, 0.17, 0.17, 0.17, 0.17, 0.17, 0.17, 0.17, 0.17, 0.17, 0.17], "Real_Power": [25.99, 26.2, 25.89, 26.14, 26.25, 25.93, 26.17, 26.03, 26.13, 26.27, 26.02, 26.2, 26.06, 25.99, 26.26, 25.99, 26.1, 26.18, 25.99, 26.24, 26.17, 26.09, 26.15, 25.98, 26.24, 26.13, 25.96, 26.22, 26.17, 26.03, 26.36, 26.05, 26.21, 26.23, 26.14, 25.99, 26.2, 26.15, 25.87, 26.06, 26.26, 25.94, 26.29, 25.99, 26.1], "Apparent_Power": [38.98, 38.97, 38.94, 38.91, 38.99, 39.0, 38.87, 38.92, 38.95, 38.89, 38.9, 38.89, 38.93, 39.02, 39.0, 39.05, 39.05, 39.08, 39.0, 39.08, 39.05, 39.03, 38.98, 38.96, 38.99, 38.97, 39.0, 38.99, 38.97, 39.04, 39.03, 39.01, 39.02, 39.03, 39.0, 39.04, 38.98, 38.96, 38.93, 38.93, 38.97, 38.93, 39.01, 38.96, 38.96], "Apparent_Power_Reactive": [29.05, 28.84, 29.08, 28.82, 28.82, 29.13, 28.74, 28.93, 28.88, 28.67, 28.91, 28.74, 28.92, 29.1, 28.83, 29.14, 29.04, 29.01, 29.07, 28.96, 28.98, 29.02, 28.9, 29.03, 28.83, 28.91, 29.1, 28.85, 28.87, 29.09, 28.78, 29.03, 28.9, 28.9, 28.94, 29.13, 28.86, 28.88, 29.09, 28.92, 28.79, 29.02, 28.82, 29.02, 28.92], "Power_Factor": [0.666, 0.672, 0.664, 0.671, 0.673, 0.664, 0.673, 0.668, 0.67, 0.675, 0.668, 0.673, 0.669, 0.666, 0.673, 0.665, 0.668, 0.669, 0.666, 0.671, 0.67, 0.668, 0.67, 0.666, 0.672, 0.67, 0.665, 0.672, 0.671, 0.666, 0.675, 0.667, 0.671, 0.672, 0.67, 0.665, 0.672, 0.671, 0.664, 0.669, 0.673, 0.666, 0.673, 0.667, 0.669], "Energy": [0.01, 0.02, 0.04, 0.05, 0.07, 0.08, 0.1, 0.11, 0.13, 0.14, 0.16, 0.17, 0.19, 0.2, 0.22, 0.23, 0.24, 0.26, 0.27, 0.29, 0.3, 0.32, 0.33, 0.35, 0.36, 0.38, 0.39, 0.41, 0.42, 0.44, 0.45, 0.46, 0.48, 0.49, 0.51, 0.52, 0.54, 0.55, 0.57, 0.58, 0.6, 0.61, 0.63, 0.64, 0.66], "Frequency": [49.41, 49.41, 49.4, 49.4, 49.4, 49.4, 49.4, 49.4, 49.42, 49.42, 49.42, 49.41, 49.41, 49.41, 49.41, 49.41, 49.41, 49.41, 49.41, 49.41, 49.41, 49.41, 49.41, 49.42, 49.42, 49.42, 49.4, 49.4, 49.4, 49.41, 49.41, 49.41, 49.39, 49.39, 49.39, 49.41, 49.41, 49.41, 49.41, 49.41, 49.41, 49.41, 49.41, 49.41, 49.41], "Temp_env": []}