{"Start_Time": [1755344079.6061332], "Time": [1755344081.608925, 1755344083.6110115, 1755344085.6136959, 1755344087.6158628, 1755344089.61798, 1755344091.6199136, 1755344093.6220014, 1755344095.6246948, 1755344097.6270442, 1755344099.6292293, 1755344101.6318705, 1755344103.6341727, 1755344105.6368032, 1755344107.639254, 1755344109.6419077, 1755344111.6440506, 1755344113.6461697, 1755344115.6490166, 1755344117.6510975, 1755344119.6531081, 1755344121.6558185, 1755344123.6581795, 1755344125.6608677, 1755344127.6632495, 1755344129.6659338, 1755344131.6682951, 1755344133.6709647, 1755344135.673298, 1755344137.6759708, 1755344139.6783354, 1755344141.6810052, 1755344143.6833243, 1755344145.6859832, 1755344147.688327, 1755344149.6904366, 1755344151.6932178, 1755344153.6954489, 1755344155.6982012, 1755344157.700521, 1755344159.7031815, 1755344161.7055085, 1755344163.7082129, 1755344165.7104568, 1755344167.7131758, 1755344169.7154944], "Voltage": [227.67, 227.72, 227.62, 227.72, 227.56, 227.72, 227.83, 227.83, 227.67, 227.72, 227.67, 227.56, 227.77, 227.56, 227.62, 227.56, 227.72, 227.62, 227.72, 227.77, 227.77, 227.67, 227.83, 227.72, 227.51, 227.46, 227.56, 227.67, 227.67, 227.56, 227.46, 227.51, 227.62, 227.67, 227.56, 227.46, 227.46, 227.41, 227.25, 227.56, 227.3, 227.51, 227.46, 227.51, 227.35], "Current": [0.17, 0.17, 0.17, 0.17, 0.17, 0.17, 0.17, 0.17, 0.17, 0.17, 0.17, 0.17, 0.17, 0.17, 0.17, 0.17, 0.17, 0.17, 0.17, 0.17, 0.17, 0.17, 0.17, 0.17, 0.17, 0.17, 0.17, 0.17, 0.17, 0.17, 0.17, 0.17, 0.17, 0.17, 0.17, 0.17, 0.17, 0.17, 0.17, 0.17, 0.17, 0.17, 0.17, 0.17, 0.17], "Real_Power": [26.08, 26.15, 26.25, 26.08, 26.05, 26.05, 25.97, 26.05, 26.16, 26.03, 26.08, 26.09, 26.04, 26.21, 26.07, 26.1, 26.09, 26.01, 26.18, 26.03, 26.12, 26.11, 26.18, 26.22, 26.14, 26.12, 26.27, 26.04, 26.11, 26.08, 26.15, 26.02, 26.04, 26.17, 25.99, 26.19, 26.09, 26.08, 26.06, 25.98, 26.09, 26.13, 26.12, 26.24, 26.05], "Apparent_Power": [38.7, 38.71, 38.69, 38.71, 38.68, 38.71, 38.73, 38.73, 38.7, 38.71, 38.7, 38.68, 38.72, 38.68, 38.69, 38.68, 38.71, 38.69, 38.71, 38.72, 38.72, 38.7, 38.73, 38.71, 38.67, 38.66, 38.68, 38.7, 38.7, 38.68, 38.66, 38.67, 38.69, 38.7, 38.68, 38.66, 38.66, 38.65, 38.63, 38.68, 38.64, 38.67, 38.66, 38.67, 38.64], "Apparent_Power_Reactive": [28.59, 28.54, 28.42, 28.6, 28.59, 28.63, 28.73, 28.66, 28.51, 28.65, 28.59, 28.55, 28.65, 28.44, 28.58, 28.54, 28.59, 28.64, 28.51, 28.66, 28.58, 28.56, 28.54, 28.47, 28.49, 28.5, 28.39, 28.62, 28.56, 28.56, 28.47, 28.6, 28.61, 28.51, 28.64, 28.43, 28.52, 28.52, 28.51, 28.65, 28.5, 28.5, 28.5, 28.4, 28.53], "Power_Factor": [0.673, 0.675, 0.678, 0.673, 0.673, 0.672, 0.67, 0.672, 0.675, 0.672, 0.673, 0.674, 0.672, 0.677, 0.673, 0.674, 0.673, 0.672, 0.676, 0.672, 0.674, 0.674, 0.675, 0.677, 0.675, 0.675, 0.679, 0.672, 0.674, 0.674, 0.676, 0.672, 0.673, 0.676, 0.671, 0.677, 0.674, 0.674, 0.674, 0.671, 0.675, 0.675, 0.675, 0.678, 0.674], "Energy": [0.01, 0.02, 0.04, 0.05, 0.07, 0.08, 0.1, 0.11, 0.13, 0.14, 0.16, 0.17, 0.19, 0.2, 0.22, 0.23, 0.24, 0.26, 0.27, 0.29, 0.3, 0.32, 0.33, 0.35, 0.36, 0.38, 0.39, 0.41, 0.42, 0.44, 0.45, 0.47, 0.48, 0.5, 0.51, 0.52, 0.54, 0.55, 0.57, 0.58, 0.6, 0.61, 0.63, 0.64, 0.66], "Frequency": [49.45, 49.45, 49.45, 49.43, 49.43, 49.43, 49.41, 49.41, 49.41, 49.41, 49.41, 49.41, 49.42, 49.42, 49.42, 49.41, 49.41, 49.41, 49.41, 49.41, 49.41, 49.41, 49.41, 49.41, 49.43, 49.43, 49.43, 49.41, 49.41, 49.41, 49.42, 49.42, 49.42, 49.41, 49.41, 49.41, 49.41, 49.41, 49.41, 49.4, 49.4, 49.4, 49.41, 49.41, 49.41], "Temp_env": []}