{"Start_Time": [1755493941.727359], "Time": [1755493943.7297683, 1755493945.7320662, 1755493947.7347465, 1755493949.7368915, 1755493951.7391794, 1755493953.74187, 1755493955.7440994, 1755493957.7462296, 1755493959.7488825, 1755493961.7512124, 1755493963.7533345, 1755493965.7558444, 1755493967.7581873, 1755493969.760313, 1755493971.7631576, 1755493973.7652707, 1755493975.7679744, 1755493977.7702765, 1755493979.7731533, 1755493981.7752395, 1755493983.7773957, 1755493985.7800972, 1755493987.7823803, 1755493989.7850494, 1755493991.787385, 1755493993.790086, 1755493995.7924697, 1755493997.795173, 1755493999.7973216, 1755494001.7993739, 1755494003.8015268, 1755494005.803643, 1755494007.8061414, 1755494009.808498, 1755494011.811161, 1755494013.813645, 1755494015.816296, 1755494017.818532, 1755494019.8206468, 1755494021.8234985, 1755494023.8255901, 1755494025.8283355, 1755494027.8306615, 1755494029.8335476, 1755494031.835601], "Voltage": [228.72, 228.72, 228.61, 228.72, 228.77, 228.66, 228.77, 228.72, 228.61, 228.72, 228.72, 228.77, 228.66, 228.82, 228.82, 228.77, 228.72, 228.72, 228.66, 228.77, 228.77, 228.82, 228.66, 228.72, 228.77, 228.72, 228.82, 228.72, 228.77, 228.72, 228.87, 228.77, 228.77, 228.66, 228.87, 228.77, 228.87, 228.72, 228.87, 228.82, 228.82, 228.77, 228.72, 228.61, 228.66], "Current": [0.17, 0.17, 0.17, 0.17, 0.17, 0.17, 0.17, 0.17, 0.17, 0.17, 0.17, 0.17, 0.17, 0.17, 0.17, 0.17, 0.17, 0.17, 0.17, 0.17, 0.17, 0.17, 0.17, 0.17, 0.17, 0.17, 0.17, 0.17, 0.17, 0.17, 0.17, 0.17, 0.17, 0.17, 0.17, 0.17, 0.17, 0.17, 0.17, 0.17, 0.17, 0.17, 0.17, 0.17, 0.17], "Real_Power": [26.12, 26.21, 26.11, 26.13, 26.1, 26.12, 26.14, 26.12, 26.17, 26.13, 26.09, 26.0, 26.15, 26.12, 26.19, 26.14, 26.07, 26.12, 26.05, 26.12, 26.19, 26.06, 26.04, 26.18, 26.08, 26.16, 26.11, 26.14, 26.12, 26.19, 26.12, 26.15, 26.12, 26.04, 26.01, 26.12, 26.2, 26.33, 26.11, 26.2, 26.32, 26.17, 26.26, 26.24, 26.16], "Apparent_Power": [38.88, 38.88, 38.86, 38.88, 38.89, 38.87, 38.89, 38.88, 38.86, 38.88, 38.88, 38.89, 38.87, 38.89, 38.89, 38.89, 38.88, 38.88, 38.87, 38.89, 38.89, 38.89, 38.87, 38.88, 38.89, 38.88, 38.89, 38.88, 38.89, 38.88, 38.9, 38.89, 38.89, 38.87, 38.9, 38.89, 38.9, 38.88, 38.9, 38.89, 38.89, 38.89, 38.88, 38.86, 38.87], "Apparent_Power_Reactive": [28.79, 28.71, 28.78, 28.79, 28.83, 28.78, 28.79, 28.79, 28.72, 28.79, 28.82, 28.92, 28.75, 28.81, 28.74, 28.79, 28.84, 28.79, 28.84, 28.81, 28.74, 28.86, 28.85, 28.74, 28.84, 28.76, 28.82, 28.78, 28.81, 28.73, 28.82, 28.78, 28.81, 28.85, 28.92, 28.81, 28.75, 28.6, 28.83, 28.74, 28.63, 28.76, 28.67, 28.66, 28.74], "Power_Factor": [0.671, 0.674, 0.671, 0.672, 0.671, 0.671, 0.672, 0.671, 0.673, 0.672, 0.671, 0.668, 0.672, 0.671, 0.673, 0.672, 0.67, 0.671, 0.67, 0.671, 0.673, 0.67, 0.669, 0.673, 0.67, 0.672, 0.671, 0.672, 0.671, 0.673, 0.671, 0.672, 0.671, 0.669, 0.668, 0.671, 0.673, 0.677, 0.671, 0.673, 0.676, 0.672, 0.675, 0.675, 0.673], "Energy": [0.01, 0.02, 0.04, 0.05, 0.07, 0.08, 0.1, 0.11, 0.13, 0.14, 0.16, 0.17, 0.19, 0.2, 0.22, 0.23, 0.24, 0.26, 0.27, 0.29, 0.3, 0.32, 0.33, 0.35, 0.36, 0.38, 0.39, 0.41, 0.42, 0.44, 0.45, 0.47, 0.48, 0.49, 0.51, 0.53, 0.54, 0.55, 0.57, 0.58, 0.6, 0.61, 0.63, 0.64, 0.66], "Frequency": [49.39, 49.39, 49.39, 49.38, 49.38, 49.38, 49.38, 49.38, 49.38, 49.37, 49.37, 49.37, 49.39, 49.39, 49.39, 49.39, 49.39, 49.39, 49.39, 49.39, 49.39, 49.39, 49.39, 49.39, 49.4, 49.4, 49.4, 49.39, 49.39, 49.39, 49.41, 49.41, 49.41, 49.41, 49.41, 49.41, 49.42, 49.42, 49.42, 49.42, 49.42, 49.42, 49.41, 49.41, 49.41], "Temp_env": []}