{"Start_Time": [1755297567.6283143], "Time": [1755297569.630589, 1755297571.6332626, 1755297573.6355574, 1755297575.637689, 1755297577.640426, 1755297579.6427655, 1755297581.6454837, 1755297583.6478226, 1755297585.6505427, 1755297587.652854, 1755297589.6556, 1755297591.657899, 1755297593.6606538, 1755297595.66293, 1755297597.664918, 1755297599.6669018, 1755297601.6692858, 1755297603.6716807, 1755297605.6740081, 1755297607.6767108, 1755297609.679179, 1755297611.6818936, 1755297613.683964, 1755297615.686043, 1755297617.6889627, 1755297619.6910434, 1755297621.6931798, 1755297623.6951811, 1755297625.6978679, 1755297627.7001092, 1755297629.7022498, 1755297631.704954, 1755297633.7073355, 1755297635.709453, 1755297637.7122579, 1755297639.714307, 1755297641.7163517, 1755297643.7193098, 1755297645.721357, 1755297647.7234037, 1755297649.725572, 1755297651.7282925, 1755297653.7304907, 1755297655.7326365, 1755297657.7353282], "Voltage": [229.08, 228.98, 229.03, 229.14, 229.08, 229.03, 229.03, 229.08, 229.08, 229.03, 228.93, 229.08, 229.19, 229.14, 229.03, 229.03, 229.14, 229.03, 229.08, 229.08, 229.14, 229.14, 229.08, 229.14, 229.19, 228.98, 228.98, 229.14, 229.14, 229.14, 229.03, 229.19, 229.03, 229.08, 229.03, 229.03, 229.14, 229.08, 229.08, 229.19, 229.14, 229.14, 229.14, 229.08, 229.08], "Current": [0.17, 0.17, 0.17, 0.17, 0.17, 0.17, 0.17, 0.17, 0.17, 0.17, 0.17, 0.17, 0.17, 0.17, 0.17, 0.17, 0.17, 0.17, 0.17, 0.17, 0.17, 0.17, 0.17, 0.17, 0.17, 0.17, 0.17, 0.17, 0.17, 0.17, 0.17, 0.17, 0.17, 0.17, 0.17, 0.17, 0.17, 0.17, 0.17, 0.17, 0.17, 0.17, 0.17, 0.17, 0.17], "Real_Power": [25.9, 26.1, 25.91, 25.87, 26.1, 25.86, 26.03, 26.06, 25.9, 26.12, 25.82, 26.03, 26.07, 25.92, 25.99, 25.93, 25.96, 26.15, 25.87, 26.02, 25.93, 25.95, 26.04, 25.94, 25.96, 26.04, 25.83, 26.05, 26.05, 25.99, 26.09, 25.88, 26.08, 25.95, 25.92, 26.07, 26.0, 25.92, 26.15, 25.88, 26.03, 25.98, 25.9, 26.13, 25.97], "Apparent_Power": [38.94, 38.92, 38.93, 38.95, 38.94, 38.93, 38.93, 38.94, 38.94, 38.93, 38.91, 38.94, 38.96, 38.95, 38.93, 38.93, 38.95, 38.93, 38.94, 38.94, 38.95, 38.95, 38.94, 38.95, 38.96, 38.92, 38.92, 38.95, 38.95, 38.95, 38.93, 38.96, 38.93, 38.94, 38.93, 38.93, 38.95, 38.94, 38.94, 38.96, 38.95, 38.95, 38.95, 38.94, 38.94], "Apparent_Power_Reactive": [29.07, 28.87, 29.05, 29.11, 28.89, 29.09, 28.94, 28.93, 29.07, 28.86, 29.1, 28.96, 28.95, 29.07, 28.98, 29.03, 29.03, 28.83, 29.1, 28.97, 29.06, 29.04, 28.95, 29.05, 29.05, 28.92, 29.11, 28.95, 28.95, 29.01, 28.89, 29.12, 28.9, 29.03, 29.04, 28.91, 29.0, 29.05, 28.85, 29.12, 28.97, 29.01, 29.09, 28.87, 29.01], "Power_Factor": [0.665, 0.67, 0.665, 0.664, 0.67, 0.664, 0.668, 0.669, 0.665, 0.67, 0.663, 0.668, 0.669, 0.665, 0.667, 0.666, 0.666, 0.671, 0.664, 0.668, 0.665, 0.666, 0.668, 0.665, 0.666, 0.669, 0.663, 0.668, 0.668, 0.667, 0.67, 0.664, 0.669, 0.666, 0.665, 0.669, 0.667, 0.665, 0.671, 0.664, 0.668, 0.667, 0.664, 0.671, 0.666], "Energy": [0.01, 0.02, 0.04, 0.05, 0.07, 0.08, 0.1, 0.11, 0.13, 0.14, 0.16, 0.17, 0.18, 0.2, 0.21, 0.23, 0.24, 0.26, 0.27, 0.29, 0.3, 0.32, 0.33, 0.35, 0.36, 0.37, 0.39, 0.4, 0.42, 0.43, 0.45, 0.46, 0.48, 0.49, 0.51, 0.52, 0.54, 0.55, 0.56, 0.58, 0.59, 0.61, 0.62, 0.64, 0.65], "Frequency": [49.43, 49.43, 49.43, 49.43, 49.43, 49.43, 49.43, 49.43, 49.43, 49.43, 49.43, 49.43, 49.43, 49.43, 49.43, 49.43, 49.43, 49.43, 49.42, 49.42, 49.42, 49.43, 49.43, 49.43, 49.43, 49.43, 49.43, 49.43, 49.43, 49.43, 49.43, 49.43, 49.43, 49.43, 49.43, 49.43, 49.43, 49.43, 49.43, 49.45, 49.45, 49.45, 49.45, 49.45, 49.45], "Temp_env": []}