{"Start_Time": [1755081182.1038592], "Time": [1755081184.1058383, 1755081186.1085176, 1755081188.1109366, 1755081190.1186037, 1755081192.1209283, 1755081194.1236432, 1755081196.1314657, 1755081198.1338356, 1755081200.1359434, 1755081202.1386163, 1755081204.1411119, 1755081206.1436381, 1755081208.1459515, 1755081210.1486292, 1755081212.1510549, 1755081214.158711, 1755081216.1611357, 1755081218.1638577, 1755081220.1712222, 1755081222.1737723, 1755081224.1761205, 1755081226.178826, 1755081228.181337, 1755081230.1838431, 1755081232.1861763, 1755081234.1888807, 1755081236.1913552, 1755081238.1989682, 1755081240.201438, 1755081242.203943, 1755081244.2062593, 1755081246.2090013, 1755081248.2114248, 1755081250.2139406, 1755081252.2163155, 1755081254.2190008, 1755081256.2264252, 1755081258.2291384, 1755081260.231455, 1755081262.2391076, 1755081264.2415414, 1755081266.2442496, 1755081268.24635, 1755081270.2483797, 1755081272.250534], "Voltage": [227.41, 227.46, 227.51, 227.46, 227.46, 227.46, 227.77, 227.72, 227.72, 227.67, 227.72, 227.62, 227.62, 227.62, 227.62, 227.83, 227.72, 227.72, 227.67, 227.62, 227.62, 227.51, 227.35, 227.3, 227.25, 227.46, 227.25, 227.3, 227.35, 227.35, 227.14, 227.09, 226.93, 226.62, 226.88, 226.93, 226.78, 226.88, 226.99, 226.88, 226.99, 226.88, 226.88, 226.99, 226.88], "Current": [0.17, 0.17, 0.17, 0.17, 0.17, 0.17, 0.17, 0.17, 0.17, 0.17, 0.17, 0.17, 0.17, 0.17, 0.17, 0.17, 0.17, 0.17, 0.17, 0.17, 0.17, 0.17, 0.17, 0.17, 0.17, 0.17, 0.17, 0.17, 0.17, 0.17, 0.17, 0.17, 0.17, 0.17, 0.17, 0.17, 0.17, 0.17, 0.17, 0.17, 0.17, 0.17, 0.17, 0.17, 0.17], "Real_Power": [26.15, 25.94, 25.98, 26.1, 25.82, 25.99, 25.95, 25.91, 26.01, 25.94, 25.95, 25.97, 25.88, 26.0, 26.06, 25.9, 25.97, 26.04, 25.81, 26.01, 25.93, 25.86, 25.97, 25.92, 25.94, 25.95, 25.81, 25.89, 25.91, 25.75, 26.06, 25.86, 25.99, 25.96, 25.84, 25.95, 25.99, 26.14, 26.02, 26.03, 26.01, 25.89, 25.93, 26.01, 25.8], "Apparent_Power": [38.65, 38.66, 38.67, 38.66, 38.66, 38.66, 38.72, 38.71, 38.71, 38.7, 38.71, 38.69, 38.69, 38.69, 38.69, 38.73, 38.71, 38.71, 38.7, 38.69, 38.69, 38.67, 38.64, 38.64, 38.63, 38.66, 38.63, 38.64, 38.64, 38.64, 38.61, 38.6, 38.57, 38.52, 38.56, 38.57, 38.55, 38.56, 38.58, 38.56, 38.58, 38.56, 38.56, 38.58, 38.56], "Apparent_Power_Reactive": [28.46, 28.66, 28.64, 28.51, 28.77, 28.62, 28.73, 28.75, 28.66, 28.71, 28.72, 28.67, 28.76, 28.65, 28.59, 28.79, 28.7, 28.64, 28.83, 28.64, 28.71, 28.75, 28.61, 28.65, 28.62, 28.65, 28.74, 28.68, 28.66, 28.8, 28.48, 28.65, 28.49, 28.45, 28.62, 28.53, 28.47, 28.34, 28.48, 28.44, 28.49, 28.57, 28.53, 28.49, 28.65], "Power_Factor": [0.676, 0.67, 0.671, 0.675, 0.667, 0.672, 0.67, 0.669, 0.671, 0.67, 0.67, 0.671, 0.668, 0.672, 0.673, 0.668, 0.67, 0.672, 0.666, 0.672, 0.67, 0.668, 0.672, 0.67, 0.671, 0.671, 0.668, 0.67, 0.67, 0.666, 0.674, 0.669, 0.673, 0.673, 0.67, 0.672, 0.674, 0.677, 0.674, 0.675, 0.674, 0.671, 0.672, 0.674, 0.669], "Energy": [0.01, 0.02, 0.04, 0.05, 0.07, 0.08, 0.1, 0.11, 0.13, 0.14, 0.16, 0.17, 0.18, 0.2, 0.21, 0.23, 0.24, 0.26, 0.27, 0.29, 0.3, 0.32, 0.33, 0.35, 0.36, 0.37, 0.39, 0.4, 0.42, 0.43, 0.45, 0.46, 0.48, 0.49, 0.51, 0.52, 0.53, 0.55, 0.57, 0.58, 0.59, 0.61, 0.62, 0.64, 0.65], "Frequency": [49.39, 49.4, 49.4, 49.4, 49.41, 49.41, 49.41, 49.4, 49.4, 49.4, 49.4, 49.4, 49.4, 49.4, 49.4, 49.4, 49.4, 49.4, 49.4, 49.4, 49.4, 49.4, 49.4, 49.4, 49.4, 49.4, 49.4, 49.4, 49.41, 49.41, 49.41, 49.39, 49.39, 49.39, 49.4, 49.4, 49.4, 49.39, 49.39, 49.39, 49.4, 49.4, 49.4, 49.39, 49.39], "Temp_env": []}