{"Start_Time": [1755829333.7410195], "Time": [1755829335.743195, 1755829337.7457983, 1755829339.7480931, 1755829341.7502537, 1755829343.7528868, 1755829345.7553217, 1755829347.7579646, 1755829349.760156, 1755829351.7621694, 1755829353.7650728, 1755829355.767142, 1755829357.7692142, 1755829359.7719276, 1755829361.7742887, 1755829363.776972, 1755829365.779337, 1755829367.781982, 1755829369.7843497, 1755829371.7863836, 1755829373.7890444, 1755829375.7913682, 1755829377.7940845, 1755829379.7963471, 1755829381.7985103, 1755829383.8012419, 1755829385.8035378, 1755829387.805648, 1755829389.8083022, 1755829391.8104386, 1755829393.812534, 1755829395.815404, 1755829397.817468, 1755829399.8195553, 1755829401.8222694, 1755829403.8245652, 1755829405.8273096, 1755829407.8296254, 1755829409.832344, 1755829411.834664, 1755829413.8373954, 1755829415.839729, 1755829417.8423593, 1755829419.8446934, 1755829421.8466349, 1755829423.8494272], "Voltage": [229.66, 229.61, 229.61, 229.61, 229.66, 229.61, 229.76, 229.71, 229.61, 229.61, 229.55, 229.66, 229.61, 229.61, 229.5, 229.61, 229.71, 229.61, 229.66, 229.71, 229.61, 229.61, 229.66, 229.55, 229.61, 229.66, 229.55, 230.71, 230.76, 230.66, 230.66, 230.6, 230.71, 230.55, 230.6, 230.71, 230.76, 230.76, 230.76, 230.71, 230.81, 230.81, 230.92, 230.76, 230.81], "Current": [0.17, 0.17, 0.17, 0.17, 0.17, 0.17, 0.17, 0.17, 0.17, 0.17, 0.17, 0.17, 0.17, 0.17, 0.17, 0.17, 0.17, 0.17, 0.17, 0.17, 0.17, 0.17, 0.17, 0.17, 0.17, 0.17, 0.17, 0.17, 0.17, 0.17, 0.17, 0.17, 0.17, 0.17, 0.17, 0.17, 0.17, 0.17, 0.17, 0.17, 0.17, 0.17, 0.17, 0.17, 0.17], "Real_Power": [26.21, 26.27, 26.36, 26.19, 26.34, 26.4, 26.08, 26.31, 26.37, 26.13, 26.4, 26.15, 26.19, 26.29, 26.08, 26.33, 26.28, 26.12, 26.32, 26.07, 26.28, 26.3, 26.06, 26.29, 26.25, 26.26, 26.27, 26.12, 26.24, 26.39, 26.13, 26.34, 26.31, 26.09, 26.37, 26.16, 26.31, 26.27, 26.22, 26.39, 26.1, 26.36, 26.09, 26.33, 26.25], "Apparent_Power": [39.04, 39.03, 39.03, 39.03, 39.04, 39.03, 39.05, 39.05, 39.03, 39.03, 39.02, 39.04, 39.03, 39.03, 39.01, 39.03, 39.05, 39.03, 39.04, 39.05, 39.03, 39.03, 39.04, 39.02, 39.03, 39.04, 39.02, 39.22, 39.22, 39.21, 39.21, 39.2, 39.22, 39.19, 39.2, 39.22, 39.22, 39.22, 39.22, 39.22, 39.23, 39.23, 39.25, 39.22, 39.23], "Apparent_Power_Reactive": [28.93, 28.86, 28.78, 28.93, 28.81, 28.74, 29.06, 28.85, 28.77, 28.99, 28.73, 28.98, 28.93, 28.84, 29.01, 28.81, 28.88, 29.0, 28.83, 29.07, 28.85, 28.83, 29.06, 28.83, 28.88, 28.88, 28.85, 29.25, 29.14, 28.99, 29.23, 29.03, 29.08, 29.24, 29.0, 29.22, 29.08, 29.12, 29.16, 29.01, 29.28, 29.05, 29.32, 29.06, 29.15], "Power_Factor": [0.671, 0.673, 0.675, 0.671, 0.674, 0.676, 0.667, 0.673, 0.675, 0.669, 0.676, 0.669, 0.671, 0.673, 0.668, 0.674, 0.672, 0.669, 0.674, 0.667, 0.673, 0.673, 0.667, 0.673, 0.672, 0.672, 0.673, 0.665, 0.669, 0.673, 0.666, 0.671, 0.67, 0.665, 0.672, 0.667, 0.67, 0.669, 0.668, 0.672, 0.665, 0.671, 0.664, 0.671, 0.669], "Energy": [0.01, 0.02, 0.04, 0.05, 0.07, 0.08, 0.1, 0.11, 0.13, 0.14, 0.16, 0.17, 0.19, 0.2, 0.22, 0.23, 0.25, 0.26, 0.28, 0.29, 0.3, 0.32, 0.33, 0.35, 0.36, 0.38, 0.39, 0.41, 0.42, 0.44, 0.45, 0.47, 0.48, 0.5, 0.51, 0.53, 0.54, 0.56, 0.57, 0.59, 0.6, 0.62, 0.63, 0.65, 0.66], "Frequency": [49.39, 49.39, 49.39, 49.38, 49.38, 49.38, 49.38, 49.38, 49.38, 49.39, 49.39, 49.39, 49.38, 49.38, 49.38, 49.39, 49.39, 49.39, 49.39, 49.39, 49.39, 49.42, 49.42, 49.42, 49.42, 49.42, 49.42, 49.39, 49.39, 49.39, 49.39, 49.39, 49.39, 49.39, 49.39, 49.39, 49.39, 49.39, 49.39, 49.39, 49.39, 49.39, 49.39, 49.39, 49.39], "Temp_env": []}