{"Start_Time": [1755745237.6052718], "Time": [1755745239.6073492, 1755745241.6099863, 1755745243.6122944, 1755745245.6144085, 1755745247.617078, 1755745249.6192796, 1755745251.6213446, 1755745253.6242077, 1755745255.6264753, 1755745257.6291533, 1755745259.6315398, 1755745261.6343312, 1755745263.6364121, 1755745265.6391199, 1755745267.6415074, 1755745269.6444016, 1755745271.6466277, 1755745273.649334, 1755745275.6516693, 1755745277.6545374, 1755745279.6566129, 1755745281.659331, 1755745283.6616523, 1755745285.6637747, 1755745287.6664355, 1755745289.6687417, 1755745291.671447, 1755745293.6738093, 1755745295.6764705, 1755745297.678838, 1755745299.6814764, 1755745301.6838539, 1755745303.6865425, 1755745305.6888454, 1755745307.690964, 1755745309.6936824, 1755745311.6960387, 1755745313.6987038, 1755745315.7010593, 1755745317.7037406, 1755745319.705951, 1755745321.7087605, 1755745323.7110846, 1755745325.713744, 1755745327.7159944], "Voltage": [229.82, 229.92, 229.92, 229.71, 229.71, 229.87, 229.92, 229.76, 229.87, 229.87, 229.92, 229.71, 229.92, 229.87, 229.92, 229.82, 229.92, 229.87, 229.76, 229.92, 229.87, 229.71, 229.82, 229.82, 229.76, 229.71, 229.82, 229.87, 229.82, 229.82, 229.92, 229.92, 229.87, 229.87, 229.92, 229.82, 229.76, 229.87, 229.82, 229.82, 229.87, 229.87, 229.82, 229.87, 229.82], "Current": [0.17, 0.17, 0.17, 0.17, 0.17, 0.17, 0.17, 0.17, 0.17, 0.17, 0.17, 0.17, 0.17, 0.17, 0.17, 0.17, 0.17, 0.17, 0.17, 0.17, 0.17, 0.17, 0.17, 0.17, 0.17, 0.17, 0.17, 0.17, 0.17, 0.17, 0.17, 0.17, 0.17, 0.17, 0.17, 0.17, 0.17, 0.17, 0.17, 0.17, 0.17, 0.17, 0.17, 0.17, 0.17], "Real_Power": [26.25, 26.13, 26.2, 26.21, 25.93, 26.22, 26.03, 25.97, 26.3, 26.04, 26.12, 26.19, 26.03, 26.24, 26.07, 26.12, 26.15, 26.02, 26.22, 26.14, 26.05, 26.19, 26.09, 26.26, 26.31, 25.88, 26.22, 26.14, 26.19, 26.29, 26.07, 26.18, 26.16, 25.96, 26.29, 26.04, 26.05, 26.39, 26.03, 26.24, 26.11, 25.95, 26.21, 26.05, 26.06], "Apparent_Power": [39.06, 39.08, 39.08, 39.05, 39.05, 39.07, 39.08, 39.05, 39.07, 39.07, 39.08, 39.05, 39.08, 39.07, 39.08, 39.06, 39.08, 39.07, 39.05, 39.08, 39.07, 39.05, 39.06, 39.06, 39.05, 39.05, 39.06, 39.07, 39.06, 39.06, 39.08, 39.08, 39.07, 39.07, 39.08, 39.06, 39.05, 39.07, 39.06, 39.06, 39.07, 39.07, 39.06, 39.07, 39.06], "Apparent_Power_Reactive": [28.92, 29.05, 28.99, 28.94, 29.19, 28.96, 29.14, 29.16, 28.89, 29.12, 29.06, 28.96, 29.14, 28.94, 29.11, 29.04, 29.04, 29.14, 28.93, 29.05, 29.11, 28.96, 29.06, 28.91, 28.85, 29.24, 28.95, 29.03, 28.97, 28.88, 29.11, 29.01, 29.01, 29.19, 28.91, 29.11, 29.09, 28.81, 29.12, 28.93, 29.06, 29.2, 28.96, 29.11, 29.09], "Power_Factor": [0.672, 0.668, 0.67, 0.671, 0.664, 0.671, 0.666, 0.665, 0.673, 0.666, 0.668, 0.67, 0.666, 0.671, 0.667, 0.668, 0.669, 0.665, 0.671, 0.668, 0.666, 0.67, 0.667, 0.672, 0.673, 0.662, 0.671, 0.669, 0.67, 0.673, 0.667, 0.669, 0.669, 0.664, 0.672, 0.666, 0.667, 0.675, 0.666, 0.671, 0.668, 0.664, 0.671, 0.666, 0.667], "Energy": [0.01, 0.02, 0.04, 0.05, 0.07, 0.08, 0.1, 0.11, 0.13, 0.14, 0.16, 0.17, 0.19, 0.2, 0.22, 0.23, 0.24, 0.26, 0.27, 0.29, 0.3, 0.32, 0.33, 0.35, 0.36, 0.38, 0.39, 0.41, 0.42, 0.44, 0.45, 0.47, 0.48, 0.49, 0.51, 0.52, 0.54, 0.55, 0.57, 0.58, 0.6, 0.61, 0.63, 0.64, 0.66], "Frequency": [49.41, 49.41, 49.4, 49.4, 49.4, 49.41, 49.41, 49.41, 49.41, 49.41, 49.41, 49.41, 49.41, 49.41, 49.41, 49.41, 49.41, 49.42, 49.42, 49.42, 49.41, 49.41, 49.41, 49.42, 49.42, 49.42, 49.43, 49.43, 49.43, 49.42, 49.42, 49.42, 49.41, 49.41, 49.41, 49.42, 49.42, 49.42, 49.4, 49.4, 49.4, 49.4, 49.4, 49.4, 49.39], "Temp_env": []}