{"Start_Time": [1755554825.4131224], "Time": [1755554827.4155955, 1755554829.417668, 1755554831.4197388, 1755554833.4218543, 1755554835.4245508, 1755554837.4270465, 1755554839.4295356, 1755554841.4319391, 1755554843.4346192, 1755554845.4370759, 1755554847.4395902, 1755554849.4419382, 1755554851.44465, 1755554853.447062, 1755554855.4497623, 1755554857.4518847, 1755554859.4539287, 1755554861.456038, 1755554863.4587355, 1755554865.4611218, 1755554867.4638183, 1755554869.466136, 1755554871.4688213, 1755554873.4711804, 1755554875.473842, 1755554877.4761782, 1755554879.478886, 1755554881.4811323, 1755554883.4832828, 1755554885.485951, 1755554887.4882221, 1755554889.4909427, 1755554891.4932692, 1755554893.4953737, 1755554895.4980214, 1755554897.5003633, 1755554899.5030663, 1755554901.5054126, 1755554903.5080764, 1755554905.510359, 1755554907.5131316, 1755554909.515445, 1755554911.517602, 1755554913.5200598, 1755554915.5223799], "Voltage": [229.08, 229.08, 229.14, 229.08, 229.08, 228.93, 228.98, 229.08, 229.08, 229.19, 229.24, 229.19, 229.19, 229.08, 229.03, 229.03, 229.03, 229.19, 229.24, 229.03, 229.03, 229.24, 229.03, 229.14, 229.19, 229.19, 229.14, 229.08, 229.19, 229.08, 229.08, 229.08, 229.08, 229.14, 229.19, 229.14, 229.14, 229.08, 229.19, 229.14, 229.14, 229.29, 229.19, 229.24, 229.14], "Current": [0.17, 0.17, 0.17, 0.17, 0.17, 0.17, 0.17, 0.17, 0.17, 0.17, 0.17, 0.17, 0.17, 0.17, 0.17, 0.17, 0.17, 0.17, 0.17, 0.17, 0.17, 0.17, 0.17, 0.17, 0.17, 0.17, 0.17, 0.17, 0.17, 0.17, 0.17, 0.17, 0.17, 0.17, 0.17, 0.17, 0.17, 0.17, 0.17, 0.17, 0.17, 0.17, 0.17, 0.17, 0.17], "Real_Power": [25.91, 25.94, 26.01, 26.15, 26.09, 25.95, 25.98, 26.01, 25.96, 26.04, 25.98, 26.01, 26.12, 26.02, 25.95, 26.04, 26.06, 26.02, 26.04, 26.1, 26.06, 26.01, 25.94, 26.14, 26.03, 26.06, 25.93, 26.19, 26.11, 26.18, 25.94, 26.15, 25.96, 26.1, 26.02, 26.05, 26.08, 26.01, 25.93, 26.02, 26.08, 26.12, 25.99, 25.95, 26.11], "Apparent_Power": [38.94, 38.94, 38.95, 38.94, 38.94, 38.91, 38.92, 38.94, 38.94, 38.96, 38.97, 38.96, 38.96, 38.94, 38.93, 38.93, 38.93, 38.96, 38.97, 38.93, 38.93, 38.97, 38.93, 38.95, 38.96, 38.96, 38.95, 38.94, 38.96, 38.94, 38.94, 38.94, 38.94, 38.95, 38.96, 38.95, 38.95, 38.94, 38.96, 38.95, 38.95, 38.97, 38.96, 38.97, 38.95], "Apparent_Power_Reactive": [29.06, 29.04, 28.99, 28.85, 28.9, 28.99, 28.97, 28.97, 29.02, 28.97, 29.04, 29.0, 28.9, 28.97, 29.01, 28.93, 28.92, 28.99, 28.99, 28.88, 28.92, 29.01, 29.02, 28.87, 28.98, 28.96, 29.06, 28.81, 28.91, 28.82, 29.04, 28.85, 29.02, 28.91, 28.99, 28.95, 28.92, 28.97, 29.07, 28.98, 28.92, 28.92, 29.02, 29.07, 28.9], "Power_Factor": [0.665, 0.666, 0.667, 0.671, 0.67, 0.666, 0.667, 0.667, 0.666, 0.668, 0.666, 0.667, 0.67, 0.668, 0.666, 0.668, 0.669, 0.667, 0.668, 0.67, 0.669, 0.667, 0.666, 0.671, 0.668, 0.668, 0.665, 0.672, 0.67, 0.672, 0.666, 0.671, 0.666, 0.67, 0.667, 0.668, 0.669, 0.667, 0.665, 0.668, 0.669, 0.67, 0.667, 0.665, 0.67], "Energy": [0.01, 0.02, 0.04, 0.05, 0.07, 0.08, 0.1, 0.11, 0.13, 0.14, 0.16, 0.17, 0.19, 0.2, 0.21, 0.23, 0.24, 0.26, 0.27, 0.29, 0.3, 0.32, 0.33, 0.35, 0.36, 0.38, 0.39, 0.4, 0.42, 0.43, 0.45, 0.46, 0.48, 0.49, 0.51, 0.52, 0.54, 0.55, 0.57, 0.58, 0.6, 0.61, 0.62, 0.64, 0.65], "Frequency": [49.38, 49.38, 49.38, 49.39, 49.39, 49.39, 49.39, 49.39, 49.39, 49.39, 49.39, 49.39, 49.4, 49.4, 49.4, 49.39, 49.39, 49.39, 49.39, 49.39, 49.39, 49.39, 49.39, 49.39, 49.39, 49.39, 49.39, 49.37, 49.37, 49.37, 49.38, 49.38, 49.38, 49.35, 49.35, 49.35, 49.35, 49.35, 49.35, 49.35, 49.35, 49.35, 49.37, 49.37, 49.37], "Temp_env": []}