{"Start_Time": [1755553756.8147311], "Time": [1755553758.8172133, 1755553760.8195934, 1755553762.8221216, 1755553764.8244982, 1755553766.827203, 1755553768.8297155, 1755553770.832169, 1755553772.834546, 1755553774.8372505, 1755553776.839558, 1755553778.8422647, 1755553780.8444242, 1755553782.8466046, 1755553784.8493736, 1755553786.851469, 1755553788.8542092, 1755553790.856559, 1755553792.859407, 1755553794.8614607, 1755553796.8635228, 1755553798.8662605, 1755553800.868632, 1755553802.8713691, 1755553804.8734968, 1755553806.8755708, 1755553808.8783193, 1755553810.880548, 1755553812.8833656, 1755553814.88571, 1755553816.8884158, 1755553818.8906567, 1755553820.8933527, 1755553822.895696, 1755553824.8984506, 1755553826.9006739, 1755553828.903365, 1755553830.910659, 1755553832.913475, 1755553834.9158192, 1755553836.9234927, 1755553838.9256783, 1755553840.9284945, 1755553842.9357305, 1755553844.9378712, 1755553846.9405665], "Voltage": [228.98, 228.93, 228.98, 228.82, 229.03, 229.14, 229.08, 229.14, 229.03, 229.03, 228.98, 229.08, 229.14, 229.08, 229.14, 229.03, 229.08, 228.98, 229.03, 229.08, 229.19, 229.19, 229.14, 229.03, 229.03, 229.08, 229.14, 229.08, 229.03, 229.03, 229.14, 229.08, 229.08, 229.03, 229.14, 229.08, 229.08, 228.93, 229.14, 229.19, 229.03, 229.19, 229.14, 229.08, 229.14], "Current": [0.17, 0.17, 0.17, 0.17, 0.17, 0.17, 0.17, 0.17, 0.17, 0.17, 0.17, 0.17, 0.17, 0.17, 0.17, 0.17, 0.17, 0.17, 0.17, 0.17, 0.17, 0.17, 0.17, 0.17, 0.17, 0.17, 0.17, 0.17, 0.17, 0.17, 0.17, 0.17, 0.17, 0.17, 0.17, 0.17, 0.17, 0.17, 0.17, 0.17, 0.17, 0.17, 0.17, 0.17, 0.17], "Real_Power": [26.07, 26.02, 26.09, 25.92, 26.01, 26.0, 26.02, 25.96, 26.08, 26.11, 26.05, 25.98, 26.11, 25.91, 26.08, 25.98, 26.06, 25.99, 26.09, 26.0, 26.06, 26.01, 26.05, 26.05, 26.11, 25.97, 26.0, 26.09, 25.99, 25.99, 26.06, 25.97, 25.99, 26.0, 26.14, 26.07, 25.98, 25.91, 26.08, 26.03, 26.02, 25.99, 26.0, 25.99, 25.92], "Apparent_Power": [38.92, 38.91, 38.92, 38.89, 38.93, 38.95, 38.94, 38.95, 38.93, 38.93, 38.92, 38.94, 38.95, 38.94, 38.95, 38.93, 38.94, 38.92, 38.93, 38.94, 38.96, 38.96, 38.95, 38.93, 38.93, 38.94, 38.95, 38.94, 38.93, 38.93, 38.95, 38.94, 38.94, 38.93, 38.95, 38.94, 38.94, 38.91, 38.95, 38.96, 38.93, 38.96, 38.95, 38.94, 38.95], "Apparent_Power_Reactive": [28.89, 28.93, 28.88, 28.99, 28.96, 29.0, 28.97, 29.03, 28.9, 28.87, 28.91, 29.0, 28.9, 29.06, 28.92, 28.99, 28.93, 28.97, 28.89, 28.98, 28.96, 29.0, 28.95, 28.92, 28.87, 29.01, 29.0, 28.9, 28.98, 28.98, 28.94, 29.01, 28.99, 28.97, 28.87, 28.92, 29.0, 29.02, 28.92, 28.98, 28.95, 29.02, 29.0, 28.99, 29.07], "Power_Factor": [0.669, 0.668, 0.67, 0.666, 0.668, 0.667, 0.668, 0.666, 0.669, 0.67, 0.669, 0.667, 0.67, 0.665, 0.669, 0.667, 0.669, 0.667, 0.67, 0.667, 0.668, 0.667, 0.668, 0.669, 0.67, 0.666, 0.667, 0.67, 0.667, 0.667, 0.669, 0.666, 0.667, 0.667, 0.671, 0.669, 0.667, 0.665, 0.669, 0.668, 0.668, 0.667, 0.667, 0.667, 0.665], "Energy": [0.01, 0.02, 0.04, 0.05, 0.07, 0.08, 0.1, 0.11, 0.13, 0.14, 0.16, 0.17, 0.19, 0.2, 0.21, 0.23, 0.24, 0.26, 0.27, 0.29, 0.3, 0.32, 0.33, 0.35, 0.36, 0.38, 0.39, 0.4, 0.42, 0.43, 0.45, 0.46, 0.48, 0.49, 0.51, 0.52, 0.54, 0.55, 0.57, 0.58, 0.59, 0.61, 0.62, 0.64, 0.65], "Frequency": [49.43, 49.43, 49.43, 49.43, 49.43, 49.43, 49.43, 49.43, 49.43, 49.43, 49.43, 49.43, 49.43, 49.43, 49.43, 49.43, 49.43, 49.43, 49.41, 49.41, 49.41, 49.42, 49.42, 49.42, 49.41, 49.41, 49.41, 49.42, 49.42, 49.42, 49.41, 49.41, 49.41, 49.39, 49.39, 49.39, 49.4, 49.4, 49.4, 49.42, 49.42, 49.42, 49.42, 49.42, 49.42], "Temp_env": []}