{"Start_Time": [1755535003.077497], "Time": [1755535005.0797977, 1755535007.0824916, 1755535009.0849624, 1755535011.0926266, 1755535013.095108, 1755535015.0976274, 1755535017.105092, 1755535019.1076105, 1755535021.109958, 1755535023.1126742, 1755535025.115101, 1755535027.117826, 1755535029.120169, 1755535031.12289, 1755535033.1253648, 1755535035.1329825, 1755535037.1353145, 1755535039.1380236, 1755535041.1455112, 1755535043.1480734, 1755535045.1504047, 1755535047.153133, 1755535049.1556458, 1755535051.158077, 1755535053.1604295, 1755535055.1625874, 1755535057.1654198, 1755535059.1732728, 1755535061.175713, 1755535063.1783457, 1755535065.185839, 1755535067.1883578, 1755535069.1907523, 1755535071.193438, 1755535073.1958883, 1755535075.1984468, 1755535077.2007535, 1755535079.203557, 1755535081.2060413, 1755535083.208603, 1755535085.2161224, 1755535087.218625, 1755535089.2209783, 1755535091.2236984, 1755535093.2261243], "Voltage": [226.99, 227.09, 227.04, 227.09, 226.93, 226.99, 226.99, 227.04, 226.88, 226.93, 226.93, 226.88, 226.99, 226.88, 226.83, 226.93, 226.93, 226.83, 227.04, 226.99, 227.09, 227.04, 226.99, 226.99, 227.09, 226.99, 226.93, 226.83, 226.99, 226.93, 226.78, 226.99, 226.99, 226.93, 226.93, 227.09, 227.09, 226.93, 226.93, 227.04, 226.99, 226.93, 226.93, 226.99, 226.88], "Current": [0.18, 0.17, 0.18, 0.18, 0.17, 0.17, 0.18, 0.17, 0.18, 0.17, 0.17, 0.18, 0.17, 0.17, 0.18, 0.18, 0.18, 0.18, 0.17, 0.18, 0.17, 0.17, 0.18, 0.17, 0.17, 0.18, 0.17, 0.18, 0.18, 0.17, 0.18, 0.18, 0.17, 0.18, 0.17, 0.18, 0.18, 0.18, 0.17, 0.17, 0.18, 0.17, 0.17, 0.18, 0.17], "Real_Power": [26.37, 26.05, 26.25, 26.38, 25.92, 26.2, 26.3, 26.05, 26.31, 26.12, 26.05, 26.37, 26.11, 26.08, 26.24, 26.26, 26.28, 26.2, 26.05, 26.28, 26.11, 26.11, 26.23, 26.13, 26.16, 26.34, 26.02, 26.3, 26.21, 26.04, 26.16, 26.21, 26.19, 26.32, 25.93, 26.24, 26.35, 26.24, 26.08, 26.0, 26.29, 25.95, 25.99, 26.29, 26.05], "Apparent_Power": [40.85, 38.6, 40.86, 40.87, 38.57, 38.58, 40.85, 38.59, 40.83, 38.57, 38.57, 40.83, 38.58, 38.56, 40.82, 40.84, 40.84, 40.82, 38.59, 40.85, 38.6, 38.59, 40.85, 38.58, 38.6, 40.85, 38.57, 40.82, 40.85, 38.57, 40.82, 40.85, 38.58, 40.84, 38.57, 40.87, 40.87, 40.84, 38.57, 38.59, 40.85, 38.57, 38.57, 40.85, 38.56], "Apparent_Power_Reactive": [31.19, 28.48, 31.31, 31.21, 28.56, 28.31, 31.25, 28.47, 31.22, 28.37, 28.44, 31.17, 28.4, 28.4, 31.26, 31.27, 31.26, 31.3, 28.47, 31.27, 28.42, 28.41, 31.31, 28.38, 28.38, 31.22, 28.47, 31.21, 31.33, 28.45, 31.33, 31.33, 28.32, 31.22, 28.55, 31.33, 31.24, 31.29, 28.41, 28.51, 31.26, 28.53, 28.49, 31.26, 28.43], "Power_Factor": [0.645, 0.674, 0.642, 0.645, 0.672, 0.679, 0.643, 0.675, 0.644, 0.677, 0.675, 0.645, 0.676, 0.676, 0.642, 0.642, 0.643, 0.641, 0.675, 0.643, 0.676, 0.676, 0.642, 0.677, 0.677, 0.644, 0.674, 0.644, 0.641, 0.675, 0.64, 0.641, 0.678, 0.644, 0.672, 0.642, 0.644, 0.642, 0.676, 0.673, 0.643, 0.672, 0.673, 0.643, 0.675], "Energy": [0.01, 0.02, 0.04, 0.05, 0.07, 0.08, 0.1, 0.11, 0.13, 0.14, 0.16, 0.17, 0.19, 0.2, 0.22, 0.23, 0.25, 0.26, 0.27, 0.29, 0.3, 0.32, 0.33, 0.35, 0.36, 0.38, 0.39, 0.41, 0.42, 0.44, 0.45, 0.47, 0.48, 0.5, 0.51, 0.52, 0.54, 0.56, 0.57, 0.58, 0.6, 0.61, 0.63, 0.64, 0.66], "Frequency": [49.36, 49.36, 49.36, 49.36, 49.36, 49.36, 49.36, 49.36, 49.35, 49.35, 49.35, 49.35, 49.35, 49.35, 49.35, 49.35, 49.35, 49.35, 49.35, 49.35, 49.35, 49.35, 49.35, 49.35, 49.35, 49.35, 49.4, 49.4, 49.4, 49.4, 49.4, 49.4, 49.39, 49.39, 49.39, 49.39, 49.39, 49.39, 49.39, 49.39, 49.39, 49.39, 49.39, 49.39, 49.39], "Temp_env": []}