{"Start_Time": [1755320190.289015], "Time": [1755320192.2914264, 1755320194.2937999, 1755320196.2965038, 1755320198.298962, 1755320200.301464, 1755320202.303752, 1755320204.3065143, 1755320206.308939, 1755320208.3116598, 1755320210.3137636, 1755320212.3158858, 1755320214.3237197, 1755320216.3258958, 1755320218.327941, 1755320220.3300974, 1755320222.3328211, 1755320224.3349473, 1755320226.3369923, 1755320228.3392003, 1755320230.3419282, 1755320232.3441787, 1755320234.3469312, 1755320236.349281, 1755320238.3569613, 1755320240.3592935, 1755320242.3620193, 1755320244.3641675, 1755320246.366237, 1755320248.3691297, 1755320250.3712184, 1755320252.3733459, 1755320254.3760161, 1755320256.3784096, 1755320258.3810923, 1755320260.3834682, 1755320262.386121, 1755320264.3885338, 1755320266.391168, 1755320268.3935359, 1755320270.3961837, 1755320272.398598, 1755320274.4012873, 1755320276.4036252, 1755320278.4063885, 1755320280.408705], "Voltage": [228.3, 228.3, 228.3, 228.19, 228.09, 228.24, 228.19, 228.3, 228.3, 228.3, 228.35, 228.3, 228.35, 228.4, 228.35, 228.3, 228.35, 228.3, 228.35, 228.24, 228.3, 228.24, 228.3, 228.19, 228.24, 228.04, 228.24, 228.24, 228.3, 228.24, 228.24, 228.14, 228.24, 228.19, 228.24, 228.24, 228.3, 228.19, 228.24, 228.24, 228.09, 228.3, 228.35, 228.35, 228.35], "Current": [0.17, 0.17, 0.17, 0.17, 0.17, 0.17, 0.17, 0.17, 0.17, 0.17, 0.17, 0.17, 0.17, 0.17, 0.17, 0.17, 0.17, 0.17, 0.17, 0.17, 0.17, 0.17, 0.17, 0.17, 0.17, 0.17, 0.17, 0.17, 0.17, 0.17, 0.17, 0.17, 0.17, 0.17, 0.17, 0.17, 0.18, 0.17, 0.17, 0.17, 0.17, 0.17, 0.17, 0.17, 0.17], "Real_Power": [26.28, 26.28, 26.19, 26.25, 26.22, 26.21, 26.14, 26.28, 26.27, 26.36, 26.25, 26.28, 26.11, 26.22, 26.22, 26.17, 26.22, 26.13, 26.36, 26.28, 26.26, 26.2, 26.19, 26.29, 26.15, 26.25, 26.27, 26.24, 26.16, 26.3, 26.19, 26.24, 26.09, 26.11, 26.24, 26.32, 26.31, 26.27, 26.23, 26.24, 26.15, 26.24, 26.11, 26.21, 26.28], "Apparent_Power": [38.81, 38.81, 38.81, 38.79, 38.77, 38.8, 38.79, 38.81, 38.81, 38.81, 38.81, 38.81, 38.81, 38.82, 38.81, 38.81, 38.81, 38.81, 38.81, 38.8, 38.81, 38.8, 38.81, 38.79, 38.8, 38.76, 38.8, 38.8, 38.81, 38.8, 38.8, 38.78, 38.8, 38.79, 38.8, 38.8, 41.09, 38.79, 38.8, 38.8, 38.77, 38.81, 38.81, 38.81, 38.81], "Apparent_Power_Reactive": [28.55, 28.55, 28.64, 28.55, 28.55, 28.6, 28.65, 28.55, 28.56, 28.48, 28.58, 28.55, 28.71, 28.62, 28.61, 28.65, 28.61, 28.69, 28.48, 28.54, 28.57, 28.61, 28.64, 28.52, 28.66, 28.51, 28.55, 28.58, 28.66, 28.52, 28.62, 28.55, 28.71, 28.68, 28.58, 28.5, 31.56, 28.54, 28.59, 28.58, 28.62, 28.59, 28.71, 28.62, 28.55], "Power_Factor": [0.677, 0.677, 0.674, 0.676, 0.676, 0.675, 0.673, 0.677, 0.676, 0.679, 0.676, 0.677, 0.672, 0.675, 0.675, 0.674, 0.675, 0.673, 0.679, 0.677, 0.676, 0.675, 0.674, 0.677, 0.673, 0.677, 0.677, 0.676, 0.674, 0.677, 0.675, 0.676, 0.672, 0.673, 0.676, 0.678, 0.64, 0.677, 0.676, 0.676, 0.674, 0.676, 0.672, 0.675, 0.677], "Energy": [0.01, 0.02, 0.04, 0.05, 0.07, 0.08, 0.1, 0.11, 0.13, 0.14, 0.16, 0.17, 0.19, 0.2, 0.22, 0.23, 0.25, 0.26, 0.28, 0.29, 0.3, 0.32, 0.33, 0.35, 0.36, 0.38, 0.39, 0.41, 0.42, 0.44, 0.45, 0.47, 0.48, 0.5, 0.51, 0.53, 0.54, 0.56, 0.57, 0.59, 0.6, 0.62, 0.63, 0.65, 0.66], "Frequency": [49.41, 49.4, 49.4, 49.4, 49.39, 49.39, 49.39, 49.4, 49.4, 49.4, 49.41, 49.41, 49.41, 49.4, 49.4, 49.4, 49.42, 49.42, 49.42, 49.43, 49.43, 49.43, 49.43, 49.43, 49.43, 49.41, 49.41, 49.41, 49.41, 49.41, 49.41, 49.39, 49.39, 49.39, 49.4, 49.4, 49.4, 49.41, 49.41, 49.41, 49.42, 49.42, 49.42, 49.39, 49.39], "Temp_env": []}