{"Start_Time": [1755462092.7639008], "Time": [1755462094.766578, 1755462096.7688503, 1755462098.7711134, 1755462100.7736301, 1755462102.7757804, 1755462104.777851, 1755462106.7800367, 1755462108.7825892, 1755462110.7847373, 1755462112.7877738, 1755462114.7900453, 1755462116.7927313, 1755462118.7950404, 1755462120.7977645, 1755462122.800068, 1755462124.8027785, 1755462126.8051314, 1755462128.8078384, 1755462130.8100853, 1755462132.8128548, 1755462134.8151321, 1755462136.8178627, 1755462138.820211, 1755462140.8222866, 1755462142.824953, 1755462144.8270943, 1755462146.8292167, 1755462148.8313117, 1755462150.8339918, 1755462152.8361833, 1755462154.8382516, 1755462156.8411362, 1755462158.8432572, 1755462160.846048, 1755462162.8483195, 1755462164.8512151, 1755462166.8533006, 1755462168.855413, 1755462170.8581076, 1755462172.8603284, 1755462174.862494, 1755462176.8651931, 1755462178.8673398, 1755462180.8694131, 1755462182.8715234], "Voltage": [229.14, 228.93, 229.03, 228.98, 228.98, 228.93, 228.93, 228.98, 228.93, 228.98, 229.08, 228.93, 228.98, 228.93, 228.98, 228.98, 228.87, 228.98, 229.03, 228.98, 228.98, 228.87, 229.08, 228.87, 229.03, 229.03, 228.98, 228.93, 228.98, 229.03, 228.93, 228.98, 228.93, 228.87, 228.98, 228.98, 228.93, 229.03, 229.03, 228.93, 228.98, 229.03, 228.98, 228.87, 229.03], "Current": [0.17, 0.17, 0.17, 0.17, 0.17, 0.17, 0.17, 0.17, 0.17, 0.17, 0.17, 0.17, 0.17, 0.17, 0.17, 0.17, 0.17, 0.17, 0.17, 0.17, 0.17, 0.17, 0.17, 0.17, 0.17, 0.17, 0.18, 0.17, 0.17, 0.17, 0.17, 0.17, 0.17, 0.17, 0.17, 0.17, 0.17, 0.17, 0.17, 0.17, 0.17, 0.17, 0.18, 0.17, 0.17], "Real_Power": [26.19, 26.26, 26.11, 26.18, 26.25, 26.21, 26.17, 26.31, 26.11, 26.19, 26.13, 26.15, 26.09, 26.23, 26.15, 26.13, 26.14, 26.2, 26.2, 26.15, 26.02, 26.24, 26.08, 26.01, 26.11, 26.05, 26.36, 26.05, 26.05, 26.26, 26.03, 26.11, 26.14, 26.13, 26.24, 26.06, 26.26, 26.14, 26.12, 26.19, 26.11, 26.12, 26.25, 26.09, 26.21], "Apparent_Power": [38.95, 38.91, 38.93, 38.92, 38.92, 38.91, 38.91, 38.92, 38.91, 38.92, 38.94, 38.91, 38.92, 38.91, 38.92, 38.92, 38.9, 38.92, 38.93, 38.92, 38.92, 38.9, 38.94, 38.9, 38.93, 38.93, 41.21, 38.91, 38.92, 38.93, 38.91, 38.92, 38.91, 38.9, 38.92, 38.92, 38.91, 38.93, 38.93, 38.91, 38.92, 38.93, 41.21, 38.9, 38.93], "Apparent_Power_Reactive": [28.83, 28.71, 28.87, 28.79, 28.73, 28.75, 28.79, 28.68, 28.84, 28.78, 28.87, 28.81, 28.88, 28.73, 28.82, 28.84, 28.8, 28.78, 28.79, 28.82, 28.94, 28.71, 28.91, 28.92, 28.87, 28.92, 31.67, 28.9, 28.91, 28.73, 28.92, 28.86, 28.82, 28.81, 28.74, 28.9, 28.71, 28.84, 28.86, 28.77, 28.86, 28.86, 31.76, 28.85, 28.78], "Power_Factor": [0.672, 0.674, 0.67, 0.672, 0.674, 0.673, 0.672, 0.676, 0.671, 0.672, 0.671, 0.672, 0.67, 0.674, 0.671, 0.671, 0.671, 0.673, 0.673, 0.671, 0.668, 0.674, 0.669, 0.668, 0.67, 0.669, 0.639, 0.669, 0.669, 0.674, 0.668, 0.67, 0.671, 0.671, 0.674, 0.669, 0.674, 0.671, 0.67, 0.673, 0.67, 0.67, 0.636, 0.67, 0.673], "Energy": [0.01, 0.02, 0.04, 0.05, 0.07, 0.08, 0.1, 0.11, 0.13, 0.14, 0.16, 0.17, 0.19, 0.2, 0.22, 0.23, 0.25, 0.26, 0.28, 0.29, 0.3, 0.32, 0.33, 0.35, 0.36, 0.38, 0.39, 0.41, 0.42, 0.44, 0.45, 0.47, 0.48, 0.5, 0.51, 0.53, 0.54, 0.55, 0.57, 0.58, 0.6, 0.61, 0.63, 0.64, 0.66], "Frequency": [49.44, 49.44, 49.44, 49.44, 49.45, 49.45, 49.45, 49.47, 49.47, 49.47, 49.44, 49.44, 49.44, 49.44, 49.44, 49.44, 49.44, 49.44, 49.44, 49.45, 49.45, 49.45, 49.47, 49.47, 49.47, 49.48, 49.48, 49.48, 49.48, 49.48, 49.48, 49.48, 49.48, 49.48, 49.47, 49.47, 49.47, 49.49, 49.49, 49.49, 49.48, 49.48, 49.48, 49.48, 49.48], "Temp_env": []}