{"Start_Time": [1755349916.9552433], "Time": [1755349918.9579663, 1755349920.9602582, 1755349922.9628952, 1755349924.9709659, 1755349926.9733434, 1755349928.9759548, 1755349930.983266, 1755349932.985947, 1755349934.9883792, 1755349936.9909763, 1755349938.993424, 1755349940.9960492, 1755349943.0032985, 1755349945.006025, 1755349947.0083675, 1755349949.0161748, 1755349951.0185428, 1755349953.021183, 1755349955.0285938, 1755349957.0311787, 1755349959.0335228, 1755349961.0362291, 1755349963.0386703, 1755349965.0412993, 1755349967.0485733, 1755349969.0513225, 1755349971.0536005, 1755349973.0563045, 1755349975.0586102, 1755349977.0613036, 1755349979.0636184, 1755349981.066319, 1755349983.0686343, 1755349985.0764837, 1755349987.0786295, 1755349989.0807204, 1755349991.088564, 1755349993.0906863, 1755349995.0927029, 1755349997.100484, 1755349999.1027968, 1755350001.1049314, 1755350003.1075876, 1755350005.110096, 1755350007.1126642], "Voltage": [230.34, 230.34, 230.29, 230.34, 230.55, 230.45, 230.34, 230.34, 230.34, 230.55, 230.39, 230.29, 230.6, 230.66, 230.66, 230.71, 230.45, 230.29, 230.29, 230.24, 230.24, 230.24, 230.18, 230.24, 230.18, 230.29, 230.13, 230.13, 230.29, 230.18, 230.24, 230.18, 230.08, 230.13, 230.18, 230.24, 230.08, 230.08, 230.13, 230.08, 230.13, 230.18, 230.18, 230.18, 230.29], "Current": [0.17, 0.17, 0.17, 0.17, 0.17, 0.17, 0.17, 0.17, 0.17, 0.17, 0.17, 0.17, 0.17, 0.17, 0.17, 0.17, 0.17, 0.17, 0.17, 0.17, 0.17, 0.17, 0.17, 0.17, 0.17, 0.17, 0.17, 0.17, 0.17, 0.17, 0.17, 0.17, 0.17, 0.17, 0.17, 0.17, 0.17, 0.17, 0.17, 0.17, 0.17, 0.17, 0.17, 0.17, 0.17], "Real_Power": [26.26, 26.2, 26.27, 26.17, 26.08, 26.24, 26.11, 26.17, 26.15, 26.13, 26.14, 26.22, 26.12, 26.11, 26.11, 26.26, 26.22, 26.14, 26.24, 26.13, 26.21, 26.32, 26.27, 26.15, 26.11, 26.13, 26.22, 26.19, 26.19, 26.24, 26.21, 26.13, 26.17, 26.02, 26.11, 26.23, 26.38, 26.3, 26.31, 26.26, 26.09, 26.16, 26.21, 26.16, 26.1], "Apparent_Power": [39.15, 39.15, 39.14, 39.15, 39.19, 39.17, 39.15, 39.15, 39.15, 39.19, 39.16, 39.14, 39.2, 39.21, 39.21, 39.22, 39.17, 39.14, 39.14, 39.14, 39.14, 39.14, 39.13, 39.14, 39.13, 39.14, 39.12, 39.12, 39.14, 39.13, 39.14, 39.13, 39.11, 39.12, 39.13, 39.14, 39.11, 39.11, 39.12, 39.11, 39.12, 39.13, 39.13, 39.13, 39.14], "Apparent_Power_Reactive": [29.03, 29.09, 29.01, 29.11, 29.25, 29.08, 29.17, 29.11, 29.13, 29.2, 29.15, 29.05, 29.22, 29.25, 29.25, 29.13, 29.09, 29.13, 29.04, 29.14, 29.06, 28.96, 29.0, 29.12, 29.14, 29.14, 29.03, 29.05, 29.08, 29.02, 29.06, 29.12, 29.06, 29.21, 29.14, 29.05, 28.87, 28.94, 28.95, 28.98, 29.14, 29.1, 29.05, 29.1, 29.16], "Power_Factor": [0.67, 0.669, 0.671, 0.668, 0.665, 0.669, 0.666, 0.668, 0.667, 0.666, 0.667, 0.669, 0.666, 0.665, 0.665, 0.669, 0.669, 0.667, 0.67, 0.667, 0.669, 0.672, 0.671, 0.668, 0.667, 0.667, 0.67, 0.669, 0.669, 0.67, 0.669, 0.667, 0.669, 0.665, 0.667, 0.67, 0.674, 0.672, 0.672, 0.671, 0.666, 0.668, 0.669, 0.668, 0.666], "Energy": [0.01, 0.02, 0.04, 0.06, 0.07, 0.08, 0.1, 0.11, 0.13, 0.14, 0.16, 0.17, 0.19, 0.2, 0.22, 0.23, 0.25, 0.26, 0.28, 0.29, 0.31, 0.32, 0.34, 0.35, 0.36, 0.38, 0.39, 0.41, 0.42, 0.44, 0.45, 0.47, 0.48, 0.5, 0.51, 0.53, 0.54, 0.56, 0.57, 0.59, 0.6, 0.61, 0.63, 0.64, 0.66], "Frequency": [49.41, 49.41, 49.41, 49.42, 49.42, 49.42, 49.42, 49.42, 49.42, 49.43, 49.43, 49.43, 49.4, 49.4, 49.4, 49.41, 49.41, 49.41, 49.39, 49.39, 49.39, 49.39, 49.39, 49.39, 49.39, 49.39, 49.39, 49.4, 49.4, 49.4, 49.42, 49.42, 49.42, 49.4, 49.4, 49.4, 49.41, 49.41, 49.41, 49.41, 49.41, 49.41, 49.4, 49.4, 49.4], "Temp_env": []}