{"Start_Time": [1755330548.1764975], "Time": [1755330550.1787972, 1755330552.1816475, 1755330554.1837823, 1755330556.1918447, 1755330558.1945436, 1755330560.196834, 1755330562.2046804, 1755330564.2070365, 1755330566.2097175, 1755330568.2123287, 1755330570.2147684, 1755330572.2171257, 1755330574.219848, 1755330576.2222774, 1755330578.2248082, 1755330580.2323205, 1755330582.2348473, 1755330584.2372239, 1755330586.239968, 1755330588.2423985, 1755330590.2451317, 1755330592.2472587, 1755330594.2493274, 1755330596.2522225, 1755330598.2550142, 1755330600.2574043, 1755330602.2602906, 1755330604.2681322, 1755330606.2705023, 1755330608.272632, 1755330610.2754052, 1755330612.2776444, 1755330614.280373, 1755330616.2828195, 1755330618.2853444, 1755330620.2877219, 1755330622.290428, 1755330624.292852, 1755330626.2955427, 1755330628.3029978, 1755330630.3055017, 1755330632.3078127, 1755330634.3105886, 1755330636.312997, 1755330638.3157218], "Voltage": [229.14, 229.24, 229.29, 229.19, 229.19, 229.24, 229.14, 229.08, 229.14, 228.93, 228.93, 229.03, 229.03, 229.19, 229.08, 229.08, 228.87, 228.93, 228.98, 228.98, 228.77, 228.98, 228.93, 228.98, 228.98, 228.87, 228.87, 228.87, 228.82, 228.87, 228.77, 228.87, 228.82, 228.98, 228.87, 228.93, 228.87, 228.72, 228.61, 228.72, 228.77, 228.51, 228.77, 228.82, 228.77], "Current": [0.17, 0.17, 0.17, 0.17, 0.17, 0.17, 0.17, 0.17, 0.17, 0.17, 0.17, 0.17, 0.17, 0.17, 0.17, 0.17, 0.17, 0.17, 0.17, 0.17, 0.17, 0.17, 0.17, 0.17, 0.17, 0.17, 0.17, 0.17, 0.17, 0.17, 0.17, 0.17, 0.17, 0.17, 0.17, 0.17, 0.17, 0.17, 0.17, 0.17, 0.17, 0.17, 0.17, 0.17, 0.17], "Real_Power": [25.85, 26.03, 25.95, 26.26, 26.09, 25.91, 26.18, 26.1, 25.83, 26.22, 26.03, 25.99, 26.1, 25.83, 25.94, 26.06, 25.89, 26.0, 25.99, 25.93, 26.11, 25.8, 25.95, 26.04, 25.86, 26.07, 25.99, 25.89, 26.12, 26.05, 26.0, 26.13, 25.83, 25.99, 26.08, 25.95, 26.03, 25.89, 25.93, 26.09, 25.82, 26.0, 25.98, 25.82, 26.08], "Apparent_Power": [38.95, 38.97, 38.97, 38.96, 38.96, 38.97, 38.95, 38.94, 38.95, 38.91, 38.91, 38.93, 38.93, 38.96, 38.94, 38.94, 38.9, 38.91, 38.92, 38.92, 38.89, 38.92, 38.91, 38.92, 38.92, 38.9, 38.9, 38.9, 38.89, 38.9, 38.89, 38.9, 38.89, 38.92, 38.9, 38.91, 38.9, 38.88, 38.86, 38.88, 38.89, 38.84, 38.89, 38.89, 38.89], "Apparent_Power_Reactive": [29.13, 29.0, 29.07, 28.78, 28.93, 29.1, 28.83, 28.89, 29.15, 28.74, 28.92, 28.98, 28.88, 29.16, 29.04, 28.93, 29.03, 28.94, 28.97, 29.02, 28.82, 29.13, 28.99, 28.92, 29.08, 28.87, 28.94, 29.03, 28.81, 28.88, 28.92, 28.81, 29.07, 28.97, 28.86, 28.99, 28.9, 29.0, 28.94, 28.82, 29.08, 28.85, 28.93, 29.08, 28.84], "Power_Factor": [0.663, 0.667, 0.665, 0.674, 0.669, 0.664, 0.672, 0.67, 0.663, 0.673, 0.668, 0.667, 0.67, 0.662, 0.666, 0.669, 0.665, 0.668, 0.667, 0.666, 0.671, 0.662, 0.666, 0.669, 0.664, 0.67, 0.668, 0.665, 0.671, 0.669, 0.668, 0.671, 0.664, 0.667, 0.67, 0.666, 0.669, 0.665, 0.667, 0.671, 0.663, 0.669, 0.668, 0.663, 0.67], "Energy": [0.01, 0.02, 0.04, 0.05, 0.07, 0.08, 0.1, 0.11, 0.13, 0.14, 0.16, 0.17, 0.19, 0.2, 0.21, 0.23, 0.24, 0.26, 0.27, 0.29, 0.3, 0.32, 0.33, 0.35, 0.36, 0.38, 0.39, 0.4, 0.42, 0.43, 0.45, 0.46, 0.48, 0.49, 0.51, 0.52, 0.54, 0.55, 0.57, 0.58, 0.59, 0.61, 0.62, 0.64, 0.65], "Frequency": [49.39, 49.39, 49.39, 49.39, 49.39, 49.39, 49.37, 49.37, 49.37, 49.37, 49.37, 49.37, 49.37, 49.37, 49.37, 49.37, 49.37, 49.37, 49.37, 49.37, 49.37, 49.38, 49.38, 49.38, 49.38, 49.38, 49.38, 49.37, 49.37, 49.37, 49.36, 49.36, 49.36, 49.37, 49.37, 49.37, 49.38, 49.38, 49.38, 49.38, 49.38, 49.38, 49.38, 49.38, 49.38], "Temp_env": []}