{"Start_Time": [1755277685.066362], "Time": [1755277687.0688012, 1755277689.0714893, 1755277691.0738235, 1755277693.0815322, 1755277695.0838351, 1755277697.0857964, 1755277699.093603, 1755277701.0958455, 1755277703.0986972, 1755277705.1007764, 1755277707.1029499, 1755277709.1049263, 1755277711.112567, 1755277713.1148808, 1755277715.11701, 1755277717.1246758, 1755277719.1269834, 1755277721.1291037, 1755277723.1318743, 1755277725.134137, 1755277727.1361127, 1755277729.138967, 1755277731.1410148, 1755277733.1430898, 1755277735.1510096, 1755277737.153294, 1755277739.1560564, 1755277741.1633127, 1755277743.166092, 1755277745.168192, 1755277747.1703327, 1755277749.1730454, 1755277751.175223, 1755277753.1773152, 1755277755.1794312, 1755277757.1821206, 1755277759.1895978, 1755277761.1920722, 1755277763.194426, 1755277765.1971412, 1755277767.1995845, 1755277769.202386, 1755277771.2045383, 1755277773.2072504, 1755277775.209681], "Voltage": [229.08, 229.08, 229.03, 229.14, 228.98, 229.03, 229.08, 229.03, 229.14, 228.93, 229.14, 229.08, 229.14, 229.14, 229.14, 229.08, 229.14, 229.03, 229.14, 229.14, 229.14, 229.14, 229.03, 229.08, 229.03, 229.08, 228.98, 229.03, 229.08, 229.03, 228.98, 229.14, 229.03, 229.08, 229.03, 229.08, 229.24, 229.14, 229.08, 228.98, 229.03, 229.08, 229.03, 229.03, 228.98], "Current": [0.17, 0.18, 0.17, 0.17, 0.17, 0.17, 0.17, 0.17, 0.17, 0.17, 0.17, 0.17, 0.17, 0.18, 0.17, 0.17, 0.17, 0.17, 0.17, 0.17, 0.17, 0.17, 0.17, 0.17, 0.17, 0.17, 0.17, 0.17, 0.17, 0.18, 0.17, 0.17, 0.17, 0.17, 0.18, 0.17, 0.17, 0.17, 0.17, 0.17, 0.17, 0.17, 0.17, 0.17, 0.17], "Real_Power": [26.06, 26.33, 26.16, 26.14, 26.18, 25.93, 26.04, 26.01, 26.29, 25.9, 26.16, 26.12, 25.96, 26.42, 25.88, 26.18, 26.19, 25.88, 26.23, 26.07, 25.98, 26.14, 26.11, 26.25, 26.17, 25.93, 26.3, 26.05, 26.06, 26.25, 25.99, 26.22, 26.22, 26.0, 26.31, 26.09, 26.15, 26.29, 26.05, 26.16, 26.22, 26.07, 26.27, 26.04, 26.05], "Apparent_Power": [38.94, 41.23, 38.93, 38.95, 38.92, 38.93, 38.94, 38.93, 38.95, 38.91, 38.95, 38.94, 38.95, 41.24, 38.95, 38.94, 38.95, 38.93, 38.95, 38.95, 38.95, 38.95, 38.93, 38.94, 38.93, 38.94, 38.92, 38.93, 38.94, 41.22, 38.92, 38.95, 38.93, 38.94, 41.22, 38.94, 38.97, 38.95, 38.94, 38.92, 38.93, 38.94, 38.93, 38.93, 38.92], "Apparent_Power_Reactive": [28.93, 31.72, 28.83, 28.87, 28.79, 29.03, 28.95, 28.96, 28.73, 29.03, 28.85, 28.88, 29.03, 31.66, 29.1, 28.82, 28.83, 29.08, 28.79, 28.93, 29.01, 28.87, 28.87, 28.76, 28.82, 29.05, 28.68, 28.92, 28.93, 31.78, 28.97, 28.8, 28.77, 28.98, 31.73, 28.9, 28.89, 28.73, 28.94, 28.81, 28.77, 28.92, 28.73, 28.93, 28.91], "Power_Factor": [0.669, 0.638, 0.671, 0.671, 0.672, 0.666, 0.668, 0.668, 0.674, 0.665, 0.671, 0.67, 0.666, 0.64, 0.664, 0.672, 0.672, 0.664, 0.673, 0.669, 0.667, 0.671, 0.67, 0.674, 0.672, 0.665, 0.675, 0.669, 0.669, 0.636, 0.667, 0.673, 0.673, 0.667, 0.638, 0.67, 0.671, 0.674, 0.668, 0.672, 0.673, 0.669, 0.674, 0.668, 0.669], "Energy": [0.01, 0.02, 0.04, 0.05, 0.07, 0.08, 0.1, 0.11, 0.13, 0.14, 0.16, 0.17, 0.19, 0.2, 0.22, 0.23, 0.25, 0.26, 0.28, 0.29, 0.3, 0.32, 0.33, 0.35, 0.36, 0.38, 0.39, 0.41, 0.42, 0.44, 0.45, 0.47, 0.48, 0.5, 0.51, 0.53, 0.54, 0.55, 0.57, 0.58, 0.6, 0.61, 0.63, 0.64, 0.66], "Frequency": [49.44, 49.44, 49.43, 49.43, 49.43, 49.43, 49.43, 49.43, 49.43, 49.43, 49.43, 49.43, 49.43, 49.43, 49.44, 49.44, 49.44, 49.43, 49.43, 49.43, 49.43, 49.43, 49.43, 49.43, 49.43, 49.43, 49.43, 49.43, 49.43, 49.44, 49.44, 49.44, 49.43, 49.43, 49.43, 49.43, 49.43, 49.43, 49.42, 49.42, 49.42, 49.43, 49.43, 49.43, 49.42], "Temp_env": []}