{"Start_Time": [1755748116.754694], "Time": [1755748118.7572446, 1755748120.7594306, 1755748122.7615435, 1755748124.764386, 1755748126.7665274, 1755748128.769202, 1755748130.7713299, 1755748132.7733548, 1755748134.775435, 1755748136.7781076, 1755748138.7803938, 1755748140.78309, 1755748142.7853212, 1755748144.7880096, 1755748146.7903352, 1755748148.7930138, 1755748150.7952385, 1755748152.7972732, 1755748154.799355, 1755748156.8020508, 1755748158.8044984, 1755748160.806986, 1755748162.8093054, 1755748164.8119736, 1755748166.8144748, 1755748168.8169198, 1755748170.819263, 1755748172.8218982, 1755748174.8243103, 1755748176.8267965, 1755748178.8290703, 1755748180.8312242, 1755748182.8339844, 1755748184.8367739, 1755748186.8391, 1755748188.8417866, 1755748190.8442008, 1755748192.8468287, 1755748194.8489645, 1755748196.851011, 1755748198.8531277, 1755748200.855752, 1755748202.858046, 1755748204.860739, 1755748206.863011], "Voltage": [228.04, 227.93, 227.83, 227.88, 227.83, 227.88, 227.77, 227.77, 227.83, 227.93, 227.93, 227.98, 227.98, 227.88, 227.93, 227.98, 227.98, 227.93, 227.88, 227.83, 227.88, 227.77, 227.72, 227.93, 227.88, 227.88, 227.88, 227.83, 227.83, 227.88, 227.72, 227.72, 227.83, 227.93, 227.93, 228.04, 227.88, 227.88, 227.98, 227.88, 227.93, 228.04, 227.88, 227.77, 227.83], "Current": [0.17, 0.17, 0.17, 0.18, 0.17, 0.17, 0.18, 0.17, 0.18, 0.17, 0.17, 0.18, 0.17, 0.17, 0.17, 0.17, 0.17, 0.17, 0.17, 0.17, 0.17, 0.17, 0.17, 0.17, 0.17, 0.17, 0.17, 0.18, 0.17, 0.17, 0.18, 0.17, 0.17, 0.17, 0.17, 0.17, 0.17, 0.17, 0.18, 0.17, 0.17, 0.17, 0.17, 0.17, 0.17], "Real_Power": [26.14, 26.08, 26.05, 26.45, 25.98, 26.21, 26.25, 26.01, 26.17, 26.12, 26.1, 26.43, 25.98, 26.18, 26.29, 26.03, 26.29, 26.09, 26.08, 26.23, 26.05, 26.13, 26.17, 25.99, 26.09, 26.07, 26.08, 26.3, 26.06, 26.04, 26.22, 25.99, 26.21, 26.15, 26.1, 26.2, 26.0, 26.08, 26.25, 26.03, 26.15, 26.06, 26.03, 26.26, 25.93], "Apparent_Power": [38.76, 38.74, 38.73, 41.01, 38.73, 38.73, 40.99, 38.72, 41.0, 38.74, 38.74, 41.03, 38.75, 38.73, 38.74, 38.75, 38.75, 38.74, 38.73, 38.73, 38.73, 38.72, 38.71, 38.74, 38.73, 38.73, 38.73, 41.0, 38.73, 38.73, 40.98, 38.71, 38.73, 38.74, 38.74, 38.76, 38.73, 38.73, 41.03, 38.73, 38.74, 38.76, 38.73, 38.72, 38.73], "Apparent_Power_Reactive": [28.61, 28.64, 28.66, 31.34, 28.72, 28.51, 31.48, 28.68, 31.56, 28.61, 28.62, 31.38, 28.75, 28.54, 28.45, 28.7, 28.46, 28.63, 28.63, 28.49, 28.66, 28.57, 28.52, 28.72, 28.62, 28.64, 28.63, 31.45, 28.65, 28.66, 31.49, 28.68, 28.51, 28.58, 28.62, 28.56, 28.7, 28.63, 31.53, 28.67, 28.58, 28.69, 28.67, 28.45, 28.76], "Power_Factor": [0.674, 0.673, 0.672, 0.644, 0.67, 0.676, 0.64, 0.671, 0.638, 0.674, 0.673, 0.644, 0.67, 0.675, 0.678, 0.671, 0.678, 0.673, 0.673, 0.677, 0.672, 0.674, 0.676, 0.67, 0.673, 0.673, 0.673, 0.641, 0.672, 0.672, 0.639, 0.671, 0.676, 0.675, 0.673, 0.675, 0.671, 0.673, 0.639, 0.672, 0.675, 0.672, 0.672, 0.678, 0.669], "Energy": [0.01, 0.02, 0.04, 0.05, 0.07, 0.08, 0.1, 0.11, 0.13, 0.14, 0.16, 0.17, 0.19, 0.2, 0.22, 0.23, 0.24, 0.26, 0.27, 0.29, 0.3, 0.32, 0.33, 0.35, 0.36, 0.38, 0.39, 0.41, 0.42, 0.44, 0.45, 0.47, 0.48, 0.49, 0.51, 0.52, 0.54, 0.55, 0.57, 0.58, 0.6, 0.61, 0.63, 0.64, 0.66], "Frequency": [49.39, 49.39, 49.39, 49.4, 49.4, 49.4, 49.41, 49.41, 49.41, 49.41, 49.41, 49.41, 49.4, 49.4, 49.4, 49.4, 49.4, 49.4, 49.42, 49.42, 49.42, 49.4, 49.4, 49.4, 49.39, 49.39, 49.39, 49.39, 49.39, 49.39, 49.38, 49.38, 49.38, 49.39, 49.39, 49.39, 49.4, 49.4, 49.4, 49.42, 49.42, 49.42, 49.43, 49.43, 49.43], "Temp_env": []}