{"Start_Time": [1755388359.586404], "Time": [1755388361.5888202, 1755388363.591095, 1755388365.5938203, 1755388367.5960546, 1755388369.598762, 1755388371.601144, 1755388373.6038675, 1755388375.6061714, 1755388377.6083055, 1755388379.6110451, 1755388381.6133184, 1755388383.6154473, 1755388385.6179557, 1755388387.620306, 1755388389.623007, 1755388391.6254766, 1755388393.62817, 1755388395.6303136, 1755388397.6323824, 1755388399.6345158, 1755388401.6372352, 1755388403.639542, 1755388405.6422973, 1755388407.644606, 1755388409.6473265, 1755388411.6496515, 1755388413.652349, 1755388415.6546705, 1755388417.6573522, 1755388419.659656, 1755388421.6623986, 1755388423.6647217, 1755388425.6674542, 1755388427.6697748, 1755388429.6719275, 1755388431.6745644, 1755388433.6768165, 1755388435.679568, 1755388437.68191, 1755388439.684593, 1755388441.686877, 1755388443.6890306, 1755388445.6917179, 1755388447.6941028, 1755388449.696292], "Voltage": [230.97, 230.97, 230.97, 231.07, 231.02, 230.92, 231.02, 230.92, 230.81, 230.81, 230.97, 230.97, 230.97, 230.86, 230.92, 230.97, 230.81, 230.92, 230.86, 230.76, 230.86, 230.92, 230.86, 230.86, 230.92, 230.97, 230.86, 230.92, 230.92, 230.97, 230.81, 230.92, 230.92, 230.97, 230.97, 230.86, 231.02, 230.92, 230.81, 231.02, 230.81, 230.86, 230.81, 230.92, 230.97], "Current": [0.17, 0.17, 0.17, 0.17, 0.17, 0.17, 0.17, 0.17, 0.17, 0.17, 0.17, 0.17, 0.17, 0.17, 0.17, 0.17, 0.17, 0.17, 0.17, 0.17, 0.17, 0.17, 0.17, 0.17, 0.17, 0.17, 0.17, 0.17, 0.17, 0.17, 0.17, 0.17, 0.17, 0.17, 0.17, 0.17, 0.17, 0.17, 0.17, 0.17, 0.17, 0.17, 0.17, 0.17, 0.17], "Real_Power": [26.25, 26.24, 26.38, 26.12, 26.33, 26.19, 26.21, 26.41, 26.19, 26.24, 26.29, 26.16, 26.32, 26.2, 26.17, 26.35, 26.09, 26.22, 26.24, 26.13, 26.34, 26.06, 26.22, 26.34, 26.2, 26.31, 26.31, 26.14, 26.32, 26.32, 26.17, 26.33, 26.14, 26.31, 26.15, 26.23, 26.42, 26.17, 26.2, 26.2, 26.14, 26.35, 26.16, 26.3, 26.34], "Apparent_Power": [39.26, 39.26, 39.26, 39.28, 39.27, 39.25, 39.27, 39.25, 39.23, 39.23, 39.26, 39.26, 39.26, 39.24, 39.25, 39.26, 39.23, 39.25, 39.24, 39.22, 39.24, 39.25, 39.24, 39.24, 39.25, 39.26, 39.24, 39.25, 39.25, 39.26, 39.23, 39.25, 39.25, 39.26, 39.26, 39.24, 39.27, 39.25, 39.23, 39.27, 39.23, 39.24, 39.23, 39.25, 39.26], "Apparent_Power_Reactive": [29.19, 29.2, 29.07, 29.33, 29.13, 29.23, 29.24, 29.03, 29.2, 29.16, 29.15, 29.27, 29.13, 29.21, 29.25, 29.1, 29.29, 29.2, 29.17, 29.24, 29.08, 29.35, 29.19, 29.08, 29.22, 29.13, 29.11, 29.27, 29.11, 29.13, 29.22, 29.1, 29.27, 29.13, 29.28, 29.18, 29.05, 29.25, 29.19, 29.25, 29.25, 29.07, 29.23, 29.13, 29.11], "Power_Factor": [0.668, 0.668, 0.671, 0.664, 0.67, 0.667, 0.667, 0.672, 0.667, 0.668, 0.669, 0.666, 0.67, 0.667, 0.666, 0.671, 0.665, 0.668, 0.668, 0.666, 0.671, 0.663, 0.668, 0.671, 0.667, 0.67, 0.67, 0.665, 0.67, 0.67, 0.667, 0.67, 0.665, 0.67, 0.666, 0.668, 0.672, 0.666, 0.667, 0.667, 0.666, 0.671, 0.666, 0.67, 0.67], "Energy": [0.01, 0.03, 0.04, 0.06, 0.07, 0.08, 0.1, 0.11, 0.13, 0.14, 0.16, 0.17, 0.19, 0.2, 0.22, 0.23, 0.25, 0.26, 0.28, 0.29, 0.31, 0.32, 0.34, 0.35, 0.37, 0.38, 0.39, 0.41, 0.42, 0.44, 0.45, 0.47, 0.48, 0.5, 0.51, 0.53, 0.54, 0.56, 0.57, 0.59, 0.6, 0.62, 0.63, 0.65, 0.66], "Frequency": [49.42, 49.42, 49.42, 49.43, 49.43, 49.43, 49.43, 49.43, 49.43, 49.43, 49.43, 49.43, 49.42, 49.42, 49.42, 49.43, 49.43, 49.43, 49.42, 49.42, 49.42, 49.43, 49.43, 49.43, 49.43, 49.43, 49.43, 49.43, 49.43, 49.43, 49.41, 49.41, 49.41, 49.42, 49.42, 49.42, 49.41, 49.41, 49.41, 49.41, 49.41, 49.41, 49.41, 49.41, 49.41], "Temp_env": []}