{"Start_Time": [1755221525.0932891], "Time": [1755221527.095607, 1755221529.0984144, 1755221531.100798, 1755221533.1034184, 1755221535.1057773, 1755221537.1085062, 1755221539.1158082, 1755221541.1185076, 1755221543.1208937, 1755221545.1285458, 1755221547.1309028, 1755221549.1336038, 1755221551.1359544, 1755221553.1379085, 1755221555.1399922, 1755221557.1421514, 1755221559.144874, 1755221561.147071, 1755221563.1492019, 1755221565.1521015, 1755221567.1542652, 1755221569.162118, 1755221571.1641312, 1755221573.1669502, 1755221575.169257, 1755221577.172198, 1755221579.1743314, 1755221581.1770668, 1755221583.179423, 1755221585.1823301, 1755221587.190082, 1755221589.1925366, 1755221591.1951, 1755221593.1974676, 1755221595.2001925, 1755221597.2026372, 1755221599.2053983, 1755221601.2075245, 1755221603.2103994, 1755221605.212841, 1755221607.2153902, 1755221609.222864, 1755221611.2254229, 1755221613.2277722, 1755221615.2304988], "Voltage": [231.02, 230.97, 230.76, 230.92, 230.92, 231.02, 230.97, 230.97, 230.92, 230.97, 230.86, 230.92, 230.97, 230.86, 230.92, 231.02, 230.97, 230.92, 230.92, 230.92, 231.02, 231.02, 231.02, 230.97, 230.97, 230.97, 230.97, 230.81, 230.86, 230.97, 230.97, 230.86, 230.86, 230.97, 230.92, 230.97, 230.97, 230.86, 230.92, 230.92, 230.92, 230.86, 230.76, 230.71, 230.92], "Current": [0.17, 0.17, 0.17, 0.17, 0.17, 0.17, 0.17, 0.17, 0.17, 0.17, 0.17, 0.17, 0.17, 0.17, 0.17, 0.17, 0.17, 0.17, 0.17, 0.17, 0.17, 0.17, 0.17, 0.17, 0.17, 0.17, 0.17, 0.17, 0.17, 0.17, 0.17, 0.17, 0.17, 0.17, 0.17, 0.17, 0.17, 0.17, 0.17, 0.17, 0.17, 0.17, 0.17, 0.17, 0.17], "Real_Power": [25.96, 25.89, 25.88, 26.14, 25.65, 25.85, 25.9, 25.82, 25.91, 26.11, 26.03, 25.87, 26.06, 26.01, 25.85, 26.12, 25.83, 25.89, 26.1, 25.85, 26.19, 25.89, 26.09, 26.06, 25.89, 25.96, 26.03, 25.83, 26.07, 26.01, 25.88, 26.15, 25.86, 25.98, 26.14, 25.83, 25.98, 26.04, 25.89, 26.15, 26.02, 25.94, 26.01, 25.94, 26.02], "Apparent_Power": [39.27, 39.26, 39.22, 39.25, 39.25, 39.27, 39.26, 39.26, 39.25, 39.26, 39.24, 39.25, 39.26, 39.24, 39.25, 39.27, 39.26, 39.25, 39.25, 39.25, 39.27, 39.27, 39.27, 39.26, 39.26, 39.26, 39.26, 39.23, 39.24, 39.26, 39.26, 39.24, 39.24, 39.26, 39.25, 39.26, 39.26, 39.24, 39.25, 39.25, 39.25, 39.24, 39.22, 39.22, 39.25], "Apparent_Power_Reactive": [29.46, 29.51, 29.46, 29.27, 29.7, 29.56, 29.5, 29.57, 29.48, 29.31, 29.36, 29.51, 29.36, 29.38, 29.53, 29.32, 29.56, 29.5, 29.31, 29.53, 29.26, 29.52, 29.35, 29.36, 29.51, 29.45, 29.39, 29.52, 29.32, 29.4, 29.52, 29.25, 29.51, 29.43, 29.27, 29.56, 29.43, 29.35, 29.5, 29.27, 29.38, 29.44, 29.35, 29.41, 29.38], "Power_Factor": [0.661, 0.659, 0.659, 0.665, 0.653, 0.658, 0.659, 0.657, 0.66, 0.665, 0.663, 0.659, 0.663, 0.662, 0.658, 0.665, 0.657, 0.659, 0.664, 0.658, 0.666, 0.659, 0.664, 0.663, 0.659, 0.661, 0.663, 0.658, 0.664, 0.662, 0.659, 0.666, 0.659, 0.661, 0.665, 0.657, 0.661, 0.663, 0.659, 0.666, 0.662, 0.661, 0.663, 0.661, 0.662], "Energy": [0.01, 0.02, 0.04, 0.05, 0.07, 0.08, 0.1, 0.11, 0.13, 0.14, 0.16, 0.17, 0.19, 0.2, 0.22, 0.23, 0.24, 0.26, 0.27, 0.29, 0.3, 0.32, 0.33, 0.35, 0.36, 0.38, 0.39, 0.41, 0.42, 0.43, 0.45, 0.46, 0.48, 0.49, 0.51, 0.52, 0.54, 0.55, 0.57, 0.58, 0.59, 0.61, 0.62, 0.64, 0.65], "Frequency": [49.42, 49.41, 49.41, 49.41, 49.4, 49.4, 49.4, 49.41, 49.41, 49.41, 49.41, 49.41, 49.41, 49.42, 49.42, 49.42, 49.42, 49.42, 49.42, 49.42, 49.42, 49.42, 49.42, 49.42, 49.42, 49.41, 49.41, 49.41, 49.41, 49.41, 49.41, 49.4, 49.4, 49.4, 49.4, 49.4, 49.4, 49.41, 49.41, 49.41, 49.4, 49.4, 49.4, 49.4, 49.4], "Temp_env": []}