{"Start_Time": [1755499730.877986], "Time": [1755499732.8799515, 1755499734.8825788, 1755499736.8850174, 1755499738.892733, 1755499740.8951442, 1755499742.8977, 1755499744.9051924, 1755499746.9077568, 1755499748.9100268, 1755499750.9178727, 1755499752.9200087, 1755499754.9220657, 1755499756.9299288, 1755499758.9320757, 1755499760.9341414, 1755499762.9419973, 1755499764.944292, 1755499766.946978, 1755499768.9542685, 1755499770.9570208, 1755499772.9592493, 1755499774.9670558, 1755499776.9693575, 1755499778.972037, 1755499780.9743278, 1755499782.9764907, 1755499784.9791915, 1755499786.9864328, 1755499788.989111, 1755499790.9914763, 1755499792.9942913, 1755499794.9964554, 1755499796.9984999, 1755499799.0057943, 1755499801.0083609, 1755499803.0105948, 1755499805.0133104, 1755499807.015872, 1755499809.0184507, 1755499811.0259097, 1755499813.0284796, 1755499815.0307972, 1755499817.0384388, 1755499819.0407739, 1755499821.0434537], "Voltage": [230.6, 230.5, 230.55, 230.45, 230.5, 230.5, 230.6, 230.5, 230.6, 230.45, 230.45, 230.55, 230.5, 230.39, 230.39, 230.45, 230.5, 230.24, 230.08, 229.19, 229.29, 229.19, 229.14, 229.08, 228.93, 228.98, 229.08, 229.03, 229.08, 228.87, 228.82, 228.82, 228.98, 229.08, 229.03, 229.08, 228.93, 229.03, 229.08, 228.77, 228.87, 228.82, 228.98, 228.87, 228.93], "Current": [0.17, 0.17, 0.17, 0.17, 0.17, 0.17, 0.17, 0.17, 0.17, 0.17, 0.17, 0.17, 0.17, 0.17, 0.17, 0.17, 0.17, 0.17, 0.17, 0.17, 0.17, 0.17, 0.17, 0.17, 0.17, 0.17, 0.17, 0.17, 0.17, 0.17, 0.17, 0.17, 0.17, 0.17, 0.17, 0.17, 0.17, 0.17, 0.17, 0.17, 0.17, 0.17, 0.17, 0.17, 0.17], "Real_Power": [26.15, 26.29, 26.46, 26.25, 26.32, 26.29, 26.18, 26.45, 26.24, 26.32, 26.26, 26.26, 26.5, 26.36, 26.16, 26.35, 26.23, 26.34, 26.4, 26.2, 26.26, 26.27, 26.12, 26.27, 26.31, 26.26, 26.37, 26.16, 26.29, 26.23, 26.28, 26.22, 26.26, 26.31, 26.28, 26.22, 26.3, 26.32, 26.14, 26.27, 26.19, 26.12, 26.26, 26.35, 26.23], "Apparent_Power": [39.2, 39.18, 39.19, 39.17, 39.18, 39.18, 39.2, 39.18, 39.2, 39.17, 39.17, 39.19, 39.18, 39.16, 39.16, 39.17, 39.18, 39.14, 39.11, 38.96, 38.97, 38.96, 38.95, 38.94, 38.91, 38.92, 38.94, 38.93, 38.94, 38.9, 38.89, 38.89, 38.92, 38.94, 38.93, 38.94, 38.91, 38.93, 38.94, 38.89, 38.9, 38.89, 38.92, 38.9, 38.91], "Apparent_Power_Reactive": [29.2, 29.05, 28.9, 29.07, 29.02, 29.05, 29.17, 28.9, 29.12, 29.0, 29.06, 29.09, 28.85, 28.95, 29.14, 28.98, 29.1, 28.95, 28.85, 28.83, 28.79, 28.77, 28.89, 28.74, 28.66, 28.72, 28.65, 28.83, 28.72, 28.72, 28.66, 28.72, 28.72, 28.7, 28.72, 28.78, 28.67, 28.68, 28.86, 28.67, 28.76, 28.81, 28.72, 28.61, 28.73], "Power_Factor": [0.667, 0.671, 0.675, 0.67, 0.671, 0.671, 0.667, 0.675, 0.669, 0.671, 0.67, 0.67, 0.676, 0.673, 0.668, 0.672, 0.669, 0.672, 0.675, 0.672, 0.673, 0.674, 0.67, 0.674, 0.676, 0.674, 0.677, 0.671, 0.675, 0.674, 0.675, 0.674, 0.674, 0.675, 0.675, 0.673, 0.675, 0.676, 0.671, 0.675, 0.673, 0.671, 0.674, 0.677, 0.674], "Energy": [0.01, 0.02, 0.04, 0.05, 0.07, 0.08, 0.1, 0.11, 0.13, 0.14, 0.16, 0.17, 0.19, 0.2, 0.22, 0.23, 0.25, 0.26, 0.28, 0.29, 0.31, 0.32, 0.33, 0.35, 0.36, 0.38, 0.39, 0.41, 0.42, 0.44, 0.45, 0.47, 0.48, 0.5, 0.51, 0.53, 0.54, 0.56, 0.57, 0.59, 0.6, 0.62, 0.63, 0.64, 0.66], "Frequency": [49.39, 49.39, 49.39, 49.39, 49.39, 49.39, 49.38, 49.38, 49.38, 49.39, 49.39, 49.39, 49.39, 49.39, 49.39, 49.39, 49.39, 49.39, 49.39, 49.39, 49.39, 49.38, 49.38, 49.38, 49.37, 49.37, 49.37, 49.38, 49.38, 49.38, 49.38, 49.38, 49.38, 49.39, 49.39, 49.39, 49.39, 49.39, 49.39, 49.38, 49.38, 49.38, 49.38, 49.38, 49.38], "Temp_env": []}