{"Start_Time": [1755388993.2331173], "Time": [1755388995.2355182, 1755388997.2381954, 1755388999.2405255, 1755389001.2426822, 1755389003.245166, 1755389005.2475407, 1755389007.24972, 1755389009.2525673, 1755389011.25537, 1755389013.257722, 1755389015.260366, 1755389017.2678516, 1755389019.2704897, 1755389021.2729461, 1755389023.2754445, 1755389025.2778196, 1755389027.2804985, 1755389029.2829983, 1755389031.285663, 1755389033.28783, 1755389035.2956107, 1755389037.29802, 1755389039.3007283, 1755389041.3031325, 1755389043.305645, 1755389045.3079946, 1755389047.3107095, 1755389049.313116, 1755389051.3158622, 1755389053.3181374, 1755389055.3208768, 1755389057.3233938, 1755389059.3310277, 1755389061.3333552, 1755389063.336034, 1755389065.338239, 1755389067.3409867, 1755389069.3435323, 1755389071.345969, 1755389073.34833, 1755389075.3511007, 1755389077.3536618, 1755389079.3560474, 1755389081.3584278, 1755389083.3611183], "Voltage": [230.55, 230.5, 230.45, 230.5, 230.55, 230.5, 230.45, 230.5, 230.66, 230.5, 230.6, 230.66, 230.66, 230.6, 230.6, 230.6, 230.55, 230.55, 230.6, 230.6, 230.66, 230.55, 230.55, 230.45, 230.45, 230.45, 230.55, 230.5, 230.55, 230.55, 230.55, 230.55, 230.6, 230.55, 230.45, 230.45, 230.55, 230.5, 230.55, 230.55, 230.55, 230.55, 230.6, 230.55, 230.6], "Current": [0.17, 0.17, 0.17, 0.17, 0.17, 0.17, 0.17, 0.17, 0.17, 0.17, 0.17, 0.17, 0.17, 0.17, 0.17, 0.17, 0.17, 0.17, 0.17, 0.17, 0.17, 0.17, 0.17, 0.17, 0.17, 0.17, 0.17, 0.17, 0.17, 0.17, 0.17, 0.17, 0.17, 0.17, 0.17, 0.17, 0.17, 0.17, 0.17, 0.17, 0.17, 0.17, 0.17, 0.17, 0.17], "Real_Power": [26.32, 26.1, 26.29, 26.31, 26.22, 26.44, 26.19, 26.24, 26.37, 26.08, 26.37, 26.46, 26.17, 26.4, 26.15, 26.28, 26.35, 26.09, 26.3, 26.35, 26.07, 26.38, 26.24, 26.12, 26.38, 26.23, 26.33, 26.42, 26.27, 26.26, 26.3, 26.13, 26.36, 26.21, 26.36, 26.42, 26.19, 26.29, 26.44, 26.0, 26.26, 26.25, 26.09, 26.38, 26.31], "Apparent_Power": [39.19, 39.18, 39.17, 39.18, 39.19, 39.18, 39.17, 39.18, 39.21, 39.18, 39.2, 39.21, 39.21, 39.2, 39.2, 39.2, 39.19, 39.19, 39.2, 39.2, 39.21, 39.19, 39.19, 39.17, 39.17, 39.17, 39.19, 39.18, 39.19, 39.19, 39.19, 39.19, 39.2, 39.19, 39.17, 39.17, 39.19, 39.18, 39.19, 39.19, 39.19, 39.19, 39.2, 39.19, 39.2], "Apparent_Power_Reactive": [29.03, 29.22, 29.03, 29.03, 29.12, 28.91, 29.12, 29.09, 29.01, 29.23, 29.0, 28.93, 29.19, 28.97, 29.2, 29.08, 29.0, 29.24, 29.06, 29.02, 29.28, 28.98, 29.1, 29.18, 28.95, 29.09, 29.02, 28.93, 29.08, 29.09, 29.05, 29.2, 29.01, 29.13, 28.97, 28.91, 29.15, 29.05, 28.92, 29.32, 29.09, 29.09, 29.25, 28.98, 29.05], "Power_Factor": [0.671, 0.666, 0.671, 0.671, 0.669, 0.674, 0.668, 0.669, 0.672, 0.665, 0.672, 0.674, 0.667, 0.673, 0.667, 0.67, 0.672, 0.665, 0.67, 0.672, 0.664, 0.673, 0.669, 0.666, 0.673, 0.669, 0.671, 0.674, 0.67, 0.67, 0.671, 0.666, 0.672, 0.668, 0.672, 0.674, 0.668, 0.671, 0.674, 0.663, 0.67, 0.669, 0.665, 0.673, 0.671], "Energy": [0.01, 0.02, 0.04, 0.05, 0.07, 0.08, 0.1, 0.11, 0.13, 0.14, 0.16, 0.17, 0.19, 0.2, 0.22, 0.23, 0.25, 0.26, 0.28, 0.29, 0.31, 0.32, 0.34, 0.35, 0.36, 0.38, 0.39, 0.41, 0.42, 0.44, 0.45, 0.47, 0.48, 0.5, 0.51, 0.53, 0.54, 0.56, 0.57, 0.59, 0.6, 0.62, 0.63, 0.65, 0.66], "Frequency": [49.36, 49.38, 49.38, 49.38, 49.36, 49.36, 49.36, 49.37, 49.37, 49.37, 49.36, 49.36, 49.36, 49.37, 49.37, 49.37, 49.37, 49.37, 49.37, 49.35, 49.35, 49.35, 49.36, 49.36, 49.36, 49.35, 49.35, 49.35, 49.36, 49.36, 49.36, 49.35, 49.35, 49.35, 49.36, 49.36, 49.36, 49.37, 49.37, 49.37, 49.37, 49.37, 49.37, 49.38, 49.38], "Temp_env": []}