{"Start_Time": [1755712124.6561887], "Time": [1755712126.6589284, 1755712128.661237, 1755712130.6633143, 1755712132.665941, 1755712134.6682298, 1755712136.6709828, 1755712138.6734123, 1755712140.6761265, 1755712142.6783898, 1755712144.6810973, 1755712146.683537, 1755712148.686103, 1755712150.688352, 1755712152.69117, 1755712154.6935236, 1755712156.6962729, 1755712158.6984072, 1755712160.7005305, 1755712162.7034078, 1755712164.7054462, 1755712166.7076154, 1755712168.710351, 1755712170.7126696, 1755712172.7153723, 1755712174.7176752, 1755712176.720401, 1755712178.7227006, 1755712180.725438, 1755712182.7277443, 1755712184.730481, 1755712186.7328095, 1755712188.7355227, 1755712190.7377746, 1755712192.740559, 1755712194.7428353, 1755712196.74545, 1755712198.7478013, 1755712200.7505531, 1755712202.752872, 1755712204.7555587, 1755712206.7579136, 1755712208.7606108, 1755712210.7629657, 1755712212.7656476, 1755712214.7679791], "Voltage": [227.14, 227.14, 227.09, 227.14, 227.2, 227.25, 227.3, 227.35, 227.35, 227.35, 227.3, 227.41, 227.25, 227.3, 227.25, 227.35, 227.25, 227.25, 227.3, 227.35, 227.2, 227.3, 227.25, 227.2, 227.3, 227.25, 227.35, 227.3, 227.2, 227.09, 227.35, 227.25, 227.41, 227.3, 227.14, 227.41, 227.3, 227.2, 227.04, 227.25, 227.25, 227.2, 227.25, 227.09, 227.35], "Current": [0.18, 0.17, 0.17, 0.18, 0.17, 0.18, 0.17, 0.17, 0.18, 0.17, 0.18, 0.18, 0.17, 0.18, 0.17, 0.17, 0.18, 0.17, 0.18, 0.18, 0.17, 0.18, 0.18, 0.18, 0.18, 0.17, 0.18, 0.18, 0.17, 0.18, 0.17, 0.17, 0.18, 0.17, 0.18, 0.18, 0.17, 0.18, 0.17, 0.17, 0.18, 0.17, 0.18, 0.18, 0.17], "Real_Power": [26.29, 25.92, 25.94, 26.37, 25.99, 26.24, 26.05, 26.02, 26.21, 25.98, 26.11, 26.21, 25.92, 26.17, 26.01, 26.07, 26.28, 25.85, 26.16, 26.12, 25.96, 26.25, 26.04, 26.06, 26.21, 25.97, 26.09, 26.14, 25.96, 26.19, 26.0, 26.1, 26.24, 25.89, 26.16, 26.16, 25.92, 26.29, 26.0, 26.05, 26.21, 26.0, 26.11, 26.26, 26.0], "Apparent_Power": [40.88, 38.61, 38.6, 40.88, 38.62, 40.9, 38.64, 38.64, 40.92, 38.64, 40.91, 40.93, 38.63, 40.91, 38.63, 38.64, 40.9, 38.63, 40.91, 40.92, 38.62, 40.91, 40.9, 40.89, 40.91, 38.63, 40.92, 40.91, 38.62, 40.87, 38.64, 38.63, 40.93, 38.64, 40.88, 40.93, 38.64, 40.89, 38.59, 38.63, 40.9, 38.62, 40.9, 40.87, 38.64], "Apparent_Power_Reactive": [31.3, 28.61, 28.58, 31.23, 28.56, 31.37, 28.53, 28.56, 31.42, 28.6, 31.49, 31.43, 28.64, 31.44, 28.56, 28.52, 31.33, 28.7, 31.45, 31.49, 28.59, 31.37, 31.53, 31.5, 31.41, 28.59, 31.52, 31.46, 28.59, 31.37, 28.58, 28.47, 31.41, 28.68, 31.41, 31.47, 28.65, 31.31, 28.51, 28.52, 31.39, 28.55, 31.48, 31.31, 28.58], "Power_Factor": [0.643, 0.671, 0.672, 0.645, 0.672, 0.641, 0.674, 0.673, 0.64, 0.672, 0.638, 0.64, 0.67, 0.639, 0.673, 0.674, 0.642, 0.669, 0.639, 0.638, 0.672, 0.641, 0.636, 0.637, 0.64, 0.672, 0.637, 0.638, 0.672, 0.64, 0.672, 0.675, 0.641, 0.67, 0.639, 0.639, 0.67, 0.642, 0.673, 0.674, 0.64, 0.673, 0.638, 0.642, 0.672], "Energy": [0.01, 0.02, 0.04, 0.05, 0.07, 0.08, 0.1, 0.11, 0.13, 0.14, 0.16, 0.17, 0.19, 0.2, 0.21, 0.23, 0.24, 0.26, 0.27, 0.29, 0.3, 0.32, 0.33, 0.35, 0.36, 0.38, 0.39, 0.41, 0.42, 0.43, 0.45, 0.46, 0.48, 0.49, 0.51, 0.52, 0.54, 0.55, 0.57, 0.58, 0.6, 0.61, 0.63, 0.64, 0.65], "Frequency": [49.43, 49.43, 49.41, 49.41, 49.41, 49.42, 49.42, 49.42, 49.43, 49.43, 49.43, 49.43, 49.43, 49.43, 49.43, 49.43, 49.43, 49.43, 49.43, 49.43, 49.43, 49.43, 49.43, 49.43, 49.43, 49.43, 49.43, 49.43, 49.43, 49.42, 49.42, 49.42, 49.42, 49.42, 49.42, 49.43, 49.43, 49.43, 49.41, 49.41, 49.41, 49.39, 49.39, 49.39, 49.4], "Temp_env": []}