{"Start_Time": [1755687302.2992132], "Time": [1755687304.3014824, 1755687306.303581, 1755687308.3057752, 1755687310.308461, 1755687312.310811, 1755687314.3135006, 1755687316.3158255, 1755687318.3178277, 1755687320.3199832, 1755687322.3224907, 1755687324.324839, 1755687326.3275573, 1755687328.3300529, 1755687330.3325562, 1755687332.3349032, 1755687334.3375754, 1755687336.340102, 1755687338.3426003, 1755687340.3450024, 1755687342.3476772, 1755687344.3502028, 1755687346.352708, 1755687348.3550181, 1755687350.3572044, 1755687352.3600235, 1755687354.3620925, 1755687356.3648112, 1755687358.367239, 1755687360.3701048, 1755687362.372193, 1755687364.3749535, 1755687366.377322, 1755687368.3802142, 1755687370.3822372, 1755687372.384264, 1755687374.3864198, 1755687376.389109, 1755687378.3914108, 1755687380.3941443, 1755687382.396482, 1755687384.399198, 1755687386.4014738, 1755687388.4041467, 1755687390.4065526, 1755687392.409254], "Voltage": [228.51, 228.66, 228.45, 228.04, 228.51, 228.3, 228.35, 228.45, 228.4, 228.24, 228.3, 228.66, 228.4, 228.19, 228.09, 228.72, 228.98, 228.93, 228.82, 228.87, 228.98, 229.14, 229.14, 228.93, 229.14, 229.14, 229.19, 229.19, 229.14, 228.98, 229.03, 229.29, 228.98, 229.14, 229.08, 229.19, 229.08, 228.98, 229.08, 229.08, 229.29, 229.4, 229.19, 229.19, 229.24], "Current": [0.17, 0.17, 0.17, 0.17, 0.17, 0.17, 0.17, 0.17, 0.17, 0.17, 0.17, 0.17, 0.17, 0.17, 0.17, 0.17, 0.17, 0.17, 0.17, 0.17, 0.17, 0.17, 0.17, 0.17, 0.17, 0.17, 0.17, 0.17, 0.17, 0.17, 0.17, 0.17, 0.17, 0.17, 0.17, 0.17, 0.17, 0.17, 0.17, 0.17, 0.17, 0.17, 0.17, 0.17, 0.17], "Real_Power": [26.35, 26.09, 26.23, 26.27, 26.25, 26.37, 26.14, 26.27, 26.39, 26.2, 26.41, 26.14, 26.32, 26.39, 26.08, 26.34, 26.23, 26.3, 26.41, 26.11, 26.18, 26.44, 26.14, 26.31, 26.21, 26.2, 26.3, 26.22, 26.29, 26.36, 26.07, 26.38, 26.26, 26.26, 26.38, 26.1, 26.46, 26.25, 26.23, 26.43, 26.14, 26.47, 26.32, 26.14, 26.52], "Apparent_Power": [38.84, 38.87, 38.83, 38.76, 38.84, 38.81, 38.81, 38.83, 38.82, 38.8, 38.81, 38.87, 38.82, 38.79, 38.77, 38.88, 38.92, 38.91, 38.89, 38.9, 38.92, 38.95, 38.95, 38.91, 38.95, 38.95, 38.96, 38.96, 38.95, 38.92, 38.93, 38.97, 38.92, 38.95, 38.94, 38.96, 38.94, 38.92, 38.94, 38.94, 38.97, 38.99, 38.96, 38.96, 38.97], "Apparent_Power_Reactive": [28.53, 28.81, 28.63, 28.49, 28.62, 28.47, 28.68, 28.59, 28.47, 28.61, 28.43, 28.76, 28.53, 28.42, 28.68, 28.59, 28.75, 28.67, 28.54, 28.83, 28.79, 28.6, 28.87, 28.66, 28.81, 28.82, 28.74, 28.81, 28.73, 28.63, 28.91, 28.68, 28.72, 28.76, 28.64, 28.92, 28.56, 28.73, 28.78, 28.59, 28.9, 28.62, 28.72, 28.88, 28.55], "Power_Factor": [0.678, 0.671, 0.675, 0.677, 0.675, 0.679, 0.673, 0.676, 0.679, 0.675, 0.68, 0.672, 0.678, 0.68, 0.672, 0.677, 0.673, 0.675, 0.679, 0.671, 0.672, 0.678, 0.671, 0.676, 0.672, 0.672, 0.675, 0.672, 0.674, 0.677, 0.669, 0.676, 0.674, 0.674, 0.677, 0.669, 0.679, 0.674, 0.673, 0.678, 0.67, 0.678, 0.675, 0.67, 0.68], "Energy": [0.01, 0.02, 0.04, 0.05, 0.07, 0.08, 0.1, 0.11, 0.13, 0.14, 0.16, 0.17, 0.19, 0.2, 0.22, 0.23, 0.25, 0.26, 0.28, 0.29, 0.31, 0.32, 0.33, 0.35, 0.36, 0.38, 0.39, 0.41, 0.42, 0.44, 0.45, 0.47, 0.48, 0.5, 0.51, 0.53, 0.54, 0.56, 0.57, 0.59, 0.6, 0.62, 0.63, 0.64, 0.66], "Frequency": [49.43, 49.43, 49.43, 49.43, 49.43, 49.43, 49.43, 49.44, 49.44, 49.44, 49.43, 49.43, 49.43, 49.43, 49.43, 49.43, 49.42, 49.42, 49.42, 49.43, 49.43, 49.43, 49.43, 49.43, 49.43, 49.43, 49.43, 49.43, 49.43, 49.43, 49.43, 49.43, 49.43, 49.43, 49.43, 49.43, 49.43, 49.43, 49.43, 49.43, 49.43, 49.43, 49.43, 49.44, 49.44], "Temp_env": []}