{"Start_Time": [1755515102.9258187], "Time": [1755515104.9281554, 1755515106.9303913, 1755515108.93812, 1755515110.9403894, 1755515112.9431431, 1755515114.9503624, 1755515116.9524546, 1755515118.9551706, 1755515120.9575055, 1755515122.9596145, 1755515124.9622695, 1755515126.969776, 1755515128.972262, 1755515130.9745224, 1755515132.982347, 1755515134.9846275, 1755515136.987353, 1755515138.9953487, 1755515140.9975152, 1755515142.9998357, 1755515145.0074387, 1755515147.0097685, 1755515149.012301, 1755515151.0197206, 1755515153.0224774, 1755515155.0245795, 1755515157.0323334, 1755515159.0347123, 1755515161.0373743, 1755515163.039834, 1755515165.0424967, 1755515167.0446608, 1755515169.052426, 1755515171.0547662, 1755515173.057426, 1755515175.0646722, 1755515177.0667326, 1755515179.0688503, 1755515181.076466, 1755515183.0788224, 1755515185.081537, 1755515187.0838768, 1755515189.0866673, 1755515191.0889142, 1755515193.0915892], "Voltage": [230.45, 230.55, 230.5, 230.5, 230.76, 230.6, 230.55, 230.55, 230.55, 230.39, 230.5, 230.39, 230.5, 230.5, 230.5, 230.6, 230.55, 231.7, 231.65, 231.7, 231.7, 231.65, 231.76, 231.7, 231.97, 231.91, 231.91, 231.97, 231.91, 231.76, 231.81, 231.91, 231.7, 231.81, 231.81, 231.91, 231.76, 231.65, 231.86, 231.76, 231.91, 232.02, 231.97, 232.07, 232.12], "Current": [0.17, 0.17, 0.17, 0.17, 0.17, 0.17, 0.17, 0.17, 0.17, 0.17, 0.17, 0.17, 0.17, 0.17, 0.17, 0.17, 0.17, 0.17, 0.17, 0.17, 0.17, 0.17, 0.17, 0.17, 0.17, 0.17, 0.17, 0.17, 0.17, 0.17, 0.17, 0.17, 0.17, 0.17, 0.17, 0.17, 0.17, 0.17, 0.17, 0.17, 0.17, 0.17, 0.17, 0.17, 0.17], "Real_Power": [25.93, 26.08, 25.99, 26.01, 26.02, 25.93, 26.06, 26.14, 26.04, 26.16, 25.86, 25.96, 26.25, 25.83, 26.15, 26.19, 26.12, 26.01, 26.12, 26.15, 25.95, 26.12, 26.12, 25.9, 26.29, 26.1, 26.02, 26.22, 25.97, 26.06, 26.16, 25.9, 26.19, 26.15, 25.96, 26.14, 25.95, 26.09, 26.08, 25.92, 26.15, 25.98, 26.05, 26.18, 25.93], "Apparent_Power": [39.17, 39.19, 39.18, 39.18, 39.22, 39.2, 39.19, 39.19, 39.19, 39.16, 39.18, 39.16, 39.18, 39.18, 39.18, 39.2, 39.19, 39.38, 39.38, 39.38, 39.38, 39.38, 39.39, 39.38, 39.43, 39.42, 39.42, 39.43, 39.42, 39.39, 39.4, 39.42, 39.38, 39.4, 39.4, 39.42, 39.39, 39.38, 39.41, 39.39, 39.42, 39.44, 39.43, 39.45, 39.46], "Apparent_Power_Reactive": [29.35, 29.25, 29.31, 29.3, 29.34, 29.39, 29.26, 29.19, 29.28, 29.14, 29.43, 29.31, 29.08, 29.45, 29.17, 29.16, 29.21, 29.56, 29.47, 29.44, 29.62, 29.47, 29.48, 29.66, 29.38, 29.54, 29.61, 29.44, 29.65, 29.53, 29.46, 29.71, 29.4, 29.47, 29.63, 29.5, 29.63, 29.49, 29.54, 29.66, 29.49, 29.67, 29.59, 29.51, 29.74], "Power_Factor": [0.661, 0.665, 0.663, 0.663, 0.663, 0.661, 0.664, 0.667, 0.664, 0.668, 0.66, 0.662, 0.669, 0.659, 0.667, 0.668, 0.666, 0.66, 0.663, 0.664, 0.658, 0.663, 0.663, 0.657, 0.666, 0.662, 0.66, 0.664, 0.658, 0.661, 0.663, 0.657, 0.665, 0.663, 0.658, 0.663, 0.658, 0.662, 0.661, 0.658, 0.663, 0.658, 0.66, 0.663, 0.657], "Energy": [0.01, 0.02, 0.04, 0.05, 0.07, 0.08, 0.1, 0.11, 0.13, 0.14, 0.16, 0.17, 0.19, 0.2, 0.21, 0.23, 0.25, 0.26, 0.27, 0.29, 0.3, 0.32, 0.33, 0.35, 0.36, 0.38, 0.39, 0.41, 0.42, 0.44, 0.45, 0.46, 0.48, 0.49, 0.51, 0.52, 0.54, 0.55, 0.57, 0.58, 0.6, 0.61, 0.63, 0.64, 0.66], "Frequency": [49.4, 49.4, 49.4, 49.39, 49.39, 49.39, 49.39, 49.39, 49.39, 49.39, 49.39, 49.39, 49.39, 49.39, 49.39, 49.39, 49.39, 49.39, 49.39, 49.39, 49.39, 49.39, 49.39, 49.39, 49.39, 49.39, 49.39, 49.39, 49.39, 49.39, 49.4, 49.4, 49.4, 49.4, 49.4, 49.4, 49.45, 49.45, 49.45, 49.45, 49.45, 49.45, 49.44, 49.44, 49.44], "Temp_env": []}