{"Start_Time": [1755588551.876935], "Time": [1755588553.8790908, 1755588555.8818614, 1755588557.8840275, 1755588559.8861544, 1755588561.8888416, 1755588563.891197, 1755588565.8938859, 1755588567.8961313, 1755588569.898208, 1755588571.905497, 1755588573.9080238, 1755588575.9103827, 1755588577.918018, 1755588579.920388, 1755588581.923092, 1755588583.9303493, 1755588585.9323618, 1755588587.9352553, 1755588589.9432373, 1755588591.9455533, 1755588593.9482496, 1755588595.9557204, 1755588597.9582202, 1755588599.960611, 1755588601.9682498, 1755588603.9706078, 1755588605.9733481, 1755588607.9806492, 1755588609.9833543, 1755588611.9858046, 1755588613.9883423, 1755588615.9906626, 1755588617.9927876, 1755588620.0003798, 1755588622.0034444, 1755588624.0058742, 1755588626.0135422, 1755588628.015861, 1755588630.0185874, 1755588632.02606, 1755588634.0285082, 1755588636.0309002, 1755588638.0335493, 1755588640.0359905, 1755588642.0387228], "Voltage": [228.61, 228.98, 228.77, 228.87, 228.93, 228.72, 228.66, 228.56, 228.66, 228.98, 228.56, 228.66, 228.66, 228.66, 228.98, 228.82, 229.24, 228.87, 228.77, 228.98, 228.72, 228.87, 228.72, 228.72, 228.77, 228.82, 228.87, 229.08, 228.98, 228.98, 229.14, 228.98, 229.14, 229.14, 229.19, 229.03, 228.98, 229.08, 229.08, 229.14, 229.08, 229.03, 229.19, 229.4, 229.14], "Current": [0.17, 0.17, 0.17, 0.17, 0.17, 0.17, 0.17, 0.17, 0.17, 0.17, 0.17, 0.17, 0.17, 0.17, 0.17, 0.17, 0.17, 0.17, 0.17, 0.17, 0.17, 0.17, 0.17, 0.17, 0.17, 0.17, 0.17, 0.17, 0.17, 0.17, 0.17, 0.17, 0.17, 0.17, 0.17, 0.17, 0.17, 0.17, 0.17, 0.17, 0.17, 0.17, 0.17, 0.17, 0.17], "Real_Power": [26.1, 25.98, 25.96, 26.14, 26.04, 25.85, 26.05, 25.96, 26.18, 26.12, 25.95, 26.04, 25.95, 26.03, 25.97, 25.9, 26.13, 26.05, 25.91, 26.14, 25.88, 25.98, 26.07, 25.9, 26.07, 26.11, 25.89, 26.05, 25.94, 25.98, 26.01, 25.87, 26.07, 26.03, 26.02, 25.89, 25.93, 26.08, 25.89, 26.04, 26.04, 26.0, 26.05, 26.08, 25.96], "Apparent_Power": [38.86, 38.92, 38.89, 38.9, 38.91, 38.88, 38.87, 38.85, 38.87, 38.92, 38.85, 38.87, 38.87, 38.87, 38.92, 38.89, 38.97, 38.9, 38.89, 38.92, 38.88, 38.9, 38.88, 38.88, 38.89, 38.89, 38.9, 38.94, 38.92, 38.92, 38.95, 38.92, 38.95, 38.95, 38.96, 38.93, 38.92, 38.94, 38.94, 38.95, 38.94, 38.93, 38.96, 38.99, 38.95], "Apparent_Power_Reactive": [28.79, 28.97, 28.95, 28.8, 28.91, 29.04, 28.84, 28.9, 28.73, 28.85, 28.91, 28.85, 28.93, 28.86, 28.98, 29.01, 28.91, 28.88, 29.0, 28.83, 29.01, 28.95, 28.84, 28.99, 28.85, 28.82, 29.03, 28.94, 29.01, 28.97, 28.99, 29.07, 28.93, 28.97, 28.99, 29.07, 29.02, 28.91, 29.08, 28.96, 28.95, 28.97, 28.97, 28.98, 29.03], "Power_Factor": [0.671, 0.667, 0.667, 0.671, 0.669, 0.664, 0.67, 0.668, 0.673, 0.671, 0.667, 0.669, 0.667, 0.669, 0.667, 0.665, 0.67, 0.669, 0.666, 0.671, 0.665, 0.667, 0.67, 0.666, 0.67, 0.671, 0.665, 0.668, 0.666, 0.667, 0.667, 0.664, 0.669, 0.668, 0.667, 0.665, 0.666, 0.669, 0.664, 0.668, 0.668, 0.667, 0.668, 0.668, 0.666], "Energy": [0.01, 0.02, 0.04, 0.05, 0.07, 0.08, 0.1, 0.11, 0.13, 0.14, 0.16, 0.17, 0.19, 0.2, 0.21, 0.23, 0.24, 0.26, 0.27, 0.29, 0.3, 0.32, 0.33, 0.35, 0.36, 0.38, 0.39, 0.4, 0.42, 0.43, 0.45, 0.46, 0.48, 0.49, 0.51, 0.52, 0.54, 0.55, 0.57, 0.58, 0.6, 0.61, 0.63, 0.64, 0.65], "Frequency": [49.42, 49.42, 49.41, 49.41, 49.41, 49.43, 49.43, 49.43, 49.42, 49.42, 49.42, 49.42, 49.42, 49.42, 49.42, 49.42, 49.42, 49.41, 49.41, 49.41, 49.4, 49.4, 49.4, 49.39, 49.39, 49.39, 49.39, 49.39, 49.39, 49.39, 49.39, 49.39, 49.39, 49.39, 49.39, 49.39, 49.39, 49.39, 49.39, 49.39, 49.39, 49.4, 49.4, 49.4, 49.39], "Temp_env": []}