{"Start_Time": [1755114279.0117638], "Time": [1755114281.0142343, 1755114283.0167308, 1755114285.0190282, 1755114287.0262892, 1755114289.0288017, 1755114291.0312233, 1755114293.038769, 1755114295.0411203, 1755114297.043817, 1755114299.0518208, 1755114301.0541623, 1755114303.0564547, 1755114305.058992, 1755114307.0611255, 1755114309.0632129, 1755114311.06611, 1755114313.0681918, 1755114315.0703626, 1755114317.0729856, 1755114319.0753477, 1755114321.078075, 1755114323.0805092, 1755114325.0831213, 1755114327.0855484, 1755114329.0881135, 1755114331.0904837, 1755114333.0931852, 1755114335.0953434, 1755114337.0974607, 1755114339.100171, 1755114341.102497, 1755114343.1052144, 1755114345.1074593, 1755114347.1096764, 1755114349.1123364, 1755114351.1144938, 1755114353.1168175, 1755114355.1193168, 1755114357.121655, 1755114359.1243687, 1755114361.1268482, 1755114363.1293511, 1755114365.1316812, 1755114367.134404, 1755114369.1368136], "Voltage": [230.71, 230.55, 230.66, 230.66, 230.5, 230.6, 230.6, 230.66, 230.76, 230.76, 230.71, 230.71, 230.71, 230.71, 230.66, 230.76, 230.66, 230.71, 230.66, 230.55, 230.6, 230.6, 230.66, 230.55, 230.71, 230.76, 230.71, 230.71, 230.71, 230.55, 230.55, 230.45, 230.39, 230.39, 230.45, 230.5, 230.5, 230.45, 230.45, 230.45, 230.5, 230.6, 230.45, 230.45, 230.39], "Current": [0.17, 0.17, 0.17, 0.17, 0.17, 0.17, 0.17, 0.17, 0.17, 0.17, 0.17, 0.17, 0.17, 0.17, 0.17, 0.17, 0.17, 0.17, 0.17, 0.17, 0.17, 0.17, 0.17, 0.17, 0.17, 0.17, 0.17, 0.17, 0.17, 0.17, 0.17, 0.17, 0.17, 0.17, 0.17, 0.17, 0.17, 0.17, 0.17, 0.17, 0.17, 0.17, 0.17, 0.17, 0.17], "Real_Power": [25.81, 25.85, 25.89, 25.82, 25.79, 25.82, 25.88, 25.76, 25.95, 25.87, 25.82, 25.86, 25.79, 25.68, 25.97, 25.74, 25.77, 25.94, 25.76, 25.72, 25.83, 25.9, 25.83, 25.91, 25.86, 25.72, 25.89, 25.83, 25.84, 25.83, 25.81, 25.63, 26.0, 25.8, 25.66, 25.96, 25.77, 25.65, 25.93, 25.76, 25.81, 26.21, 25.81, 25.71, 25.85], "Apparent_Power": [39.22, 39.19, 39.21, 39.21, 39.18, 39.2, 39.2, 39.21, 39.22, 39.22, 39.22, 39.22, 39.22, 39.22, 39.21, 39.22, 39.21, 39.22, 39.21, 39.19, 39.2, 39.2, 39.21, 39.19, 39.22, 39.22, 39.22, 39.22, 39.22, 39.19, 39.19, 39.17, 39.16, 39.16, 39.17, 39.18, 39.18, 39.17, 39.17, 39.17, 39.18, 39.2, 39.17, 39.17, 39.16], "Apparent_Power_Reactive": [29.53, 29.45, 29.44, 29.5, 29.49, 29.49, 29.44, 29.56, 29.4, 29.47, 29.52, 29.48, 29.54, 29.64, 29.37, 29.59, 29.55, 29.41, 29.56, 29.56, 29.48, 29.42, 29.49, 29.4, 29.48, 29.6, 29.46, 29.51, 29.5, 29.47, 29.49, 29.62, 29.28, 29.45, 29.59, 29.34, 29.51, 29.6, 29.35, 29.5, 29.47, 29.14, 29.46, 29.55, 29.41], "Power_Factor": [0.658, 0.659, 0.66, 0.658, 0.658, 0.658, 0.66, 0.656, 0.661, 0.659, 0.658, 0.659, 0.657, 0.654, 0.662, 0.656, 0.657, 0.661, 0.656, 0.656, 0.658, 0.66, 0.658, 0.661, 0.659, 0.655, 0.66, 0.658, 0.658, 0.659, 0.658, 0.654, 0.663, 0.658, 0.655, 0.662, 0.657, 0.654, 0.661, 0.657, 0.658, 0.668, 0.658, 0.656, 0.66], "Energy": [0.01, 0.02, 0.04, 0.05, 0.07, 0.08, 0.1, 0.11, 0.13, 0.14, 0.15, 0.17, 0.18, 0.2, 0.21, 0.23, 0.24, 0.26, 0.27, 0.29, 0.3, 0.31, 0.33, 0.34, 0.36, 0.37, 0.39, 0.4, 0.42, 0.43, 0.44, 0.46, 0.47, 0.49, 0.5, 0.52, 0.53, 0.55, 0.56, 0.58, 0.59, 0.6, 0.62, 0.63, 0.65], "Frequency": [49.44, 49.44, 49.45, 49.45, 49.45, 49.44, 49.44, 49.44, 49.45, 49.45, 49.45, 49.45, 49.45, 49.45, 49.44, 49.44, 49.44, 49.44, 49.44, 49.44, 49.43, 49.43, 49.43, 49.44, 49.44, 49.44, 49.43, 49.43, 49.43, 49.43, 49.43, 49.43, 49.43, 49.43, 49.43, 49.43, 49.43, 49.43, 49.43, 49.43, 49.43, 49.43, 49.43, 49.43, 49.43], "Temp_env": []}