{"Start_Time": [1755656051.8671322], "Time": [1755656053.869445, 1755656055.871613, 1755656057.8743339, 1755656059.8766508, 1755656061.8793445, 1755656063.881669, 1755656065.8843248, 1755656067.886571, 1755656069.8886297, 1755656071.8913245, 1755656073.8936799, 1755656075.8963022, 1755656077.8986406, 1755656079.900821, 1755656081.9035323, 1755656083.9107454, 1755656085.9127657, 1755656087.9156592, 1755656089.9177268, 1755656091.919847, 1755656093.9226117, 1755656095.9298801, 1755656097.932571, 1755656099.9349113, 1755656101.9425313, 1755656103.9448433, 1755656105.9469397, 1755656107.954584, 1755656109.95683, 1755656111.9588768, 1755656113.960938, 1755656115.96307, 1755656117.9659195, 1755656119.9737468, 1755656121.9760942, 1755656123.978847, 1755656125.9862845, 1755656127.9887812, 1755656129.9911034, 1755656131.9989164, 1755656134.0010312, 1755656136.003173, 1755656138.0108185, 1755656140.0131364, 1755656142.0160303], "Voltage": [229.76, 229.97, 229.82, 229.82, 229.97, 229.87, 229.92, 229.82, 229.97, 229.87, 229.87, 229.82, 229.76, 229.87, 229.87, 229.87, 229.87, 229.76, 229.92, 229.82, 229.87, 229.92, 229.87, 229.87, 229.82, 229.92, 229.92, 229.87, 229.97, 229.92, 229.82, 229.92, 229.82, 229.82, 229.82, 229.82, 229.82, 229.71, 229.76, 229.92, 229.87, 229.87, 229.82, 229.87, 229.92], "Current": [0.17, 0.17, 0.17, 0.17, 0.17, 0.17, 0.17, 0.17, 0.17, 0.17, 0.17, 0.17, 0.17, 0.17, 0.17, 0.17, 0.17, 0.17, 0.17, 0.17, 0.17, 0.17, 0.17, 0.17, 0.17, 0.17, 0.17, 0.17, 0.17, 0.17, 0.17, 0.17, 0.17, 0.17, 0.17, 0.17, 0.17, 0.17, 0.17, 0.17, 0.17, 0.17, 0.17, 0.17, 0.17], "Real_Power": [25.86, 26.19, 26.1, 25.94, 26.22, 26.17, 26.02, 26.21, 25.9, 26.16, 26.12, 25.91, 26.22, 26.03, 25.99, 26.07, 26.2, 26.16, 26.01, 26.2, 26.05, 26.09, 26.27, 25.95, 26.19, 26.24, 26.0, 26.19, 26.07, 26.07, 26.28, 26.09, 26.26, 26.1, 26.08, 26.32, 26.18, 26.02, 26.21, 25.88, 26.11, 26.06, 25.95, 26.21, 25.99], "Apparent_Power": [39.05, 39.09, 39.06, 39.06, 39.09, 39.07, 39.08, 39.06, 39.09, 39.07, 39.07, 39.06, 39.05, 39.07, 39.07, 39.07, 39.07, 39.05, 39.08, 39.06, 39.07, 39.08, 39.07, 39.07, 39.06, 39.08, 39.08, 39.07, 39.09, 39.08, 39.06, 39.08, 39.06, 39.06, 39.06, 39.06, 39.06, 39.05, 39.05, 39.08, 39.07, 39.07, 39.06, 39.07, 39.08], "Apparent_Power_Reactive": [29.26, 29.01, 29.05, 29.2, 28.99, 29.01, 29.15, 28.96, 29.27, 29.01, 29.05, 29.22, 28.93, 29.13, 29.17, 29.1, 28.98, 28.99, 29.16, 28.96, 29.11, 29.09, 28.91, 29.2, 28.97, 28.96, 29.17, 28.99, 29.12, 29.11, 28.89, 29.09, 28.91, 29.05, 29.07, 28.86, 28.98, 29.11, 28.94, 29.28, 29.06, 29.1, 29.19, 28.97, 29.18], "Power_Factor": [0.662, 0.669, 0.668, 0.664, 0.67, 0.669, 0.665, 0.671, 0.662, 0.669, 0.668, 0.663, 0.671, 0.666, 0.665, 0.667, 0.67, 0.669, 0.665, 0.67, 0.666, 0.667, 0.672, 0.664, 0.67, 0.671, 0.665, 0.67, 0.666, 0.667, 0.672, 0.667, 0.672, 0.668, 0.667, 0.673, 0.67, 0.666, 0.671, 0.662, 0.668, 0.667, 0.664, 0.67, 0.665], "Energy": [0.01, 0.02, 0.04, 0.05, 0.07, 0.08, 0.1, 0.11, 0.13, 0.14, 0.16, 0.17, 0.19, 0.2, 0.21, 0.23, 0.25, 0.26, 0.28, 0.29, 0.3, 0.32, 0.33, 0.35, 0.36, 0.38, 0.39, 0.41, 0.42, 0.44, 0.45, 0.47, 0.48, 0.5, 0.51, 0.52, 0.54, 0.55, 0.57, 0.58, 0.6, 0.61, 0.63, 0.64, 0.66], "Frequency": [49.43, 49.43, 49.43, 49.43, 49.43, 49.43, 49.44, 49.44, 49.44, 49.41, 49.41, 49.41, 49.39, 49.39, 49.39, 49.4, 49.4, 49.4, 49.39, 49.39, 49.39, 49.39, 49.39, 49.39, 49.39, 49.39, 49.39, 49.4, 49.4, 49.4, 49.41, 49.41, 49.41, 49.4, 49.4, 49.4, 49.43, 49.43, 49.43, 49.44, 49.44, 49.44, 49.44, 49.44, 49.44], "Temp_env": []}