{"Start_Time": [1755537107.4788501], "Time": [1755537109.481371, 1755537111.483587, 1755537113.4864485, 1755537115.489254, 1755537117.4915924, 1755537119.4944112, 1755537121.4967117, 1755537123.499372, 1755537125.5015545, 1755537127.5043118, 1755537129.5067017, 1755537131.509403, 1755537133.511707, 1755537135.514366, 1755537137.5167186, 1755537139.5193965, 1755537141.521523, 1755537143.523538, 1755537145.5265114, 1755537147.5285437, 1755537149.5307128, 1755537151.5333984, 1755537153.535546, 1755537155.5376248, 1755537157.5403259, 1755537159.542616, 1755537161.545302, 1755537163.5475569, 1755537165.5495918, 1755537167.5517466, 1755537169.5544345, 1755537171.5568283, 1755537173.5594988, 1755537175.5617778, 1755537177.5643902, 1755537179.5668204, 1755537181.5693386, 1755537183.57168, 1755537185.574367, 1755537187.5768604, 1755537189.579361, 1755537191.5817268, 1755537193.584385, 1755537195.58682, 1755537197.5895748], "Voltage": [226.99, 226.88, 226.88, 226.83, 226.78, 226.78, 226.83, 226.93, 226.93, 226.83, 226.93, 226.93, 226.88, 226.93, 226.93, 226.93, 226.88, 226.93, 226.88, 226.88, 226.78, 226.88, 226.88, 226.83, 226.88, 226.83, 226.93, 226.73, 226.88, 226.78, 226.93, 226.88, 226.83, 226.83, 226.57, 226.73, 226.78, 226.88, 226.78, 226.78, 226.88, 226.83, 226.99, 227.04, 226.88], "Current": [0.18, 0.18, 0.17, 0.18, 0.18, 0.17, 0.18, 0.17, 0.18, 0.18, 0.17, 0.18, 0.18, 0.18, 0.18, 0.17, 0.18, 0.18, 0.17, 0.18, 0.18, 0.18, 0.18, 0.18, 0.18, 0.18, 0.17, 0.18, 0.18, 0.18, 0.18, 0.18, 0.17, 0.18, 0.18, 0.18, 0.18, 0.17, 0.18, 0.18, 0.18, 0.18, 0.17, 0.18, 0.18], "Real_Power": [26.22, 26.27, 25.96, 26.18, 26.08, 26.0, 26.25, 26.01, 26.16, 26.33, 25.89, 26.25, 26.26, 26.14, 26.26, 26.04, 26.06, 26.32, 25.95, 26.27, 26.28, 26.1, 26.29, 26.01, 26.06, 26.34, 26.0, 26.17, 26.24, 26.09, 26.31, 26.21, 25.97, 26.33, 26.14, 26.18, 26.28, 26.0, 26.15, 26.26, 26.06, 26.28, 26.1, 26.13, 26.25], "Apparent_Power": [40.85, 40.83, 38.56, 40.82, 40.82, 38.55, 40.82, 38.57, 40.84, 40.82, 38.57, 40.84, 40.83, 40.84, 40.84, 38.57, 40.83, 40.84, 38.56, 40.83, 40.82, 40.83, 40.83, 40.82, 40.83, 40.82, 38.57, 40.81, 40.83, 40.82, 40.84, 40.83, 38.56, 40.82, 40.78, 40.81, 40.82, 38.56, 40.82, 40.82, 40.83, 40.82, 38.58, 40.86, 40.83], "Apparent_Power_Reactive": [31.32, 31.25, 28.51, 31.31, 31.4, 28.46, 31.26, 28.48, 31.36, 31.19, 28.58, 31.28, 31.26, 31.37, 31.27, 28.45, 31.43, 31.22, 28.52, 31.25, 31.23, 31.39, 31.23, 31.46, 31.43, 31.18, 28.48, 31.31, 31.28, 31.39, 31.23, 31.3, 28.5, 31.19, 31.3, 31.3, 31.23, 28.47, 31.34, 31.25, 31.43, 31.23, 28.41, 31.41, 31.27], "Power_Factor": [0.641, 0.643, 0.673, 0.641, 0.638, 0.674, 0.643, 0.674, 0.64, 0.645, 0.671, 0.642, 0.643, 0.64, 0.642, 0.675, 0.638, 0.644, 0.672, 0.643, 0.643, 0.639, 0.643, 0.637, 0.638, 0.645, 0.674, 0.641, 0.642, 0.639, 0.644, 0.641, 0.673, 0.645, 0.641, 0.641, 0.643, 0.674, 0.64, 0.643, 0.638, 0.643, 0.676, 0.639, 0.642], "Energy": [0.01, 0.02, 0.04, 0.05, 0.07, 0.08, 0.1, 0.11, 0.13, 0.14, 0.16, 0.17, 0.19, 0.2, 0.22, 0.23, 0.25, 0.26, 0.27, 0.29, 0.3, 0.32, 0.33, 0.35, 0.36, 0.38, 0.39, 0.41, 0.42, 0.44, 0.45, 0.47, 0.48, 0.5, 0.51, 0.52, 0.54, 0.55, 0.57, 0.58, 0.6, 0.61, 0.63, 0.64, 0.66], "Frequency": [49.41, 49.41, 49.41, 49.41, 49.41, 49.41, 49.41, 49.41, 49.41, 49.41, 49.41, 49.41, 49.41, 49.41, 49.41, 49.39, 49.39, 49.39, 49.39, 49.39, 49.39, 49.4, 49.4, 49.4, 49.39, 49.39, 49.39, 49.37, 49.37, 49.37, 49.38, 49.38, 49.38, 49.38, 49.38, 49.38, 49.39, 49.39, 49.39, 49.39, 49.39, 49.39, 49.39, 49.39, 49.39], "Temp_env": []}