{"Start_Time": [1755738697.45386], "Time": [1755738699.4564826, 1755738701.4587722, 1755738703.4614677, 1755738705.463716, 1755738707.4658792, 1755738709.4685462, 1755738711.4709105, 1755738713.4730673, 1755738715.4754922, 1755738717.4778326, 1755738719.4799407, 1755738721.482834, 1755738723.4849057, 1755738725.487597, 1755738727.489937, 1755738729.4928179, 1755738731.4949062, 1755738733.4970078, 1755738735.499684, 1755738737.5020173, 1755738739.5040858, 1755738741.5068212, 1755738743.5091968, 1755738745.511831, 1755738747.5140579, 1755738749.5160077, 1755738751.5180664, 1755738753.5202136, 1755738755.523051, 1755738757.525109, 1755738759.5272715, 1755738761.529927, 1755738763.532268, 1755738765.5349567, 1755738767.5373483, 1755738769.5399992, 1755738771.542355, 1755738773.5450118, 1755738775.547357, 1755738777.5500314, 1755738779.5523758, 1755738781.5550523, 1755738783.5574324, 1755738785.5601113, 1755738787.5624707], "Voltage": [230.55, 230.45, 230.45, 230.5, 230.5, 230.45, 230.45, 230.5, 230.39, 230.34, 230.39, 230.34, 230.34, 230.34, 230.29, 230.29, 230.24, 230.18, 230.39, 230.18, 230.24, 230.34, 230.18, 230.13, 230.34, 230.29, 230.34, 230.39, 230.39, 230.29, 230.24, 230.29, 230.39, 230.29, 230.29, 230.34, 230.39, 230.18, 230.24, 230.34, 230.45, 230.24, 230.34, 230.39, 230.18], "Current": [0.17, 0.17, 0.17, 0.17, 0.17, 0.17, 0.17, 0.17, 0.17, 0.17, 0.17, 0.17, 0.17, 0.17, 0.17, 0.17, 0.17, 0.17, 0.17, 0.17, 0.17, 0.17, 0.17, 0.17, 0.17, 0.17, 0.17, 0.17, 0.17, 0.17, 0.17, 0.17, 0.17, 0.17, 0.17, 0.17, 0.17, 0.17, 0.17, 0.17, 0.17, 0.17, 0.17, 0.17, 0.17], "Real_Power": [26.11, 26.07, 26.32, 26.08, 26.05, 26.26, 25.98, 26.29, 26.08, 25.96, 26.31, 25.9, 26.11, 26.15, 25.87, 26.13, 26.09, 25.95, 26.29, 26.03, 26.15, 26.2, 26.03, 26.22, 26.14, 25.97, 26.23, 26.08, 25.99, 26.36, 25.82, 26.12, 26.17, 25.92, 26.1, 26.04, 25.97, 26.18, 26.02, 26.18, 26.24, 25.97, 26.13, 26.07, 25.98], "Apparent_Power": [39.19, 39.17, 39.17, 39.18, 39.18, 39.17, 39.17, 39.18, 39.16, 39.15, 39.16, 39.15, 39.15, 39.15, 39.14, 39.14, 39.14, 39.13, 39.16, 39.13, 39.14, 39.15, 39.13, 39.12, 39.15, 39.14, 39.15, 39.16, 39.16, 39.14, 39.14, 39.14, 39.16, 39.14, 39.14, 39.15, 39.16, 39.13, 39.14, 39.15, 39.17, 39.14, 39.15, 39.16, 39.13], "Apparent_Power_Reactive": [29.22, 29.23, 29.0, 29.23, 29.26, 29.06, 29.31, 29.05, 29.21, 29.3, 29.0, 29.35, 29.17, 29.13, 29.37, 29.14, 29.17, 29.28, 29.02, 29.21, 29.12, 29.09, 29.21, 29.03, 29.14, 29.28, 29.06, 29.21, 29.29, 28.93, 29.41, 29.14, 29.13, 29.32, 29.16, 29.23, 29.3, 29.08, 29.23, 29.1, 29.08, 29.28, 29.15, 29.22, 29.26], "Power_Factor": [0.666, 0.665, 0.671, 0.665, 0.664, 0.67, 0.663, 0.671, 0.665, 0.663, 0.671, 0.661, 0.666, 0.667, 0.66, 0.667, 0.666, 0.663, 0.671, 0.665, 0.668, 0.669, 0.665, 0.67, 0.667, 0.663, 0.669, 0.665, 0.663, 0.673, 0.659, 0.667, 0.668, 0.662, 0.666, 0.665, 0.663, 0.669, 0.664, 0.668, 0.669, 0.663, 0.667, 0.665, 0.663], "Energy": [0.01, 0.02, 0.04, 0.05, 0.07, 0.08, 0.1, 0.11, 0.13, 0.14, 0.16, 0.17, 0.19, 0.2, 0.21, 0.23, 0.24, 0.26, 0.27, 0.29, 0.3, 0.32, 0.33, 0.35, 0.36, 0.38, 0.39, 0.41, 0.42, 0.43, 0.45, 0.46, 0.48, 0.49, 0.51, 0.52, 0.54, 0.55, 0.57, 0.58, 0.6, 0.61, 0.63, 0.64, 0.65], "Frequency": [49.39, 49.39, 49.4, 49.4, 49.4, 49.4, 49.4, 49.4, 49.4, 49.4, 49.4, 49.39, 49.39, 49.39, 49.38, 49.38, 49.38, 49.39, 49.39, 49.39, 49.41, 49.41, 49.41, 49.39, 49.39, 49.39, 49.39, 49.39, 49.39, 49.39, 49.39, 49.39, 49.41, 49.41, 49.41, 49.39, 49.39, 49.39, 49.39, 49.39, 49.39, 49.39, 49.39, 49.39, 49.39], "Temp_env": []}