{"Start_Time": [1755412214.688755], "Time": [1755412216.6911077, 1755412218.693858, 1755412220.69631, 1755412222.6988895, 1755412224.7013385, 1755412226.7033339, 1755412228.705985, 1755412230.7081847, 1755412232.7102532, 1755412234.7124248, 1755412236.7150633, 1755412238.7173755, 1755412240.7200782, 1755412242.7223277, 1755412244.7245266, 1755412246.7271934, 1755412248.7295794, 1755412250.7316449, 1755412252.7341955, 1755412254.736504, 1755412256.738515, 1755412258.7413597, 1755412260.7436924, 1755412262.7463262, 1755412264.7485986, 1755412266.7514985, 1755412268.7535422, 1755412270.7557056, 1755412272.7583747, 1755412274.760692, 1755412276.7633824, 1755412278.7657259, 1755412280.7684321, 1755412282.770772, 1755412284.7734125, 1755412286.7758133, 1755412288.7785108, 1755412290.7808173, 1755412292.7835047, 1755412294.785869, 1755412296.7885711, 1755412298.790911, 1755412300.7935886, 1755412302.7958894, 1755412304.7980235], "Voltage": [228.93, 229.97, 229.92, 229.92, 229.97, 230.03, 230.03, 229.97, 230.08, 229.97, 229.92, 229.97, 229.97, 230.13, 230.24, 230.03, 230.13, 230.13, 230.18, 230.08, 230.08, 230.24, 230.18, 229.97, 230.03, 230.03, 229.92, 229.82, 229.97, 229.82, 229.92, 229.82, 229.82, 229.87, 229.97, 229.97, 229.92, 230.03, 230.03, 229.87, 229.92, 229.97, 229.82, 230.08, 229.82], "Current": [0.17, 0.17, 0.17, 0.17, 0.17, 0.17, 0.17, 0.17, 0.17, 0.17, 0.17, 0.17, 0.17, 0.17, 0.17, 0.17, 0.17, 0.17, 0.17, 0.17, 0.17, 0.17, 0.17, 0.17, 0.17, 0.17, 0.17, 0.17, 0.17, 0.17, 0.17, 0.17, 0.17, 0.17, 0.17, 0.17, 0.17, 0.17, 0.17, 0.17, 0.17, 0.17, 0.17, 0.17, 0.17], "Real_Power": [26.0, 26.13, 26.01, 26.24, 26.0, 26.07, 26.17, 25.94, 26.22, 25.94, 26.12, 26.05, 25.97, 26.17, 25.97, 26.02, 25.96, 25.93, 26.12, 26.06, 25.98, 26.27, 26.06, 25.97, 26.15, 25.95, 26.1, 26.04, 25.9, 26.09, 25.97, 26.0, 26.14, 26.03, 26.03, 26.14, 25.95, 26.2, 26.03, 26.07, 26.2, 25.97, 26.1, 26.14, 26.03], "Apparent_Power": [38.91, 39.09, 39.08, 39.08, 39.09, 39.1, 39.1, 39.09, 39.11, 39.09, 39.08, 39.09, 39.09, 39.12, 39.14, 39.1, 39.12, 39.12, 39.13, 39.11, 39.11, 39.14, 39.13, 39.09, 39.1, 39.1, 39.08, 39.06, 39.09, 39.06, 39.08, 39.06, 39.06, 39.07, 39.09, 39.09, 39.08, 39.1, 39.1, 39.07, 39.08, 39.09, 39.06, 39.11, 39.06], "Apparent_Power_Reactive": [28.94, 29.07, 29.16, 28.96, 29.18, 29.14, 29.05, 29.24, 29.01, 29.24, 29.06, 29.14, 29.21, 29.07, 29.28, 29.18, 29.26, 29.29, 29.13, 29.16, 29.23, 29.01, 29.18, 29.21, 29.06, 29.24, 29.08, 29.11, 29.27, 29.06, 29.2, 29.14, 29.02, 29.13, 29.16, 29.06, 29.22, 29.02, 29.17, 29.1, 28.99, 29.21, 29.05, 29.09, 29.12], "Power_Factor": [0.668, 0.668, 0.665, 0.671, 0.665, 0.666, 0.669, 0.663, 0.67, 0.663, 0.668, 0.666, 0.664, 0.668, 0.663, 0.665, 0.663, 0.662, 0.667, 0.666, 0.664, 0.671, 0.665, 0.664, 0.668, 0.663, 0.667, 0.666, 0.662, 0.667, 0.664, 0.665, 0.669, 0.666, 0.665, 0.668, 0.664, 0.67, 0.665, 0.667, 0.67, 0.664, 0.668, 0.668, 0.666], "Energy": [0.01, 0.02, 0.04, 0.05, 0.07, 0.08, 0.1, 0.11, 0.13, 0.14, 0.16, 0.17, 0.19, 0.2, 0.22, 0.23, 0.25, 0.26, 0.28, 0.29, 0.3, 0.32, 0.33, 0.35, 0.36, 0.38, 0.39, 0.41, 0.42, 0.44, 0.45, 0.47, 0.48, 0.5, 0.51, 0.52, 0.54, 0.55, 0.57, 0.58, 0.6, 0.61, 0.63, 0.64, 0.66], "Frequency": [49.4, 49.4, 49.4, 49.39, 49.39, 49.39, 49.39, 49.39, 49.39, 49.39, 49.39, 49.39, 49.39, 49.39, 49.39, 49.39, 49.39, 49.39, 49.39, 49.39, 49.39, 49.38, 49.38, 49.38, 49.39, 49.39, 49.39, 49.39, 49.39, 49.39, 49.39, 49.39, 49.39, 49.41, 49.41, 49.41, 49.4, 49.4, 49.4, 49.4, 49.4, 49.4, 49.39, 49.39, 49.39], "Temp_env": []}