{"Start_Time": [1755540362.9063416], "Time": [1755540364.9086182, 1755540366.9108522, 1755540368.9133935, 1755540370.920905, 1755540372.9233968, 1755540374.9257298, 1755540376.9335265, 1755540378.9356942, 1755540380.9385142, 1755540382.9464524, 1755540384.9488413, 1755540386.9509335, 1755540388.958624, 1755540390.9609315, 1755540392.9636445, 1755540394.97114, 1755540396.973687, 1755540398.9758759, 1755540400.978696, 1755540402.9810996, 1755540404.9836664, 1755540406.9912052, 1755540408.9936638, 1755540410.9959986, 1755540413.0038588, 1755540415.0060432, 1755540417.0087411, 1755540419.0161119, 1755540421.0188935, 1755540423.021879, 1755540425.0240662, 1755540427.026902, 1755540429.0292819, 1755540431.036973, 1755540433.0392504, 1755540435.0419, 1755540437.0492492, 1755540439.0516157, 1755540441.0539641, 1755540443.0563583, 1755540445.0589933, 1755540447.061471, 1755540449.0640182, 1755540451.066311, 1755540453.074198], "Voltage": [228.66, 228.66, 228.72, 228.61, 228.66, 228.77, 228.72, 228.77, 228.87, 228.87, 228.72, 228.66, 228.66, 228.77, 228.61, 228.61, 228.72, 228.66, 228.61, 228.56, 228.61, 228.61, 228.56, 228.51, 228.56, 228.72, 228.77, 228.82, 228.72, 228.72, 228.72, 228.77, 228.87, 228.87, 228.82, 228.72, 228.72, 228.77, 228.72, 228.77, 228.72, 228.72, 228.77, 228.82, 228.72], "Current": [0.17, 0.18, 0.17, 0.17, 0.18, 0.17, 0.17, 0.17, 0.17, 0.17, 0.17, 0.17, 0.18, 0.17, 0.18, 0.18, 0.17, 0.17, 0.17, 0.17, 0.18, 0.17, 0.17, 0.18, 0.17, 0.17, 0.17, 0.17, 0.17, 0.17, 0.17, 0.17, 0.18, 0.17, 0.17, 0.18, 0.17, 0.17, 0.17, 0.17, 0.18, 0.17, 0.17, 0.18, 0.17], "Real_Power": [26.03, 26.37, 26.11, 26.15, 26.39, 26.07, 26.18, 26.25, 26.1, 26.31, 26.18, 26.18, 26.38, 25.94, 26.27, 26.38, 26.05, 26.31, 26.21, 26.28, 26.47, 26.04, 26.34, 26.35, 26.14, 26.33, 26.2, 26.09, 26.36, 26.23, 26.29, 26.22, 26.42, 26.27, 26.16, 26.41, 26.19, 26.36, 26.31, 26.13, 26.31, 26.16, 26.06, 26.39, 26.1], "Apparent_Power": [38.87, 41.15, 38.88, 38.86, 41.15, 38.89, 38.88, 38.89, 38.9, 38.9, 38.88, 38.87, 41.15, 38.89, 41.14, 41.14, 38.88, 38.87, 38.86, 38.85, 41.14, 38.86, 38.85, 41.13, 38.85, 38.88, 38.89, 38.89, 38.88, 38.88, 38.88, 38.89, 41.19, 38.9, 38.89, 41.16, 38.88, 38.89, 38.88, 38.89, 41.16, 38.88, 38.89, 41.18, 38.88], "Apparent_Power_Reactive": [28.86, 31.59, 28.8, 28.74, 31.57, 28.85, 28.74, 28.69, 28.84, 28.65, 28.74, 28.73, 31.58, 28.97, 31.66, 31.56, 28.86, 28.61, 28.69, 28.61, 31.49, 28.84, 28.55, 31.58, 28.74, 28.6, 28.74, 28.83, 28.57, 28.69, 28.64, 28.72, 31.6, 28.68, 28.77, 31.56, 28.73, 28.59, 28.62, 28.8, 31.65, 28.76, 28.86, 31.61, 28.81], "Power_Factor": [0.669, 0.64, 0.671, 0.672, 0.641, 0.67, 0.673, 0.674, 0.67, 0.676, 0.673, 0.673, 0.641, 0.667, 0.638, 0.641, 0.67, 0.676, 0.674, 0.676, 0.643, 0.67, 0.677, 0.64, 0.672, 0.677, 0.673, 0.67, 0.677, 0.674, 0.676, 0.674, 0.641, 0.675, 0.672, 0.641, 0.673, 0.677, 0.676, 0.671, 0.639, 0.672, 0.67, 0.64, 0.671], "Energy": [0.01, 0.02, 0.04, 0.05, 0.07, 0.08, 0.1, 0.11, 0.13, 0.14, 0.16, 0.17, 0.19, 0.2, 0.22, 0.23, 0.25, 0.26, 0.28, 0.29, 0.3, 0.32, 0.33, 0.35, 0.36, 0.38, 0.39, 0.41, 0.42, 0.44, 0.45, 0.47, 0.48, 0.5, 0.51, 0.53, 0.54, 0.56, 0.57, 0.59, 0.6, 0.62, 0.63, 0.65, 0.66], "Frequency": [49.39, 49.39, 49.39, 49.39, 49.39, 49.39, 49.39, 49.39, 49.39, 49.39, 49.37, 49.37, 49.37, 49.37, 49.37, 49.37, 49.37, 49.37, 49.37, 49.39, 49.39, 49.39, 49.41, 49.41, 49.41, 49.42, 49.42, 49.42, 49.42, 49.42, 49.42, 49.39, 49.39, 49.39, 49.38, 49.38, 49.38, 49.38, 49.38, 49.38, 49.37, 49.37, 49.37, 49.38, 49.38], "Temp_env": []}