{"Start_Time": [1755772083.5626411], "Time": [1755772085.5651042, 1755772087.5678341, 1755772089.569956, 1755772091.572096, 1755772093.5747778, 1755772095.5771272, 1755772097.579753, 1755772099.582009, 1755772101.5842042, 1755772103.5868163, 1755772105.58924, 1755772107.59129, 1755772109.5938604, 1755772111.5962117, 1755772113.598327, 1755772115.6011846, 1755772117.6032376, 1755772119.6053889, 1755772121.6080883, 1755772123.610241, 1755772125.6123853, 1755772127.615057, 1755772129.6174943, 1755772131.6201022, 1755772133.6223335, 1755772135.6244335, 1755772137.6271384, 1755772139.6294796, 1755772141.6321692, 1755772143.6345153, 1755772145.6372278, 1755772147.6395774, 1755772149.6422505, 1755772151.6445868, 1755772153.6473367, 1755772155.6496043, 1755772157.6518786, 1755772159.65437, 1755772161.656696, 1755772163.6593847, 1755772165.66189, 1755772167.6645389, 1755772169.6668298, 1755772171.6695254, 1755772173.671969], "Voltage": [229.76, 229.76, 229.82, 229.66, 229.76, 229.82, 229.82, 229.71, 229.76, 229.76, 229.71, 229.76, 229.71, 229.66, 229.76, 229.76, 229.76, 229.82, 229.76, 229.76, 229.76, 229.71, 229.55, 229.82, 229.82, 229.71, 229.76, 230.71, 230.81, 230.86, 230.92, 230.71, 230.81, 230.81, 230.71, 230.81, 230.76, 230.76, 230.71, 230.92, 230.97, 230.97, 230.81, 230.76, 230.81], "Current": [0.17, 0.17, 0.17, 0.17, 0.17, 0.17, 0.17, 0.17, 0.17, 0.17, 0.17, 0.17, 0.17, 0.17, 0.17, 0.17, 0.17, 0.17, 0.17, 0.17, 0.17, 0.17, 0.17, 0.17, 0.17, 0.17, 0.17, 0.17, 0.17, 0.17, 0.17, 0.17, 0.17, 0.17, 0.17, 0.17, 0.17, 0.17, 0.17, 0.17, 0.17, 0.17, 0.17, 0.17, 0.17], "Real_Power": [25.87, 26.09, 25.97, 25.95, 26.13, 25.96, 26.15, 26.01, 25.85, 26.13, 25.95, 26.01, 26.18, 25.94, 26.11, 26.07, 26.05, 26.24, 25.88, 26.07, 26.07, 25.87, 26.08, 25.91, 25.9, 26.12, 25.85, 26.28, 25.97, 25.87, 26.16, 25.76, 26.16, 25.99, 26.29, 25.97, 26.07, 26.05, 25.94, 26.16, 25.96, 26.08, 26.24, 25.85, 26.05], "Apparent_Power": [39.05, 39.05, 39.06, 39.04, 39.05, 39.06, 39.06, 39.05, 39.05, 39.05, 39.05, 39.05, 39.05, 39.04, 39.05, 39.05, 39.05, 39.06, 39.05, 39.05, 39.05, 39.05, 39.02, 39.06, 39.06, 39.05, 39.05, 39.22, 39.23, 39.24, 39.25, 39.22, 39.23, 39.23, 39.22, 39.23, 39.22, 39.22, 39.22, 39.25, 39.26, 39.26, 39.23, 39.22, 39.23], "Apparent_Power_Reactive": [29.25, 29.05, 29.17, 29.16, 29.01, 29.18, 29.01, 29.12, 29.26, 29.01, 29.18, 29.12, 28.97, 29.17, 29.03, 29.07, 29.09, 28.93, 29.24, 29.07, 29.07, 29.25, 29.02, 29.22, 29.23, 29.02, 29.26, 29.11, 29.4, 29.5, 29.26, 29.57, 29.23, 29.38, 29.1, 29.4, 29.3, 29.31, 29.41, 29.26, 29.45, 29.34, 29.16, 29.49, 29.33], "Power_Factor": [0.662, 0.668, 0.664, 0.664, 0.669, 0.664, 0.669, 0.666, 0.661, 0.669, 0.664, 0.666, 0.67, 0.664, 0.668, 0.667, 0.667, 0.671, 0.662, 0.667, 0.667, 0.662, 0.668, 0.663, 0.663, 0.668, 0.661, 0.67, 0.661, 0.659, 0.666, 0.656, 0.666, 0.662, 0.67, 0.661, 0.664, 0.664, 0.661, 0.666, 0.661, 0.664, 0.668, 0.659, 0.664], "Energy": [0.01, 0.02, 0.04, 0.05, 0.07, 0.08, 0.1, 0.11, 0.13, 0.14, 0.16, 0.17, 0.19, 0.2, 0.21, 0.23, 0.24, 0.26, 0.27, 0.29, 0.3, 0.32, 0.33, 0.35, 0.36, 0.38, 0.39, 0.4, 0.42, 0.43, 0.45, 0.46, 0.48, 0.49, 0.51, 0.52, 0.54, 0.55, 0.57, 0.58, 0.6, 0.61, 0.63, 0.64, 0.65], "Frequency": [49.45, 49.45, 49.45, 49.45, 49.43, 49.43, 49.43, 49.45, 49.45, 49.45, 49.41, 49.41, 49.41, 49.4, 49.4, 49.4, 49.42, 49.42, 49.42, 49.43, 49.43, 49.43, 49.42, 49.42, 49.42, 49.43, 49.43, 49.43, 49.43, 49.43, 49.43, 49.43, 49.43, 49.43, 49.43, 49.43, 49.43, 49.42, 49.42, 49.42, 49.4, 49.4, 49.4, 49.4, 49.4], "Temp_env": []}