{"Start_Time": [1755433538.2332892], "Time": [1755433540.23536, 1755433542.2380261, 1755433544.2403991, 1755433546.2425232, 1755433548.245051, 1755433550.247405, 1755433552.2500958, 1755433554.252599, 1755433556.2603376, 1755433558.2625823, 1755433560.2653246, 1755433562.2673662, 1755433564.2694664, 1755433566.2715495, 1755433568.2743165, 1755433570.276624, 1755433572.2793632, 1755433574.281464, 1755433576.2836125, 1755433578.2863235, 1755433580.2943347, 1755433582.2966826, 1755433584.2994084, 1755433586.301581, 1755433588.3037193, 1755433590.306428, 1755433592.3088043, 1755433594.3114765, 1755433596.31371, 1755433598.3164625, 1755433600.318789, 1755433602.3214965, 1755433604.3237116, 1755433606.3257794, 1755433608.3285747, 1755433610.33075, 1755433612.3330646, 1755433614.3355699, 1755433616.3378782, 1755433618.3406413, 1755433620.3429487, 1755433622.3457265, 1755433624.3478756, 1755433626.3499186, 1755433628.3528552], "Voltage": [230.45, 230.45, 230.39, 230.39, 230.34, 230.45, 230.39, 230.45, 230.39, 230.39, 230.24, 230.39, 230.29, 230.34, 230.34, 230.24, 230.29, 230.39, 230.34, 230.24, 230.34, 230.34, 230.29, 230.45, 230.34, 230.39, 230.34, 230.39, 230.39, 230.45, 230.34, 230.34, 230.39, 230.39, 230.45, 230.24, 230.18, 230.29, 230.39, 230.34, 230.24, 230.24, 230.34, 230.39, 230.34], "Current": [0.17, 0.17, 0.17, 0.17, 0.17, 0.17, 0.17, 0.17, 0.17, 0.17, 0.17, 0.17, 0.17, 0.17, 0.17, 0.17, 0.17, 0.17, 0.17, 0.17, 0.17, 0.17, 0.17, 0.17, 0.17, 0.17, 0.17, 0.17, 0.17, 0.17, 0.17, 0.17, 0.17, 0.17, 0.17, 0.17, 0.17, 0.17, 0.17, 0.17, 0.17, 0.17, 0.17, 0.17, 0.17], "Real_Power": [26.01, 26.04, 25.95, 25.87, 25.91, 26.13, 26.04, 25.99, 26.04, 25.97, 26.0, 25.96, 25.97, 25.95, 26.0, 25.94, 26.09, 25.96, 26.0, 25.95, 26.01, 26.13, 26.13, 26.1, 26.05, 26.07, 25.97, 26.22, 26.06, 26.05, 26.15, 25.91, 26.11, 25.99, 26.08, 26.03, 25.98, 25.93, 26.26, 26.0, 25.97, 26.12, 25.88, 26.06, 25.92], "Apparent_Power": [39.17, 39.17, 39.16, 39.16, 39.15, 39.17, 39.16, 39.17, 39.16, 39.16, 39.14, 39.16, 39.14, 39.15, 39.15, 39.14, 39.14, 39.16, 39.15, 39.14, 39.15, 39.15, 39.14, 39.17, 39.15, 39.16, 39.15, 39.16, 39.16, 39.17, 39.15, 39.15, 39.16, 39.16, 39.17, 39.14, 39.13, 39.14, 39.16, 39.15, 39.14, 39.14, 39.15, 39.16, 39.15], "Apparent_Power_Reactive": [29.28, 29.26, 29.32, 29.39, 29.34, 29.18, 29.24, 29.3, 29.24, 29.3, 29.25, 29.31, 29.28, 29.31, 29.26, 29.3, 29.17, 29.31, 29.26, 29.3, 29.26, 29.15, 29.14, 29.2, 29.22, 29.22, 29.29, 29.08, 29.22, 29.25, 29.13, 29.34, 29.18, 29.29, 29.22, 29.22, 29.26, 29.31, 29.05, 29.26, 29.28, 29.14, 29.37, 29.22, 29.34], "Power_Factor": [0.664, 0.664, 0.662, 0.66, 0.661, 0.667, 0.664, 0.663, 0.664, 0.663, 0.664, 0.662, 0.663, 0.662, 0.664, 0.662, 0.666, 0.662, 0.664, 0.663, 0.664, 0.667, 0.667, 0.666, 0.665, 0.665, 0.663, 0.669, 0.665, 0.665, 0.667, 0.661, 0.666, 0.663, 0.665, 0.665, 0.663, 0.662, 0.67, 0.664, 0.663, 0.667, 0.661, 0.665, 0.662], "Energy": [0.01, 0.02, 0.04, 0.05, 0.07, 0.08, 0.1, 0.11, 0.13, 0.14, 0.16, 0.17, 0.19, 0.2, 0.21, 0.23, 0.24, 0.26, 0.27, 0.29, 0.3, 0.32, 0.33, 0.35, 0.36, 0.38, 0.39, 0.4, 0.42, 0.43, 0.45, 0.46, 0.48, 0.49, 0.51, 0.52, 0.54, 0.55, 0.57, 0.58, 0.6, 0.61, 0.62, 0.64, 0.65], "Frequency": [49.4, 49.39, 49.39, 49.39, 49.39, 49.39, 49.39, 49.39, 49.39, 49.39, 49.39, 49.39, 49.39, 49.39, 49.39, 49.39, 49.39, 49.39, 49.39, 49.4, 49.4, 49.4, 49.41, 49.41, 49.41, 49.41, 49.41, 49.41, 49.39, 49.39, 49.39, 49.39, 49.39, 49.39, 49.39, 49.39, 49.39, 49.39, 49.39, 49.39, 49.39, 49.39, 49.39, 49.39, 49.39], "Temp_env": []}