{"Start_Time": [1755246828.9877393], "Time": [1755246830.989939, 1755246832.9927375, 1755246834.9947755, 1755246837.0027528, 1755246839.004823, 1755246841.0068924, 1755246843.014737, 1755246845.017057, 1755246847.0197756, 1755246849.0220654, 1755246851.0248134, 1755246853.0271053, 1755246855.029855, 1755246857.0321043, 1755246859.0348973, 1755246861.0371778, 1755246863.0399482, 1755246865.0421944, 1755246867.0448914, 1755246869.047214, 1755246871.0548394, 1755246873.0570748, 1755246875.059332, 1755246877.0620377, 1755246879.0643432, 1755246881.0670075, 1755246883.0693438, 1755246885.0720162, 1755246887.0742736, 1755246889.0770369, 1755246891.0793943, 1755246893.0820844, 1755246895.084299, 1755246897.0864146, 1755246899.08911, 1755246901.091481, 1755246903.0941179, 1755246905.096512, 1755246907.0992239, 1755246909.101578, 1755246911.1092517, 1755246913.1115196, 1755246915.1136427, 1755246917.1164136, 1755246919.1193144], "Voltage": [227.72, 227.56, 227.51, 227.41, 227.67, 227.51, 227.04, 227.62, 227.67, 227.51, 227.67, 227.88, 227.83, 227.62, 227.77, 227.56, 227.77, 227.83, 227.83, 227.77, 227.88, 227.88, 227.56, 227.83, 227.77, 227.88, 227.88, 227.77, 227.83, 227.83, 227.88, 227.88, 227.93, 227.98, 227.93, 227.93, 228.04, 227.98, 227.88, 228.09, 227.93, 227.83, 227.88, 227.98, 227.88], "Current": [0.17, 0.17, 0.17, 0.17, 0.17, 0.17, 0.17, 0.17, 0.17, 0.17, 0.17, 0.17, 0.17, 0.17, 0.17, 0.17, 0.17, 0.17, 0.17, 0.17, 0.17, 0.17, 0.17, 0.17, 0.17, 0.17, 0.17, 0.17, 0.17, 0.17, 0.17, 0.17, 0.17, 0.17, 0.17, 0.17, 0.17, 0.17, 0.17, 0.17, 0.17, 0.17, 0.17, 0.17, 0.17], "Real_Power": [25.94, 25.8, 26.05, 26.0, 25.86, 26.03, 25.99, 25.8, 26.06, 25.63, 25.96, 26.21, 25.75, 25.86, 26.12, 25.91, 25.92, 25.84, 25.98, 25.99, 25.77, 26.04, 26.08, 25.69, 26.14, 25.93, 25.96, 26.06, 25.96, 25.89, 26.01, 25.89, 25.88, 25.95, 25.91, 26.04, 25.85, 25.89, 25.94, 25.83, 26.0, 26.04, 25.83, 25.97, 25.85], "Apparent_Power": [38.71, 38.68, 38.67, 38.65, 38.7, 38.67, 38.59, 38.69, 38.7, 38.67, 38.7, 38.73, 38.73, 38.69, 38.72, 38.68, 38.72, 38.73, 38.73, 38.72, 38.73, 38.73, 38.68, 38.73, 38.72, 38.73, 38.73, 38.72, 38.73, 38.73, 38.73, 38.73, 38.74, 38.75, 38.74, 38.74, 38.76, 38.75, 38.73, 38.77, 38.74, 38.73, 38.73, 38.75, 38.73], "Apparent_Power_Reactive": [28.73, 28.81, 28.57, 28.59, 28.79, 28.59, 28.52, 28.83, 28.61, 28.95, 28.7, 28.51, 28.93, 28.77, 28.58, 28.71, 28.76, 28.84, 28.72, 28.7, 28.91, 28.66, 28.56, 28.98, 28.56, 28.76, 28.74, 28.63, 28.74, 28.8, 28.69, 28.8, 28.82, 28.77, 28.8, 28.68, 28.88, 28.83, 28.75, 28.91, 28.71, 28.66, 28.85, 28.75, 28.84], "Power_Factor": [0.67, 0.667, 0.673, 0.672, 0.668, 0.673, 0.673, 0.666, 0.673, 0.662, 0.67, 0.676, 0.664, 0.668, 0.674, 0.669, 0.669, 0.667, 0.67, 0.671, 0.665, 0.672, 0.674, 0.663, 0.675, 0.669, 0.67, 0.673, 0.67, 0.668, 0.671, 0.668, 0.668, 0.669, 0.668, 0.672, 0.666, 0.668, 0.669, 0.666, 0.671, 0.672, 0.666, 0.67, 0.667], "Energy": [0.01, 0.02, 0.04, 0.05, 0.07, 0.08, 0.1, 0.11, 0.13, 0.14, 0.16, 0.17, 0.18, 0.2, 0.21, 0.23, 0.24, 0.26, 0.27, 0.29, 0.3, 0.32, 0.33, 0.34, 0.36, 0.37, 0.39, 0.4, 0.42, 0.43, 0.45, 0.46, 0.48, 0.49, 0.5, 0.52, 0.53, 0.55, 0.56, 0.58, 0.59, 0.61, 0.62, 0.64, 0.65], "Frequency": [49.36, 49.36, 49.36, 49.4, 49.4, 49.4, 49.39, 49.39, 49.39, 49.39, 49.39, 49.39, 49.4, 49.4, 49.4, 49.39, 49.39, 49.39, 49.41, 49.41, 49.41, 49.41, 49.41, 49.41, 49.39, 49.39, 49.39, 49.4, 49.4, 49.4, 49.4, 49.4, 49.4, 49.41, 49.41, 49.41, 49.42, 49.42, 49.42, 49.41, 49.41, 49.41, 49.43, 49.43, 49.43], "Temp_env": []}