{"Start_Time": [1755615110.4099004], "Time": [1755615112.4124503, 1755615114.4145277, 1755615116.4165885, 1755615118.4187696, 1755615120.420899, 1755615122.423411, 1755615124.425643, 1755615126.4277027, 1755615128.4298067, 1755615130.4319935, 1755615132.4347026, 1755615134.4368794, 1755615136.4389322, 1755615138.4412098, 1755615140.4438496, 1755615142.446156, 1755615144.4488776, 1755615146.4513404, 1755615148.453896, 1755615150.4562674, 1755615152.4589303, 1755615154.4614475, 1755615156.4641113, 1755615158.4663627, 1755615160.469113, 1755615162.471577, 1755615164.4741037, 1755615166.4764824, 1755615168.4792016, 1755615170.4816394, 1755615172.4842074, 1755615174.4865587, 1755615176.4892976, 1755615178.4917405, 1755615180.4944808, 1755615182.4966352, 1755615184.4986858, 1755615186.5008578, 1755615188.503524, 1755615190.505907, 1755615192.508615, 1755615194.510953, 1755615196.513607, 1755615198.515996, 1755615200.5186896], "Voltage": [227.72, 227.88, 227.98, 227.77, 227.93, 227.77, 227.72, 227.83, 227.93, 227.77, 227.93, 227.88, 227.77, 227.83, 227.93, 227.83, 227.98, 227.88, 227.88, 227.88, 227.83, 227.72, 227.83, 227.83, 227.77, 227.83, 227.83, 227.83, 227.88, 227.93, 227.83, 227.98, 227.98, 228.04, 227.88, 227.72, 227.83, 227.83, 227.93, 227.88, 227.98, 227.83, 227.88, 227.93, 227.88], "Current": [0.17, 0.17, 0.17, 0.17, 0.17, 0.17, 0.17, 0.17, 0.17, 0.17, 0.17, 0.17, 0.17, 0.17, 0.17, 0.17, 0.17, 0.17, 0.17, 0.17, 0.17, 0.17, 0.17, 0.17, 0.17, 0.17, 0.17, 0.17, 0.17, 0.17, 0.17, 0.17, 0.17, 0.17, 0.17, 0.17, 0.17, 0.17, 0.17, 0.17, 0.17, 0.17, 0.17, 0.17, 0.17], "Real_Power": [26.31, 26.32, 26.26, 26.2, 26.15, 26.39, 26.27, 26.25, 26.26, 26.26, 26.28, 26.28, 26.22, 26.21, 26.31, 26.19, 26.26, 26.29, 26.21, 26.26, 26.34, 26.23, 26.32, 26.27, 26.23, 26.45, 26.24, 26.32, 26.21, 26.24, 26.39, 26.2, 26.15, 26.44, 26.32, 26.28, 26.33, 26.18, 26.35, 26.37, 26.3, 26.38, 26.24, 26.26, 26.12], "Apparent_Power": [38.71, 38.73, 38.75, 38.72, 38.74, 38.72, 38.71, 38.73, 38.74, 38.72, 38.74, 38.73, 38.72, 38.73, 38.74, 38.73, 38.75, 38.73, 38.73, 38.73, 38.73, 38.71, 38.73, 38.73, 38.72, 38.73, 38.73, 38.73, 38.73, 38.74, 38.73, 38.75, 38.75, 38.76, 38.73, 38.71, 38.73, 38.73, 38.74, 38.73, 38.75, 38.73, 38.73, 38.74, 38.73], "Apparent_Power_Reactive": [28.39, 28.41, 28.49, 28.5, 28.58, 28.33, 28.43, 28.47, 28.48, 28.45, 28.46, 28.44, 28.49, 28.51, 28.43, 28.53, 28.49, 28.44, 28.51, 28.46, 28.39, 28.46, 28.41, 28.45, 28.48, 28.29, 28.48, 28.41, 28.51, 28.5, 28.34, 28.55, 28.59, 28.34, 28.41, 28.42, 28.4, 28.54, 28.39, 28.36, 28.45, 28.35, 28.48, 28.48, 28.59], "Power_Factor": [0.679, 0.679, 0.677, 0.676, 0.675, 0.681, 0.678, 0.677, 0.677, 0.678, 0.678, 0.678, 0.677, 0.676, 0.679, 0.676, 0.677, 0.678, 0.676, 0.678, 0.68, 0.677, 0.679, 0.678, 0.677, 0.682, 0.677, 0.679, 0.676, 0.677, 0.681, 0.676, 0.674, 0.682, 0.679, 0.678, 0.679, 0.675, 0.68, 0.68, 0.678, 0.681, 0.677, 0.677, 0.674], "Energy": [0.01, 0.02, 0.04, 0.05, 0.07, 0.08, 0.1, 0.11, 0.13, 0.14, 0.16, 0.17, 0.19, 0.2, 0.22, 0.23, 0.25, 0.26, 0.28, 0.29, 0.31, 0.32, 0.33, 0.35, 0.36, 0.38, 0.39, 0.41, 0.42, 0.44, 0.45, 0.47, 0.48, 0.5, 0.51, 0.53, 0.54, 0.56, 0.57, 0.59, 0.6, 0.62, 0.63, 0.65, 0.66], "Frequency": [49.38, 49.37, 49.37, 49.37, 49.38, 49.38, 49.38, 49.39, 49.39, 49.39, 49.38, 49.38, 49.38, 49.38, 49.38, 49.38, 49.38, 49.38, 49.38, 49.39, 49.39, 49.39, 49.39, 49.39, 49.39, 49.39, 49.39, 49.39, 49.37, 49.37, 49.37, 49.37, 49.37, 49.37, 49.38, 49.38, 49.38, 49.37, 49.37, 49.37, 49.37, 49.37, 49.37, 49.37, 49.37], "Temp_env": []}