{"Start_Time": [1755774592.6274254], "Time": [1755774594.6294582, 1755774596.6322126, 1755774598.6345196, 1755774600.6366398, 1755774602.6393602, 1755774604.6415591, 1755774606.6437979, 1755774608.646251, 1755774610.648594, 1755774612.6512907, 1755774614.6537232, 1755774616.6564355, 1755774618.658543, 1755774620.660651, 1755774622.6635036, 1755774624.6655507, 1755774626.667685, 1755774628.6703565, 1755774630.6727114, 1755774632.674775, 1755774634.677461, 1755774636.679623, 1755774638.6816604, 1755774640.6838322, 1755774642.6865106, 1755774644.6886718, 1755774646.69081, 1755774648.6935997, 1755774650.6956718, 1755774652.697844, 1755774654.7004652, 1755774656.7027676, 1755774658.7048855, 1755774660.7075715, 1755774662.7099028, 1755774664.712541, 1755774666.7147737, 1755774668.7169397, 1755774670.7196147, 1755774672.721771, 1755774674.7241116, 1755774676.7265725, 1755774678.7289126, 1755774680.7315917, 1755774682.7340176], "Voltage": [229.24, 229.29, 229.24, 229.19, 229.24, 229.35, 229.24, 229.4, 229.29, 229.35, 229.45, 229.4, 229.35, 229.45, 229.4, 229.4, 229.35, 229.35, 229.45, 229.19, 229.35, 229.45, 229.29, 229.45, 229.5, 229.55, 229.4, 229.4, 229.55, 229.61, 229.4, 229.55, 229.61, 229.55, 229.29, 229.4, 229.4, 229.24, 229.45, 229.35, 229.55, 229.71, 229.55, 229.5, 229.55], "Current": [0.17, 0.17, 0.17, 0.17, 0.17, 0.17, 0.17, 0.17, 0.17, 0.17, 0.17, 0.17, 0.17, 0.17, 0.17, 0.17, 0.17, 0.17, 0.17, 0.17, 0.17, 0.17, 0.17, 0.17, 0.17, 0.17, 0.17, 0.17, 0.17, 0.17, 0.17, 0.17, 0.17, 0.17, 0.17, 0.17, 0.17, 0.17, 0.17, 0.17, 0.17, 0.17, 0.17, 0.17, 0.17], "Real_Power": [26.1, 26.1, 25.97, 26.25, 26.06, 25.96, 26.27, 25.86, 26.25, 26.11, 25.93, 26.23, 25.91, 26.09, 26.24, 25.98, 26.03, 26.05, 25.8, 26.09, 26.03, 25.89, 26.22, 26.01, 26.12, 26.07, 25.99, 26.22, 26.04, 26.07, 26.15, 25.97, 26.1, 26.14, 25.82, 26.19, 25.99, 26.09, 26.18, 25.86, 26.07, 26.07, 26.02, 26.17, 26.05], "Apparent_Power": [38.97, 38.97, 38.97, 38.96, 38.97, 38.98, 38.97, 38.99, 38.97, 38.98, 39.0, 38.99, 38.98, 39.0, 38.99, 38.99, 38.98, 38.98, 39.0, 38.96, 38.98, 39.0, 38.97, 39.0, 39.01, 39.02, 38.99, 38.99, 39.02, 39.03, 38.99, 39.02, 39.03, 39.02, 38.97, 38.99, 38.99, 38.97, 39.0, 38.98, 39.02, 39.05, 39.02, 39.01, 39.02], "Apparent_Power_Reactive": [28.93, 28.93, 29.05, 28.78, 28.97, 29.07, 28.78, 29.18, 28.8, 28.94, 29.13, 28.84, 29.12, 28.98, 28.83, 29.07, 29.01, 28.99, 29.24, 28.93, 29.01, 29.16, 28.83, 29.05, 28.97, 29.03, 29.06, 28.85, 29.05, 29.04, 28.92, 29.12, 29.01, 28.96, 29.18, 28.88, 29.06, 28.94, 28.9, 29.16, 29.03, 29.07, 29.07, 28.92, 29.05], "Power_Factor": [0.669, 0.669, 0.666, 0.673, 0.668, 0.665, 0.674, 0.663, 0.673, 0.669, 0.664, 0.672, 0.664, 0.668, 0.672, 0.666, 0.667, 0.668, 0.661, 0.669, 0.667, 0.663, 0.672, 0.666, 0.669, 0.668, 0.666, 0.672, 0.667, 0.667, 0.67, 0.665, 0.668, 0.669, 0.662, 0.671, 0.666, 0.669, 0.671, 0.663, 0.668, 0.667, 0.666, 0.67, 0.667], "Energy": [0.01, 0.02, 0.04, 0.05, 0.07, 0.08, 0.1, 0.11, 0.13, 0.14, 0.16, 0.17, 0.19, 0.2, 0.21, 0.23, 0.24, 0.26, 0.27, 0.29, 0.3, 0.32, 0.33, 0.35, 0.36, 0.38, 0.39, 0.4, 0.42, 0.43, 0.45, 0.46, 0.48, 0.49, 0.51, 0.52, 0.54, 0.55, 0.57, 0.58, 0.59, 0.61, 0.62, 0.64, 0.65], "Frequency": [49.41, 49.41, 49.41, 49.41, 49.41, 49.41, 49.41, 49.41, 49.41, 49.39, 49.39, 49.39, 49.4, 49.4, 49.4, 49.43, 49.43, 49.43, 49.4, 49.4, 49.4, 49.41, 49.41, 49.41, 49.4, 49.4, 49.4, 49.41, 49.41, 49.41, 49.43, 49.43, 49.43, 49.41, 49.41, 49.41, 49.4, 49.4, 49.4, 49.41, 49.41, 49.41, 49.39, 49.39, 49.39], "Temp_env": []}