{"Start_Time": [1755122251.5481791], "Time": [1755122253.5502658, 1755122255.5529435, 1755122257.6042373, 1755122259.6064048, 1755122261.6089272, 1755122263.6112964, 1755122265.6140213, 1755122267.616453, 1755122269.618999, 1755122271.6213775, 1755122273.6240563, 1755122275.6265855, 1755122277.629064, 1755122279.6314416, 1755122281.634168, 1755122283.6366503, 1755122285.6391892, 1755122287.6413672, 1755122289.6434152, 1755122291.6463902, 1755122293.6484342, 1755122295.6511743, 1755122297.6536174, 1755122299.656426, 1755122301.6584816, 1755122303.661263, 1755122305.6637108, 1755122307.666495, 1755122309.6685922, 1755122311.6712878, 1755122313.6736825, 1755122315.6765733, 1755122317.6786437, 1755122319.6813586, 1755122321.683721, 1755122323.6865783, 1755122325.6886551, 1755122327.6907463, 1755122329.6934803, 1755122331.6958518, 1755122333.6985054, 1755122335.7008514, 1755122337.7035916, 1755122339.7059088, 1755122341.713577], "Voltage": [228.19, 228.19, 228.14, 228.35, 228.19, 228.24, 228.3, 228.24, 228.14, 228.14, 228.24, 228.19, 228.24, 228.04, 227.98, 228.14, 228.09, 228.04, 228.09, 227.93, 228.09, 228.14, 227.98, 227.83, 228.09, 227.93, 227.77, 227.83, 227.83, 227.88, 227.88, 227.88, 227.88, 227.88, 227.98, 227.93, 228.04, 227.93, 227.93, 227.98, 227.93, 227.98, 227.98, 227.93, 228.04], "Current": [0.17, 0.17, 0.17, 0.17, 0.17, 0.17, 0.17, 0.17, 0.17, 0.17, 0.17, 0.17, 0.17, 0.17, 0.17, 0.17, 0.17, 0.17, 0.17, 0.17, 0.17, 0.17, 0.17, 0.17, 0.17, 0.17, 0.17, 0.17, 0.17, 0.17, 0.17, 0.17, 0.17, 0.17, 0.17, 0.17, 0.17, 0.17, 0.17, 0.17, 0.17, 0.17, 0.17, 0.17, 0.17], "Real_Power": [25.56, 25.79, 25.61, 25.72, 25.49, 25.69, 25.74, 25.84, 25.88, 25.62, 25.79, 25.7, 25.58, 25.88, 25.62, 25.56, 26.0, 25.46, 25.7, 25.86, 25.54, 25.72, 25.78, 25.56, 25.71, 25.72, 25.66, 25.47, 25.77, 25.68, 25.64, 25.83, 25.66, 25.62, 25.65, 25.79, 25.66, 25.64, 25.7, 25.84, 25.77, 25.58, 25.85, 25.63, 25.82], "Apparent_Power": [38.79, 38.79, 38.78, 38.81, 38.79, 38.8, 38.81, 38.8, 38.78, 38.78, 38.8, 38.79, 38.8, 38.76, 38.75, 38.78, 38.77, 38.76, 38.77, 38.74, 38.77, 38.78, 38.75, 38.73, 38.77, 38.74, 38.72, 38.73, 38.73, 38.73, 38.73, 38.73, 38.73, 38.73, 38.75, 38.74, 38.76, 38.74, 38.74, 38.75, 38.74, 38.75, 38.75, 38.74, 38.76], "Apparent_Power_Reactive": [29.17, 28.97, 29.12, 29.06, 29.23, 29.07, 29.04, 28.94, 28.88, 29.11, 28.98, 29.05, 29.17, 28.85, 29.07, 29.16, 28.75, 29.22, 29.02, 28.84, 29.16, 29.02, 28.93, 29.09, 29.01, 28.97, 28.99, 29.17, 28.91, 28.99, 29.02, 28.85, 29.0, 29.04, 29.04, 28.9, 29.04, 29.04, 28.98, 28.87, 28.92, 29.1, 28.86, 29.04, 28.9], "Power_Factor": [0.658, 0.664, 0.66, 0.662, 0.657, 0.662, 0.663, 0.665, 0.667, 0.66, 0.664, 0.662, 0.659, 0.667, 0.661, 0.659, 0.67, 0.656, 0.662, 0.667, 0.658, 0.663, 0.665, 0.659, 0.663, 0.663, 0.662, 0.657, 0.665, 0.663, 0.662, 0.666, 0.662, 0.661, 0.661, 0.665, 0.662, 0.661, 0.663, 0.666, 0.665, 0.66, 0.667, 0.661, 0.666], "Energy": [0.01, 0.02, 0.04, 0.05, 0.07, 0.08, 0.1, 0.11, 0.13, 0.14, 0.16, 0.17, 0.18, 0.2, 0.21, 0.23, 0.24, 0.26, 0.27, 0.29, 0.3, 0.31, 0.33, 0.34, 0.36, 0.37, 0.39, 0.4, 0.42, 0.43, 0.44, 0.46, 0.47, 0.49, 0.5, 0.52, 0.53, 0.55, 0.56, 0.57, 0.59, 0.6, 0.62, 0.63, 0.65], "Frequency": [49.44, 49.44, 49.43, 49.43, 49.43, 49.43, 49.43, 49.43, 49.44, 49.44, 49.44, 49.44, 49.44, 49.44, 49.43, 49.43, 49.43, 49.43, 49.43, 49.43, 49.43, 49.43, 49.43, 49.47, 49.47, 49.47, 49.43, 49.43, 49.43, 49.43, 49.43, 49.43, 49.42, 49.42, 49.42, 49.42, 49.42, 49.42, 49.43, 49.43, 49.43, 49.43, 49.43, 49.43, 49.42], "Temp_env": []}