{"Start_Time": [1755833782.95976], "Time": [1755833784.9620154, 1755833786.96473, 1755833788.967072, 1755833790.9747727, 1755833792.9770677, 1755833794.9799404, 1755833796.982021, 1755833798.9841046, 1755833800.986222, 1755833802.9939263, 1755833804.9962318, 1755833806.9989693, 1755833809.0068707, 1755833811.009219, 1755833813.0113578, 1755833815.0190325, 1755833817.0212753, 1755833819.0234149, 1755833821.0261028, 1755833823.0284228, 1755833825.0305922, 1755833827.0382464, 1755833829.0405638, 1755833831.043119, 1755833833.0505288, 1755833835.053314, 1755833837.0555067, 1755833839.058304, 1755833841.0607033, 1755833843.0632474, 1755833845.0655682, 1755833847.0682786, 1755833849.070762, 1755833851.0784414, 1755833853.0807667, 1755833855.0832844, 1755833857.0856717, 1755833859.088396, 1755833861.0913715, 1755833863.0937264, 1755833865.0964496, 1755833867.0987964, 1755833869.1009316, 1755833871.1034327, 1755833873.1109312], "Voltage": [228.98, 228.87, 228.93, 229.03, 228.93, 228.87, 229.08, 228.98, 228.98, 228.98, 229.03, 229.08, 228.93, 229.03, 228.98, 229.03, 229.03, 229.03, 229.03, 229.08, 228.98, 229.08, 229.03, 228.93, 229.03, 228.93, 229.03, 229.08, 229.08, 229.14, 229.08, 229.08, 229.08, 229.14, 229.08, 229.03, 229.08, 229.08, 228.93, 228.98, 228.93, 228.93, 228.93, 228.93, 228.98], "Current": [0.17, 0.17, 0.17, 0.17, 0.17, 0.17, 0.17, 0.17, 0.17, 0.17, 0.17, 0.17, 0.17, 0.17, 0.17, 0.17, 0.17, 0.17, 0.17, 0.17, 0.17, 0.17, 0.17, 0.17, 0.17, 0.17, 0.17, 0.17, 0.17, 0.17, 0.17, 0.17, 0.17, 0.17, 0.17, 0.17, 0.17, 0.17, 0.17, 0.17, 0.17, 0.17, 0.17, 0.17, 0.17], "Real_Power": [26.38, 26.28, 26.28, 26.46, 26.21, 26.34, 26.28, 26.1, 26.42, 26.34, 26.04, 26.43, 26.09, 26.3, 26.37, 26.1, 26.39, 26.26, 26.34, 26.37, 26.15, 26.42, 26.38, 26.07, 26.32, 26.28, 26.26, 26.46, 26.13, 26.29, 26.38, 26.17, 26.44, 26.31, 26.35, 26.36, 26.1, 26.36, 26.24, 26.43, 26.19, 26.44, 26.35, 26.21, 26.39], "Apparent_Power": [38.92, 38.9, 38.91, 38.93, 38.91, 38.9, 38.94, 38.92, 38.92, 38.92, 38.93, 38.94, 38.91, 38.93, 38.92, 38.93, 38.93, 38.93, 38.93, 38.94, 38.92, 38.94, 38.93, 38.91, 38.93, 38.91, 38.93, 38.94, 38.94, 38.95, 38.94, 38.94, 38.94, 38.95, 38.94, 38.93, 38.94, 38.94, 38.91, 38.92, 38.91, 38.91, 38.91, 38.91, 38.92], "Apparent_Power_Reactive": [28.61, 28.68, 28.69, 28.55, 28.75, 28.62, 28.73, 28.87, 28.57, 28.65, 28.93, 28.59, 28.86, 28.7, 28.62, 28.88, 28.62, 28.73, 28.66, 28.65, 28.82, 28.6, 28.62, 28.88, 28.68, 28.69, 28.73, 28.56, 28.87, 28.73, 28.64, 28.83, 28.58, 28.72, 28.67, 28.64, 28.89, 28.66, 28.73, 28.56, 28.77, 28.54, 28.62, 28.75, 28.6], "Power_Factor": [0.677, 0.675, 0.675, 0.679, 0.673, 0.677, 0.674, 0.67, 0.678, 0.676, 0.668, 0.678, 0.67, 0.675, 0.677, 0.67, 0.677, 0.674, 0.676, 0.677, 0.671, 0.678, 0.677, 0.67, 0.676, 0.675, 0.674, 0.679, 0.671, 0.674, 0.677, 0.672, 0.678, 0.675, 0.676, 0.677, 0.67, 0.676, 0.674, 0.679, 0.673, 0.679, 0.677, 0.673, 0.678], "Energy": [0.01, 0.02, 0.04, 0.05, 0.07, 0.08, 0.1, 0.11, 0.13, 0.14, 0.16, 0.17, 0.19, 0.2, 0.22, 0.23, 0.25, 0.26, 0.28, 0.29, 0.31, 0.32, 0.33, 0.35, 0.36, 0.38, 0.39, 0.41, 0.42, 0.44, 0.45, 0.47, 0.48, 0.5, 0.51, 0.53, 0.54, 0.56, 0.57, 0.59, 0.6, 0.62, 0.63, 0.65, 0.66], "Frequency": [49.38, 49.38, 49.39, 49.39, 49.39, 49.39, 49.39, 49.39, 49.39, 49.39, 49.39, 49.39, 49.39, 49.39, 49.39, 49.39, 49.39, 49.4, 49.4, 49.4, 49.4, 49.4, 49.4, 49.4, 49.4, 49.4, 49.4, 49.4, 49.4, 49.39, 49.39, 49.39, 49.39, 49.39, 49.39, 49.39, 49.39, 49.39, 49.39, 49.39, 49.39, 49.39, 49.39, 49.39, 49.39], "Temp_env": []}