{"Start_Time": [1755369893.1203015], "Time": [1755369895.1225877, 1755369897.1251395, 1755369899.127404, 1755369901.1295412, 1755369903.1320872, 1755369905.1344366, 1755369907.1363533, 1755369909.1383595, 1755369911.1406686, 1755369913.1431441, 1755369915.1454418, 1755369917.153248, 1755369919.1554515, 1755369921.158102, 1755369923.1652782, 1755369925.167323, 1755369927.1694262, 1755369929.1720743, 1755369931.174425, 1755369933.1771245, 1755369935.17944, 1755369937.1820743, 1755369939.1843863, 1755369941.1920617, 1755369943.1943498, 1755369945.1970267, 1755369947.1993828, 1755369949.2020202, 1755369951.2043262, 1755369953.2070343, 1755369955.2093616, 1755369957.2120118, 1755369959.2202334, 1755369961.2222629, 1755369963.2243516, 1755369965.2320073, 1755369967.234327, 1755369969.237015, 1755369971.2391555, 1755369973.2412844, 1755369975.244011, 1755369977.246305, 1755369979.2490125, 1755369981.251178, 1755369983.2532916], "Voltage": [228.51, 228.35, 228.45, 228.45, 228.35, 228.35, 228.35, 228.4, 228.35, 228.35, 228.24, 228.35, 228.35, 228.14, 228.3, 228.3, 228.35, 228.4, 228.4, 228.35, 228.3, 228.3, 228.35, 228.35, 228.19, 228.3, 228.4, 228.3, 228.45, 228.3, 228.45, 228.56, 228.45, 228.35, 228.4, 228.35, 228.51, 228.35, 228.35, 228.45, 228.24, 228.35, 228.35, 228.35, 228.51], "Current": [0.17, 0.17, 0.17, 0.17, 0.17, 0.17, 0.17, 0.17, 0.17, 0.17, 0.17, 0.17, 0.17, 0.17, 0.17, 0.17, 0.17, 0.17, 0.17, 0.17, 0.17, 0.17, 0.17, 0.17, 0.17, 0.17, 0.17, 0.17, 0.17, 0.17, 0.17, 0.17, 0.17, 0.17, 0.17, 0.17, 0.17, 0.17, 0.17, 0.17, 0.17, 0.17, 0.17, 0.17, 0.17], "Real_Power": [25.84, 26.06, 25.91, 25.84, 26.15, 25.96, 25.94, 26.12, 25.94, 25.9, 25.95, 25.8, 26.09, 26.01, 25.81, 26.03, 26.0, 26.08, 26.05, 25.77, 26.21, 25.96, 25.87, 26.04, 25.92, 25.85, 25.98, 25.8, 25.99, 26.1, 25.85, 26.19, 25.9, 25.95, 25.94, 25.9, 26.01, 25.97, 25.86, 26.07, 25.99, 25.92, 25.98, 26.07, 26.08], "Apparent_Power": [38.84, 38.81, 38.83, 38.83, 38.81, 38.81, 38.81, 38.82, 38.81, 38.81, 38.8, 38.81, 38.81, 38.78, 38.81, 38.81, 38.81, 38.82, 38.82, 38.81, 38.81, 38.81, 38.81, 38.81, 38.79, 38.81, 38.82, 38.81, 38.83, 38.81, 38.83, 38.85, 38.83, 38.81, 38.82, 38.81, 38.84, 38.81, 38.81, 38.83, 38.8, 38.81, 38.81, 38.81, 38.84], "Apparent_Power_Reactive": [28.99, 28.75, 28.92, 28.98, 28.67, 28.84, 28.86, 28.71, 28.86, 28.9, 28.84, 28.99, 28.73, 28.76, 28.98, 28.78, 28.81, 28.75, 28.78, 29.01, 28.62, 28.84, 28.93, 28.77, 28.85, 28.94, 28.84, 28.99, 28.84, 28.72, 28.97, 28.69, 28.93, 28.85, 28.88, 28.9, 28.84, 28.84, 28.93, 28.77, 28.8, 28.88, 28.83, 28.75, 28.78], "Power_Factor": [0.665, 0.671, 0.667, 0.665, 0.673, 0.668, 0.668, 0.672, 0.668, 0.667, 0.668, 0.664, 0.672, 0.67, 0.665, 0.67, 0.669, 0.671, 0.671, 0.664, 0.675, 0.668, 0.666, 0.67, 0.668, 0.666, 0.669, 0.664, 0.669, 0.672, 0.665, 0.674, 0.667, 0.668, 0.668, 0.667, 0.669, 0.669, 0.666, 0.671, 0.669, 0.667, 0.669, 0.671, 0.671], "Energy": [0.01, 0.02, 0.04, 0.05, 0.07, 0.08, 0.1, 0.11, 0.13, 0.14, 0.16, 0.17, 0.18, 0.2, 0.21, 0.23, 0.24, 0.26, 0.27, 0.29, 0.3, 0.32, 0.33, 0.35, 0.36, 0.37, 0.39, 0.4, 0.42, 0.43, 0.45, 0.46, 0.48, 0.49, 0.51, 0.52, 0.54, 0.55, 0.56, 0.58, 0.59, 0.61, 0.62, 0.64, 0.65], "Frequency": [49.42, 49.42, 49.42, 49.4, 49.4, 49.4, 49.4, 49.4, 49.4, 49.39, 49.39, 49.39, 49.39, 49.39, 49.39, 49.39, 49.39, 49.39, 49.39, 49.39, 49.39, 49.39, 49.39, 49.39, 49.39, 49.39, 49.39, 49.4, 49.4, 49.4, 49.4, 49.4, 49.4, 49.4, 49.4, 49.4, 49.41, 49.41, 49.41, 49.4, 49.4, 49.4, 49.39, 49.39, 49.39], "Temp_env": []}