{"Start_Time": [1755231991.6010802], "Time": [1755231993.6033168, 1755231995.6059303, 1755231997.6082335, 1755231999.6109927, 1755232001.6132812, 1755232003.6154616, 1755232005.6179376, 1755232007.6203587, 1755232009.623034, 1755232011.6254563, 1755232013.62817, 1755232015.6302977, 1755232017.6341724, 1755232019.636454, 1755232021.639112, 1755232023.6414988, 1755232025.6441169, 1755232027.6463034, 1755232029.6484783, 1755232031.651162, 1755232033.6535094, 1755232035.6557333, 1755232037.658227, 1755232039.6605773, 1755232041.6633093, 1755232043.665759, 1755232045.668285, 1755232047.6706185, 1755232049.673304, 1755232051.675676, 1755232053.6783936, 1755232055.6804984, 1755232057.683297, 1755232059.6857657, 1755232061.68842, 1755232063.690578, 1755232065.6933947, 1755232067.6958628, 1755232069.6983855, 1755232071.7007208, 1755232073.702837, 1755232075.7055924, 1755232077.7076633, 1755232079.7097523, 1755232081.7124462], "Voltage": [228.82, 228.72, 228.77, 228.66, 228.72, 228.87, 228.72, 228.77, 228.87, 228.72, 228.82, 228.82, 228.82, 228.82, 228.66, 228.82, 228.77, 228.82, 228.72, 228.77, 228.82, 228.72, 228.77, 228.66, 228.77, 228.72, 228.77, 228.82, 228.72, 228.77, 228.77, 228.77, 228.72, 228.77, 228.77, 228.72, 228.77, 228.87, 228.72, 228.77, 228.77, 228.87, 228.87, 228.72, 228.72], "Current": [0.17, 0.17, 0.17, 0.17, 0.17, 0.17, 0.17, 0.17, 0.17, 0.17, 0.17, 0.17, 0.17, 0.17, 0.17, 0.17, 0.17, 0.17, 0.17, 0.17, 0.17, 0.17, 0.17, 0.17, 0.17, 0.17, 0.17, 0.17, 0.17, 0.17, 0.17, 0.17, 0.17, 0.17, 0.17, 0.17, 0.17, 0.17, 0.17, 0.17, 0.17, 0.17, 0.17, 0.17, 0.17], "Real_Power": [26.01, 26.07, 26.13, 26.25, 26.11, 26.04, 26.2, 26.1, 26.09, 26.06, 26.27, 26.15, 26.02, 26.12, 26.05, 25.99, 25.96, 26.12, 26.04, 26.02, 26.17, 25.92, 26.08, 26.15, 26.02, 26.1, 25.98, 26.05, 26.06, 26.08, 26.04, 26.05, 26.03, 26.1, 26.09, 26.01, 26.27, 26.06, 25.97, 25.97, 26.26, 26.1, 26.14, 26.16, 25.98], "Apparent_Power": [38.89, 38.88, 38.89, 38.87, 38.88, 38.9, 38.88, 38.89, 38.9, 38.88, 38.89, 38.89, 38.89, 38.89, 38.87, 38.89, 38.89, 38.89, 38.88, 38.89, 38.89, 38.88, 38.89, 38.87, 38.89, 38.88, 38.89, 38.89, 38.88, 38.89, 38.89, 38.89, 38.88, 38.89, 38.89, 38.88, 38.89, 38.9, 38.88, 38.89, 38.89, 38.9, 38.9, 38.88, 38.88], "Apparent_Power_Reactive": [28.91, 28.84, 28.8, 28.66, 28.8, 28.89, 28.72, 28.83, 28.85, 28.85, 28.67, 28.78, 28.9, 28.81, 28.84, 28.93, 28.95, 28.81, 28.87, 28.9, 28.76, 28.97, 28.84, 28.75, 28.9, 28.81, 28.93, 28.87, 28.85, 28.84, 28.88, 28.87, 28.88, 28.83, 28.83, 28.89, 28.67, 28.88, 28.93, 28.94, 28.68, 28.84, 28.8, 28.76, 28.92], "Power_Factor": [0.668, 0.67, 0.671, 0.675, 0.671, 0.669, 0.673, 0.671, 0.67, 0.67, 0.675, 0.672, 0.669, 0.671, 0.67, 0.668, 0.667, 0.671, 0.669, 0.669, 0.672, 0.666, 0.67, 0.672, 0.669, 0.671, 0.668, 0.669, 0.67, 0.67, 0.669, 0.669, 0.669, 0.671, 0.67, 0.668, 0.675, 0.669, 0.667, 0.667, 0.675, 0.67, 0.671, 0.672, 0.668], "Energy": [0.01, 0.02, 0.04, 0.05, 0.07, 0.08, 0.1, 0.11, 0.13, 0.14, 0.16, 0.17, 0.19, 0.2, 0.22, 0.23, 0.25, 0.26, 0.28, 0.29, 0.3, 0.32, 0.33, 0.35, 0.36, 0.38, 0.39, 0.41, 0.42, 0.44, 0.45, 0.47, 0.48, 0.49, 0.51, 0.52, 0.54, 0.55, 0.57, 0.58, 0.6, 0.61, 0.63, 0.64, 0.66], "Frequency": [49.42, 49.42, 49.41, 49.41, 49.41, 49.41, 49.41, 49.41, 49.41, 49.41, 49.41, 49.41, 49.41, 49.41, 49.41, 49.41, 49.41, 49.41, 49.41, 49.41, 49.41, 49.41, 49.41, 49.39, 49.39, 49.39, 49.4, 49.4, 49.4, 49.39, 49.39, 49.39, 49.41, 49.41, 49.41, 49.41, 49.41, 49.41, 49.42, 49.42, 49.42, 49.42, 49.42, 49.42, 49.45], "Temp_env": []}