{"Start_Time": [1755471561.9643123], "Time": [1755471563.9663515, 1755471565.969002, 1755471567.9711902, 1755471569.9789476, 1755471571.9812877, 1755471573.9832852, 1755471575.9911456, 1755471577.9934947, 1755471579.9962025, 1755471582.0043912, 1755471584.006494, 1755471586.00922, 1755471588.016521, 1755471590.0186577, 1755471592.021369, 1755471594.0286536, 1755471596.03141, 1755471598.0337458, 1755471600.036475, 1755471602.0388489, 1755471604.0415628, 1755471606.0488331, 1755471608.051609, 1755471610.0539255, 1755471612.0616329, 1755471614.0639732, 1755471616.066089, 1755471618.0688314, 1755471620.0709956, 1755471622.0730398, 1755471624.075273, 1755471626.077975, 1755471628.0801158, 1755471630.0879233, 1755471632.0902343, 1755471634.0923889, 1755471636.0951827, 1755471638.097302, 1755471640.1053464, 1755471642.107473, 1755471644.1102214, 1755471646.11252, 1755471648.115407, 1755471650.1175268, 1755471652.1255434], "Voltage": [229.87, 229.82, 229.76, 229.76, 229.82, 229.76, 229.82, 229.82, 229.87, 229.82, 229.66, 229.76, 229.87, 229.76, 229.87, 229.76, 229.76, 229.71, 229.82, 229.61, 229.71, 229.61, 229.71, 229.71, 229.71, 229.76, 229.71, 229.66, 229.71, 229.76, 229.76, 229.87, 229.82, 229.76, 229.87, 229.82, 229.82, 229.82, 229.82, 229.76, 229.82, 229.82, 229.92, 229.82, 229.82], "Current": [0.17, 0.17, 0.17, 0.17, 0.17, 0.17, 0.17, 0.17, 0.17, 0.17, 0.17, 0.17, 0.17, 0.17, 0.17, 0.17, 0.17, 0.17, 0.17, 0.17, 0.17, 0.17, 0.17, 0.17, 0.17, 0.17, 0.17, 0.17, 0.17, 0.17, 0.17, 0.17, 0.17, 0.17, 0.17, 0.17, 0.17, 0.17, 0.17, 0.17, 0.17, 0.17, 0.17, 0.17, 0.17], "Real_Power": [25.9, 25.96, 25.95, 25.99, 25.89, 25.98, 26.03, 25.99, 25.99, 26.11, 25.82, 25.99, 25.95, 25.91, 26.09, 25.94, 26.04, 26.08, 26.02, 26.09, 25.91, 25.85, 25.99, 25.92, 25.95, 26.06, 25.95, 25.91, 25.99, 25.88, 26.0, 26.12, 25.92, 26.12, 25.89, 26.02, 25.99, 25.92, 26.04, 26.02, 25.82, 26.01, 25.86, 25.97, 26.04], "Apparent_Power": [39.07, 39.06, 39.05, 39.05, 39.06, 39.05, 39.06, 39.06, 39.07, 39.06, 39.04, 39.05, 39.07, 39.05, 39.07, 39.05, 39.05, 39.05, 39.06, 39.03, 39.05, 39.03, 39.05, 39.05, 39.05, 39.05, 39.05, 39.04, 39.05, 39.05, 39.05, 39.07, 39.06, 39.05, 39.07, 39.06, 39.06, 39.06, 39.06, 39.05, 39.06, 39.06, 39.08, 39.06, 39.06], "Apparent_Power_Reactive": [29.25, 29.18, 29.18, 29.14, 29.24, 29.15, 29.12, 29.15, 29.17, 29.05, 29.28, 29.14, 29.2, 29.21, 29.08, 29.18, 29.1, 29.06, 29.13, 29.02, 29.21, 29.24, 29.14, 29.2, 29.18, 29.08, 29.18, 29.2, 29.14, 29.24, 29.13, 29.05, 29.22, 29.02, 29.26, 29.13, 29.15, 29.22, 29.11, 29.11, 29.3, 29.14, 29.3, 29.17, 29.11], "Power_Factor": [0.662, 0.664, 0.664, 0.665, 0.662, 0.665, 0.666, 0.665, 0.665, 0.668, 0.661, 0.665, 0.664, 0.663, 0.667, 0.664, 0.666, 0.667, 0.666, 0.668, 0.663, 0.662, 0.665, 0.663, 0.664, 0.667, 0.664, 0.663, 0.665, 0.662, 0.665, 0.668, 0.663, 0.668, 0.662, 0.666, 0.665, 0.663, 0.666, 0.666, 0.661, 0.665, 0.661, 0.664, 0.666], "Energy": [0.01, 0.02, 0.04, 0.05, 0.07, 0.08, 0.1, 0.11, 0.13, 0.14, 0.16, 0.17, 0.18, 0.2, 0.21, 0.23, 0.24, 0.26, 0.27, 0.29, 0.3, 0.32, 0.33, 0.35, 0.36, 0.37, 0.39, 0.4, 0.42, 0.43, 0.45, 0.46, 0.48, 0.49, 0.51, 0.52, 0.54, 0.55, 0.57, 0.58, 0.59, 0.61, 0.62, 0.64, 0.65], "Frequency": [49.41, 49.41, 49.41, 49.4, 49.4, 49.4, 49.39, 49.39, 49.39, 49.39, 49.39, 49.39, 49.39, 49.39, 49.39, 49.4, 49.4, 49.4, 49.39, 49.39, 49.39, 49.38, 49.38, 49.38, 49.35, 49.35, 49.35, 49.36, 49.36, 49.36, 49.35, 49.35, 49.35, 49.36, 49.36, 49.36, 49.36, 49.36, 49.36, 49.36, 49.36, 49.36, 49.35, 49.35, 49.35], "Temp_env": []}