{"Start_Time": [1755607198.6770408], "Time": [1755607200.6790242, 1755607202.6816874, 1755607204.7058327, 1755607206.707993, 1755607208.7101, 1755607210.712312, 1755607212.7148526, 1755607214.7170234, 1755607216.719105, 1755607218.7212017, 1755607220.7235563, 1755607222.726031, 1755607224.728399, 1755607226.7303653, 1755607228.7332933, 1755607230.7353566, 1755607232.737456, 1755607234.7402077, 1755607236.7425795, 1755607238.744679, 1755607240.747361, 1755607242.7495482, 1755607244.7516093, 1755607246.7537687, 1755607248.756443, 1755607250.7587914, 1755607252.7615027, 1755607254.7639785, 1755607256.766617, 1755607258.7688236, 1755607260.7709494, 1755607262.773761, 1755607264.7758086, 1755607266.7779334, 1755607268.780669, 1755607270.7830172, 1755607272.7856922, 1755607274.7880883, 1755607276.7907815, 1755607278.7932065, 1755607280.795885, 1755607282.7982016, 1755607284.8009367, 1755607286.803312, 1755607288.805957], "Voltage": [226.83, 226.83, 226.88, 226.99, 227.2, 227.35, 227.3, 227.35, 227.35, 227.56, 227.3, 227.3, 227.41, 227.41, 226.93, 227.2, 227.25, 227.2, 226.88, 226.93, 227.25, 226.99, 227.09, 227.14, 226.99, 226.88, 226.93, 227.14, 227.14, 227.14, 227.14, 227.25, 227.09, 227.14, 227.25, 227.2, 227.41, 227.35, 227.3, 227.25, 227.2, 227.09, 227.25, 227.25, 227.25], "Current": [0.18, 0.17, 0.17, 0.17, 0.17, 0.17, 0.18, 0.17, 0.17, 0.17, 0.17, 0.17, 0.17, 0.17, 0.17, 0.17, 0.17, 0.17, 0.17, 0.18, 0.17, 0.17, 0.17, 0.17, 0.17, 0.17, 0.17, 0.17, 0.17, 0.17, 0.18, 0.17, 0.18, 0.18, 0.17, 0.17, 0.17, 0.17, 0.17, 0.17, 0.17, 0.17, 0.17, 0.17, 0.17], "Real_Power": [26.33, 26.14, 26.12, 26.22, 26.11, 26.21, 26.36, 26.11, 26.32, 26.05, 26.16, 26.24, 25.96, 26.21, 26.24, 26.12, 26.24, 26.18, 26.15, 26.18, 25.94, 26.23, 26.18, 26.13, 26.19, 26.15, 26.12, 26.19, 26.07, 26.21, 26.32, 26.08, 26.34, 26.3, 26.22, 26.23, 26.13, 26.18, 26.26, 26.12, 26.19, 26.17, 26.15, 26.36, 26.17], "Apparent_Power": [40.82, 38.56, 38.56, 38.58, 38.62, 38.64, 40.91, 38.64, 38.64, 38.68, 38.64, 38.64, 38.65, 38.65, 38.57, 38.62, 38.63, 38.62, 38.56, 40.84, 38.63, 38.58, 38.6, 38.61, 38.58, 38.56, 38.57, 38.61, 38.61, 38.61, 40.88, 38.63, 40.87, 40.88, 38.63, 38.62, 38.65, 38.64, 38.64, 38.63, 38.62, 38.6, 38.63, 38.63, 38.63], "Apparent_Power_Reactive": [31.19, 28.34, 28.36, 28.3, 28.45, 28.39, 31.28, 28.48, 28.28, 28.59, 28.43, 28.36, 28.63, 28.4, 28.26, 28.44, 28.35, 28.39, 28.33, 31.34, 28.62, 28.29, 28.36, 28.42, 28.32, 28.33, 28.37, 28.36, 28.47, 28.35, 31.27, 28.49, 31.24, 31.29, 28.36, 28.34, 28.47, 28.41, 28.34, 28.46, 28.38, 28.37, 28.43, 28.23, 28.41], "Power_Factor": [0.645, 0.677, 0.677, 0.679, 0.676, 0.678, 0.644, 0.675, 0.681, 0.673, 0.677, 0.679, 0.671, 0.678, 0.68, 0.676, 0.679, 0.677, 0.678, 0.641, 0.671, 0.679, 0.678, 0.676, 0.678, 0.678, 0.677, 0.678, 0.675, 0.678, 0.643, 0.675, 0.644, 0.643, 0.678, 0.679, 0.676, 0.677, 0.679, 0.676, 0.678, 0.677, 0.676, 0.682, 0.677], "Energy": [0.01, 0.02, 0.04, 0.05, 0.07, 0.08, 0.1, 0.11, 0.13, 0.14, 0.16, 0.17, 0.19, 0.2, 0.22, 0.23, 0.25, 0.26, 0.27, 0.29, 0.3, 0.32, 0.33, 0.35, 0.36, 0.38, 0.39, 0.41, 0.42, 0.44, 0.45, 0.47, 0.48, 0.5, 0.51, 0.53, 0.54, 0.55, 0.57, 0.58, 0.6, 0.61, 0.63, 0.64, 0.66], "Frequency": [49.42, 49.42, 49.42, 49.41, 49.41, 49.41, 49.43, 49.43, 49.43, 49.42, 49.42, 49.42, 49.4, 49.4, 49.4, 49.39, 49.39, 49.39, 49.39, 49.39, 49.39, 49.4, 49.4, 49.4, 49.4, 49.4, 49.4, 49.4, 49.4, 49.4, 49.4, 49.4, 49.4, 49.41, 49.41, 49.41, 49.4, 49.4, 49.4, 49.38, 49.38, 49.38, 49.37, 49.37, 49.37], "Temp_env": []}