{"Start_Time": [1755586616.2268012], "Time": [1755586618.228809, 1755586620.2314646, 1755586622.2336347, 1755586624.2414255, 1755586626.2435746, 1755586628.2456062, 1755586630.2479951, 1755586632.2504692, 1755586634.2526336, 1755586636.2546968, 1755586638.2567728, 1755586640.2588997, 1755586642.261591, 1755586644.263763, 1755586646.2658398, 1755586648.273708, 1755586650.275853, 1755586652.278136, 1755586654.2806454, 1755586656.2829874, 1755586658.2856715, 1755586660.2881365, 1755586662.2906847, 1755586664.2930052, 1755586666.2951362, 1755586668.2980337, 1755586670.3001792, 1755586672.302845, 1755586674.3051963, 1755586676.308066, 1755586678.3101718, 1755586680.3128524, 1755586682.3152046, 1755586684.318068, 1755586686.32032, 1755586688.323034, 1755586690.330281, 1755586692.3329985, 1755586694.3353498, 1755586696.3382657, 1755586698.340309, 1755586700.3424647, 1755586702.3451293, 1755586704.3474793, 1755586706.3502142], "Voltage": [229.87, 229.71, 229.61, 229.71, 229.76, 229.71, 229.87, 229.82, 229.92, 229.87, 229.82, 229.76, 229.92, 230.03, 229.97, 229.87, 229.76, 230.08, 229.92, 229.82, 229.71, 229.71, 229.82, 229.61, 229.76, 229.97, 229.97, 229.87, 229.82, 229.92, 229.71, 229.66, 229.76, 229.97, 229.87, 229.87, 229.87, 229.92, 229.82, 229.76, 229.76, 229.61, 229.71, 229.87, 229.87], "Current": [0.17, 0.17, 0.17, 0.17, 0.17, 0.17, 0.17, 0.17, 0.17, 0.17, 0.17, 0.17, 0.17, 0.17, 0.17, 0.17, 0.17, 0.17, 0.17, 0.17, 0.17, 0.17, 0.17, 0.17, 0.17, 0.17, 0.17, 0.17, 0.17, 0.17, 0.17, 0.17, 0.17, 0.17, 0.17, 0.17, 0.17, 0.17, 0.17, 0.17, 0.17, 0.17, 0.17, 0.17, 0.17], "Real_Power": [25.96, 25.94, 26.0, 26.03, 26.02, 26.13, 25.98, 26.0, 25.85, 26.03, 25.93, 26.0, 26.02, 25.98, 25.92, 26.14, 25.97, 26.19, 25.92, 25.95, 25.97, 25.92, 25.98, 25.99, 25.99, 26.16, 25.99, 26.02, 26.1, 25.9, 26.01, 25.97, 25.95, 26.06, 26.0, 26.13, 25.96, 25.97, 26.12, 25.95, 26.09, 25.96, 26.03, 26.1, 26.03], "Apparent_Power": [39.07, 39.05, 39.03, 39.05, 39.05, 39.05, 39.07, 39.06, 39.08, 39.07, 39.06, 39.05, 39.08, 39.1, 39.09, 39.07, 39.05, 39.11, 39.08, 39.06, 39.05, 39.05, 39.06, 39.03, 39.05, 39.09, 39.09, 39.07, 39.06, 39.08, 39.05, 39.04, 39.05, 39.09, 39.07, 39.07, 39.07, 39.08, 39.06, 39.05, 39.05, 39.03, 39.05, 39.07, 39.07], "Apparent_Power_Reactive": [29.19, 29.18, 29.1, 29.1, 29.11, 29.01, 29.18, 29.14, 29.3, 29.13, 29.21, 29.13, 29.15, 29.22, 29.26, 29.03, 29.16, 29.04, 29.24, 29.19, 29.16, 29.2, 29.16, 29.11, 29.14, 29.04, 29.19, 29.14, 29.05, 29.26, 29.12, 29.14, 29.18, 29.13, 29.16, 29.04, 29.19, 29.2, 29.04, 29.18, 29.05, 29.14, 29.1, 29.07, 29.13], "Power_Factor": [0.664, 0.664, 0.666, 0.666, 0.666, 0.669, 0.664, 0.665, 0.661, 0.666, 0.663, 0.665, 0.665, 0.664, 0.663, 0.669, 0.665, 0.669, 0.663, 0.664, 0.665, 0.663, 0.665, 0.665, 0.665, 0.669, 0.664, 0.665, 0.668, 0.662, 0.666, 0.665, 0.664, 0.666, 0.665, 0.668, 0.664, 0.664, 0.668, 0.664, 0.668, 0.665, 0.666, 0.668, 0.666], "Energy": [0.01, 0.02, 0.04, 0.05, 0.07, 0.08, 0.1, 0.11, 0.13, 0.14, 0.16, 0.17, 0.18, 0.2, 0.21, 0.23, 0.24, 0.26, 0.27, 0.29, 0.3, 0.32, 0.33, 0.35, 0.36, 0.37, 0.39, 0.4, 0.42, 0.43, 0.45, 0.46, 0.48, 0.49, 0.51, 0.52, 0.54, 0.55, 0.56, 0.58, 0.59, 0.61, 0.62, 0.64, 0.65], "Frequency": [49.44, 49.45, 49.45, 49.45, 49.46, 49.46, 49.46, 49.45, 49.45, 49.45, 49.46, 49.46, 49.46, 49.46, 49.46, 49.46, 49.46, 49.46, 49.46, 49.45, 49.45, 49.45, 49.46, 49.46, 49.46, 49.45, 49.45, 49.45, 49.49, 49.49, 49.49, 49.48, 49.48, 49.48, 49.44, 49.44, 49.44, 49.45, 49.45, 49.45, 49.45, 49.45, 49.45, 49.44, 49.44], "Temp_env": []}