{"Start_Time": [1755779930.319799], "Time": [1755779932.322104, 1755779934.3247035, 1755779936.3268425, 1755779938.329129, 1755779940.3310745, 1755779942.3330662, 1755779944.3352256, 1755779946.337132, 1755779948.339804, 1755779950.3471463, 1755779952.3492606, 1755779954.3512814, 1755779956.3539052, 1755779958.3560762, 1755779960.3583446, 1755779962.3602772, 1755779964.362271, 1755779966.364381, 1755779968.366318, 1755779970.3684175, 1755779972.3703544, 1755779974.3724236, 1755779976.3744307, 1755779978.376458, 1755779980.37852, 1755779982.3804593, 1755779984.3831217, 1755779986.385488, 1755779988.3875093, 1755779990.3895805, 1755779992.3922598, 1755779994.3945718, 1755779996.3966303, 1755779998.3986878, 1755780000.4013555, 1755780002.403542, 1755780004.4055512, 1755780006.4075108, 1755780008.4097483, 1755780010.4123735, 1755780012.4147923, 1755780014.4173958, 1755780016.4196377, 1755780018.4218152, 1755780020.4244769], "Voltage": [228.24, 228.24, 228.19, 228.3, 228.3, 228.14, 227.98, 228.19, 228.14, 228.24, 228.24, 228.19, 228.3, 228.24, 228.24, 228.24, 228.24, 228.19, 228.14, 228.14, 228.09, 227.98, 228.19, 228.24, 228.14, 228.14, 228.14, 228.24, 228.24, 228.35, 228.35, 228.35, 228.35, 228.24, 228.24, 228.19, 228.35, 228.35, 228.3, 228.4, 228.3, 228.24, 228.4, 228.3, 228.51], "Current": [0.17, 0.17, 0.17, 0.17, 0.17, 0.17, 0.17, 0.17, 0.17, 0.17, 0.17, 0.17, 0.17, 0.17, 0.17, 0.17, 0.17, 0.17, 0.17, 0.17, 0.17, 0.17, 0.17, 0.17, 0.17, 0.17, 0.17, 0.17, 0.17, 0.17, 0.17, 0.17, 0.17, 0.17, 0.17, 0.17, 0.17, 0.17, 0.17, 0.17, 0.17, 0.17, 0.17, 0.17, 0.17], "Real_Power": [25.93, 26.15, 26.11, 25.92, 26.21, 26.1, 26.03, 26.12, 26.06, 26.15, 26.07, 25.95, 26.17, 26.09, 26.02, 26.16, 25.99, 26.03, 26.24, 25.98, 26.18, 26.18, 25.95, 26.14, 26.05, 25.9, 26.2, 26.04, 26.07, 26.13, 26.01, 26.24, 26.06, 26.1, 26.18, 26.03, 25.98, 26.19, 25.93, 26.02, 26.12, 25.96, 26.07, 26.08, 25.95], "Apparent_Power": [38.8, 38.8, 38.79, 38.81, 38.81, 38.78, 38.75, 38.79, 38.78, 38.8, 38.8, 38.79, 38.81, 38.8, 38.8, 38.8, 38.8, 38.79, 38.78, 38.78, 38.77, 38.75, 38.79, 38.8, 38.78, 38.78, 38.78, 38.8, 38.8, 38.81, 38.81, 38.81, 38.81, 38.8, 38.8, 38.79, 38.81, 38.81, 38.81, 38.82, 38.81, 38.8, 38.82, 38.81, 38.84], "Apparent_Power_Reactive": [28.86, 28.66, 28.68, 28.88, 28.62, 28.68, 28.7, 28.67, 28.71, 28.66, 28.73, 28.83, 28.65, 28.71, 28.78, 28.65, 28.8, 28.75, 28.55, 28.79, 28.59, 28.56, 28.83, 28.67, 28.72, 28.86, 28.59, 28.76, 28.73, 28.69, 28.8, 28.59, 28.75, 28.7, 28.63, 28.75, 28.83, 28.64, 28.87, 28.8, 28.7, 28.83, 28.76, 28.74, 28.89], "Power_Factor": [0.668, 0.673, 0.673, 0.667, 0.675, 0.673, 0.671, 0.673, 0.671, 0.673, 0.671, 0.668, 0.674, 0.672, 0.67, 0.674, 0.669, 0.671, 0.676, 0.669, 0.675, 0.675, 0.668, 0.673, 0.671, 0.667, 0.675, 0.671, 0.671, 0.673, 0.67, 0.676, 0.671, 0.672, 0.674, 0.671, 0.669, 0.674, 0.668, 0.67, 0.673, 0.669, 0.671, 0.671, 0.668], "Energy": [0.01, 0.02, 0.04, 0.05, 0.07, 0.08, 0.1, 0.11, 0.13, 0.14, 0.16, 0.17, 0.19, 0.2, 0.22, 0.23, 0.24, 0.26, 0.27, 0.29, 0.3, 0.32, 0.33, 0.35, 0.36, 0.38, 0.39, 0.41, 0.42, 0.44, 0.45, 0.46, 0.48, 0.49, 0.51, 0.52, 0.54, 0.55, 0.57, 0.58, 0.6, 0.61, 0.63, 0.64, 0.66], "Frequency": [49.36, 49.36, 49.38, 49.38, 49.38, 49.37, 49.37, 49.37, 49.38, 49.38, 49.38, 49.36, 49.36, 49.36, 49.38, 49.38, 49.38, 49.38, 49.38, 49.38, 49.38, 49.38, 49.38, 49.38, 49.38, 49.38, 49.37, 49.37, 49.37, 49.39, 49.39, 49.39, 49.38, 49.38, 49.38, 49.35, 49.35, 49.35, 49.36, 49.36, 49.36, 49.37, 49.37, 49.37, 49.36], "Temp_env": []}