{"Start_Time": [1755262889.2870605], "Time": [1755262891.2897186, 1755262893.2920318, 1755262895.2942908, 1755262897.2967973, 1755262899.2989812, 1755262901.3010745, 1755262903.3039997, 1755262905.306057, 1755262907.3081555, 1755262909.3108869, 1755262911.3132443, 1755262913.315906, 1755262915.323284, 1755262917.325342, 1755262919.3273287, 1755262921.330002, 1755262923.3323383, 1755262925.3346374, 1755262927.3371837, 1755262929.339508, 1755262931.3414795, 1755262933.3443913, 1755262935.3464413, 1755262937.348611, 1755262939.351338, 1755262941.3534937, 1755262943.3556461, 1755262945.3583238, 1755262947.3607092, 1755262949.36345, 1755262951.365776, 1755262953.3684719, 1755262955.370645, 1755262957.3726985, 1755262959.3750556, 1755262961.3774533, 1755262963.3798268, 1755262965.3825305, 1755262967.3849757, 1755262969.387701, 1755262971.3898873, 1755262973.391861, 1755262975.3939319, 1755262977.3966374, 1755262979.3990006], "Voltage": [227.25, 227.25, 227.2, 227.3, 227.14, 227.09, 227.2, 227.14, 227.2, 227.14, 227.09, 227.2, 227.41, 227.3, 227.2, 227.14, 227.3, 227.2, 227.14, 226.99, 227.14, 227.14, 227.14, 227.14, 227.04, 227.14, 227.2, 227.2, 227.35, 227.3, 227.3, 227.46, 227.35, 227.3, 227.14, 227.04, 227.25, 227.2, 227.3, 227.09, 227.14, 227.25, 227.25, 227.25, 227.25], "Current": [0.17, 0.17, 0.17, 0.17, 0.18, 0.17, 0.17, 0.17, 0.17, 0.17, 0.17, 0.18, 0.17, 0.17, 0.17, 0.17, 0.17, 0.17, 0.17, 0.17, 0.17, 0.17, 0.17, 0.17, 0.17, 0.17, 0.18, 0.17, 0.17, 0.17, 0.17, 0.17, 0.17, 0.17, 0.17, 0.17, 0.17, 0.17, 0.17, 0.17, 0.17, 0.17, 0.17, 0.17, 0.17], "Real_Power": [25.92, 26.02, 26.09, 26.01, 26.17, 26.07, 26.03, 26.03, 26.04, 26.07, 26.06, 26.18, 26.05, 26.17, 26.08, 25.98, 26.05, 26.14, 26.0, 26.11, 26.04, 25.98, 26.01, 26.0, 26.1, 26.02, 26.2, 26.07, 26.03, 26.06, 26.1, 26.14, 26.03, 26.0, 26.07, 25.89, 25.97, 26.1, 26.12, 25.99, 26.03, 26.07, 25.96, 26.04, 26.04], "Apparent_Power": [38.63, 38.63, 38.62, 38.64, 40.88, 38.6, 38.62, 38.61, 38.62, 38.61, 38.6, 40.89, 38.65, 38.64, 38.62, 38.61, 38.64, 38.62, 38.61, 38.58, 38.61, 38.61, 38.61, 38.61, 38.59, 38.61, 40.89, 38.62, 38.64, 38.64, 38.64, 38.66, 38.64, 38.64, 38.61, 38.59, 38.63, 38.62, 38.64, 38.6, 38.61, 38.63, 38.63, 38.63, 38.63], "Apparent_Power_Reactive": [28.64, 28.55, 28.47, 28.57, 31.4, 28.46, 28.52, 28.51, 28.52, 28.47, 28.47, 31.41, 28.55, 28.42, 28.48, 28.56, 28.53, 28.42, 28.54, 28.4, 28.5, 28.56, 28.53, 28.54, 28.42, 28.52, 31.39, 28.49, 28.55, 28.52, 28.49, 28.48, 28.55, 28.58, 28.47, 28.61, 28.59, 28.46, 28.47, 28.53, 28.51, 28.5, 28.6, 28.53, 28.53], "Power_Factor": [0.67, 0.673, 0.675, 0.673, 0.64, 0.675, 0.674, 0.674, 0.674, 0.675, 0.675, 0.64, 0.673, 0.677, 0.675, 0.672, 0.674, 0.676, 0.673, 0.676, 0.674, 0.672, 0.673, 0.673, 0.676, 0.673, 0.64, 0.675, 0.673, 0.674, 0.675, 0.676, 0.673, 0.672, 0.675, 0.67, 0.672, 0.675, 0.675, 0.673, 0.674, 0.674, 0.672, 0.674, 0.674], "Energy": [0.01, 0.02, 0.04, 0.05, 0.07, 0.08, 0.1, 0.11, 0.13, 0.14, 0.16, 0.17, 0.19, 0.2, 0.22, 0.23, 0.25, 0.26, 0.27, 0.29, 0.3, 0.32, 0.33, 0.35, 0.36, 0.38, 0.39, 0.41, 0.42, 0.44, 0.45, 0.46, 0.48, 0.49, 0.51, 0.52, 0.54, 0.55, 0.57, 0.58, 0.6, 0.61, 0.63, 0.64, 0.65], "Frequency": [49.44, 49.44, 49.45, 49.45, 49.45, 49.46, 49.46, 49.46, 49.44, 49.44, 49.44, 49.45, 49.45, 49.45, 49.45, 49.45, 49.45, 49.46, 49.46, 49.46, 49.46, 49.46, 49.46, 49.46, 49.46, 49.46, 49.47, 49.47, 49.47, 49.44, 49.44, 49.44, 49.43, 49.43, 49.43, 49.43, 49.43, 49.43, 49.43, 49.43, 49.43, 49.43, 49.43, 49.43, 49.43], "Temp_env": []}