{"Start_Time": [1755684867.1061125], "Time": [1755684869.1085284, 1755684871.1108265, 1755684873.1137385, 1755684875.1158416, 1755684877.1185894, 1755684879.120924, 1755684881.1286716, 1755684883.1309247, 1755684885.1338372, 1755684887.1417925, 1755684889.1441963, 1755684891.14686, 1755684893.1490166, 1755684895.1510847, 1755684897.1540108, 1755684899.1561334, 1755684901.1582782, 1755684903.1609812, 1755684905.1690474, 1755684907.1713917, 1755684909.1742032, 1755684911.1763136, 1755684913.1784806, 1755684915.1811984, 1755684917.183496, 1755684919.1862555, 1755684921.1885154, 1755684923.1913111, 1755684925.1992621, 1755684927.201579, 1755684929.2044368, 1755684931.2124667, 1755684933.2147737, 1755684935.2175276, 1755684937.2197888, 1755684939.2225637, 1755684941.224843, 1755684943.2275972, 1755684945.2297335, 1755684947.2325616, 1755684949.2398417, 1755684951.2425656, 1755684953.2450302, 1755684955.2478168, 1755684957.2500548], "Voltage": [228.4, 228.4, 228.45, 228.51, 228.66, 228.51, 228.45, 228.56, 228.56, 228.4, 228.45, 228.35, 228.4, 228.3, 228.4, 228.45, 228.14, 228.14, 228.09, 228.09, 228.04, 227.88, 228.04, 228.19, 228.14, 228.14, 228.09, 228.3, 228.24, 228.24, 228.3, 228.35, 228.19, 228.24, 228.14, 228.09, 228.35, 227.93, 228.3, 228.3, 228.45, 228.45, 228.45, 228.51, 228.51], "Current": [0.17, 0.17, 0.18, 0.17, 0.17, 0.18, 0.17, 0.17, 0.17, 0.17, 0.18, 0.17, 0.17, 0.18, 0.17, 0.17, 0.17, 0.17, 0.18, 0.17, 0.18, 0.18, 0.17, 0.18, 0.17, 0.17, 0.17, 0.18, 0.17, 0.18, 0.17, 0.17, 0.18, 0.17, 0.17, 0.17, 0.17, 0.18, 0.17, 0.17, 0.18, 0.17, 0.17, 0.18, 0.17], "Real_Power": [26.35, 26.07, 26.34, 26.33, 26.27, 26.32, 26.13, 26.26, 26.24, 26.12, 26.36, 26.13, 26.2, 26.52, 26.21, 26.37, 26.12, 26.19, 26.43, 26.12, 26.41, 26.28, 26.19, 26.39, 26.26, 26.14, 26.11, 26.36, 26.18, 26.39, 26.35, 26.08, 26.36, 26.2, 26.11, 26.28, 25.99, 26.31, 26.31, 26.16, 26.38, 26.12, 26.26, 26.39, 26.07], "Apparent_Power": [38.82, 38.82, 41.12, 38.84, 38.87, 41.13, 38.83, 38.85, 38.85, 38.82, 41.12, 38.81, 38.82, 41.09, 38.82, 38.83, 38.78, 38.78, 41.05, 38.77, 41.04, 41.01, 38.76, 41.07, 38.78, 38.78, 38.77, 41.09, 38.8, 41.08, 38.81, 38.81, 41.07, 38.8, 38.78, 38.77, 38.81, 41.02, 38.81, 38.81, 41.12, 38.83, 38.83, 41.13, 38.84], "Apparent_Power_Reactive": [28.5, 28.76, 31.57, 28.55, 28.64, 31.6, 28.72, 28.63, 28.64, 28.71, 31.55, 28.69, 28.64, 31.38, 28.63, 28.5, 28.66, 28.6, 31.4, 28.65, 31.41, 31.48, 28.57, 31.46, 28.53, 28.64, 28.65, 31.52, 28.63, 31.48, 28.49, 28.74, 31.49, 28.61, 28.67, 28.5, 28.82, 31.47, 28.53, 28.66, 31.54, 28.73, 28.6, 31.54, 28.79], "Power_Factor": [0.678, 0.671, 0.64, 0.677, 0.675, 0.639, 0.672, 0.675, 0.675, 0.672, 0.641, 0.673, 0.674, 0.645, 0.675, 0.679, 0.673, 0.675, 0.643, 0.673, 0.643, 0.64, 0.675, 0.642, 0.677, 0.674, 0.673, 0.641, 0.674, 0.642, 0.678, 0.671, 0.641, 0.675, 0.673, 0.677, 0.669, 0.641, 0.677, 0.674, 0.641, 0.672, 0.676, 0.641, 0.671], "Energy": [0.01, 0.02, 0.04, 0.05, 0.07, 0.08, 0.1, 0.11, 0.13, 0.14, 0.16, 0.17, 0.19, 0.2, 0.22, 0.23, 0.25, 0.26, 0.28, 0.29, 0.3, 0.32, 0.33, 0.35, 0.37, 0.38, 0.39, 0.41, 0.42, 0.44, 0.45, 0.47, 0.48, 0.5, 0.51, 0.53, 0.54, 0.56, 0.57, 0.59, 0.6, 0.62, 0.63, 0.65, 0.66], "Frequency": [49.45, 49.45, 49.45, 49.45, 49.45, 49.45, 49.45, 49.44, 49.44, 49.44, 49.45, 49.45, 49.45, 49.45, 49.45, 49.45, 49.45, 49.45, 49.45, 49.43, 49.43, 49.43, 49.44, 49.44, 49.44, 49.43, 49.43, 49.43, 49.43, 49.43, 49.43, 49.45, 49.45, 49.45, 49.44, 49.44, 49.44, 49.45, 49.45, 49.45, 49.45, 49.45, 49.45, 49.47, 49.47], "Temp_env": []}