{"Start_Time": [1755257633.636171], "Time": [1755257635.6385598, 1755257637.641359, 1755257639.6437035, 1755257641.6464267, 1755257643.6487172, 1755257645.6514208, 1755257647.6537917, 1755257649.6565132, 1755257651.658778, 1755257653.6614876, 1755257655.6638713, 1755257657.6665895, 1755257659.6688843, 1755257661.6715596, 1755257663.6739242, 1755257665.676646, 1755257667.678964, 1755257669.6816392, 1755257671.6840067, 1755257673.6866984, 1755257675.6890273, 1755257677.691696, 1755257679.6940892, 1755257681.696758, 1755257683.6990874, 1755257685.7017677, 1755257687.7041912, 1755257689.7068088, 1755257691.7090237, 1755257693.711129, 1755257695.7138584, 1755257697.716265, 1755257699.7183433, 1755257701.7210147, 1755257703.7231956, 1755257705.7260041, 1755257707.728446, 1755257709.7309802, 1755257711.7334118, 1755257713.7360363, 1755257715.7384458, 1755257717.741173, 1755257719.7433524, 1755257721.7454913, 1755257723.7483354], "Voltage": [229.14, 229.08, 228.87, 228.98, 228.93, 228.93, 228.98, 228.87, 228.82, 228.72, 228.87, 228.77, 228.87, 228.87, 229.03, 228.98, 228.82, 228.77, 228.87, 228.77, 228.82, 228.77, 228.82, 228.72, 228.87, 228.77, 228.93, 228.66, 228.72, 228.82, 228.82, 228.66, 228.77, 228.87, 228.82, 228.82, 228.93, 228.87, 228.98, 228.93, 228.98, 228.93, 228.98, 228.87, 229.08], "Current": [0.17, 0.17, 0.17, 0.17, 0.17, 0.17, 0.17, 0.17, 0.17, 0.17, 0.17, 0.17, 0.17, 0.17, 0.17, 0.17, 0.17, 0.17, 0.17, 0.17, 0.17, 0.17, 0.17, 0.17, 0.17, 0.17, 0.17, 0.17, 0.17, 0.17, 0.17, 0.17, 0.17, 0.17, 0.17, 0.17, 0.17, 0.17, 0.17, 0.17, 0.17, 0.17, 0.17, 0.17, 0.17], "Real_Power": [25.96, 25.92, 25.83, 25.89, 26.0, 26.02, 25.95, 25.84, 26.02, 25.96, 25.95, 26.02, 26.03, 25.92, 26.06, 26.0, 25.97, 26.04, 25.87, 25.89, 26.04, 25.92, 25.97, 25.91, 25.94, 25.92, 25.97, 25.86, 26.13, 26.11, 25.84, 25.97, 25.8, 26.04, 25.96, 25.84, 25.93, 25.93, 26.0, 25.97, 25.95, 25.94, 25.94, 25.83, 25.95], "Apparent_Power": [38.95, 38.94, 38.9, 38.92, 38.91, 38.91, 38.92, 38.9, 38.89, 38.88, 38.9, 38.89, 38.9, 38.9, 38.93, 38.92, 38.89, 38.89, 38.9, 38.89, 38.89, 38.89, 38.89, 38.88, 38.9, 38.89, 38.91, 38.87, 38.88, 38.89, 38.89, 38.87, 38.89, 38.9, 38.89, 38.89, 38.91, 38.9, 38.92, 38.91, 38.92, 38.91, 38.92, 38.9, 38.94], "Apparent_Power_Reactive": [29.03, 29.05, 29.08, 29.05, 28.94, 28.93, 29.0, 29.07, 28.9, 28.94, 28.97, 28.9, 28.9, 29.0, 28.92, 28.96, 28.94, 28.88, 29.05, 29.01, 28.88, 28.99, 28.94, 28.98, 28.98, 28.99, 28.97, 29.01, 28.79, 28.82, 29.06, 28.92, 29.09, 28.89, 28.95, 29.06, 29.01, 28.99, 28.96, 28.97, 29.0, 29.0, 29.01, 29.08, 29.03], "Power_Factor": [0.666, 0.665, 0.664, 0.665, 0.668, 0.668, 0.666, 0.664, 0.669, 0.667, 0.667, 0.669, 0.669, 0.666, 0.669, 0.668, 0.667, 0.669, 0.665, 0.665, 0.669, 0.666, 0.667, 0.666, 0.666, 0.666, 0.667, 0.665, 0.672, 0.671, 0.664, 0.668, 0.663, 0.669, 0.667, 0.664, 0.666, 0.666, 0.668, 0.667, 0.666, 0.666, 0.666, 0.664, 0.666], "Energy": [0.01, 0.02, 0.04, 0.05, 0.07, 0.08, 0.1, 0.11, 0.13, 0.14, 0.16, 0.17, 0.19, 0.2, 0.22, 0.23, 0.24, 0.26, 0.27, 0.29, 0.3, 0.32, 0.33, 0.35, 0.36, 0.38, 0.39, 0.4, 0.42, 0.43, 0.45, 0.46, 0.48, 0.49, 0.51, 0.52, 0.54, 0.55, 0.57, 0.58, 0.59, 0.61, 0.62, 0.64, 0.65], "Frequency": [49.41, 49.43, 49.43, 49.43, 49.42, 49.42, 49.42, 49.41, 49.41, 49.41, 49.42, 49.42, 49.42, 49.43, 49.43, 49.43, 49.42, 49.42, 49.42, 49.42, 49.42, 49.42, 49.42, 49.42, 49.42, 49.42, 49.42, 49.42, 49.42, 49.42, 49.42, 49.4, 49.4, 49.4, 49.42, 49.42, 49.42, 49.43, 49.43, 49.43, 49.42, 49.42, 49.42, 49.43, 49.43], "Temp_env": []}