{"Start_Time": [1755598373.6020317], "Time": [1755598375.6043046, 1755598377.6067762, 1755598379.609128, 1755598381.6118462, 1755598383.6143029, 1755598385.61705, 1755598387.6192229, 1755598389.6213734, 1755598391.624232, 1755598393.626329, 1755598395.628456, 1755598397.631191, 1755598399.633326, 1755598401.6354566, 1755598403.6381283, 1755598405.6404803, 1755598407.6432033, 1755598409.645443, 1755598411.6475685, 1755598413.6502001, 1755598415.6524382, 1755598417.655092, 1755598419.6573997, 1755598421.6600683, 1755598423.6624172, 1755598425.6650426, 1755598427.667381, 1755598429.6700153, 1755598431.6723711, 1755598433.6749973, 1755598435.677289, 1755598437.6799462, 1755598439.682247, 1755598441.6849189, 1755598443.6872103, 1755598445.6898973, 1755598447.6921906, 1755598449.6948514, 1755598451.6971805, 1755598453.6998498, 1755598455.7021227, 1755598457.7047803, 1755598459.707091, 1755598461.709776, 1755598463.7120814], "Voltage": [227.88, 228.09, 227.72, 227.62, 227.72, 227.83, 227.77, 227.83, 227.72, 227.98, 227.72, 227.25, 227.62, 227.98, 227.62, 227.56, 227.56, 227.35, 227.51, 227.72, 227.67, 227.62, 227.46, 227.3, 227.35, 227.56, 227.51, 227.67, 227.77, 227.62, 227.51, 227.51, 227.77, 228.09, 227.98, 228.09, 227.93, 227.98, 228.19, 228.35, 228.3, 228.19, 228.09, 228.19, 228.14], "Current": [0.17, 0.17, 0.17, 0.17, 0.17, 0.17, 0.17, 0.17, 0.17, 0.17, 0.17, 0.17, 0.17, 0.17, 0.17, 0.17, 0.17, 0.17, 0.17, 0.17, 0.17, 0.17, 0.17, 0.17, 0.17, 0.17, 0.17, 0.17, 0.17, 0.17, 0.17, 0.18, 0.17, 0.17, 0.17, 0.17, 0.17, 0.17, 0.17, 0.17, 0.17, 0.17, 0.17, 0.17, 0.17], "Real_Power": [26.22, 25.97, 26.25, 26.07, 25.89, 26.29, 25.97, 26.15, 26.16, 26.05, 26.38, 26.06, 26.01, 26.38, 25.92, 26.27, 26.13, 25.95, 26.33, 25.92, 26.04, 26.18, 26.08, 26.1, 26.21, 25.94, 26.27, 26.14, 26.07, 26.2, 26.03, 26.3, 26.07, 25.9, 26.25, 26.08, 26.03, 26.25, 25.97, 26.13, 26.25, 26.12, 26.24, 26.02, 26.21], "Apparent_Power": [38.73, 38.77, 38.71, 38.69, 38.71, 38.73, 38.72, 38.73, 38.71, 38.75, 38.71, 38.63, 38.69, 38.75, 38.69, 38.68, 38.68, 38.64, 38.67, 38.71, 38.7, 38.69, 38.66, 38.64, 38.64, 38.68, 38.67, 38.7, 38.72, 38.69, 38.67, 40.95, 38.72, 38.77, 38.75, 38.77, 38.74, 38.75, 38.79, 38.81, 38.81, 38.79, 38.77, 38.79, 38.78], "Apparent_Power_Reactive": [28.5, 28.78, 28.44, 28.58, 28.77, 28.44, 28.71, 28.56, 28.53, 28.68, 28.32, 28.51, 28.64, 28.38, 28.72, 28.39, 28.51, 28.62, 28.32, 28.75, 28.62, 28.48, 28.53, 28.49, 28.39, 28.69, 28.37, 28.53, 28.62, 28.46, 28.59, 31.38, 28.62, 28.84, 28.5, 28.68, 28.69, 28.5, 28.81, 28.69, 28.58, 28.67, 28.54, 28.76, 28.58], "Power_Factor": [0.676, 0.669, 0.678, 0.673, 0.668, 0.678, 0.67, 0.675, 0.675, 0.672, 0.681, 0.674, 0.672, 0.68, 0.669, 0.679, 0.675, 0.671, 0.68, 0.669, 0.672, 0.676, 0.674, 0.675, 0.678, 0.67, 0.679, 0.675, 0.673, 0.677, 0.673, 0.642, 0.673, 0.668, 0.677, 0.672, 0.671, 0.677, 0.669, 0.673, 0.676, 0.673, 0.676, 0.67, 0.675], "Energy": [0.01, 0.02, 0.04, 0.05, 0.07, 0.08, 0.1, 0.11, 0.13, 0.14, 0.16, 0.17, 0.19, 0.2, 0.22, 0.23, 0.24, 0.26, 0.27, 0.29, 0.3, 0.32, 0.33, 0.35, 0.36, 0.38, 0.39, 0.41, 0.42, 0.44, 0.45, 0.46, 0.48, 0.49, 0.51, 0.52, 0.54, 0.55, 0.57, 0.58, 0.6, 0.61, 0.63, 0.64, 0.66], "Frequency": [49.42, 49.42, 49.41, 49.41, 49.41, 49.42, 49.42, 49.42, 49.41, 49.41, 49.41, 49.42, 49.42, 49.42, 49.42, 49.42, 49.42, 49.41, 49.41, 49.41, 49.4, 49.4, 49.4, 49.4, 49.4, 49.4, 49.41, 49.41, 49.41, 49.4, 49.4, 49.4, 49.39, 49.39, 49.39, 49.41, 49.41, 49.41, 49.4, 49.4, 49.4, 49.41, 49.41, 49.41, 49.39], "Temp_env": []}