{"Start_Time": [1755143413.6398807], "Time": [1755143415.6424048, 1755143417.6447275, 1755143419.647368, 1755143421.64973, 1755143423.6518056, 1755143425.654935, 1755143427.657833, 1755143429.6607027, 1755143431.6627414, 1755143433.6655455, 1755143435.6679432, 1755143437.6708028, 1755143439.6729076, 1755143441.6756241, 1755143443.6780286, 1755143445.6808481, 1755143447.6828852, 1755143449.6850588, 1755143451.6877804, 1755143453.6900551, 1755143455.6927376, 1755143457.6951582, 1755143459.69774, 1755143461.7000868, 1755143463.7027853, 1755143465.7051246, 1755143467.7078323, 1755143469.7102242, 1755143471.7128136, 1755143473.715188, 1755143475.7178848, 1755143477.7203383, 1755143479.722981, 1755143481.7253158, 1755143483.7280467, 1755143485.7310836, 1755143487.7333164, 1755143489.7360559, 1755143491.73827, 1755143493.7412093, 1755143495.744026, 1755143497.7464309, 1755143499.7490547, 1755143501.7516735, 1755143503.7541592], "Voltage": [231.23, 231.28, 231.23, 231.28, 231.28, 231.39, 231.23, 231.28, 231.34, 231.23, 231.34, 231.34, 231.28, 231.39, 231.34, 231.39, 231.28, 231.39, 231.34, 231.39, 231.34, 231.34, 231.34, 231.34, 231.34, 231.55, 231.44, 231.44, 231.49, 231.55, 231.49, 231.39, 231.28, 231.39, 231.28, 231.28, 231.28, 231.23, 231.34, 231.39, 231.34, 231.34, 231.28, 231.23, 231.28], "Current": [0.17, 0.17, 0.17, 0.17, 0.17, 0.17, 0.17, 0.17, 0.17, 0.17, 0.17, 0.17, 0.17, 0.17, 0.17, 0.17, 0.17, 0.17, 0.17, 0.17, 0.17, 0.17, 0.17, 0.17, 0.17, 0.17, 0.17, 0.17, 0.17, 0.17, 0.17, 0.17, 0.17, 0.17, 0.17, 0.17, 0.17, 0.17, 0.17, 0.17, 0.17, 0.17, 0.17, 0.17, 0.17], "Real_Power": [25.56, 25.45, 25.82, 25.74, 25.52, 25.75, 25.66, 25.61, 25.77, 25.58, 25.66, 25.85, 25.61, 25.61, 25.65, 25.7, 25.74, 25.72, 25.78, 25.58, 25.64, 25.69, 25.63, 25.73, 25.68, 25.65, 25.62, 25.72, 25.72, 25.79, 25.64, 25.69, 25.67, 25.56, 25.54, 25.74, 25.56, 25.65, 25.8, 25.63, 25.62, 25.85, 25.6, 25.64, 25.81], "Apparent_Power": [39.3, 39.31, 39.3, 39.31, 39.31, 39.33, 39.3, 39.31, 39.32, 39.3, 39.32, 39.32, 39.31, 39.33, 39.32, 39.33, 39.31, 39.33, 39.32, 39.33, 39.32, 39.32, 39.32, 39.32, 39.32, 39.36, 39.34, 39.34, 39.35, 39.36, 39.35, 39.33, 39.31, 39.33, 39.31, 39.31, 39.31, 39.3, 39.32, 39.33, 39.32, 39.32, 39.31, 39.3, 39.31], "Apparent_Power_Reactive": [29.85, 29.95, 29.62, 29.71, 29.89, 29.72, 29.76, 29.82, 29.69, 29.83, 29.79, 29.62, 29.82, 29.84, 29.8, 29.77, 29.71, 29.75, 29.68, 29.87, 29.81, 29.76, 29.81, 29.73, 29.77, 29.85, 29.85, 29.76, 29.78, 29.73, 29.84, 29.78, 29.77, 29.89, 29.88, 29.71, 29.86, 29.77, 29.67, 29.83, 29.82, 29.62, 29.83, 29.78, 29.64], "Power_Factor": [0.65, 0.647, 0.656, 0.654, 0.649, 0.654, 0.652, 0.651, 0.655, 0.65, 0.652, 0.657, 0.651, 0.651, 0.652, 0.653, 0.654, 0.653, 0.655, 0.65, 0.652, 0.653, 0.651, 0.654, 0.653, 0.651, 0.651, 0.653, 0.653, 0.655, 0.651, 0.653, 0.653, 0.649, 0.649, 0.654, 0.65, 0.652, 0.656, 0.651, 0.651, 0.657, 0.651, 0.652, 0.656], "Energy": [0.01, 0.02, 0.04, 0.05, 0.07, 0.08, 0.1, 0.11, 0.12, 0.14, 0.15, 0.17, 0.18, 0.2, 0.21, 0.23, 0.24, 0.25, 0.27, 0.28, 0.3, 0.31, 0.33, 0.34, 0.36, 0.37, 0.38, 0.4, 0.41, 0.43, 0.44, 0.46, 0.47, 0.49, 0.5, 0.51, 0.53, 0.54, 0.56, 0.57, 0.59, 0.6, 0.62, 0.63, 0.64], "Frequency": [49.42, 49.42, 49.41, 49.41, 49.41, 49.4, 49.4, 49.4, 49.39, 49.39, 49.39, 49.4, 49.4, 49.4, 49.4, 49.4, 49.4, 49.4, 49.4, 49.4, 49.4, 49.4, 49.4, 49.4, 49.4, 49.4, 49.4, 49.4, 49.4, 49.39, 49.39, 49.39, 49.39, 49.39, 49.39, 49.39, 49.39, 49.39, 49.39, 49.39, 49.39, 49.38, 49.38, 49.38, 49.37], "Temp_env": []}