{"Start_Time": [1755250100.7644284], "Time": [1755250102.7665625, 1755250104.7692258, 1755250106.771388, 1755250108.7734761, 1755250110.7756002, 1755250112.778329, 1755250114.7806118, 1755250116.7833683, 1755250118.7857792, 1755250120.7884126, 1755250122.790574, 1755250124.7926505, 1755250126.7947547, 1755250128.7976146, 1755250130.7996626, 1755250132.8017013, 1755250134.8046277, 1755250136.8067055, 1755250138.8088622, 1755250140.8115656, 1755250142.8139126, 1755250144.816631, 1755250146.8189495, 1755250148.821677, 1755250150.8239713, 1755250152.8266714, 1755250154.828843, 1755250156.8309412, 1755250158.8336601, 1755250160.835883, 1755250162.837968, 1755250164.840727, 1755250166.843091, 1755250168.845177, 1755250170.847901, 1755250172.8500519, 1755250174.8521535, 1755250176.8550556, 1755250178.8578703, 1755250180.8603094, 1755250182.8629425, 1755250184.8653607, 1755250186.8680594, 1755250188.8702018, 1755250190.873013], "Voltage": [228.14, 228.19, 228.19, 228.24, 228.24, 228.24, 228.14, 228.19, 228.14, 228.3, 227.93, 228.14, 228.14, 227.98, 227.98, 227.88, 227.98, 227.98, 227.93, 227.93, 228.09, 227.93, 228.04, 228.24, 227.93, 227.98, 227.98, 227.83, 227.77, 227.88, 227.67, 227.83, 227.83, 227.93, 227.77, 227.93, 227.98, 227.93, 228.04, 227.98, 228.04, 228.04, 227.98, 227.88, 227.98], "Current": [0.17, 0.17, 0.17, 0.17, 0.17, 0.17, 0.17, 0.17, 0.17, 0.17, 0.17, 0.17, 0.17, 0.17, 0.17, 0.17, 0.17, 0.17, 0.17, 0.17, 0.17, 0.17, 0.17, 0.17, 0.17, 0.17, 0.17, 0.17, 0.17, 0.17, 0.17, 0.17, 0.17, 0.17, 0.17, 0.17, 0.17, 0.17, 0.17, 0.17, 0.17, 0.17, 0.17, 0.17, 0.17], "Real_Power": [25.7, 25.9, 26.09, 25.92, 25.93, 25.93, 26.05, 25.97, 25.77, 25.96, 25.78, 25.74, 25.91, 25.86, 25.9, 25.85, 25.92, 25.75, 25.75, 26.05, 25.72, 25.78, 26.16, 25.74, 25.88, 26.1, 25.76, 25.84, 26.09, 25.79, 26.01, 26.01, 25.82, 25.77, 26.0, 25.85, 25.68, 25.93, 25.99, 25.65, 26.06, 25.9, 25.78, 26.04, 25.84], "Apparent_Power": [38.78, 38.79, 38.79, 38.8, 38.8, 38.8, 38.78, 38.79, 38.78, 38.81, 38.74, 38.78, 38.78, 38.75, 38.75, 38.73, 38.75, 38.75, 38.74, 38.74, 38.77, 38.74, 38.76, 38.8, 38.74, 38.75, 38.75, 38.73, 38.72, 38.73, 38.7, 38.73, 38.73, 38.74, 38.72, 38.74, 38.75, 38.74, 38.76, 38.75, 38.76, 38.76, 38.75, 38.73, 38.75], "Apparent_Power_Reactive": [29.04, 28.87, 28.7, 28.87, 28.86, 28.86, 28.72, 28.81, 28.97, 28.84, 28.91, 29.0, 28.85, 28.85, 28.82, 28.84, 28.8, 28.95, 28.94, 28.67, 29.01, 28.91, 28.6, 29.03, 28.82, 28.64, 28.94, 28.84, 28.61, 28.89, 28.65, 28.69, 28.86, 28.92, 28.69, 28.85, 29.01, 28.78, 28.75, 29.04, 28.69, 28.83, 28.93, 28.66, 28.87], "Power_Factor": [0.662, 0.667, 0.672, 0.668, 0.668, 0.668, 0.671, 0.669, 0.664, 0.668, 0.665, 0.663, 0.668, 0.667, 0.668, 0.667, 0.668, 0.664, 0.664, 0.672, 0.663, 0.665, 0.674, 0.663, 0.668, 0.673, 0.664, 0.667, 0.673, 0.665, 0.672, 0.671, 0.666, 0.665, 0.671, 0.667, 0.662, 0.669, 0.67, 0.661, 0.672, 0.668, 0.665, 0.672, 0.666], "Energy": [0.01, 0.02, 0.04, 0.05, 0.07, 0.08, 0.1, 0.11, 0.13, 0.14, 0.16, 0.17, 0.18, 0.2, 0.21, 0.23, 0.24, 0.26, 0.27, 0.29, 0.3, 0.32, 0.33, 0.34, 0.36, 0.37, 0.39, 0.4, 0.42, 0.43, 0.45, 0.46, 0.48, 0.49, 0.5, 0.52, 0.53, 0.55, 0.56, 0.58, 0.59, 0.61, 0.62, 0.64, 0.65], "Frequency": [49.42, 49.42, 49.43, 49.43, 49.43, 49.43, 49.43, 49.43, 49.42, 49.42, 49.42, 49.44, 49.44, 49.44, 49.46, 49.46, 49.46, 49.45, 49.45, 49.45, 49.46, 49.46, 49.46, 49.47, 49.47, 49.47, 49.45, 49.45, 49.45, 49.45, 49.45, 49.45, 49.45, 49.45, 49.45, 49.45, 49.45, 49.45, 49.44, 49.44, 49.44, 49.42, 49.42, 49.42, 49.41], "Temp_env": []}