{"Start_Time": [1755226493.8041446], "Time": [1755226495.806389, 1755226497.8088648, 1755226499.8112845, 1755226501.8133547, 1755226503.8160944, 1755226505.8181787, 1755226507.8202696, 1755226509.822973, 1755226511.8253973, 1755226513.8274229, 1755226515.8301265, 1755226517.8324604, 1755226519.8351386, 1755226521.837399, 1755226523.8393705, 1755226525.8415444, 1755226527.8441772, 1755226529.8466127, 1755226531.849343, 1755226533.8514557, 1755226535.8534997, 1755226537.8554993, 1755226539.8575683, 1755226541.8603303, 1755226543.862736, 1755226545.8653955, 1755226547.8676143, 1755226549.869805, 1755226551.8724356, 1755226553.8748498, 1755226555.8769357, 1755226557.8794537, 1755226559.8817642, 1755226561.8845146, 1755226563.8869853, 1755226565.88951, 1755226567.891825, 1755226569.894551, 1755226571.8970544, 1755226573.8996937, 1755226575.9018636, 1755226577.9039085, 1755226579.9117665, 1755226581.9139526, 1755226583.9161928], "Voltage": [230.92, 230.92, 230.81, 230.66, 230.86, 230.81, 230.81, 230.6, 230.71, 230.76, 230.76, 230.81, 230.71, 230.76, 230.71, 230.66, 230.76, 230.71, 230.71, 230.71, 230.66, 230.71, 230.71, 230.71, 230.76, 230.71, 230.76, 230.6, 230.71, 230.66, 230.66, 230.76, 230.76, 230.6, 230.66, 230.76, 230.76, 230.6, 230.66, 230.71, 230.55, 230.66, 230.55, 230.66, 230.66], "Current": [0.17, 0.17, 0.17, 0.17, 0.17, 0.17, 0.17, 0.17, 0.17, 0.17, 0.17, 0.17, 0.17, 0.17, 0.17, 0.17, 0.17, 0.17, 0.17, 0.17, 0.17, 0.17, 0.17, 0.17, 0.17, 0.17, 0.17, 0.17, 0.17, 0.17, 0.17, 0.17, 0.17, 0.17, 0.17, 0.17, 0.17, 0.17, 0.17, 0.17, 0.17, 0.17, 0.17, 0.17, 0.17], "Real_Power": [26.1, 26.02, 26.1, 26.12, 25.91, 25.88, 25.98, 25.91, 25.98, 25.93, 25.96, 26.07, 25.93, 26.1, 26.0, 25.85, 26.05, 26.06, 25.94, 26.12, 25.86, 26.14, 26.16, 25.97, 26.05, 26.03, 25.81, 25.96, 25.87, 25.94, 25.98, 26.02, 26.02, 25.98, 26.07, 26.07, 26.11, 25.95, 26.17, 25.98, 26.03, 26.0, 26.03, 26.04, 25.87], "Apparent_Power": [39.25, 39.25, 39.23, 39.21, 39.24, 39.23, 39.23, 39.2, 39.22, 39.22, 39.22, 39.23, 39.22, 39.22, 39.22, 39.21, 39.22, 39.22, 39.22, 39.22, 39.21, 39.22, 39.22, 39.22, 39.22, 39.22, 39.22, 39.2, 39.22, 39.21, 39.21, 39.22, 39.22, 39.2, 39.21, 39.22, 39.22, 39.2, 39.21, 39.22, 39.19, 39.21, 39.19, 39.21, 39.21], "Apparent_Power_Reactive": [29.31, 29.38, 29.28, 29.24, 29.46, 29.48, 29.39, 29.41, 29.38, 29.42, 29.39, 29.31, 29.42, 29.27, 29.36, 29.48, 29.31, 29.31, 29.41, 29.25, 29.47, 29.23, 29.22, 29.38, 29.31, 29.33, 29.53, 29.37, 29.47, 29.4, 29.36, 29.34, 29.34, 29.35, 29.28, 29.3, 29.26, 29.38, 29.19, 29.38, 29.29, 29.35, 29.29, 29.31, 29.46], "Power_Factor": [0.664, 0.662, 0.665, 0.666, 0.66, 0.659, 0.662, 0.66, 0.662, 0.661, 0.661, 0.664, 0.661, 0.665, 0.662, 0.659, 0.664, 0.664, 0.661, 0.665, 0.659, 0.666, 0.667, 0.662, 0.664, 0.663, 0.658, 0.662, 0.659, 0.661, 0.662, 0.663, 0.663, 0.662, 0.664, 0.664, 0.665, 0.661, 0.667, 0.662, 0.664, 0.663, 0.664, 0.664, 0.659], "Energy": [0.01, 0.02, 0.04, 0.05, 0.07, 0.08, 0.1, 0.11, 0.13, 0.14, 0.16, 0.17, 0.19, 0.2, 0.21, 0.23, 0.24, 0.26, 0.27, 0.29, 0.3, 0.32, 0.33, 0.35, 0.36, 0.38, 0.39, 0.4, 0.42, 0.43, 0.45, 0.46, 0.48, 0.49, 0.51, 0.52, 0.54, 0.55, 0.57, 0.58, 0.59, 0.61, 0.63, 0.64, 0.65], "Frequency": [49.38, 49.38, 49.38, 49.38, 49.38, 49.38, 49.37, 49.37, 49.37, 49.35, 49.35, 49.35, 49.35, 49.35, 49.35, 49.36, 49.36, 49.36, 49.37, 49.37, 49.37, 49.37, 49.37, 49.37, 49.37, 49.37, 49.37, 49.38, 49.38, 49.38, 49.38, 49.38, 49.38, 49.38, 49.38, 49.38, 49.36, 49.36, 49.36, 49.38, 49.38, 49.38, 49.36, 49.36, 49.36], "Temp_env": []}