{"Start_Time": [1755446153.076587], "Time": [1755446155.0791035, 1755446157.081878, 1755446159.0842106, 1755446161.0920362, 1755446163.0941427, 1755446165.0962014, 1755446167.1040547, 1755446169.1062336, 1755446171.1082957, 1755446173.1109786, 1755446175.113353, 1755446177.115366, 1755446179.123196, 1755446181.1254156, 1755446183.1281269, 1755446185.1360748, 1755446187.1384544, 1755446189.1411097, 1755446191.1434538, 1755446193.1461716, 1755446195.1485074, 1755446197.151202, 1755446199.153553, 1755446201.1562927, 1755446203.1643243, 1755446205.166486, 1755446207.1686273, 1755446209.1762164, 1755446211.1785524, 1755446213.180672, 1755446215.1833923, 1755446217.1857104, 1755446219.188412, 1755446221.1905906, 1755446223.1926973, 1755446225.1954267, 1755446227.202751, 1755446229.2053976, 1755446231.2077854, 1755446233.2153966, 1755446235.2177753, 1755446237.2198768, 1755446239.2224226, 1755446241.224771, 1755446243.2274637], "Voltage": [231.28, 231.28, 231.23, 231.28, 231.28, 231.23, 231.13, 231.07, 231.34, 231.28, 231.34, 231.23, 231.34, 231.28, 231.39, 231.28, 231.44, 231.34, 231.39, 231.39, 231.34, 231.23, 231.18, 231.18, 231.13, 231.18, 231.18, 231.23, 231.28, 231.34, 231.39, 231.34, 231.28, 231.23, 231.34, 230.55, 230.39, 230.45, 230.66, 230.5, 230.5, 230.39, 230.5, 230.6, 230.55], "Current": [0.17, 0.17, 0.17, 0.17, 0.17, 0.17, 0.17, 0.17, 0.17, 0.17, 0.17, 0.17, 0.17, 0.17, 0.17, 0.17, 0.17, 0.17, 0.17, 0.17, 0.17, 0.17, 0.17, 0.17, 0.17, 0.17, 0.17, 0.17, 0.17, 0.17, 0.17, 0.17, 0.17, 0.17, 0.17, 0.17, 0.17, 0.17, 0.17, 0.17, 0.17, 0.17, 0.17, 0.17, 0.17], "Real_Power": [25.93, 26.01, 26.14, 25.96, 26.15, 25.99, 25.99, 26.12, 25.96, 25.94, 26.07, 26.0, 26.05, 26.05, 25.94, 26.05, 26.05, 25.86, 26.11, 25.97, 26.05, 26.1, 25.89, 26.17, 26.03, 25.82, 26.1, 26.01, 26.07, 26.12, 25.95, 26.15, 25.97, 25.97, 26.15, 25.93, 26.0, 26.11, 25.92, 26.17, 26.13, 25.87, 26.11, 25.86, 26.13], "Apparent_Power": [39.31, 39.31, 39.3, 39.31, 39.31, 39.3, 39.29, 39.28, 39.32, 39.31, 39.32, 39.3, 39.32, 39.31, 39.33, 39.31, 39.34, 39.32, 39.33, 39.33, 39.32, 39.3, 39.3, 39.3, 39.29, 39.3, 39.3, 39.3, 39.31, 39.32, 39.33, 39.32, 39.31, 39.3, 39.32, 39.19, 39.16, 39.17, 39.21, 39.18, 39.18, 39.16, 39.18, 39.2, 39.19], "Apparent_Power_Reactive": [29.54, 29.47, 29.34, 29.51, 29.35, 29.47, 29.46, 29.33, 29.53, 29.53, 29.43, 29.47, 29.45, 29.43, 29.56, 29.43, 29.47, 29.61, 29.41, 29.53, 29.45, 29.38, 29.56, 29.31, 29.43, 29.62, 29.38, 29.46, 29.42, 29.39, 29.55, 29.36, 29.5, 29.49, 29.36, 29.38, 29.28, 29.19, 29.42, 29.15, 29.19, 29.39, 29.21, 29.46, 29.2], "Power_Factor": [0.659, 0.661, 0.665, 0.66, 0.665, 0.661, 0.661, 0.664, 0.66, 0.659, 0.663, 0.661, 0.662, 0.662, 0.659, 0.662, 0.662, 0.657, 0.663, 0.66, 0.662, 0.664, 0.658, 0.665, 0.662, 0.656, 0.664, 0.661, 0.663, 0.664, 0.659, 0.665, 0.66, 0.66, 0.665, 0.661, 0.663, 0.666, 0.661, 0.667, 0.666, 0.66, 0.666, 0.659, 0.666], "Energy": [0.01, 0.02, 0.04, 0.05, 0.07, 0.08, 0.1, 0.11, 0.13, 0.14, 0.16, 0.17, 0.19, 0.2, 0.21, 0.23, 0.24, 0.26, 0.27, 0.29, 0.3, 0.32, 0.33, 0.35, 0.36, 0.38, 0.39, 0.41, 0.42, 0.43, 0.45, 0.46, 0.48, 0.49, 0.51, 0.52, 0.54, 0.55, 0.57, 0.58, 0.6, 0.61, 0.62, 0.64, 0.65], "Frequency": [49.38, 49.39, 49.39, 49.39, 49.39, 49.39, 49.39, 49.37, 49.37, 49.37, 49.36, 49.36, 49.36, 49.38, 49.38, 49.38, 49.37, 49.37, 49.37, 49.37, 49.37, 49.37, 49.38, 49.38, 49.38, 49.39, 49.39, 49.39, 49.4, 49.4, 49.4, 49.4, 49.4, 49.4, 49.4, 49.4, 49.4, 49.4, 49.4, 49.4, 49.4, 49.4, 49.4, 49.38, 49.38], "Temp_env": []}