{"Start_Time": [1755612382.440833], "Time": [1755612384.4432027, 1755612386.445846, 1755612388.4482598, 1755612390.4511101, 1755612392.4532135, 1755612394.455927, 1755612396.458224, 1755612398.461087, 1755612400.4631832, 1755612402.4659233, 1755612404.4682927, 1755612406.470183, 1755612408.4722795, 1755612410.474354, 1755612412.4771082, 1755612414.4792552, 1755612416.481579, 1755612418.4840689, 1755612420.486432, 1755612422.4891198, 1755612424.4915824, 1755612426.4942272, 1755612428.4964201, 1755612430.4993207, 1755612432.501633, 1755612434.5043032, 1755612436.5064676, 1755612438.5085294, 1755612440.5114264, 1755612442.5142126, 1755612444.5165904, 1755612446.5192802, 1755612448.521707, 1755612450.5243986, 1755612452.5267437, 1755612454.5293884, 1755612456.5318453, 1755612458.5343618, 1755612460.5367115, 1755612462.539422, 1755612464.5418644, 1755612466.5445938, 1755612468.5467486, 1755612470.5488484, 1755612472.55171], "Voltage": [227.77, 227.77, 227.62, 227.67, 227.72, 227.72, 227.72, 227.56, 227.62, 227.67, 227.62, 227.67, 227.62, 227.62, 227.56, 227.77, 227.72, 227.67, 227.72, 227.72, 227.83, 227.83, 227.77, 227.72, 227.77, 227.83, 227.62, 227.72, 227.72, 227.51, 227.67, 227.72, 227.62, 227.56, 227.46, 227.51, 227.56, 227.62, 227.56, 227.51, 227.56, 227.62, 227.67, 227.56, 227.62], "Current": [0.17, 0.17, 0.17, 0.17, 0.17, 0.17, 0.17, 0.17, 0.17, 0.17, 0.17, 0.17, 0.17, 0.17, 0.17, 0.17, 0.17, 0.17, 0.17, 0.17, 0.17, 0.17, 0.17, 0.17, 0.17, 0.17, 0.17, 0.17, 0.17, 0.17, 0.17, 0.17, 0.17, 0.17, 0.17, 0.17, 0.17, 0.17, 0.17, 0.17, 0.17, 0.17, 0.17, 0.17, 0.17], "Real_Power": [26.35, 26.23, 26.35, 26.33, 26.46, 26.34, 26.37, 26.15, 26.18, 26.23, 26.21, 26.26, 26.45, 26.31, 26.21, 26.27, 26.28, 26.25, 26.29, 26.32, 26.17, 26.22, 26.22, 26.41, 26.38, 26.19, 26.27, 26.23, 26.31, 26.38, 26.12, 26.23, 26.2, 26.2, 26.13, 26.31, 26.24, 26.3, 26.26, 26.32, 26.31, 26.32, 26.33, 26.15, 26.32], "Apparent_Power": [38.72, 38.72, 38.69, 38.7, 38.71, 38.71, 38.71, 38.68, 38.69, 38.7, 38.69, 38.7, 38.69, 38.69, 38.68, 38.72, 38.71, 38.7, 38.71, 38.71, 38.73, 38.73, 38.72, 38.71, 38.72, 38.73, 38.69, 38.71, 38.71, 38.67, 38.7, 38.71, 38.69, 38.68, 38.66, 38.67, 38.68, 38.69, 38.68, 38.67, 38.68, 38.69, 38.7, 38.68, 38.69], "Apparent_Power_Reactive": [28.37, 28.48, 28.33, 28.36, 28.25, 28.36, 28.33, 28.5, 28.48, 28.45, 28.45, 28.42, 28.23, 28.36, 28.44, 28.44, 28.42, 28.43, 28.41, 28.38, 28.55, 28.5, 28.49, 28.3, 28.34, 28.53, 28.4, 28.46, 28.39, 28.27, 28.55, 28.46, 28.46, 28.45, 28.49, 28.33, 28.41, 28.37, 28.39, 28.33, 28.35, 28.35, 28.36, 28.5, 28.35], "Power_Factor": [0.68, 0.677, 0.681, 0.68, 0.683, 0.68, 0.681, 0.676, 0.676, 0.677, 0.677, 0.678, 0.683, 0.68, 0.677, 0.678, 0.678, 0.678, 0.679, 0.679, 0.675, 0.676, 0.677, 0.682, 0.681, 0.676, 0.678, 0.677, 0.679, 0.682, 0.674, 0.677, 0.677, 0.677, 0.675, 0.68, 0.678, 0.679, 0.678, 0.68, 0.68, 0.68, 0.68, 0.676, 0.68], "Energy": [0.01, 0.02, 0.04, 0.05, 0.07, 0.08, 0.1, 0.11, 0.13, 0.14, 0.16, 0.17, 0.19, 0.2, 0.22, 0.23, 0.25, 0.26, 0.28, 0.29, 0.31, 0.32, 0.33, 0.35, 0.36, 0.38, 0.39, 0.41, 0.42, 0.44, 0.45, 0.47, 0.48, 0.5, 0.51, 0.53, 0.54, 0.56, 0.57, 0.59, 0.6, 0.62, 0.63, 0.64, 0.66], "Frequency": [49.42, 49.42, 49.42, 49.43, 49.43, 49.43, 49.41, 49.41, 49.41, 49.42, 49.42, 49.42, 49.43, 49.43, 49.43, 49.41, 49.41, 49.41, 49.42, 49.42, 49.42, 49.44, 49.44, 49.44, 49.43, 49.43, 49.43, 49.4, 49.4, 49.4, 49.39, 49.39, 49.39, 49.41, 49.41, 49.41, 49.41, 49.41, 49.41, 49.4, 49.4, 49.4, 49.41, 49.41, 49.41], "Temp_env": []}