{"Start_Time": [1755365189.4010458], "Time": [1755365191.4036582, 1755365193.4059627, 1755365195.4079256, 1755365197.4098456, 1755365199.4119987, 1755365201.4139454, 1755365203.416604, 1755365205.419016, 1755365207.4217257, 1755365209.4240346, 1755365211.4259374, 1755365213.4278893, 1755365215.4299927, 1755365217.431954, 1755365219.4346788, 1755365221.436997, 1755365223.439178, 1755365225.441817, 1755365227.4439137, 1755365229.44598, 1755365231.447958, 1755365233.4500992, 1755365235.452815, 1755365237.4549482, 1755365239.4569836, 1755365241.4593027, 1755365243.4617667, 1755365245.464084, 1755365247.466735, 1755365249.4691699, 1755365251.4711463, 1755365253.4738338, 1755365255.4759934, 1755365257.4780438, 1755365259.4802313, 1755365261.4828768, 1755365263.4850426, 1755365265.4870706, 1755365267.4893813, 1755365269.491856, 1755365271.4941454, 1755365273.4968746, 1755365275.4993618, 1755365277.5018666, 1755365279.504264], "Voltage": [231.13, 231.23, 231.18, 231.07, 231.07, 231.07, 231.07, 231.07, 231.02, 231.18, 230.97, 230.97, 231.13, 231.02, 231.07, 231.13, 231.02, 231.23, 231.18, 231.18, 231.13, 231.13, 231.13, 231.13, 231.18, 231.23, 231.28, 231.18, 231.18, 231.18, 231.23, 231.18, 231.23, 231.18, 231.18, 231.13, 231.18, 231.13, 231.13, 231.18, 231.07, 230.97, 231.23, 231.23, 231.18], "Current": [0.17, 0.17, 0.17, 0.17, 0.17, 0.17, 0.17, 0.17, 0.17, 0.17, 0.17, 0.17, 0.17, 0.17, 0.17, 0.17, 0.17, 0.17, 0.17, 0.17, 0.17, 0.17, 0.17, 0.17, 0.17, 0.17, 0.17, 0.17, 0.17, 0.17, 0.17, 0.17, 0.17, 0.17, 0.17, 0.17, 0.17, 0.17, 0.17, 0.17, 0.17, 0.17, 0.17, 0.17, 0.17], "Real_Power": [26.01, 25.74, 26.15, 25.97, 25.92, 26.09, 25.97, 26.06, 26.11, 25.84, 26.05, 26.06, 25.86, 26.05, 26.07, 25.89, 26.11, 25.91, 25.85, 26.08, 25.72, 26.03, 26.0, 25.77, 25.94, 25.92, 25.78, 26.07, 25.99, 26.02, 26.13, 25.79, 26.09, 25.96, 25.84, 26.14, 25.92, 25.87, 26.12, 25.87, 25.94, 26.1, 25.87, 26.13, 26.01], "Apparent_Power": [39.29, 39.3, 39.3, 39.28, 39.28, 39.28, 39.28, 39.28, 39.27, 39.3, 39.26, 39.26, 39.29, 39.27, 39.28, 39.29, 39.27, 39.3, 39.3, 39.3, 39.29, 39.29, 39.29, 39.29, 39.3, 39.3, 39.31, 39.3, 39.3, 39.3, 39.3, 39.3, 39.3, 39.3, 39.3, 39.29, 39.3, 39.29, 39.29, 39.3, 39.28, 39.26, 39.3, 39.3, 39.3], "Apparent_Power_Reactive": [29.44, 29.69, 29.33, 29.46, 29.51, 29.36, 29.46, 29.39, 29.33, 29.61, 29.37, 29.36, 29.57, 29.38, 29.38, 29.55, 29.33, 29.54, 29.6, 29.39, 29.7, 29.43, 29.45, 29.65, 29.52, 29.54, 29.67, 29.4, 29.47, 29.45, 29.35, 29.65, 29.39, 29.5, 29.61, 29.33, 29.54, 29.57, 29.35, 29.58, 29.49, 29.32, 29.58, 29.35, 29.46], "Power_Factor": [0.662, 0.654, 0.665, 0.661, 0.659, 0.664, 0.661, 0.663, 0.664, 0.657, 0.663, 0.663, 0.658, 0.663, 0.663, 0.658, 0.664, 0.659, 0.657, 0.663, 0.654, 0.662, 0.661, 0.655, 0.66, 0.659, 0.655, 0.663, 0.661, 0.662, 0.664, 0.656, 0.663, 0.66, 0.657, 0.665, 0.659, 0.658, 0.664, 0.658, 0.66, 0.664, 0.658, 0.664, 0.661], "Energy": [0.01, 0.02, 0.04, 0.05, 0.07, 0.08, 0.1, 0.11, 0.13, 0.14, 0.16, 0.17, 0.19, 0.2, 0.21, 0.23, 0.24, 0.26, 0.27, 0.29, 0.3, 0.32, 0.33, 0.35, 0.36, 0.38, 0.39, 0.4, 0.42, 0.43, 0.45, 0.46, 0.48, 0.49, 0.51, 0.52, 0.54, 0.55, 0.57, 0.58, 0.59, 0.61, 0.62, 0.64, 0.65], "Frequency": [49.37, 49.37, 49.37, 49.37, 49.37, 49.37, 49.36, 49.36, 49.36, 49.35, 49.35, 49.35, 49.35, 49.35, 49.35, 49.39, 49.39, 49.39, 49.41, 49.41, 49.41, 49.39, 49.39, 49.39, 49.37, 49.37, 49.37, 49.38, 49.38, 49.38, 49.38, 49.38, 49.38, 49.38, 49.38, 49.38, 49.4, 49.4, 49.4, 49.39, 49.39, 49.39, 49.39, 49.39, 49.39], "Temp_env": []}