{"Start_Time": [1755099098.0379333], "Time": [1755099100.0401094, 1755099102.0427532, 1755099104.044928, 1755099106.052792, 1755099108.0550668, 1755099110.0571733, 1755099112.0648243, 1755099114.0672567, 1755099116.0697954, 1755099118.0772908, 1755099120.0797803, 1755099122.082123, 1755099124.084842, 1755099126.087296, 1755099128.0899901, 1755099130.097329, 1755099132.1000144, 1755099134.1021845, 1755099136.1099808, 1755099138.112275, 1755099140.1149693, 1755099142.117447, 1755099144.1201417, 1755099146.1224086, 1755099148.125106, 1755099150.1276278, 1755099152.1301565, 1755099154.1376202, 1755099156.1401157, 1755099158.1424994, 1755099160.150162, 1755099162.1524956, 1755099164.155233, 1755099166.157639, 1755099168.1601698, 1755099170.1625524, 1755099172.165276, 1755099174.1676629, 1755099176.170381, 1755099178.1778512, 1755099180.1803606, 1755099182.182698, 1755099184.185411, 1755099186.1878386, 1755099188.190356], "Voltage": [229.61, 229.71, 229.66, 229.82, 229.82, 229.82, 229.71, 229.76, 229.76, 229.61, 229.66, 229.66, 229.66, 229.61, 229.66, 229.61, 229.55, 229.5, 229.4, 229.29, 229.35, 229.4, 229.5, 229.45, 229.45, 229.4, 229.45, 229.5, 229.45, 229.5, 229.4, 229.5, 229.5, 229.45, 229.5, 229.4, 229.5, 229.5, 229.55, 229.55, 229.61, 229.55, 229.76, 229.82, 229.76], "Current": [0.17, 0.17, 0.17, 0.17, 0.17, 0.17, 0.17, 0.17, 0.17, 0.17, 0.17, 0.17, 0.17, 0.17, 0.17, 0.17, 0.17, 0.17, 0.17, 0.17, 0.17, 0.17, 0.17, 0.17, 0.17, 0.17, 0.17, 0.17, 0.17, 0.17, 0.17, 0.17, 0.17, 0.17, 0.17, 0.17, 0.17, 0.17, 0.17, 0.17, 0.17, 0.17, 0.17, 0.17, 0.17], "Real_Power": [25.77, 25.91, 25.99, 25.83, 26.13, 25.7, 25.94, 25.95, 25.83, 26.04, 25.83, 25.83, 26.08, 25.88, 25.94, 25.98, 25.74, 26.08, 25.9, 25.94, 26.15, 25.84, 25.95, 25.96, 25.81, 26.03, 25.97, 25.96, 26.04, 25.74, 25.98, 26.03, 25.8, 26.09, 25.96, 25.9, 26.0, 25.85, 26.0, 26.05, 25.85, 25.94, 25.98, 25.82, 26.12], "Apparent_Power": [39.03, 39.05, 39.04, 39.06, 39.06, 39.06, 39.05, 39.05, 39.05, 39.03, 39.04, 39.04, 39.04, 39.03, 39.04, 39.03, 39.02, 39.01, 38.99, 38.97, 38.98, 38.99, 39.01, 39.0, 39.0, 38.99, 39.0, 39.01, 39.0, 39.01, 38.99, 39.01, 39.01, 39.0, 39.01, 38.99, 39.01, 39.01, 39.02, 39.02, 39.03, 39.02, 39.05, 39.06, 39.05], "Apparent_Power_Reactive": [29.31, 29.21, 29.13, 29.3, 29.03, 29.41, 29.18, 29.18, 29.28, 29.07, 29.27, 29.27, 29.05, 29.21, 29.17, 29.12, 29.32, 29.01, 29.14, 29.08, 28.9, 29.19, 29.12, 29.1, 29.23, 29.02, 29.09, 29.11, 29.03, 29.31, 29.07, 29.05, 29.25, 28.98, 29.11, 29.14, 29.08, 29.21, 29.09, 29.05, 29.24, 29.14, 29.15, 29.3, 29.02], "Power_Factor": [0.66, 0.663, 0.665, 0.661, 0.668, 0.657, 0.664, 0.664, 0.661, 0.667, 0.661, 0.661, 0.668, 0.663, 0.664, 0.665, 0.659, 0.668, 0.664, 0.665, 0.67, 0.662, 0.665, 0.665, 0.661, 0.667, 0.665, 0.665, 0.667, 0.659, 0.666, 0.667, 0.661, 0.668, 0.665, 0.664, 0.666, 0.662, 0.666, 0.667, 0.662, 0.664, 0.665, 0.661, 0.668], "Energy": [0.01, 0.02, 0.04, 0.05, 0.07, 0.08, 0.1, 0.11, 0.13, 0.14, 0.16, 0.17, 0.18, 0.2, 0.21, 0.23, 0.24, 0.26, 0.27, 0.29, 0.3, 0.32, 0.33, 0.34, 0.36, 0.37, 0.39, 0.4, 0.42, 0.43, 0.45, 0.46, 0.48, 0.49, 0.51, 0.52, 0.53, 0.55, 0.56, 0.58, 0.59, 0.61, 0.62, 0.64, 0.65], "Frequency": [49.42, 49.42, 49.42, 49.41, 49.41, 49.41, 49.41, 49.41, 49.41, 49.42, 49.42, 49.42, 49.43, 49.43, 49.43, 49.42, 49.42, 49.42, 49.42, 49.42, 49.42, 49.4, 49.4, 49.4, 49.4, 49.4, 49.4, 49.41, 49.41, 49.41, 49.42, 49.42, 49.42, 49.41, 49.41, 49.41, 49.42, 49.42, 49.42, 49.4, 49.4, 49.4, 49.41, 49.41, 49.41], "Temp_env": []}