{"Start_Time": [1755146140.6329165], "Time": [1755146142.6355202, 1755146144.63784, 1755146146.6398842, 1755146148.6426039, 1755146150.644876, 1755146152.6475735, 1755146154.6500201, 1755146156.6525493, 1755146158.654915, 1755146160.657647, 1755146162.660063, 1755146164.6627865, 1755146166.6648574, 1755146168.6669836, 1755146170.6690993, 1755146172.671808, 1755146174.6741662, 1755146176.6768565, 1755146178.6792107, 1755146180.6818683, 1755146182.6842577, 1755146184.6868927, 1755146186.6892786, 1755146188.691932, 1755146190.6942687, 1755146192.696963, 1755146194.6992874, 1755146196.7019503, 1755146198.704327, 1755146200.7070565, 1755146202.7094254, 1755146204.7121305, 1755146206.714448, 1755146208.7171712, 1755146210.7194889, 1755146212.7222104, 1755146214.724498, 1755146216.7273057, 1755146218.7295868, 1755146220.7323003, 1755146222.7344832, 1755146224.7366078, 1755146226.7392442, 1755146228.7415395, 1755146230.743702], "Voltage": [227.04, 227.2, 227.14, 227.09, 227.25, 227.25, 227.04, 227.09, 227.04, 227.09, 226.93, 227.04, 226.99, 227.04, 226.88, 227.04, 227.04, 227.04, 227.09, 227.09, 227.09, 227.04, 227.14, 227.09, 226.93, 227.04, 227.14, 227.04, 226.88, 227.09, 226.99, 226.93, 226.93, 226.93, 226.99, 227.04, 227.04, 226.88, 227.04, 227.04, 226.73, 226.93, 226.99, 226.99, 227.04], "Current": [0.17, 0.17, 0.17, 0.17, 0.17, 0.17, 0.17, 0.17, 0.17, 0.17, 0.17, 0.17, 0.17, 0.17, 0.17, 0.17, 0.17, 0.17, 0.17, 0.17, 0.17, 0.17, 0.17, 0.17, 0.17, 0.17, 0.17, 0.17, 0.17, 0.17, 0.17, 0.17, 0.17, 0.17, 0.17, 0.17, 0.17, 0.17, 0.17, 0.17, 0.17, 0.17, 0.17, 0.17, 0.17], "Real_Power": [25.79, 26.01, 26.06, 25.86, 25.96, 25.95, 25.91, 25.93, 25.91, 25.96, 25.89, 25.77, 25.95, 26.06, 25.84, 25.75, 25.73, 26.02, 25.9, 25.74, 25.85, 25.9, 25.92, 25.79, 25.97, 25.8, 25.81, 25.96, 25.94, 25.85, 25.83, 25.85, 25.96, 25.75, 25.96, 25.94, 25.83, 25.86, 25.8, 25.92, 26.01, 25.97, 25.93, 25.78, 25.99], "Apparent_Power": [38.59, 38.62, 38.61, 38.6, 38.63, 38.63, 38.59, 38.6, 38.59, 38.6, 38.57, 38.59, 38.58, 38.59, 38.56, 38.59, 38.59, 38.59, 38.6, 38.6, 38.6, 38.59, 38.61, 38.6, 38.57, 38.59, 38.61, 38.59, 38.56, 38.6, 38.58, 38.57, 38.57, 38.57, 38.58, 38.59, 38.59, 38.56, 38.59, 38.59, 38.54, 38.57, 38.58, 38.58, 38.59], "Apparent_Power_Reactive": [28.7, 28.54, 28.48, 28.65, 28.6, 28.61, 28.59, 28.59, 28.59, 28.56, 28.58, 28.72, 28.54, 28.46, 28.62, 28.74, 28.76, 28.49, 28.62, 28.76, 28.66, 28.6, 28.61, 28.71, 28.51, 28.69, 28.71, 28.55, 28.53, 28.66, 28.65, 28.62, 28.52, 28.71, 28.53, 28.57, 28.67, 28.6, 28.69, 28.58, 28.43, 28.51, 28.56, 28.7, 28.52], "Power_Factor": [0.668, 0.673, 0.674, 0.669, 0.672, 0.671, 0.671, 0.671, 0.671, 0.672, 0.671, 0.667, 0.672, 0.675, 0.67, 0.667, 0.666, 0.674, 0.67, 0.666, 0.669, 0.671, 0.671, 0.668, 0.673, 0.668, 0.668, 0.672, 0.672, 0.669, 0.669, 0.67, 0.673, 0.667, 0.672, 0.672, 0.669, 0.67, 0.668, 0.671, 0.674, 0.673, 0.672, 0.668, 0.673], "Energy": [0.01, 0.02, 0.04, 0.05, 0.07, 0.08, 0.1, 0.11, 0.13, 0.14, 0.15, 0.17, 0.18, 0.2, 0.21, 0.23, 0.24, 0.26, 0.27, 0.29, 0.3, 0.32, 0.33, 0.35, 0.36, 0.37, 0.39, 0.4, 0.42, 0.43, 0.45, 0.46, 0.48, 0.49, 0.51, 0.52, 0.53, 0.55, 0.56, 0.58, 0.59, 0.61, 0.62, 0.64, 0.65], "Frequency": [49.41, 49.4, 49.4, 49.4, 49.39, 49.39, 49.39, 49.43, 49.43, 49.43, 49.47, 49.47, 49.47, 49.46, 49.46, 49.46, 49.46, 49.46, 49.46, 49.46, 49.46, 49.46, 49.46, 49.46, 49.47, 49.47, 49.47, 49.45, 49.45, 49.45, 49.44, 49.44, 49.44, 49.41, 49.41, 49.41, 49.42, 49.42, 49.42, 49.4, 49.4, 49.4, 49.41, 49.41, 49.41], "Temp_env": []}