{"Start_Time": [1755740405.48691], "Time": [1755740407.4889112, 1755740409.4915447, 1755740411.4939284, 1755740413.4966426, 1755740415.4988914, 1755740417.5065825, 1755740419.5088434, 1755740421.5109324, 1755740423.5130565, 1755740425.5157528, 1755740427.5181808, 1755740429.5207186, 1755740431.5230374, 1755740433.5251355, 1755740435.528005, 1755740437.5300572, 1755740439.5322034, 1755740441.5348966, 1755740443.5372431, 1755740445.5399094, 1755740447.5422635, 1755740449.5449467, 1755740451.547295, 1755740453.550011, 1755740455.5521739, 1755740457.5542355, 1755740459.55625, 1755740461.5585504, 1755740463.5610693, 1755740465.5634475, 1755740467.5661564, 1755740469.5685587, 1755740471.5710747, 1755740473.5734048, 1755740475.576139, 1755740477.5785995, 1755740479.5813181, 1755740481.5834644, 1755740483.5856109, 1755740485.5885065, 1755740487.5906312, 1755740489.5933583, 1755740491.595694, 1755740493.5985248, 1755740495.6006165], "Voltage": [230.45, 230.39, 230.34, 230.39, 230.39, 230.5, 230.39, 230.45, 230.5, 230.45, 230.18, 230.24, 230.29, 230.34, 230.45, 230.39, 230.34, 230.5, 230.45, 230.39, 230.45, 230.5, 230.45, 230.39, 230.5, 230.34, 230.34, 230.34, 230.6, 230.34, 230.5, 230.45, 230.5, 230.45, 230.55, 230.5, 230.55, 230.45, 230.39, 230.45, 230.5, 230.39, 230.5, 230.5, 230.5], "Current": [0.17, 0.17, 0.17, 0.17, 0.17, 0.17, 0.17, 0.17, 0.17, 0.17, 0.17, 0.17, 0.17, 0.17, 0.17, 0.17, 0.17, 0.17, 0.17, 0.17, 0.17, 0.17, 0.17, 0.17, 0.17, 0.17, 0.17, 0.17, 0.17, 0.17, 0.17, 0.17, 0.17, 0.17, 0.17, 0.17, 0.17, 0.17, 0.17, 0.17, 0.17, 0.17, 0.17, 0.17, 0.17], "Real_Power": [25.98, 26.31, 26.07, 26.07, 26.28, 26.02, 26.14, 26.19, 25.94, 26.27, 26.13, 25.81, 26.25, 26.08, 26.05, 26.32, 26.29, 26.22, 26.08, 26.3, 26.03, 26.07, 26.17, 25.95, 26.18, 26.2, 26.05, 26.21, 26.0, 26.14, 26.23, 25.89, 26.17, 26.23, 26.01, 26.25, 26.01, 26.03, 26.21, 25.99, 26.07, 26.24, 25.86, 26.1, 25.97], "Apparent_Power": [39.17, 39.16, 39.15, 39.16, 39.16, 39.18, 39.16, 39.17, 39.18, 39.17, 39.13, 39.14, 39.14, 39.15, 39.17, 39.16, 39.15, 39.18, 39.17, 39.16, 39.17, 39.18, 39.17, 39.16, 39.18, 39.15, 39.15, 39.15, 39.2, 39.15, 39.18, 39.17, 39.18, 39.17, 39.19, 39.18, 39.19, 39.17, 39.16, 39.17, 39.18, 39.16, 39.18, 39.18, 39.18], "Apparent_Power_Reactive": [29.31, 29.0, 29.2, 29.22, 29.03, 29.29, 29.15, 29.12, 29.36, 29.05, 29.12, 29.42, 29.03, 29.19, 29.25, 28.99, 29.0, 29.11, 29.22, 29.01, 29.26, 29.24, 29.14, 29.32, 29.14, 29.09, 29.22, 29.08, 29.33, 29.14, 29.1, 29.39, 29.15, 29.09, 29.31, 29.08, 29.31, 29.26, 29.09, 29.3, 29.24, 29.06, 29.43, 29.22, 29.33], "Power_Factor": [0.663, 0.671, 0.665, 0.665, 0.671, 0.664, 0.667, 0.668, 0.662, 0.67, 0.667, 0.659, 0.67, 0.666, 0.665, 0.672, 0.671, 0.669, 0.665, 0.671, 0.664, 0.665, 0.668, 0.662, 0.668, 0.669, 0.665, 0.669, 0.663, 0.667, 0.669, 0.66, 0.667, 0.669, 0.663, 0.669, 0.663, 0.664, 0.669, 0.663, 0.665, 0.67, 0.66, 0.666, 0.662], "Energy": [0.01, 0.02, 0.04, 0.05, 0.07, 0.08, 0.1, 0.11, 0.13, 0.14, 0.16, 0.17, 0.19, 0.2, 0.22, 0.23, 0.25, 0.26, 0.28, 0.29, 0.3, 0.32, 0.33, 0.35, 0.36, 0.38, 0.39, 0.41, 0.42, 0.44, 0.45, 0.47, 0.48, 0.5, 0.51, 0.53, 0.54, 0.55, 0.57, 0.58, 0.6, 0.61, 0.63, 0.64, 0.66], "Frequency": [49.38, 49.38, 49.38, 49.37, 49.37, 49.37, 49.37, 49.37, 49.37, 49.38, 49.38, 49.38, 49.39, 49.39, 49.39, 49.38, 49.38, 49.38, 49.37, 49.37, 49.37, 49.37, 49.37, 49.37, 49.37, 49.37, 49.37, 49.36, 49.36, 49.36, 49.37, 49.37, 49.37, 49.39, 49.39, 49.39, 49.4, 49.4, 49.4, 49.41, 49.41, 49.41, 49.39, 49.39, 49.39], "Temp_env": []}