{"Start_Time": [1755305894.0895312], "Time": [1755305896.0916877, 1755305898.0943818, 1755305900.0967307, 1755305902.0993955, 1755305904.1016314, 1755305906.103771, 1755305908.1059115, 1755305910.108638, 1755305912.115882, 1755305914.118641, 1755305916.1210787, 1755305918.1287758, 1755305920.1312563, 1755305922.1337848, 1755305924.1412563, 1755305926.144004, 1755305928.1461902, 1755305930.148354, 1755305932.1512077, 1755305934.153284, 1755305936.1613705, 1755305938.1640851, 1755305940.166432, 1755305942.174263, 1755305944.1766326, 1755305946.17938, 1755305948.181721, 1755305950.1844366, 1755305952.1866155, 1755305954.1886945, 1755305956.1906912, 1755305958.192819, 1755305960.2005138, 1755305962.2027805, 1755305964.2048845, 1755305966.2122161, 1755305968.2147036, 1755305970.2170613, 1755305972.2198074, 1755305974.222243, 1755305976.2249324, 1755305978.2270944, 1755305980.2299118, 1755305982.2324224, 1755305984.239936], "Voltage": [229.29, 229.35, 229.29, 229.14, 229.24, 229.29, 229.14, 228.98, 229.19, 229.19, 229.24, 229.19, 229.19, 229.19, 229.14, 229.14, 229.24, 229.19, 229.14, 229.24, 229.14, 229.14, 229.08, 229.14, 229.19, 229.19, 229.19, 229.03, 229.03, 229.19, 229.14, 229.14, 229.14, 229.19, 229.35, 229.14, 229.14, 229.08, 229.24, 229.24, 229.24, 229.24, 229.24, 229.19, 229.19], "Current": [0.17, 0.17, 0.17, 0.17, 0.17, 0.17, 0.17, 0.17, 0.17, 0.17, 0.17, 0.17, 0.17, 0.17, 0.17, 0.17, 0.17, 0.17, 0.17, 0.17, 0.17, 0.17, 0.17, 0.17, 0.17, 0.17, 0.17, 0.17, 0.17, 0.17, 0.17, 0.17, 0.17, 0.17, 0.17, 0.17, 0.17, 0.17, 0.17, 0.17, 0.17, 0.17, 0.17, 0.17, 0.17], "Real_Power": [26.28, 25.95, 26.15, 26.06, 25.91, 26.23, 25.89, 26.14, 26.17, 26.02, 26.32, 26.18, 25.92, 26.24, 26.02, 26.2, 26.23, 25.99, 26.24, 25.95, 26.04, 26.3, 26.02, 26.09, 26.09, 26.02, 26.24, 25.89, 26.01, 26.27, 25.97, 26.23, 25.96, 26.22, 26.04, 26.18, 26.19, 26.03, 26.25, 26.11, 26.09, 26.23, 25.94, 26.11, 26.11], "Apparent_Power": [38.97, 38.98, 38.97, 38.95, 38.97, 38.97, 38.95, 38.92, 38.96, 38.96, 38.97, 38.96, 38.96, 38.96, 38.95, 38.95, 38.97, 38.96, 38.95, 38.97, 38.95, 38.95, 38.94, 38.95, 38.96, 38.96, 38.96, 38.93, 38.93, 38.96, 38.95, 38.95, 38.95, 38.96, 38.98, 38.95, 38.95, 38.94, 38.97, 38.97, 38.97, 38.97, 38.97, 38.96, 38.96], "Apparent_Power_Reactive": [28.77, 29.08, 28.89, 28.94, 29.1, 28.82, 29.1, 28.83, 28.86, 28.99, 28.73, 28.85, 29.08, 28.79, 28.98, 28.82, 28.82, 29.02, 28.78, 29.07, 28.96, 28.72, 28.97, 28.92, 28.93, 28.99, 28.79, 29.07, 28.96, 28.77, 29.02, 28.79, 29.03, 28.81, 29.0, 28.83, 28.83, 28.96, 28.8, 28.92, 28.94, 28.82, 29.08, 28.91, 28.91], "Power_Factor": [0.674, 0.665, 0.671, 0.669, 0.664, 0.673, 0.664, 0.671, 0.671, 0.667, 0.675, 0.671, 0.665, 0.673, 0.668, 0.672, 0.673, 0.667, 0.673, 0.665, 0.668, 0.675, 0.668, 0.669, 0.669, 0.667, 0.673, 0.665, 0.668, 0.674, 0.666, 0.673, 0.666, 0.672, 0.668, 0.672, 0.672, 0.668, 0.673, 0.67, 0.669, 0.673, 0.665, 0.67, 0.67], "Energy": [0.01, 0.02, 0.04, 0.05, 0.07, 0.08, 0.1, 0.11, 0.13, 0.14, 0.16, 0.17, 0.19, 0.2, 0.22, 0.23, 0.24, 0.26, 0.27, 0.29, 0.3, 0.32, 0.33, 0.35, 0.36, 0.38, 0.39, 0.41, 0.42, 0.44, 0.45, 0.46, 0.48, 0.5, 0.51, 0.52, 0.54, 0.55, 0.57, 0.58, 0.6, 0.61, 0.63, 0.64, 0.66], "Frequency": [49.46, 49.46, 49.46, 49.45, 49.45, 49.45, 49.44, 49.44, 49.44, 49.44, 49.44, 49.44, 49.43, 49.43, 49.43, 49.44, 49.44, 49.44, 49.43, 49.43, 49.43, 49.44, 49.44, 49.44, 49.43, 49.43, 49.43, 49.43, 49.43, 49.43, 49.43, 49.43, 49.43, 49.43, 49.43, 49.43, 49.42, 49.42, 49.42, 49.43, 49.43, 49.43, 49.42, 49.42, 49.42], "Temp_env": []}