{"Start_Time": [1755141879.9953055], "Time": [1755141881.997573, 1755141884.0002053, 1755141886.002607, 1755141888.0103579, 1755141890.0125055, 1755141892.0145514, 1755141894.0167017, 1755141896.0187848, 1755141898.0213056, 1755141900.0236435, 1755141902.0263743, 1755141904.0287952, 1755141906.031339, 1755141908.033708, 1755141910.0357916, 1755141912.0387013, 1755141914.041431, 1755141916.043798, 1755141918.0464664, 1755141920.048915, 1755141922.0514445, 1755141924.0537646, 1755141926.056477, 1755141928.0589356, 1755141930.0616796, 1755141932.0638, 1755141934.0658839, 1755141936.0688045, 1755141938.0708995, 1755141940.0735812, 1755141942.0759676, 1755141944.0788186, 1755141946.0866742, 1755141948.0890949, 1755141950.0916915, 1755141952.0996792, 1755141954.1020672, 1755141956.1048062, 1755141958.106949, 1755141960.109286, 1755141962.1117663, 1755141964.1140726, 1755141966.1167898, 1755141968.1191235, 1755141970.121929], "Voltage": [227.62, 227.67, 227.62, 227.62, 227.62, 227.67, 227.72, 227.72, 227.83, 227.77, 227.62, 227.62, 227.56, 227.62, 227.56, 227.51, 227.62, 227.62, 227.51, 227.62, 227.56, 227.62, 227.51, 227.62, 227.35, 227.56, 227.56, 227.62, 227.46, 227.62, 227.46, 227.62, 227.56, 227.62, 227.67, 227.62, 227.62, 227.62, 227.56, 227.51, 227.51, 227.51, 227.41, 227.62, 227.35], "Current": [0.17, 0.17, 0.17, 0.17, 0.17, 0.17, 0.17, 0.17, 0.17, 0.17, 0.17, 0.17, 0.17, 0.17, 0.17, 0.17, 0.17, 0.17, 0.17, 0.17, 0.17, 0.17, 0.17, 0.17, 0.17, 0.17, 0.17, 0.17, 0.17, 0.17, 0.17, 0.17, 0.17, 0.17, 0.17, 0.17, 0.17, 0.17, 0.17, 0.17, 0.17, 0.17, 0.17, 0.17, 0.17], "Real_Power": [25.72, 25.69, 25.82, 25.67, 25.57, 25.58, 25.67, 25.57, 25.69, 25.72, 25.62, 25.59, 25.58, 25.62, 25.62, 25.56, 25.57, 25.74, 25.61, 25.52, 25.66, 25.51, 25.55, 25.68, 25.61, 25.51, 25.73, 25.53, 25.7, 25.61, 25.58, 25.42, 25.76, 25.73, 25.66, 25.67, 25.55, 25.75, 25.63, 25.54, 25.73, 25.65, 25.63, 25.57, 25.68], "Apparent_Power": [38.69, 38.7, 38.69, 38.69, 38.69, 38.7, 38.71, 38.71, 38.73, 38.72, 38.69, 38.69, 38.68, 38.69, 38.68, 38.67, 38.69, 38.69, 38.67, 38.69, 38.68, 38.69, 38.67, 38.69, 38.64, 38.68, 38.68, 38.69, 38.66, 38.69, 38.66, 38.69, 38.68, 38.69, 38.7, 38.69, 38.69, 38.69, 38.68, 38.67, 38.67, 38.67, 38.65, 38.69, 38.64], "Apparent_Power_Reactive": [28.9, 28.94, 28.81, 28.94, 29.03, 29.04, 28.97, 29.06, 28.98, 28.94, 28.99, 29.01, 29.01, 28.99, 28.97, 29.01, 29.03, 28.88, 28.97, 29.07, 28.94, 29.08, 29.02, 28.93, 28.93, 29.07, 28.88, 29.07, 28.88, 29.0, 28.98, 29.16, 28.85, 28.89, 28.96, 28.94, 29.05, 28.87, 28.96, 29.03, 28.86, 28.93, 28.92, 29.03, 28.87], "Power_Factor": [0.664, 0.663, 0.667, 0.663, 0.66, 0.66, 0.663, 0.66, 0.663, 0.664, 0.662, 0.661, 0.661, 0.662, 0.662, 0.66, 0.66, 0.665, 0.662, 0.659, 0.663, 0.659, 0.66, 0.663, 0.662, 0.659, 0.665, 0.659, 0.664, 0.661, 0.661, 0.657, 0.665, 0.665, 0.663, 0.663, 0.66, 0.665, 0.662, 0.66, 0.665, 0.663, 0.663, 0.66, 0.664], "Energy": [0.01, 0.02, 0.04, 0.05, 0.07, 0.08, 0.1, 0.11, 0.12, 0.14, 0.15, 0.17, 0.18, 0.2, 0.21, 0.23, 0.24, 0.25, 0.27, 0.28, 0.3, 0.31, 0.33, 0.34, 0.36, 0.37, 0.38, 0.4, 0.41, 0.43, 0.44, 0.46, 0.47, 0.49, 0.5, 0.52, 0.53, 0.54, 0.56, 0.57, 0.59, 0.6, 0.62, 0.63, 0.64], "Frequency": [49.41, 49.41, 49.41, 49.41, 49.4, 49.4, 49.4, 49.42, 49.42, 49.42, 49.42, 49.42, 49.42, 49.42, 49.42, 49.42, 49.42, 49.42, 49.42, 49.42, 49.42, 49.42, 49.41, 49.41, 49.41, 49.4, 49.4, 49.4, 49.4, 49.4, 49.4, 49.39, 49.39, 49.39, 49.41, 49.41, 49.41, 49.42, 49.42, 49.42, 49.42, 49.42, 49.42, 49.4, 49.4], "Temp_env": []}