{"Start_Time": [1755647479.986301], "Time": [1755647481.9888055, 1755647483.991578, 1755647485.993974, 1755647488.0016398, 1755647490.0039933, 1755647492.0066688, 1755647494.0088992, 1755647496.0110497, 1755647498.0137868, 1755647500.0210626, 1755647502.0237927, 1755647504.0261064, 1755647506.033729, 1755647508.0361307, 1755647510.038744, 1755647512.0468414, 1755647514.049086, 1755647516.0518217, 1755647518.0542405, 1755647520.0569267, 1755647522.0592945, 1755647524.0669305, 1755647526.0691888, 1755647528.0718749, 1755647530.0799165, 1755647532.0822387, 1755647534.0849652, 1755647536.0873303, 1755647538.0899734, 1755647540.0923338, 1755647542.095026, 1755647544.097376, 1755647546.10005, 1755647548.1083446, 1755647550.1111703, 1755647552.1133828, 1755647554.1211116, 1755647556.1234457, 1755647558.1261246, 1755647560.1286218, 1755647562.1313484, 1755647564.1341705, 1755647566.136496, 1755647568.1387959, 1755647570.141205], "Voltage": [229.76, 229.82, 229.66, 229.82, 229.82, 229.76, 229.82, 229.87, 229.71, 229.71, 229.82, 229.76, 229.82, 229.71, 229.76, 229.82, 229.76, 229.76, 229.71, 229.61, 229.66, 229.76, 229.76, 229.66, 229.71, 229.66, 229.66, 229.66, 229.71, 229.66, 229.61, 229.55, 229.61, 229.61, 229.71, 229.76, 229.76, 229.76, 229.66, 229.76, 229.82, 229.76, 229.82, 229.76, 229.76], "Current": [0.17, 0.17, 0.17, 0.17, 0.17, 0.17, 0.17, 0.17, 0.17, 0.17, 0.17, 0.17, 0.17, 0.17, 0.17, 0.17, 0.17, 0.17, 0.17, 0.17, 0.17, 0.17, 0.17, 0.17, 0.17, 0.17, 0.17, 0.17, 0.17, 0.17, 0.17, 0.17, 0.17, 0.17, 0.17, 0.17, 0.17, 0.17, 0.17, 0.17, 0.17, 0.17, 0.17, 0.17, 0.17], "Real_Power": [26.11, 26.22, 26.31, 26.32, 26.24, 26.17, 26.26, 26.37, 26.22, 26.24, 26.12, 26.24, 26.2, 26.24, 26.43, 26.15, 26.29, 26.17, 26.23, 26.29, 26.12, 26.25, 26.3, 26.07, 26.29, 26.23, 26.15, 26.27, 26.19, 26.24, 26.3, 26.09, 26.27, 26.28, 26.17, 26.41, 26.31, 26.19, 26.26, 26.14, 26.27, 26.09, 26.21, 26.32, 26.14], "Apparent_Power": [39.05, 39.06, 39.04, 39.06, 39.06, 39.05, 39.06, 39.07, 39.05, 39.05, 39.06, 39.05, 39.06, 39.05, 39.05, 39.06, 39.05, 39.05, 39.05, 39.03, 39.04, 39.05, 39.05, 39.04, 39.05, 39.04, 39.04, 39.04, 39.05, 39.04, 39.03, 39.02, 39.03, 39.03, 39.05, 39.05, 39.05, 39.05, 39.04, 39.05, 39.06, 39.05, 39.06, 39.05, 39.05], "Apparent_Power_Reactive": [29.03, 28.95, 28.84, 28.86, 28.93, 28.98, 28.91, 28.82, 28.93, 28.91, 29.04, 28.91, 28.96, 28.91, 28.74, 29.01, 28.87, 28.98, 28.92, 28.84, 29.01, 28.91, 28.86, 29.05, 28.87, 28.91, 28.98, 28.87, 28.96, 28.9, 28.83, 29.01, 28.86, 28.85, 28.98, 28.76, 28.85, 28.96, 28.88, 29.01, 28.9, 29.05, 28.96, 28.84, 29.01], "Power_Factor": [0.668, 0.671, 0.673, 0.673, 0.671, 0.67, 0.672, 0.674, 0.671, 0.671, 0.668, 0.671, 0.67, 0.671, 0.676, 0.669, 0.673, 0.67, 0.671, 0.673, 0.669, 0.672, 0.673, 0.667, 0.673, 0.671, 0.669, 0.672, 0.67, 0.672, 0.673, 0.668, 0.673, 0.673, 0.67, 0.676, 0.673, 0.67, 0.672, 0.669, 0.672, 0.668, 0.671, 0.674, 0.669], "Energy": [0.01, 0.02, 0.04, 0.05, 0.07, 0.08, 0.1, 0.11, 0.13, 0.14, 0.16, 0.17, 0.19, 0.2, 0.22, 0.23, 0.25, 0.26, 0.28, 0.29, 0.31, 0.32, 0.34, 0.35, 0.36, 0.38, 0.39, 0.41, 0.42, 0.44, 0.45, 0.47, 0.48, 0.5, 0.51, 0.53, 0.54, 0.56, 0.57, 0.59, 0.6, 0.62, 0.63, 0.64, 0.66], "Frequency": [49.41, 49.41, 49.42, 49.42, 49.42, 49.43, 49.43, 49.43, 49.41, 49.41, 49.41, 49.41, 49.41, 49.41, 49.43, 49.43, 49.43, 49.42, 49.42, 49.42, 49.43, 49.43, 49.43, 49.43, 49.43, 49.43, 49.43, 49.43, 49.43, 49.42, 49.42, 49.42, 49.42, 49.42, 49.42, 49.43, 49.43, 49.43, 49.43, 49.43, 49.43, 49.42, 49.42, 49.42, 49.43], "Temp_env": []}