{"Start_Time": [1755303677.6937382], "Time": [1755303679.6964011, 1755303681.699172, 1755303683.701487, 1755303685.7034295, 1755303687.7055411, 1755303689.7081828, 1755303691.710516, 1755303693.7126384, 1755303695.7153366, 1755303697.7176726, 1755303699.7203643, 1755303701.72269, 1755303703.7253842, 1755303705.7275693, 1755303707.7296374, 1755303709.73177, 1755303711.7337103, 1755303713.736607, 1755303715.7386537, 1755303717.7407525, 1755303719.7427325, 1755303721.7448583, 1755303723.7469292, 1755303725.7496274, 1755303727.7517822, 1755303729.753938, 1755303731.7567372, 1755303733.7588186, 1755303735.760978, 1755303737.7629623, 1755303739.765616, 1755303741.7678893, 1755303743.769937, 1755303745.772035, 1755303747.7747545, 1755303749.777188, 1755303751.7796931, 1755303753.7820125, 1755303755.7847104, 1755303757.7871768, 1755303759.7898457, 1755303761.7921395, 1755303763.794845, 1755303765.7973194, 1755303767.7998238], "Voltage": [228.56, 228.66, 228.61, 228.61, 228.66, 228.61, 228.61, 228.56, 228.56, 228.61, 228.56, 228.4, 229.14, 229.08, 229.14, 229.08, 229.08, 229.03, 229.03, 229.19, 229.03, 229.03, 229.24, 229.03, 229.19, 229.19, 229.14, 229.08, 229.19, 229.08, 228.98, 229.08, 229.08, 229.14, 229.03, 229.03, 228.93, 229.08, 229.08, 229.03, 229.19, 229.03, 229.14, 229.08, 229.08], "Current": [0.17, 0.17, 0.17, 0.17, 0.17, 0.17, 0.17, 0.17, 0.17, 0.17, 0.17, 0.17, 0.17, 0.17, 0.17, 0.17, 0.17, 0.17, 0.17, 0.17, 0.17, 0.17, 0.17, 0.17, 0.17, 0.17, 0.17, 0.17, 0.17, 0.17, 0.17, 0.17, 0.17, 0.17, 0.17, 0.17, 0.17, 0.17, 0.17, 0.17, 0.17, 0.17, 0.17, 0.17, 0.17], "Real_Power": [25.98, 26.21, 26.27, 26.0, 26.27, 26.18, 26.04, 26.21, 25.99, 26.22, 26.23, 25.96, 26.24, 26.06, 26.01, 26.32, 26.02, 26.04, 26.14, 26.03, 26.18, 26.19, 25.97, 26.12, 25.98, 26.24, 26.13, 26.0, 26.32, 26.16, 26.02, 26.2, 26.03, 26.06, 26.14, 26.0, 26.2, 25.97, 26.09, 26.3, 26.05, 26.15, 26.2, 26.03, 26.14], "Apparent_Power": [38.85, 38.87, 38.86, 38.86, 38.87, 38.86, 38.86, 38.85, 38.85, 38.86, 38.85, 38.82, 38.95, 38.94, 38.95, 38.94, 38.94, 38.93, 38.93, 38.96, 38.93, 38.93, 38.97, 38.93, 38.96, 38.96, 38.95, 38.94, 38.96, 38.94, 38.92, 38.94, 38.94, 38.95, 38.93, 38.93, 38.91, 38.94, 38.94, 38.93, 38.96, 38.93, 38.95, 38.94, 38.94], "Apparent_Power_Reactive": [28.88, 28.7, 28.63, 28.88, 28.64, 28.71, 28.84, 28.67, 28.87, 28.68, 28.65, 28.86, 28.78, 28.93, 28.99, 28.69, 28.97, 28.93, 28.84, 28.98, 28.81, 28.8, 29.05, 28.86, 29.03, 28.79, 28.88, 28.98, 28.72, 28.84, 28.94, 28.8, 28.96, 28.94, 28.84, 28.97, 28.76, 29.01, 28.9, 28.7, 28.97, 28.83, 28.82, 28.96, 28.86], "Power_Factor": [0.668, 0.674, 0.676, 0.669, 0.675, 0.673, 0.67, 0.674, 0.668, 0.674, 0.675, 0.668, 0.673, 0.669, 0.667, 0.675, 0.668, 0.668, 0.671, 0.668, 0.672, 0.672, 0.666, 0.67, 0.666, 0.673, 0.67, 0.667, 0.675, 0.671, 0.668, 0.672, 0.668, 0.669, 0.671, 0.667, 0.673, 0.666, 0.67, 0.675, 0.668, 0.671, 0.672, 0.668, 0.671], "Energy": [0.01, 0.02, 0.04, 0.05, 0.07, 0.08, 0.1, 0.11, 0.13, 0.14, 0.16, 0.17, 0.19, 0.2, 0.22, 0.23, 0.24, 0.26, 0.27, 0.29, 0.3, 0.32, 0.33, 0.35, 0.36, 0.38, 0.39, 0.41, 0.42, 0.44, 0.45, 0.46, 0.48, 0.49, 0.51, 0.52, 0.54, 0.55, 0.57, 0.58, 0.6, 0.61, 0.63, 0.64, 0.66], "Frequency": [49.4, 49.41, 49.41, 49.41, 49.39, 49.39, 49.39, 49.39, 49.39, 49.39, 49.4, 49.4, 49.4, 49.4, 49.4, 49.4, 49.39, 49.39, 49.39, 49.42, 49.42, 49.42, 49.41, 49.41, 49.41, 49.41, 49.41, 49.41, 49.4, 49.4, 49.4, 49.4, 49.4, 49.4, 49.41, 49.41, 49.41, 49.4, 49.4, 49.4, 49.39, 49.39, 49.39, 49.39, 49.39], "Temp_env": []}