{"Start_Time": [1755826101.4488444], "Time": [1755826103.4516795, 1755826105.453795, 1755826107.4564862, 1755826109.4588637, 1755826111.4617438, 1755826113.4638152, 1755826115.4666507, 1755826117.4689255, 1755826119.4718485, 1755826121.473889, 1755826123.4760327, 1755826125.4787729, 1755826127.4810736, 1755826129.4837852, 1755826131.4861202, 1755826133.488815, 1755826135.4911911, 1755826137.4937978, 1755826139.496159, 1755826141.4988532, 1755826143.501233, 1755826145.503895, 1755826147.5062544, 1755826149.5089388, 1755826151.5113177, 1755826153.5133803, 1755826155.5160832, 1755826157.5184584, 1755826159.5211408, 1755826161.5234704, 1755826163.5253701, 1755826165.5274234, 1755826167.5295496, 1755826169.5324197, 1755826171.5344753, 1755826173.5366275, 1755826175.5393527, 1755826177.5416374, 1755826179.5443575, 1755826181.5466866, 1755826183.5493615, 1755826185.5517435, 1755826187.5544147, 1755826189.556759, 1755826191.5594904], "Voltage": [230.18, 230.18, 230.24, 230.24, 230.13, 230.08, 230.08, 230.08, 230.08, 230.18, 230.03, 230.03, 230.13, 230.08, 230.08, 229.97, 229.97, 230.13, 230.08, 229.97, 230.03, 230.13, 230.03, 230.08, 230.03, 230.03, 230.13, 230.03, 229.97, 229.92, 229.97, 230.03, 230.18, 230.03, 230.03, 230.08, 229.97, 229.87, 230.08, 229.97, 230.08, 229.97, 230.08, 230.03, 229.87], "Current": [0.17, 0.17, 0.17, 0.17, 0.17, 0.17, 0.17, 0.17, 0.17, 0.17, 0.17, 0.17, 0.17, 0.17, 0.17, 0.17, 0.17, 0.17, 0.17, 0.17, 0.17, 0.17, 0.17, 0.17, 0.17, 0.17, 0.17, 0.17, 0.17, 0.17, 0.17, 0.17, 0.17, 0.17, 0.17, 0.17, 0.17, 0.17, 0.17, 0.17, 0.17, 0.17, 0.17, 0.17, 0.17], "Real_Power": [26.28, 26.1, 26.33, 26.15, 26.16, 26.36, 26.12, 26.37, 26.23, 26.13, 26.38, 26.16, 26.15, 26.35, 25.99, 26.23, 26.25, 26.04, 26.42, 26.17, 26.17, 26.37, 26.07, 26.27, 26.26, 26.06, 26.31, 26.2, 26.27, 26.4, 26.06, 26.23, 26.27, 26.1, 26.31, 26.15, 26.24, 26.21, 26.16, 26.25, 26.21, 26.55, 26.25, 26.27, 26.29], "Apparent_Power": [39.13, 39.13, 39.14, 39.14, 39.12, 39.11, 39.11, 39.11, 39.11, 39.13, 39.1, 39.1, 39.12, 39.11, 39.11, 39.09, 39.09, 39.12, 39.11, 39.09, 39.1, 39.12, 39.1, 39.11, 39.1, 39.1, 39.12, 39.1, 39.09, 39.08, 39.09, 39.1, 39.13, 39.1, 39.1, 39.11, 39.09, 39.07, 39.11, 39.09, 39.11, 39.09, 39.11, 39.1, 39.07], "Apparent_Power_Reactive": [28.99, 29.15, 28.95, 29.12, 29.08, 28.89, 29.1, 28.88, 29.0, 29.12, 28.86, 29.05, 29.09, 28.9, 29.22, 28.98, 28.96, 29.19, 28.83, 29.03, 29.05, 28.89, 29.14, 28.97, 28.96, 29.14, 28.95, 29.02, 28.94, 28.81, 29.13, 28.99, 29.0, 29.11, 28.92, 29.08, 28.97, 28.97, 29.07, 28.96, 29.02, 28.69, 28.99, 28.96, 28.9], "Power_Factor": [0.671, 0.667, 0.672, 0.668, 0.668, 0.673, 0.667, 0.674, 0.67, 0.667, 0.674, 0.669, 0.668, 0.673, 0.664, 0.671, 0.671, 0.665, 0.675, 0.669, 0.669, 0.674, 0.666, 0.671, 0.671, 0.666, 0.672, 0.67, 0.672, 0.675, 0.666, 0.67, 0.671, 0.667, 0.672, 0.668, 0.671, 0.67, 0.668, 0.671, 0.67, 0.679, 0.671, 0.671, 0.672], "Energy": [0.01, 0.02, 0.04, 0.05, 0.07, 0.08, 0.1, 0.11, 0.13, 0.14, 0.16, 0.17, 0.19, 0.2, 0.22, 0.23, 0.25, 0.26, 0.28, 0.29, 0.3, 0.32, 0.33, 0.35, 0.36, 0.38, 0.39, 0.41, 0.42, 0.44, 0.45, 0.47, 0.48, 0.5, 0.51, 0.53, 0.54, 0.56, 0.57, 0.58, 0.6, 0.62, 0.63, 0.65, 0.66], "Frequency": [49.41, 49.41, 49.41, 49.41, 49.41, 49.42, 49.42, 49.42, 49.41, 49.41, 49.41, 49.41, 49.41, 49.41, 49.41, 49.41, 49.41, 49.41, 49.41, 49.41, 49.4, 49.4, 49.4, 49.41, 49.41, 49.41, 49.41, 49.41, 49.41, 49.42, 49.42, 49.42, 49.4, 49.4, 49.4, 49.39, 49.39, 49.39, 49.39, 49.39, 49.39, 49.41, 49.41, 49.41, 49.42], "Temp_env": []}