{"Start_Time": [1755271676.8968563], "Time": [1755271678.8989482, 1755271680.901914, 1755271682.9039862, 1755271684.9061227, 1755271686.9088576, 1755271688.916185, 1755271690.918899, 1755271692.9212587, 1755271694.9289105, 1755271696.931304, 1755271698.933982, 1755271700.9413235, 1755271702.9434474, 1755271704.9461918, 1755271706.948384, 1755271708.9505358, 1755271710.9527307, 1755271712.9603562, 1755271714.9627843, 1755271716.96529, 1755271718.97273, 1755271720.975445, 1755271722.9775686, 1755271724.9853532, 1755271726.9877326, 1755271728.9897017, 1755271730.9975755, 1755271732.999725, 1755271735.0018032, 1755271737.0096955, 1755271739.0118527, 1755271741.013936, 1755271743.02162, 1755271745.0239046, 1755271747.0260084, 1755271749.0287316, 1755271751.0311196, 1755271753.033225, 1755271755.0409396, 1755271757.0433183, 1755271759.0460024, 1755271761.0535245, 1755271763.0559614, 1755271765.0583446, 1755271767.065996], "Voltage": [228.56, 228.61, 228.56, 228.56, 228.61, 228.66, 228.61, 228.56, 228.61, 228.45, 228.56, 228.61, 228.66, 228.61, 228.56, 228.56, 228.45, 228.45, 228.45, 228.51, 228.56, 228.45, 228.45, 228.61, 228.61, 228.51, 228.56, 228.56, 228.56, 228.66, 228.61, 228.51, 228.56, 228.72, 228.61, 228.66, 228.61, 228.56, 228.77, 228.61, 228.56, 228.66, 228.66, 228.66, 228.66], "Current": [0.17, 0.17, 0.17, 0.17, 0.17, 0.17, 0.17, 0.17, 0.17, 0.17, 0.17, 0.17, 0.17, 0.17, 0.17, 0.17, 0.17, 0.18, 0.17, 0.17, 0.17, 0.17, 0.17, 0.17, 0.17, 0.18, 0.17, 0.17, 0.17, 0.17, 0.17, 0.17, 0.17, 0.17, 0.17, 0.17, 0.17, 0.17, 0.17, 0.17, 0.17, 0.17, 0.17, 0.17, 0.17], "Real_Power": [26.17, 26.2, 25.91, 26.24, 26.19, 25.97, 26.18, 26.01, 25.99, 26.19, 26.01, 26.23, 26.2, 25.98, 26.24, 26.14, 25.99, 26.31, 26.02, 26.09, 26.29, 25.98, 26.18, 26.17, 26.05, 26.28, 26.06, 25.97, 26.17, 25.94, 26.06, 26.22, 25.89, 26.12, 26.08, 26.06, 26.16, 26.06, 26.03, 26.16, 25.85, 26.13, 26.16, 25.85, 26.26], "Apparent_Power": [38.85, 38.86, 38.85, 38.85, 38.86, 38.87, 38.86, 38.85, 38.86, 38.83, 38.85, 38.86, 38.87, 38.86, 38.85, 38.85, 38.83, 41.12, 38.83, 38.84, 38.85, 38.83, 38.83, 38.86, 38.86, 41.13, 38.85, 38.85, 38.85, 38.87, 38.86, 38.84, 38.85, 38.88, 38.86, 38.87, 38.86, 38.85, 38.89, 38.86, 38.85, 38.87, 38.87, 38.87, 38.87], "Apparent_Power_Reactive": [28.71, 28.69, 28.94, 28.64, 28.7, 28.92, 28.71, 28.85, 28.88, 28.66, 28.85, 28.67, 28.71, 28.89, 28.64, 28.74, 28.84, 31.6, 28.82, 28.77, 28.6, 28.85, 28.67, 28.72, 28.83, 31.63, 28.81, 28.89, 28.71, 28.94, 28.82, 28.65, 28.96, 28.79, 28.8, 28.84, 28.73, 28.81, 28.89, 28.73, 29.0, 28.77, 28.74, 29.02, 28.65], "Power_Factor": [0.673, 0.674, 0.666, 0.675, 0.673, 0.668, 0.673, 0.669, 0.668, 0.674, 0.669, 0.674, 0.674, 0.668, 0.675, 0.672, 0.669, 0.639, 0.67, 0.671, 0.676, 0.669, 0.674, 0.673, 0.67, 0.638, 0.67, 0.668, 0.673, 0.667, 0.67, 0.675, 0.666, 0.671, 0.671, 0.67, 0.673, 0.67, 0.669, 0.673, 0.665, 0.672, 0.673, 0.665, 0.675], "Energy": [0.01, 0.02, 0.04, 0.05, 0.07, 0.08, 0.1, 0.11, 0.13, 0.14, 0.16, 0.17, 0.19, 0.2, 0.22, 0.23, 0.24, 0.26, 0.27, 0.29, 0.3, 0.32, 0.33, 0.35, 0.36, 0.38, 0.39, 0.41, 0.42, 0.44, 0.45, 0.47, 0.48, 0.49, 0.51, 0.52, 0.54, 0.55, 0.57, 0.58, 0.6, 0.61, 0.63, 0.64, 0.66], "Frequency": [49.37, 49.38, 49.38, 49.38, 49.38, 49.38, 49.38, 49.37, 49.37, 49.37, 49.38, 49.38, 49.38, 49.35, 49.35, 49.35, 49.37, 49.37, 49.37, 49.37, 49.37, 49.37, 49.36, 49.36, 49.36, 49.38, 49.38, 49.38, 49.39, 49.39, 49.39, 49.39, 49.39, 49.39, 49.39, 49.39, 49.39, 49.39, 49.39, 49.39, 49.39, 49.39, 49.39, 49.39, 49.39], "Temp_env": []}