{"Start_Time": [1755445090.9001868], "Time": [1755445092.9023774, 1755445094.9050176, 1755445096.9073775, 1755445098.9150202, 1755445100.9173827, 1755445102.919377, 1755445104.9270256, 1755445106.929385, 1755445108.9322636, 1755445110.9400635, 1755445112.9425104, 1755445114.9451988, 1755445116.9526796, 1755445118.9551752, 1755445120.9575088, 1755445122.9602365, 1755445124.962726, 1755445126.9653049, 1755445128.9727194, 1755445130.9752839, 1755445132.9775717, 1755445134.9852571, 1755445136.9876, 1755445138.9903152, 1755445140.997556, 1755445143.0003576, 1755445145.002716, 1755445147.0053916, 1755445149.0075638, 1755445151.0096133, 1755445153.017441, 1755445155.0197647, 1755445157.0226111, 1755445159.0304368, 1755445161.0328627, 1755445163.0353951, 1755445165.0428405, 1755445167.045556, 1755445169.0477068, 1755445171.0498438, 1755445173.0527368, 1755445175.0548782, 1755445177.062689, 1755445179.0647345, 1755445181.0667968], "Voltage": [230.97, 231.02, 230.97, 230.81, 230.92, 231.02, 231.02, 231.02, 231.07, 231.02, 231.13, 231.13, 231.07, 231.13, 231.13, 231.23, 231.18, 230.92, 231.28, 231.18, 231.18, 231.13, 231.07, 231.23, 231.02, 231.13, 231.18, 231.07, 231.13, 231.28, 231.23, 231.34, 231.23, 231.18, 231.13, 231.23, 231.34, 231.28, 231.34, 231.23, 231.39, 231.28, 231.23, 231.23, 231.18], "Current": [0.17, 0.17, 0.17, 0.17, 0.17, 0.17, 0.17, 0.17, 0.17, 0.17, 0.17, 0.17, 0.17, 0.17, 0.17, 0.17, 0.17, 0.17, 0.17, 0.17, 0.17, 0.17, 0.17, 0.17, 0.17, 0.17, 0.17, 0.17, 0.17, 0.17, 0.17, 0.17, 0.17, 0.17, 0.17, 0.17, 0.17, 0.17, 0.17, 0.17, 0.17, 0.17, 0.17, 0.17, 0.17], "Real_Power": [25.9, 26.08, 25.83, 25.84, 26.05, 25.89, 26.07, 26.08, 25.91, 26.01, 26.0, 25.91, 26.06, 26.0, 26.1, 26.2, 26.03, 25.91, 26.01, 25.83, 26.08, 25.94, 25.9, 26.07, 25.92, 25.92, 26.11, 25.87, 25.98, 26.09, 25.75, 26.14, 26.05, 25.85, 26.17, 26.03, 25.93, 26.11, 25.81, 25.92, 26.09, 25.86, 26.17, 26.1, 25.88], "Apparent_Power": [39.26, 39.27, 39.26, 39.23, 39.25, 39.27, 39.27, 39.27, 39.28, 39.27, 39.29, 39.29, 39.28, 39.29, 39.29, 39.3, 39.3, 39.25, 39.31, 39.3, 39.3, 39.29, 39.28, 39.3, 39.27, 39.29, 39.3, 39.28, 39.29, 39.31, 39.3, 39.32, 39.3, 39.3, 39.29, 39.3, 39.32, 39.31, 39.32, 39.3, 39.33, 39.31, 39.3, 39.3, 39.3], "Apparent_Power_Reactive": [29.5, 29.35, 29.56, 29.51, 29.35, 29.52, 29.36, 29.35, 29.52, 29.42, 29.45, 29.53, 29.39, 29.45, 29.36, 29.29, 29.44, 29.48, 29.47, 29.61, 29.39, 29.5, 29.53, 29.4, 29.5, 29.52, 29.37, 29.55, 29.47, 29.4, 29.68, 29.37, 29.42, 29.6, 29.3, 29.44, 29.55, 29.38, 29.66, 29.54, 29.43, 29.6, 29.31, 29.38, 29.57], "Power_Factor": [0.659, 0.664, 0.657, 0.658, 0.663, 0.659, 0.663, 0.664, 0.659, 0.662, 0.661, 0.659, 0.663, 0.661, 0.664, 0.666, 0.662, 0.66, 0.661, 0.657, 0.663, 0.66, 0.659, 0.663, 0.66, 0.659, 0.664, 0.658, 0.661, 0.663, 0.655, 0.664, 0.662, 0.657, 0.666, 0.662, 0.659, 0.664, 0.656, 0.659, 0.663, 0.657, 0.665, 0.664, 0.658], "Energy": [0.01, 0.02, 0.04, 0.05, 0.07, 0.08, 0.1, 0.11, 0.13, 0.14, 0.16, 0.17, 0.19, 0.2, 0.21, 0.23, 0.24, 0.26, 0.27, 0.29, 0.3, 0.32, 0.33, 0.35, 0.36, 0.38, 0.39, 0.4, 0.42, 0.43, 0.45, 0.46, 0.48, 0.49, 0.51, 0.52, 0.54, 0.55, 0.57, 0.58, 0.6, 0.61, 0.62, 0.64, 0.65], "Frequency": [49.37, 49.35, 49.35, 49.35, 49.35, 49.35, 49.35, 49.34, 49.34, 49.34, 49.39, 49.39, 49.39, 49.39, 49.39, 49.39, 49.36, 49.36, 49.36, 49.35, 49.35, 49.35, 49.35, 49.35, 49.35, 49.35, 49.35, 49.35, 49.35, 49.35, 49.35, 49.35, 49.35, 49.35, 49.35, 49.35, 49.35, 49.34, 49.34, 49.34, 49.35, 49.35, 49.35, 49.35, 49.35], "Temp_env": []}