{"Start_Time": [1755493415.3677833], "Time": [1755493417.3702476, 1755493419.372503, 1755493421.374474, 1755493423.3764408, 1755493425.37935, 1755493427.3814201, 1755493429.383465, 1755493431.3854432, 1755493433.3874848, 1755493435.389634, 1755493437.391576, 1755493439.3935351, 1755493441.3955123, 1755493443.397555, 1755493445.39969, 1755493447.4023817, 1755493449.4044797, 1755493451.4066198, 1755493453.4085839, 1755493455.4107168, 1755493457.4134085, 1755493459.41573, 1755493461.4184282, 1755493463.4205918, 1755493465.4226718, 1755493467.4248266, 1755493469.4274988, 1755493471.4299328, 1755493473.4324436, 1755493475.4347591, 1755493477.4368598, 1755493479.4397428, 1755493481.4418123, 1755493483.4437778, 1755493485.4458246, 1755493487.4478047, 1755493489.4501295, 1755493491.4526439, 1755493493.4549868, 1755493495.4576514, 1755493497.4601233, 1755493499.4627576, 1755493501.4649963, 1755493503.4677448, 1755493505.4702804], "Voltage": [228.19, 228.3, 228.24, 228.19, 228.24, 228.14, 227.67, 228.14, 228.09, 228.09, 227.98, 228.04, 228.04, 228.04, 228.14, 228.24, 228.04, 227.93, 228.14, 228.24, 228.04, 228.09, 228.3, 228.56, 228.51, 228.35, 228.4, 228.35, 228.45, 228.45, 228.4, 228.35, 228.51, 228.4, 228.45, 228.14, 228.3, 228.35, 228.3, 228.4, 228.35, 228.4, 228.35, 228.3, 228.35], "Current": [0.17, 0.17, 0.17, 0.17, 0.17, 0.17, 0.17, 0.17, 0.17, 0.17, 0.17, 0.17, 0.17, 0.17, 0.17, 0.17, 0.17, 0.17, 0.17, 0.17, 0.17, 0.17, 0.17, 0.17, 0.17, 0.17, 0.17, 0.17, 0.17, 0.17, 0.17, 0.17, 0.17, 0.17, 0.17, 0.17, 0.17, 0.17, 0.17, 0.17, 0.17, 0.17, 0.17, 0.17, 0.17], "Real_Power": [26.16, 26.2, 26.12, 26.26, 26.2, 26.13, 26.19, 26.08, 26.13, 26.1, 26.16, 26.16, 26.16, 26.14, 26.14, 26.2, 26.06, 26.13, 26.18, 26.1, 26.2, 26.14, 26.11, 26.2, 26.15, 26.09, 26.13, 26.13, 26.26, 26.13, 26.15, 26.16, 26.12, 26.11, 26.06, 26.1, 26.12, 26.14, 26.13, 26.15, 26.14, 26.07, 26.13, 26.11, 25.98], "Apparent_Power": [38.79, 38.81, 38.8, 38.79, 38.8, 38.78, 38.7, 38.78, 38.77, 38.77, 38.75, 38.76, 38.76, 38.76, 38.78, 38.8, 38.76, 38.74, 38.78, 38.8, 38.76, 38.77, 38.81, 38.85, 38.84, 38.81, 38.82, 38.81, 38.83, 38.83, 38.82, 38.81, 38.84, 38.82, 38.83, 38.78, 38.81, 38.81, 38.81, 38.82, 38.81, 38.82, 38.81, 38.81, 38.81], "Apparent_Power_Reactive": [28.64, 28.63, 28.69, 28.54, 28.61, 28.65, 28.49, 28.7, 28.64, 28.66, 28.58, 28.6, 28.6, 28.61, 28.64, 28.61, 28.69, 28.6, 28.6, 28.7, 28.56, 28.63, 28.71, 28.68, 28.71, 28.73, 28.7, 28.69, 28.6, 28.72, 28.69, 28.66, 28.74, 28.72, 28.78, 28.68, 28.7, 28.68, 28.69, 28.69, 28.68, 28.76, 28.69, 28.71, 28.83], "Power_Factor": [0.674, 0.675, 0.673, 0.676, 0.675, 0.673, 0.676, 0.672, 0.673, 0.673, 0.675, 0.674, 0.674, 0.674, 0.674, 0.675, 0.672, 0.674, 0.675, 0.672, 0.675, 0.674, 0.672, 0.674, 0.673, 0.672, 0.673, 0.673, 0.676, 0.672, 0.673, 0.674, 0.672, 0.672, 0.671, 0.673, 0.673, 0.673, 0.673, 0.673, 0.673, 0.671, 0.673, 0.672, 0.669], "Energy": [0.01, 0.02, 0.04, 0.05, 0.07, 0.08, 0.1, 0.11, 0.13, 0.14, 0.16, 0.17, 0.19, 0.2, 0.22, 0.23, 0.25, 0.26, 0.27, 0.29, 0.3, 0.32, 0.33, 0.35, 0.36, 0.38, 0.39, 0.41, 0.42, 0.44, 0.45, 0.47, 0.48, 0.5, 0.51, 0.52, 0.54, 0.55, 0.57, 0.58, 0.6, 0.61, 0.63, 0.64, 0.66], "Frequency": [49.37, 49.37, 49.36, 49.36, 49.36, 49.38, 49.38, 49.38, 49.38, 49.38, 49.38, 49.39, 49.39, 49.39, 49.38, 49.38, 49.38, 49.39, 49.39, 49.39, 49.39, 49.39, 49.39, 49.39, 49.39, 49.39, 49.39, 49.39, 49.39, 49.39, 49.39, 49.39, 49.38, 49.38, 49.38, 49.39, 49.39, 49.39, 49.39, 49.39, 49.39, 49.4, 49.4, 49.4, 49.39], "Temp_env": []}