{"Start_Time": [1755797927.4896765], "Time": [1755797929.491942, 1755797931.4945924, 1755797933.4969635, 1755797935.498933, 1755797937.5016222, 1755797939.5039606, 1755797941.505985, 1755797943.508682, 1755797945.5108547, 1755797947.5131948, 1755797949.5157278, 1755797951.5179052, 1755797953.520129, 1755797955.5230236, 1755797957.5252068, 1755797959.5278904, 1755797961.5301335, 1755797963.5322938, 1755797965.5349534, 1755797967.5373464, 1755797969.5399673, 1755797971.542412, 1755797973.54502, 1755797975.547397, 1755797977.5501118, 1755797979.552497, 1755797981.5551763, 1755797983.5575428, 1755797985.5602076, 1755797987.562621, 1755797989.5652757, 1755797991.567652, 1755797993.570365, 1755797995.572688, 1755797997.5753095, 1755797999.5776536, 1755798001.5797813, 1755798003.582496, 1755798005.5848265, 1755798007.5875077, 1755798009.5898895, 1755798011.592587, 1755798013.5947998, 1755798015.5975144, 1755798017.599847], "Voltage": [230.71, 230.86, 230.86, 230.81, 230.76, 230.71, 230.71, 230.81, 230.81, 230.81, 230.86, 230.86, 230.86, 230.86, 230.76, 230.76, 230.71, 230.81, 230.86, 230.66, 230.97, 230.81, 231.13, 230.86, 230.92, 230.97, 231.02, 231.02, 230.97, 231.02, 230.97, 230.86, 230.81, 230.97, 231.02, 231.07, 230.97, 231.02, 231.02, 230.92, 230.81, 230.92, 230.97, 230.92, 230.76], "Current": [0.17, 0.17, 0.17, 0.17, 0.17, 0.17, 0.17, 0.17, 0.17, 0.17, 0.17, 0.17, 0.17, 0.17, 0.17, 0.17, 0.17, 0.17, 0.17, 0.17, 0.17, 0.17, 0.17, 0.17, 0.17, 0.17, 0.17, 0.17, 0.17, 0.17, 0.17, 0.17, 0.17, 0.17, 0.17, 0.17, 0.17, 0.17, 0.17, 0.17, 0.17, 0.17, 0.17, 0.18, 0.17], "Real_Power": [26.19, 26.28, 26.13, 26.23, 26.53, 26.19, 26.27, 26.36, 26.15, 26.4, 26.3, 26.09, 26.38, 26.17, 26.27, 26.4, 26.14, 26.36, 26.31, 26.26, 26.35, 26.25, 26.31, 26.13, 26.36, 26.14, 26.18, 26.34, 26.2, 26.27, 26.36, 26.05, 26.35, 26.25, 26.17, 26.38, 26.16, 26.26, 26.37, 26.2, 26.4, 26.27, 26.11, 26.42, 26.21], "Apparent_Power": [39.22, 39.24, 39.24, 39.23, 39.22, 39.22, 39.22, 39.23, 39.23, 39.23, 39.24, 39.24, 39.24, 39.24, 39.22, 39.22, 39.22, 39.23, 39.24, 39.21, 39.26, 39.23, 39.29, 39.24, 39.25, 39.26, 39.27, 39.27, 39.26, 39.27, 39.26, 39.24, 39.23, 39.26, 39.27, 39.28, 39.26, 39.27, 39.27, 39.25, 39.23, 39.25, 39.26, 41.56, 39.22], "Apparent_Power_Reactive": [29.19, 29.13, 29.27, 29.17, 28.88, 29.19, 29.12, 29.05, 29.24, 29.01, 29.12, 29.31, 29.04, 29.23, 29.12, 29.0, 29.23, 29.05, 29.11, 29.11, 29.1, 29.15, 29.18, 29.27, 29.08, 29.29, 29.27, 29.12, 29.23, 29.18, 29.09, 29.34, 29.06, 29.19, 29.27, 29.1, 29.27, 29.19, 29.09, 29.22, 29.01, 29.16, 29.31, 32.08, 29.17], "Power_Factor": [0.667, 0.669, 0.665, 0.668, 0.676, 0.667, 0.669, 0.671, 0.666, 0.672, 0.67, 0.664, 0.672, 0.666, 0.669, 0.673, 0.666, 0.671, 0.67, 0.669, 0.671, 0.669, 0.669, 0.665, 0.671, 0.665, 0.666, 0.67, 0.667, 0.668, 0.671, 0.663, 0.671, 0.668, 0.666, 0.671, 0.666, 0.668, 0.671, 0.667, 0.672, 0.669, 0.665, 0.635, 0.668], "Energy": [0.01, 0.02, 0.04, 0.05, 0.07, 0.08, 0.1, 0.11, 0.13, 0.14, 0.16, 0.17, 0.19, 0.2, 0.22, 0.23, 0.25, 0.26, 0.28, 0.29, 0.31, 0.32, 0.34, 0.35, 0.37, 0.38, 0.4, 0.41, 0.42, 0.44, 0.45, 0.47, 0.48, 0.5, 0.51, 0.53, 0.54, 0.56, 0.57, 0.59, 0.6, 0.62, 0.63, 0.65, 0.66], "Frequency": [49.39, 49.39, 49.39, 49.39, 49.39, 49.39, 49.39, 49.39, 49.39, 49.39, 49.39, 49.39, 49.39, 49.39, 49.39, 49.39, 49.39, 49.39, 49.39, 49.39, 49.39, 49.39, 49.39, 49.39, 49.39, 49.39, 49.39, 49.39, 49.4, 49.4, 49.4, 49.4, 49.4, 49.4, 49.4, 49.4, 49.4, 49.39, 49.39, 49.39, 49.38, 49.38, 49.38, 49.38, 49.38], "Temp_env": []}