{"Start_Time": [1755530452.096167], "Time": [1755530454.0982482, 1755530456.1009884, 1755530458.1032398, 1755530460.105912, 1755530462.1082642, 1755530464.1109736, 1755530466.1132724, 1755530468.1159933, 1755530470.1183605, 1755530472.1259825, 1755530474.1283128, 1755530476.1304505, 1755530478.1380653, 1755530480.1404455, 1755530482.143112, 1755530484.1453757, 1755530486.1480954, 1755530488.150449, 1755530490.1583319, 1755530492.1604416, 1755530494.1625574, 1755530496.170183, 1755530498.1725113, 1755530500.1746678, 1755530502.17724, 1755530504.179586, 1755530506.1822994, 1755530508.1847994, 1755530510.1872983, 1755530512.1896403, 1755530514.1974874, 1755530516.1996288, 1755530518.2017152, 1755530520.2093763, 1755530522.2116885, 1755530524.2138374, 1755530526.2164783, 1755530528.218884, 1755530530.2215478, 1755530532.2238884, 1755530534.2265463, 1755530536.228896, 1755530538.236721, 1755530540.2388484, 1755530542.2409754], "Voltage": [227.98, 227.77, 227.83, 227.93, 227.67, 227.77, 227.67, 227.77, 227.72, 227.88, 227.88, 227.77, 227.72, 227.83, 227.72, 227.77, 227.77, 227.83, 227.77, 227.77, 227.83, 227.88, 227.88, 227.88, 227.83, 227.93, 227.93, 227.83, 227.83, 227.93, 227.77, 227.88, 227.72, 227.83, 227.88, 227.88, 227.88, 227.77, 227.77, 227.56, 227.67, 227.72, 227.62, 227.72, 227.72], "Current": [0.17, 0.17, 0.17, 0.17, 0.17, 0.17, 0.17, 0.17, 0.17, 0.17, 0.17, 0.17, 0.17, 0.17, 0.17, 0.17, 0.17, 0.17, 0.17, 0.17, 0.17, 0.17, 0.17, 0.17, 0.17, 0.17, 0.17, 0.17, 0.17, 0.17, 0.17, 0.17, 0.17, 0.17, 0.17, 0.17, 0.17, 0.17, 0.17, 0.17, 0.17, 0.17, 0.17, 0.17, 0.17], "Real_Power": [26.12, 26.01, 26.17, 26.07, 26.03, 26.32, 26.18, 26.11, 26.29, 26.1, 26.26, 26.01, 26.12, 26.16, 26.05, 26.21, 26.2, 26.04, 26.33, 26.07, 26.15, 26.2, 26.11, 26.21, 26.22, 26.19, 26.24, 26.09, 26.1, 26.29, 26.02, 26.2, 26.22, 26.03, 26.32, 26.16, 26.01, 26.36, 26.05, 26.22, 26.11, 25.94, 26.24, 26.32, 26.15], "Apparent_Power": [38.75, 38.72, 38.73, 38.74, 38.7, 38.72, 38.7, 38.72, 38.71, 38.73, 38.73, 38.72, 38.71, 38.73, 38.71, 38.72, 38.72, 38.73, 38.72, 38.72, 38.73, 38.73, 38.73, 38.73, 38.73, 38.74, 38.74, 38.73, 38.73, 38.74, 38.72, 38.73, 38.71, 38.73, 38.73, 38.73, 38.73, 38.72, 38.72, 38.68, 38.7, 38.71, 38.69, 38.71, 38.71], "Apparent_Power_Reactive": [28.62, 28.68, 28.55, 28.65, 28.63, 28.39, 28.5, 28.59, 28.41, 28.61, 28.46, 28.68, 28.56, 28.55, 28.63, 28.5, 28.5, 28.66, 28.38, 28.62, 28.56, 28.52, 28.6, 28.51, 28.5, 28.54, 28.5, 28.62, 28.61, 28.45, 28.67, 28.52, 28.47, 28.67, 28.41, 28.55, 28.69, 28.36, 28.64, 28.43, 28.56, 28.73, 28.43, 28.38, 28.54], "Power_Factor": [0.674, 0.671, 0.675, 0.672, 0.672, 0.679, 0.676, 0.674, 0.679, 0.673, 0.678, 0.671, 0.674, 0.675, 0.672, 0.676, 0.676, 0.672, 0.68, 0.673, 0.675, 0.676, 0.674, 0.676, 0.676, 0.676, 0.677, 0.673, 0.673, 0.678, 0.672, 0.676, 0.677, 0.672, 0.679, 0.675, 0.671, 0.68, 0.672, 0.677, 0.674, 0.67, 0.678, 0.679, 0.675], "Energy": [0.01, 0.02, 0.04, 0.05, 0.07, 0.08, 0.1, 0.11, 0.13, 0.14, 0.16, 0.17, 0.19, 0.2, 0.22, 0.23, 0.24, 0.26, 0.27, 0.29, 0.3, 0.32, 0.33, 0.35, 0.36, 0.38, 0.39, 0.41, 0.42, 0.44, 0.45, 0.47, 0.48, 0.49, 0.51, 0.52, 0.54, 0.55, 0.57, 0.58, 0.6, 0.61, 0.63, 0.64, 0.66], "Frequency": [49.45, 49.45, 49.45, 49.46, 49.46, 49.46, 49.43, 49.43, 49.43, 49.43, 49.43, 49.43, 49.43, 49.43, 49.43, 49.42, 49.42, 49.42, 49.43, 49.43, 49.43, 49.43, 49.43, 49.43, 49.41, 49.41, 49.41, 49.4, 49.4, 49.4, 49.41, 49.41, 49.41, 49.41, 49.41, 49.41, 49.4, 49.4, 49.4, 49.4, 49.4, 49.4, 49.4, 49.4, 49.4], "Temp_env": []}