{"Start_Time": [1755485363.0123596], "Time": [1755485365.0143268, 1755485367.0170043, 1755485369.019317, 1755485371.027051, 1755485373.0293846, 1755485375.0314693, 1755485377.0391977, 1755485379.0413976, 1755485381.0433676, 1755485383.0454605, 1755485385.0474036, 1755485387.0495057, 1755485389.0572824, 1755485391.0594773, 1755485393.0615985, 1755485395.069331, 1755485397.0715709, 1755485399.0743692, 1755485401.076641, 1755485403.079413, 1755485405.0815847, 1755485407.083658, 1755485409.0856302, 1755485411.0877097, 1755485413.0906157, 1755485415.0926936, 1755485417.0947638, 1755485419.0974894, 1755485421.0998576, 1755485423.1075103, 1755485425.1098523, 1755485427.1119785, 1755485429.114744, 1755485431.1169982, 1755485433.1197455, 1755485435.127658, 1755485437.1300266, 1755485439.132717, 1755485441.1350622, 1755485443.1377587, 1755485445.140088, 1755485447.142774, 1755485449.1451142, 1755485451.1478267, 1755485453.1501834], "Voltage": [229.35, 229.29, 229.24, 229.4, 229.4, 229.4, 229.35, 229.35, 229.4, 229.4, 229.45, 229.4, 229.45, 229.4, 229.35, 229.5, 229.5, 229.45, 229.29, 229.45, 229.4, 229.5, 229.35, 229.45, 229.4, 229.4, 229.29, 229.4, 229.35, 229.35, 229.4, 229.4, 229.24, 229.19, 229.4, 229.35, 229.4, 229.4, 229.35, 229.4, 229.45, 229.5, 229.55, 229.55, 229.45], "Current": [0.17, 0.17, 0.17, 0.17, 0.17, 0.17, 0.17, 0.17, 0.17, 0.17, 0.17, 0.17, 0.17, 0.17, 0.17, 0.17, 0.17, 0.17, 0.17, 0.17, 0.17, 0.17, 0.17, 0.17, 0.17, 0.17, 0.17, 0.17, 0.17, 0.17, 0.17, 0.17, 0.17, 0.17, 0.17, 0.17, 0.17, 0.17, 0.17, 0.17, 0.17, 0.17, 0.17, 0.17, 0.17], "Real_Power": [25.95, 26.04, 25.93, 26.17, 26.18, 26.05, 25.97, 26.18, 25.89, 26.14, 26.1, 25.94, 26.14, 25.97, 26.07, 26.12, 25.86, 26.23, 26.14, 25.94, 26.09, 26.0, 26.06, 26.17, 25.97, 26.12, 26.02, 25.9, 26.19, 26.01, 25.92, 26.19, 26.06, 26.07, 26.16, 25.99, 26.17, 25.98, 25.94, 26.18, 25.86, 26.14, 26.14, 25.82, 26.09], "Apparent_Power": [38.98, 38.97, 38.97, 38.99, 38.99, 38.99, 38.98, 38.98, 38.99, 38.99, 39.0, 38.99, 39.0, 38.99, 38.98, 39.01, 39.01, 39.0, 38.97, 39.0, 38.99, 39.01, 38.98, 39.0, 38.99, 38.99, 38.97, 38.99, 38.98, 38.98, 38.99, 38.99, 38.97, 38.96, 38.99, 38.98, 38.99, 38.99, 38.98, 38.99, 39.0, 39.01, 39.02, 39.02, 39.0], "Apparent_Power_Reactive": [29.08, 28.99, 29.09, 28.9, 28.89, 29.01, 29.06, 28.87, 29.15, 28.92, 28.97, 29.1, 28.94, 29.08, 28.97, 28.97, 29.2, 28.86, 28.9, 29.12, 28.97, 29.08, 28.98, 28.91, 29.08, 28.94, 29.01, 29.14, 28.87, 29.03, 29.12, 28.88, 28.97, 28.95, 28.91, 29.05, 28.9, 29.07, 29.09, 28.89, 29.19, 28.95, 28.96, 29.25, 28.98], "Power_Factor": [0.665, 0.668, 0.665, 0.671, 0.671, 0.668, 0.666, 0.671, 0.664, 0.67, 0.669, 0.665, 0.67, 0.666, 0.668, 0.669, 0.662, 0.672, 0.67, 0.665, 0.669, 0.666, 0.668, 0.671, 0.666, 0.669, 0.667, 0.664, 0.671, 0.667, 0.664, 0.671, 0.668, 0.669, 0.67, 0.666, 0.671, 0.666, 0.665, 0.671, 0.663, 0.67, 0.669, 0.661, 0.668], "Energy": [0.01, 0.02, 0.04, 0.05, 0.07, 0.08, 0.1, 0.11, 0.13, 0.14, 0.16, 0.17, 0.19, 0.2, 0.21, 0.23, 0.24, 0.26, 0.27, 0.29, 0.3, 0.32, 0.33, 0.35, 0.36, 0.38, 0.39, 0.41, 0.42, 0.43, 0.45, 0.46, 0.48, 0.49, 0.51, 0.52, 0.54, 0.55, 0.57, 0.58, 0.6, 0.61, 0.63, 0.64, 0.65], "Frequency": [49.39, 49.39, 49.38, 49.38, 49.38, 49.38, 49.38, 49.38, 49.38, 49.38, 49.38, 49.39, 49.39, 49.39, 49.39, 49.39, 49.39, 49.38, 49.38, 49.38, 49.39, 49.39, 49.39, 49.4, 49.4, 49.4, 49.39, 49.39, 49.39, 49.39, 49.39, 49.39, 49.39, 49.39, 49.39, 49.39, 49.39, 49.39, 49.4, 49.4, 49.4, 49.39, 49.39, 49.39, 49.4], "Temp_env": []}