{"Start_Time": [1755316608.5301201], "Time": [1755316610.53232, 1755316612.5348606, 1755316614.5371833, 1755316616.5392866, 1755316618.5412934, 1755316620.5439723, 1755316622.546435, 1755316624.548931, 1755316626.5513284, 1755316628.5540316, 1755316630.5565188, 1755316632.559043, 1755316634.5613675, 1755316636.5633552, 1755316638.5655036, 1755316640.5681872, 1755316642.570497, 1755316644.573281, 1755316646.575403, 1755316648.5775557, 1755316650.5802429, 1755316652.5825286, 1755316654.58452, 1755316656.58671, 1755316658.5894222, 1755316660.5915468, 1755316662.593543, 1755316664.5956624, 1755316666.5983667, 1755316668.6007316, 1755316670.6034653, 1755316672.6057887, 1755316674.6085026, 1755316676.6108227, 1755316678.6135364, 1755316680.6158483, 1755316682.618596, 1755316684.6209393, 1755316686.6236444, 1755316688.6259823, 1755316690.6286335, 1755316692.6309838, 1755316694.633681, 1755316696.6360328, 1755316698.6386483], "Voltage": [229.92, 229.82, 229.76, 229.82, 229.87, 229.71, 229.66, 229.82, 229.66, 228.66, 228.82, 228.82, 228.87, 228.77, 228.66, 228.77, 228.72, 228.77, 228.72, 228.72, 228.77, 228.77, 228.72, 228.77, 228.87, 228.72, 228.82, 228.87, 228.82, 228.72, 228.66, 228.72, 228.72, 228.72, 228.66, 228.72, 228.56, 228.66, 228.61, 228.66, 228.61, 228.51, 228.56, 228.45, 228.4], "Current": [0.17, 0.17, 0.17, 0.17, 0.17, 0.17, 0.17, 0.17, 0.17, 0.17, 0.17, 0.17, 0.17, 0.17, 0.17, 0.17, 0.17, 0.17, 0.17, 0.17, 0.17, 0.17, 0.17, 0.17, 0.17, 0.17, 0.17, 0.17, 0.17, 0.17, 0.17, 0.17, 0.17, 0.17, 0.17, 0.17, 0.17, 0.17, 0.17, 0.17, 0.17, 0.17, 0.17, 0.17, 0.17], "Real_Power": [26.2, 26.21, 26.1, 26.2, 26.31, 26.34, 26.17, 26.29, 26.21, 26.24, 26.27, 26.11, 26.25, 26.22, 26.14, 26.28, 26.21, 26.16, 26.21, 26.16, 26.16, 26.25, 26.22, 26.21, 26.24, 26.27, 26.23, 26.2, 26.29, 26.24, 26.24, 26.2, 26.16, 26.19, 26.28, 26.24, 26.21, 26.14, 26.05, 26.19, 26.27, 26.16, 26.17, 26.08, 26.17], "Apparent_Power": [39.08, 39.06, 39.05, 39.06, 39.07, 39.05, 39.04, 39.06, 39.04, 38.87, 38.89, 38.89, 38.9, 38.89, 38.87, 38.89, 38.88, 38.89, 38.88, 38.88, 38.89, 38.89, 38.88, 38.89, 38.9, 38.88, 38.89, 38.9, 38.89, 38.88, 38.87, 38.88, 38.88, 38.88, 38.87, 38.88, 38.85, 38.87, 38.86, 38.87, 38.86, 38.84, 38.85, 38.83, 38.82], "Apparent_Power_Reactive": [28.99, 28.96, 29.04, 28.96, 28.88, 28.82, 28.96, 28.88, 28.93, 28.67, 28.67, 28.82, 28.7, 28.72, 28.76, 28.66, 28.71, 28.77, 28.71, 28.76, 28.77, 28.69, 28.7, 28.73, 28.71, 28.66, 28.71, 28.75, 28.65, 28.69, 28.67, 28.72, 28.76, 28.73, 28.63, 28.69, 28.67, 28.76, 28.83, 28.72, 28.63, 28.7, 28.71, 28.76, 28.67], "Power_Factor": [0.67, 0.671, 0.668, 0.67, 0.673, 0.674, 0.67, 0.673, 0.671, 0.675, 0.675, 0.671, 0.674, 0.674, 0.672, 0.675, 0.674, 0.672, 0.674, 0.672, 0.672, 0.674, 0.674, 0.673, 0.674, 0.675, 0.674, 0.673, 0.676, 0.674, 0.675, 0.673, 0.672, 0.673, 0.676, 0.674, 0.674, 0.672, 0.67, 0.673, 0.676, 0.673, 0.673, 0.671, 0.674], "Energy": [0.01, 0.02, 0.04, 0.05, 0.07, 0.08, 0.1, 0.11, 0.13, 0.14, 0.16, 0.17, 0.19, 0.2, 0.22, 0.23, 0.25, 0.26, 0.28, 0.29, 0.3, 0.32, 0.33, 0.35, 0.36, 0.38, 0.39, 0.41, 0.42, 0.44, 0.45, 0.47, 0.48, 0.5, 0.51, 0.53, 0.54, 0.55, 0.57, 0.58, 0.6, 0.61, 0.63, 0.64, 0.66], "Frequency": [49.42, 49.43, 49.43, 49.43, 49.43, 49.43, 49.43, 49.43, 49.43, 49.43, 49.42, 49.42, 49.42, 49.41, 49.41, 49.41, 49.41, 49.41, 49.41, 49.41, 49.41, 49.41, 49.4, 49.4, 49.4, 49.42, 49.42, 49.42, 49.43, 49.43, 49.43, 49.43, 49.43, 49.43, 49.43, 49.43, 49.43, 49.41, 49.41, 49.41, 49.41, 49.41, 49.41, 49.4, 49.4], "Temp_env": []}