{"Start_Time": [1755444026.120808], "Time": [1755444028.1234365, 1755444030.125829, 1755444032.128492, 1755444034.1359057, 1755444036.1384141, 1755444038.1408339, 1755444040.1434758, 1755444042.1459124, 1755444044.1484022, 1755444046.1507704, 1755444048.1534543, 1755444050.155916, 1755444052.1635349, 1755444054.1659749, 1755444056.1684577, 1755444058.1707804, 1755444060.1728706, 1755444062.1757157, 1755444064.1777377, 1755444066.1798341, 1755444068.182055, 1755444070.1896331, 1755444072.1919787, 1755444074.194649, 1755444076.2019732, 1755444078.2046723, 1755444080.2068884, 1755444082.2090127, 1755444084.2110043, 1755444086.2136672, 1755444088.216183, 1755444090.218653, 1755444092.220964, 1755444094.2288036, 1755444096.2309363, 1755444098.23303, 1755444100.23593, 1755444102.2380078, 1755444104.2401462, 1755444106.2428386, 1755444108.2451637, 1755444110.2478206, 1755444112.2501621, 1755444114.2528465, 1755444116.2601302], "Voltage": [231.13, 231.02, 231.13, 231.07, 230.92, 230.92, 230.97, 231.02, 231.07, 231.02, 231.07, 231.02, 231.02, 231.02, 230.92, 230.97, 230.92, 230.92, 230.81, 230.76, 230.81, 229.71, 229.92, 229.87, 229.76, 229.82, 229.82, 229.71, 229.76, 229.76, 229.76, 229.66, 229.66, 229.61, 229.55, 229.76, 229.71, 229.71, 229.71, 229.76, 229.87, 229.87, 229.92, 229.97, 229.76], "Current": [0.17, 0.17, 0.17, 0.17, 0.17, 0.17, 0.17, 0.17, 0.17, 0.17, 0.17, 0.17, 0.17, 0.17, 0.17, 0.17, 0.17, 0.17, 0.17, 0.17, 0.17, 0.17, 0.17, 0.17, 0.17, 0.17, 0.17, 0.17, 0.17, 0.17, 0.17, 0.17, 0.17, 0.17, 0.17, 0.17, 0.17, 0.17, 0.17, 0.17, 0.17, 0.17, 0.17, 0.17, 0.17], "Real_Power": [26.09, 25.84, 26.05, 26.23, 25.83, 26.13, 26.02, 25.94, 26.15, 25.78, 25.97, 26.07, 25.91, 26.07, 26.01, 25.9, 26.09, 26.07, 26.0, 25.99, 25.87, 25.9, 26.01, 25.91, 25.94, 25.97, 26.05, 25.92, 26.05, 25.99, 25.89, 26.14, 25.99, 25.94, 26.13, 25.93, 25.89, 26.02, 25.92, 26.17, 25.89, 25.81, 26.1, 25.81, 26.01], "Apparent_Power": [39.29, 39.27, 39.29, 39.28, 39.25, 39.25, 39.26, 39.27, 39.28, 39.27, 39.28, 39.27, 39.27, 39.27, 39.25, 39.26, 39.25, 39.25, 39.23, 39.22, 39.23, 39.05, 39.08, 39.07, 39.05, 39.06, 39.06, 39.05, 39.05, 39.05, 39.05, 39.04, 39.04, 39.03, 39.02, 39.05, 39.05, 39.05, 39.05, 39.05, 39.07, 39.07, 39.08, 39.09, 39.05], "Apparent_Power_Reactive": [29.37, 29.57, 29.41, 29.23, 29.55, 29.28, 29.39, 29.48, 29.31, 29.62, 29.46, 29.36, 29.5, 29.36, 29.39, 29.5, 29.32, 29.34, 29.37, 29.37, 29.49, 29.22, 29.16, 29.24, 29.18, 29.17, 29.1, 29.2, 29.09, 29.14, 29.23, 28.99, 29.13, 29.16, 28.97, 29.19, 29.23, 29.11, 29.2, 28.98, 29.26, 29.33, 29.08, 29.35, 29.12], "Power_Factor": [0.664, 0.658, 0.663, 0.667, 0.658, 0.665, 0.662, 0.66, 0.665, 0.656, 0.661, 0.663, 0.659, 0.663, 0.662, 0.659, 0.664, 0.664, 0.662, 0.662, 0.659, 0.663, 0.665, 0.663, 0.664, 0.664, 0.666, 0.663, 0.667, 0.665, 0.662, 0.669, 0.665, 0.664, 0.669, 0.664, 0.662, 0.666, 0.663, 0.67, 0.662, 0.66, 0.667, 0.66, 0.666], "Energy": [0.01, 0.02, 0.04, 0.05, 0.07, 0.08, 0.1, 0.11, 0.13, 0.14, 0.16, 0.17, 0.19, 0.2, 0.21, 0.23, 0.24, 0.26, 0.27, 0.29, 0.3, 0.32, 0.33, 0.35, 0.36, 0.38, 0.39, 0.41, 0.42, 0.44, 0.45, 0.46, 0.48, 0.49, 0.51, 0.52, 0.54, 0.55, 0.57, 0.58, 0.6, 0.61, 0.63, 0.64, 0.65], "Frequency": [49.39, 49.39, 49.37, 49.37, 49.37, 49.37, 49.37, 49.37, 49.37, 49.37, 49.37, 49.36, 49.36, 49.36, 49.38, 49.38, 49.38, 49.38, 49.38, 49.38, 49.36, 49.36, 49.36, 49.35, 49.35, 49.35, 49.39, 49.39, 49.39, 49.39, 49.39, 49.39, 49.39, 49.39, 49.39, 49.35, 49.35, 49.35, 49.35, 49.35, 49.35, 49.37, 49.37, 49.37, 49.35], "Temp_env": []}