{"Start_Time": [1755671026.4483967], "Time": [1755671028.4507167, 1755671030.4528303, 1755671032.4549387, 1755671034.456915, 1755671036.4592707, 1755671038.4617612, 1755671040.4639325, 1755671042.4659994, 1755671044.4681463, 1755671046.4708192, 1755671048.4731693, 1755671050.475123, 1755671052.477847, 1755671054.4800692, 1755671056.4821606, 1755671058.484145, 1755671060.486238, 1755671062.488353, 1755671064.4910107, 1755671066.4933686, 1755671068.4953184, 1755671070.4980452, 1755671072.5002403, 1755671074.50234, 1755671076.5044682, 1755671078.5071692, 1755671080.5095952, 1755671082.5122123, 1755671084.5144718, 1755671086.516435, 1755671088.5185187, 1755671090.5206096, 1755671092.5225906, 1755671094.5253367, 1755671096.5276618, 1755671098.5297625, 1755671100.5324535, 1755671102.5346465, 1755671104.5374537, 1755671106.539833, 1755671108.5425272, 1755671110.5447228, 1755671112.5468466, 1755671114.5497515, 1755671116.5518985], "Voltage": [227.46, 227.41, 227.41, 227.51, 227.46, 227.3, 227.25, 227.3, 227.41, 227.41, 227.35, 227.25, 227.41, 227.35, 227.41, 227.41, 227.46, 227.41, 227.35, 227.35, 227.3, 227.3, 227.46, 227.51, 227.41, 227.46, 227.25, 227.2, 227.2, 227.35, 227.35, 227.25, 227.41, 227.25, 227.25, 227.25, 227.14, 227.35, 227.3, 227.35, 227.3, 227.3, 227.56, 227.41, 227.51], "Current": [0.17, 0.17, 0.17, 0.17, 0.17, 0.17, 0.17, 0.17, 0.17, 0.17, 0.17, 0.17, 0.17, 0.17, 0.17, 0.17, 0.17, 0.17, 0.17, 0.17, 0.17, 0.17, 0.17, 0.17, 0.17, 0.17, 0.17, 0.17, 0.17, 0.17, 0.17, 0.17, 0.17, 0.17, 0.17, 0.17, 0.17, 0.17, 0.17, 0.17, 0.17, 0.17, 0.17, 0.17, 0.17], "Real_Power": [26.15, 26.02, 26.03, 26.06, 26.1, 26.15, 26.09, 26.23, 25.99, 26.14, 26.1, 26.18, 26.09, 26.16, 26.07, 26.1, 26.03, 26.11, 26.16, 26.09, 26.01, 26.07, 26.03, 26.05, 26.07, 26.17, 26.13, 26.2, 26.02, 26.09, 26.17, 26.16, 26.17, 26.11, 26.03, 25.98, 26.09, 26.08, 26.0, 26.21, 26.09, 26.05, 26.02, 26.0, 26.2], "Apparent_Power": [38.66, 38.65, 38.65, 38.67, 38.66, 38.64, 38.63, 38.64, 38.65, 38.65, 38.64, 38.63, 38.65, 38.64, 38.65, 38.65, 38.66, 38.65, 38.64, 38.64, 38.64, 38.64, 38.66, 38.67, 38.65, 38.66, 38.63, 38.62, 38.62, 38.64, 38.64, 38.63, 38.65, 38.63, 38.63, 38.63, 38.61, 38.64, 38.64, 38.64, 38.64, 38.64, 38.68, 38.65, 38.67], "Apparent_Power_Reactive": [28.47, 28.57, 28.57, 28.57, 28.51, 28.44, 28.48, 28.37, 28.6, 28.46, 28.49, 28.4, 28.51, 28.43, 28.53, 28.5, 28.58, 28.49, 28.43, 28.5, 28.57, 28.52, 28.58, 28.57, 28.53, 28.45, 28.45, 28.37, 28.53, 28.5, 28.42, 28.42, 28.44, 28.47, 28.54, 28.58, 28.46, 28.51, 28.58, 28.39, 28.5, 28.53, 28.61, 28.59, 28.44], "Power_Factor": [0.676, 0.673, 0.673, 0.673, 0.675, 0.676, 0.675, 0.678, 0.672, 0.676, 0.675, 0.677, 0.675, 0.677, 0.674, 0.675, 0.673, 0.675, 0.677, 0.675, 0.673, 0.674, 0.673, 0.673, 0.674, 0.676, 0.676, 0.678, 0.673, 0.675, 0.677, 0.677, 0.677, 0.675, 0.673, 0.672, 0.675, 0.674, 0.672, 0.678, 0.675, 0.674, 0.672, 0.672, 0.677], "Energy": [0.01, 0.02, 0.04, 0.05, 0.07, 0.08, 0.1, 0.11, 0.13, 0.14, 0.16, 0.17, 0.19, 0.2, 0.22, 0.23, 0.24, 0.26, 0.27, 0.29, 0.3, 0.32, 0.33, 0.35, 0.36, 0.38, 0.39, 0.41, 0.42, 0.43, 0.45, 0.46, 0.48, 0.49, 0.51, 0.52, 0.54, 0.55, 0.57, 0.58, 0.6, 0.61, 0.63, 0.64, 0.65], "Frequency": [49.39, 49.39, 49.39, 49.39, 49.41, 49.41, 49.41, 49.42, 49.42, 49.42, 49.42, 49.42, 49.42, 49.43, 49.43, 49.43, 49.43, 49.43, 49.43, 49.44, 49.44, 49.44, 49.47, 49.47, 49.47, 49.46, 49.46, 49.46, 49.46, 49.46, 49.46, 49.45, 49.45, 49.45, 49.45, 49.45, 49.45, 49.46, 49.46, 49.46, 49.42, 49.42, 49.42, 49.43, 49.43], "Temp_env": []}