{"Start_Time": [1755486631.7933095], "Time": [1755486633.7955024, 1755486635.798233, 1755486637.8005598, 1755486639.8026392, 1755486641.8053467, 1755486643.8077023, 1755486645.810419, 1755486647.812718, 1755486649.815409, 1755486651.8177633, 1755486653.8204284, 1755486655.822696, 1755486657.8254278, 1755486659.8277626, 1755486661.8304563, 1755486663.832734, 1755486665.835483, 1755486667.837781, 1755486669.8405623, 1755486671.842788, 1755486673.8448837, 1755486675.847064, 1755486677.8497007, 1755486679.8521454, 1755486681.8546696, 1755486683.856988, 1755486685.8596854, 1755486687.8621705, 1755486689.864702, 1755486691.8670428, 1755486693.8697436, 1755486695.87218, 1755486697.8748856, 1755486699.8772383, 1755486701.8799129, 1755486703.8822439, 1755486705.884964, 1755486707.8878772, 1755486709.8902333, 1755486711.8929207, 1755486713.9009724, 1755486715.9032106, 1755486717.9059289, 1755486719.9132094, 1755486721.9160798], "Voltage": [227.67, 227.77, 227.51, 227.72, 227.62, 227.77, 227.72, 227.72, 227.67, 227.77, 227.83, 227.88, 227.67, 227.83, 227.77, 227.83, 227.77, 227.72, 227.67, 227.83, 227.72, 227.72, 227.77, 227.72, 227.67, 227.67, 227.67, 227.51, 227.62, 227.62, 227.56, 227.62, 227.67, 227.62, 227.62, 227.67, 227.62, 227.56, 227.56, 227.72, 227.62, 227.56, 227.46, 227.56, 227.56], "Current": [0.17, 0.17, 0.18, 0.17, 0.17, 0.18, 0.17, 0.17, 0.17, 0.17, 0.17, 0.17, 0.17, 0.18, 0.17, 0.17, 0.18, 0.17, 0.18, 0.17, 0.17, 0.17, 0.17, 0.18, 0.18, 0.17, 0.17, 0.17, 0.17, 0.18, 0.17, 0.17, 0.17, 0.17, 0.18, 0.17, 0.17, 0.18, 0.18, 0.17, 0.18, 0.17, 0.17, 0.18, 0.17], "Real_Power": [26.15, 26.04, 26.12, 26.06, 25.91, 26.28, 26.08, 26.0, 26.22, 25.99, 26.13, 26.18, 25.95, 26.29, 26.06, 26.0, 26.15, 25.9, 26.31, 26.15, 26.02, 26.11, 26.11, 26.15, 26.29, 25.91, 26.08, 26.03, 26.04, 26.21, 26.03, 25.91, 26.16, 26.04, 26.07, 26.08, 26.05, 26.13, 26.18, 26.04, 26.19, 26.15, 25.96, 26.15, 26.07], "Apparent_Power": [38.7, 38.72, 40.95, 38.71, 38.69, 40.99, 38.71, 38.71, 38.7, 38.72, 38.73, 38.73, 38.7, 41.0, 38.72, 38.73, 40.99, 38.71, 40.98, 38.73, 38.71, 38.71, 38.72, 40.98, 40.98, 38.7, 38.7, 38.67, 38.69, 40.97, 38.68, 38.69, 38.7, 38.69, 40.97, 38.7, 38.69, 40.96, 40.96, 38.71, 40.97, 38.68, 38.66, 40.96, 38.68], "Apparent_Power_Reactive": [28.52, 28.65, 31.53, 28.62, 28.73, 31.45, 28.6, 28.67, 28.46, 28.7, 28.58, 28.54, 28.71, 31.46, 28.63, 28.7, 31.56, 28.76, 31.41, 28.56, 28.66, 28.57, 28.59, 31.55, 31.43, 28.74, 28.59, 28.59, 28.61, 31.48, 28.61, 28.73, 28.51, 28.61, 31.6, 28.59, 28.6, 31.54, 31.5, 28.64, 31.5, 28.5, 28.64, 31.52, 28.57], "Power_Factor": [0.675, 0.672, 0.637, 0.673, 0.669, 0.641, 0.673, 0.671, 0.677, 0.671, 0.674, 0.675, 0.67, 0.641, 0.673, 0.671, 0.637, 0.669, 0.642, 0.675, 0.672, 0.674, 0.674, 0.638, 0.641, 0.669, 0.673, 0.673, 0.673, 0.639, 0.672, 0.669, 0.675, 0.673, 0.636, 0.673, 0.673, 0.637, 0.639, 0.672, 0.639, 0.676, 0.671, 0.638, 0.673], "Energy": [0.01, 0.02, 0.04, 0.05, 0.07, 0.08, 0.1, 0.11, 0.13, 0.14, 0.16, 0.17, 0.19, 0.2, 0.21, 0.23, 0.24, 0.26, 0.27, 0.29, 0.3, 0.32, 0.33, 0.35, 0.36, 0.38, 0.39, 0.41, 0.42, 0.43, 0.45, 0.46, 0.48, 0.49, 0.51, 0.52, 0.54, 0.55, 0.57, 0.58, 0.6, 0.61, 0.63, 0.64, 0.65], "Frequency": [49.39, 49.41, 49.41, 49.41, 49.41, 49.41, 49.41, 49.42, 49.42, 49.42, 49.42, 49.42, 49.42, 49.42, 49.42, 49.42, 49.42, 49.42, 49.42, 49.41, 49.41, 49.41, 49.42, 49.42, 49.42, 49.43, 49.43, 49.43, 49.43, 49.43, 49.43, 49.42, 49.42, 49.42, 49.43, 49.43, 49.43, 49.43, 49.43, 49.43, 49.43, 49.43, 49.43, 49.42, 49.42], "Temp_env": []}