{"Start_Time": [1755589189.1097863], "Time": [1755589191.1120255, 1755589193.1146867, 1755589195.11701, 1755589197.1197286, 1755589199.1219687, 1755589201.129848, 1755589203.1321383, 1755589205.1348279, 1755589207.142097, 1755589209.1448448, 1755589211.1471806, 1755589213.1498795, 1755589215.1521044, 1755589217.1542907, 1755589219.157025, 1755589221.1591952, 1755589223.1615005, 1755589225.169183, 1755589227.1714885, 1755589229.1740406, 1755589231.1763556, 1755589233.1790805, 1755589235.1814551, 1755589237.1841626, 1755589239.1863015, 1755589241.188396, 1755589243.1913464, 1755589245.1933565, 1755589247.195532, 1755589249.2032456, 1755589251.2055469, 1755589253.2082815, 1755589255.2105715, 1755589257.213342, 1755589259.2155921, 1755589261.218371, 1755589263.220663, 1755589265.223416, 1755589267.230661, 1755589269.2334468, 1755589271.2357063, 1755589273.238371, 1755589275.2407186, 1755589277.2428129, 1755589279.2455547], "Voltage": [228.4, 228.3, 228.09, 228.45, 228.51, 228.09, 228.24, 228.3, 228.35, 228.3, 228.35, 228.45, 228.4, 228.3, 228.51, 228.61, 228.66, 228.4, 228.35, 228.24, 228.24, 228.19, 228.4, 228.24, 228.04, 228.09, 228.14, 228.04, 227.93, 227.77, 228.04, 227.77, 227.93, 227.98, 227.88, 227.88, 227.77, 227.88, 227.56, 227.46, 227.46, 227.62, 227.77, 227.72, 227.56], "Current": [0.17, 0.17, 0.17, 0.17, 0.17, 0.17, 0.17, 0.17, 0.17, 0.17, 0.17, 0.17, 0.17, 0.17, 0.17, 0.17, 0.17, 0.17, 0.17, 0.17, 0.17, 0.17, 0.17, 0.17, 0.17, 0.17, 0.17, 0.17, 0.17, 0.17, 0.17, 0.17, 0.17, 0.17, 0.17, 0.17, 0.17, 0.17, 0.17, 0.17, 0.17, 0.17, 0.17, 0.17, 0.17], "Real_Power": [26.08, 25.95, 26.05, 25.98, 26.0, 26.04, 26.14, 26.09, 25.99, 26.06, 26.08, 26.18, 25.98, 26.04, 26.2, 25.93, 26.1, 26.03, 26.02, 26.14, 25.97, 25.93, 26.11, 26.0, 26.14, 26.08, 25.84, 26.12, 25.98, 26.0, 26.13, 26.01, 26.1, 25.93, 26.03, 26.11, 25.83, 26.12, 26.07, 25.92, 26.13, 25.99, 25.93, 26.15, 25.94], "Apparent_Power": [38.82, 38.81, 38.77, 38.83, 38.84, 38.77, 38.8, 38.81, 38.81, 38.81, 38.81, 38.83, 38.82, 38.81, 38.84, 38.86, 38.87, 38.82, 38.81, 38.8, 38.8, 38.79, 38.82, 38.8, 38.76, 38.77, 38.78, 38.76, 38.74, 38.72, 38.76, 38.72, 38.74, 38.75, 38.73, 38.73, 38.72, 38.73, 38.68, 38.66, 38.66, 38.69, 38.72, 38.71, 38.68], "Apparent_Power_Reactive": [28.75, 28.85, 28.71, 28.85, 28.85, 28.72, 28.67, 28.73, 28.82, 28.75, 28.74, 28.67, 28.84, 28.77, 28.67, 28.94, 28.8, 28.79, 28.79, 28.67, 28.82, 28.84, 28.72, 28.8, 28.61, 28.68, 28.91, 28.63, 28.73, 28.69, 28.62, 28.68, 28.62, 28.79, 28.67, 28.6, 28.84, 28.59, 28.57, 28.68, 28.49, 28.66, 28.75, 28.54, 28.69], "Power_Factor": [0.671, 0.668, 0.671, 0.669, 0.669, 0.671, 0.673, 0.672, 0.669, 0.671, 0.671, 0.674, 0.669, 0.67, 0.674, 0.667, 0.671, 0.67, 0.67, 0.673, 0.669, 0.668, 0.672, 0.67, 0.674, 0.672, 0.666, 0.673, 0.67, 0.671, 0.674, 0.671, 0.673, 0.669, 0.672, 0.674, 0.667, 0.674, 0.673, 0.67, 0.675, 0.671, 0.669, 0.675, 0.67], "Energy": [0.01, 0.02, 0.04, 0.05, 0.07, 0.08, 0.1, 0.11, 0.13, 0.14, 0.16, 0.17, 0.19, 0.2, 0.22, 0.23, 0.25, 0.26, 0.27, 0.29, 0.3, 0.32, 0.33, 0.35, 0.36, 0.38, 0.39, 0.41, 0.42, 0.44, 0.45, 0.47, 0.48, 0.49, 0.51, 0.52, 0.54, 0.55, 0.57, 0.58, 0.6, 0.61, 0.63, 0.64, 0.66], "Frequency": [49.42, 49.42, 49.42, 49.42, 49.42, 49.42, 49.42, 49.4, 49.4, 49.4, 49.4, 49.4, 49.4, 49.4, 49.4, 49.4, 49.43, 49.43, 49.43, 49.43, 49.43, 49.43, 49.43, 49.43, 49.43, 49.42, 49.42, 49.42, 49.42, 49.42, 49.42, 49.43, 49.43, 49.43, 49.42, 49.42, 49.42, 49.42, 49.42, 49.42, 49.43, 49.43, 49.43, 49.43, 49.43], "Temp_env": []}