{"Start_Time": [1755591008.5849385], "Time": [1755591010.587005, 1755591012.589643, 1755591014.5919216, 1755591016.5945964, 1755591018.59696, 1755591020.599036, 1755591022.6017678, 1755591024.6039104, 1755591026.6062171, 1755591028.608729, 1755591030.6110413, 1755591032.6137905, 1755591034.6162329, 1755591036.6187267, 1755591038.621041, 1755591040.6231751, 1755591042.6259892, 1755591044.6280413, 1755591046.6302085, 1755591048.6328595, 1755591050.6352127, 1755591052.6372476, 1755591054.639981, 1755591056.6423266, 1755591058.6450188, 1755591060.6473494, 1755591062.6500032, 1755591064.652353, 1755591066.6550746, 1755591068.6573215, 1755591070.6594656, 1755591072.6621823, 1755591074.6643455, 1755591076.6665976, 1755591078.6691027, 1755591080.671524, 1755591082.674158, 1755591084.6765594, 1755591086.6793106, 1755591088.6814528, 1755591090.683617, 1755591092.6864364, 1755591094.6884756, 1755591096.690671, 1755591098.6933444], "Voltage": [226.62, 226.78, 226.73, 226.73, 226.52, 226.46, 226.57, 226.52, 226.83, 226.73, 226.62, 226.25, 226.52, 226.73, 226.25, 226.62, 226.83, 226.78, 226.57, 226.78, 226.73, 226.73, 226.83, 226.73, 226.73, 226.67, 226.93, 226.93, 227.14, 226.93, 226.62, 226.83, 226.99, 226.83, 226.93, 226.88, 226.88, 226.67, 226.78, 226.93, 226.88, 226.83, 226.83, 226.73, 226.83], "Current": [0.17, 0.17, 0.17, 0.17, 0.17, 0.17, 0.17, 0.17, 0.17, 0.17, 0.17, 0.17, 0.17, 0.17, 0.17, 0.17, 0.17, 0.17, 0.17, 0.17, 0.17, 0.17, 0.17, 0.17, 0.17, 0.17, 0.17, 0.17, 0.17, 0.17, 0.17, 0.17, 0.17, 0.17, 0.17, 0.17, 0.17, 0.17, 0.17, 0.17, 0.17, 0.17, 0.17, 0.17, 0.17], "Real_Power": [26.08, 26.24, 25.94, 26.17, 26.06, 26.09, 26.19, 26.06, 26.12, 26.21, 25.92, 25.98, 26.02, 26.18, 25.89, 26.05, 26.3, 25.91, 26.29, 25.94, 25.93, 26.06, 25.93, 26.15, 26.08, 26.02, 26.15, 26.02, 26.09, 26.13, 25.85, 26.11, 26.07, 25.98, 26.1, 26.03, 26.08, 26.1, 25.89, 26.05, 26.14, 25.98, 26.03, 25.95, 26.03], "Apparent_Power": [38.52, 38.55, 38.54, 38.54, 38.5, 38.49, 38.51, 38.5, 38.56, 38.54, 38.52, 38.46, 38.5, 38.54, 38.46, 38.52, 38.56, 38.55, 38.51, 38.55, 38.54, 38.54, 38.56, 38.54, 38.54, 38.53, 38.57, 38.57, 38.61, 38.57, 38.52, 38.56, 38.58, 38.56, 38.57, 38.56, 38.56, 38.53, 38.55, 38.57, 38.56, 38.56, 38.56, 38.54, 38.56], "Apparent_Power_Reactive": [28.34, 28.24, 28.5, 28.29, 28.33, 28.29, 28.23, 28.33, 28.36, 28.25, 28.49, 28.35, 28.37, 28.28, 28.44, 28.37, 28.19, 28.54, 28.13, 28.51, 28.51, 28.39, 28.53, 28.31, 28.37, 28.41, 28.35, 28.47, 28.46, 28.37, 28.55, 28.37, 28.43, 28.49, 28.39, 28.44, 28.4, 28.34, 28.56, 28.44, 28.34, 28.49, 28.44, 28.49, 28.44], "Power_Factor": [0.677, 0.68, 0.673, 0.679, 0.676, 0.677, 0.68, 0.676, 0.677, 0.68, 0.672, 0.675, 0.675, 0.679, 0.673, 0.676, 0.682, 0.672, 0.682, 0.672, 0.672, 0.676, 0.672, 0.678, 0.676, 0.675, 0.677, 0.674, 0.675, 0.677, 0.671, 0.677, 0.675, 0.673, 0.676, 0.675, 0.676, 0.677, 0.671, 0.675, 0.677, 0.673, 0.675, 0.673, 0.675], "Energy": [0.01, 0.02, 0.04, 0.05, 0.07, 0.08, 0.1, 0.11, 0.13, 0.14, 0.16, 0.17, 0.19, 0.2, 0.22, 0.23, 0.25, 0.26, 0.27, 0.29, 0.3, 0.32, 0.33, 0.35, 0.36, 0.38, 0.39, 0.41, 0.42, 0.44, 0.45, 0.46, 0.48, 0.49, 0.51, 0.52, 0.54, 0.55, 0.57, 0.58, 0.6, 0.61, 0.63, 0.64, 0.65], "Frequency": [49.43, 49.43, 49.43, 49.43, 49.43, 49.43, 49.43, 49.43, 49.43, 49.43, 49.43, 49.43, 49.43, 49.43, 49.43, 49.43, 49.44, 49.44, 49.44, 49.45, 49.45, 49.45, 49.45, 49.45, 49.45, 49.45, 49.45, 49.45, 49.44, 49.44, 49.44, 49.44, 49.44, 49.44, 49.44, 49.44, 49.44, 49.44, 49.44, 49.44, 49.44, 49.44, 49.44, 49.45, 49.45], "Temp_env": []}