{"Start_Time": [1755463447.4428627], "Time": [1755463449.4450526, 1755463451.44787, 1755463453.4500105, 1755463455.4521756, 1755463457.4549274, 1755463459.4570582, 1755463461.4590826, 1755463463.461438, 1755463465.463958, 1755463467.4662504, 1755463469.4689517, 1755463471.4714274, 1755463473.4739318, 1755463475.4762967, 1755463477.4789693, 1755463479.481427, 1755463481.4839642, 1755463483.4862964, 1755463485.489017, 1755463487.491457, 1755463489.494042, 1755463491.4963899, 1755463493.4984875, 1755463495.5014098, 1755463497.5035224, 1755463499.5062366, 1755463501.5084212, 1755463503.5105617, 1755463505.5132835, 1755463507.51544, 1755463509.5174828, 1755463511.5202436, 1755463513.5224516, 1755463515.524534, 1755463517.5272388, 1755463519.5296237, 1755463521.5317073, 1755463523.5344381, 1755463525.5365672, 1755463527.5386355, 1755463529.540766, 1755463531.5434625, 1755463533.5456855, 1755463535.5484583, 1755463537.5508237], "Voltage": [229.08, 228.93, 229.03, 229.03, 229.03, 228.87, 229.03, 229.08, 229.08, 229.08, 229.03, 229.03, 228.93, 228.93, 228.98, 228.98, 228.98, 229.03, 229.03, 228.98, 228.93, 228.93, 228.93, 228.93, 228.87, 228.82, 228.87, 228.87, 228.87, 228.87, 228.93, 228.87, 228.87, 228.93, 228.93, 228.98, 228.87, 228.82, 228.77, 228.98, 228.93, 228.98, 228.93, 228.98, 228.93], "Current": [0.17, 0.17, 0.17, 0.17, 0.17, 0.17, 0.17, 0.17, 0.17, 0.17, 0.17, 0.17, 0.17, 0.17, 0.17, 0.17, 0.17, 0.17, 0.17, 0.17, 0.17, 0.17, 0.17, 0.17, 0.17, 0.17, 0.17, 0.17, 0.17, 0.17, 0.17, 0.17, 0.17, 0.17, 0.17, 0.17, 0.17, 0.17, 0.17, 0.17, 0.17, 0.17, 0.17, 0.17, 0.17], "Real_Power": [26.15, 26.08, 26.22, 26.18, 26.04, 26.02, 26.03, 26.28, 26.16, 26.15, 26.11, 26.27, 26.22, 26.21, 26.25, 26.13, 26.08, 26.17, 26.1, 26.26, 26.18, 26.15, 26.32, 26.2, 26.18, 26.13, 26.12, 26.19, 26.22, 26.14, 26.23, 26.11, 26.13, 26.2, 26.12, 26.23, 26.14, 26.15, 26.4, 26.1, 26.19, 26.14, 26.23, 26.24, 26.11], "Apparent_Power": [38.94, 38.91, 38.93, 38.93, 38.93, 38.9, 38.93, 38.94, 38.94, 38.94, 38.93, 38.93, 38.91, 38.91, 38.92, 38.92, 38.92, 38.93, 38.93, 38.92, 38.91, 38.91, 38.91, 38.91, 38.9, 38.89, 38.9, 38.9, 38.9, 38.9, 38.91, 38.9, 38.9, 38.91, 38.91, 38.92, 38.9, 38.89, 38.89, 38.92, 38.91, 38.92, 38.91, 38.92, 38.91], "Apparent_Power_Reactive": [28.85, 28.87, 28.77, 28.81, 28.93, 28.91, 28.94, 28.73, 28.84, 28.85, 28.87, 28.73, 28.74, 28.75, 28.73, 28.84, 28.88, 28.82, 28.88, 28.72, 28.78, 28.81, 28.65, 28.76, 28.77, 28.8, 28.82, 28.76, 28.73, 28.8, 28.73, 28.83, 28.81, 28.76, 28.83, 28.75, 28.8, 28.78, 28.55, 28.87, 28.77, 28.83, 28.73, 28.74, 28.84], "Power_Factor": [0.671, 0.67, 0.673, 0.672, 0.668, 0.668, 0.668, 0.674, 0.671, 0.671, 0.67, 0.674, 0.673, 0.673, 0.674, 0.671, 0.67, 0.672, 0.67, 0.674, 0.672, 0.672, 0.676, 0.673, 0.673, 0.671, 0.671, 0.673, 0.674, 0.671, 0.674, 0.671, 0.671, 0.673, 0.671, 0.673, 0.671, 0.672, 0.678, 0.67, 0.673, 0.671, 0.674, 0.674, 0.671], "Energy": [0.01, 0.02, 0.04, 0.05, 0.07, 0.08, 0.1, 0.11, 0.13, 0.14, 0.16, 0.17, 0.19, 0.2, 0.22, 0.23, 0.25, 0.26, 0.28, 0.29, 0.31, 0.32, 0.33, 0.35, 0.36, 0.38, 0.39, 0.41, 0.42, 0.44, 0.45, 0.47, 0.48, 0.5, 0.51, 0.53, 0.54, 0.56, 0.57, 0.59, 0.6, 0.61, 0.63, 0.64, 0.66], "Frequency": [49.43, 49.43, 49.43, 49.43, 49.43, 49.43, 49.43, 49.43, 49.43, 49.43, 49.41, 49.41, 49.41, 49.41, 49.41, 49.41, 49.41, 49.41, 49.41, 49.4, 49.4, 49.4, 49.39, 49.39, 49.39, 49.39, 49.39, 49.39, 49.41, 49.41, 49.41, 49.39, 49.39, 49.39, 49.42, 49.42, 49.42, 49.42, 49.42, 49.42, 49.42, 49.42, 49.42, 49.39, 49.39], "Temp_env": []}