{"Start_Time": [1755144772.971615], "Time": [1755144774.9743688, 1755144776.9771814, 1755144778.9795115, 1755144780.9871953, 1755144782.9895518, 1755144784.9923148, 1755144787.0003605, 1755144789.0026608, 1755144791.0054767, 1755144793.007569, 1755144795.009692, 1755144797.0123792, 1755144799.0198157, 1755144801.0225277, 1755144803.0248463, 1755144805.0324926, 1755144807.0348167, 1755144809.0369186, 1755144811.0445461, 1755144813.0468206, 1755144815.0489607, 1755144817.051662, 1755144819.0540185, 1755144821.0561037, 1755144823.0637772, 1755144825.0661187, 1755144827.0688062, 1755144829.0763655, 1755144831.0788105, 1755144833.0811262, 1755144835.0887828, 1755144837.091108, 1755144839.0931728, 1755144841.0952654, 1755144843.0978968, 1755144845.1002886, 1755144847.1079185, 1755144849.110288, 1755144851.1129744, 1755144853.1153579, 1755144855.117998, 1755144857.1203732, 1755144859.1230202, 1755144861.1253908, 1755144863.128058], "Voltage": [228.14, 228.09, 228.24, 228.14, 228.14, 228.19, 228.14, 227.98, 228.19, 228.09, 228.14, 228.09, 228.24, 228.04, 228.09, 228.19, 228.14, 227.98, 227.88, 227.98, 228.19, 228.14, 228.09, 228.09, 228.04, 228.09, 228.09, 228.09, 227.98, 228.09, 228.09, 228.09, 228.14, 228.14, 228.04, 228.14, 228.19, 228.24, 228.14, 228.14, 228.19, 228.19, 228.09, 228.04, 228.09], "Current": [0.17, 0.17, 0.17, 0.17, 0.17, 0.17, 0.17, 0.17, 0.17, 0.17, 0.17, 0.17, 0.17, 0.17, 0.17, 0.17, 0.17, 0.17, 0.17, 0.17, 0.17, 0.17, 0.17, 0.17, 0.17, 0.17, 0.17, 0.17, 0.17, 0.17, 0.17, 0.17, 0.17, 0.17, 0.17, 0.17, 0.17, 0.17, 0.17, 0.17, 0.17, 0.17, 0.17, 0.17, 0.17], "Real_Power": [25.82, 25.77, 25.76, 25.92, 25.86, 25.82, 25.78, 25.83, 25.86, 25.92, 25.82, 25.94, 25.95, 25.83, 25.83, 25.7, 25.84, 26.04, 25.9, 25.9, 25.75, 25.83, 25.8, 25.87, 25.92, 25.77, 25.91, 25.81, 25.88, 25.88, 25.9, 25.95, 25.8, 25.91, 25.89, 25.84, 25.9, 25.8, 25.76, 25.83, 25.82, 25.85, 25.83, 25.77, 25.85], "Apparent_Power": [38.78, 38.77, 38.8, 38.78, 38.78, 38.79, 38.78, 38.75, 38.79, 38.77, 38.78, 38.77, 38.8, 38.76, 38.77, 38.79, 38.78, 38.75, 38.73, 38.75, 38.79, 38.78, 38.77, 38.77, 38.76, 38.77, 38.77, 38.77, 38.75, 38.77, 38.77, 38.77, 38.78, 38.78, 38.76, 38.78, 38.79, 38.8, 38.78, 38.78, 38.79, 38.79, 38.77, 38.76, 38.77], "Apparent_Power_Reactive": [28.93, 28.96, 29.01, 28.84, 28.89, 28.94, 28.97, 28.88, 28.91, 28.83, 28.93, 28.81, 28.84, 28.89, 28.91, 29.05, 28.91, 28.69, 28.79, 28.82, 29.01, 28.92, 28.93, 28.87, 28.81, 28.96, 28.84, 28.93, 28.84, 28.86, 28.84, 28.8, 28.95, 28.85, 28.84, 28.91, 28.87, 28.97, 28.98, 28.92, 28.94, 28.92, 28.91, 28.95, 28.89], "Power_Factor": [0.665, 0.664, 0.663, 0.668, 0.666, 0.665, 0.664, 0.666, 0.666, 0.668, 0.665, 0.669, 0.668, 0.666, 0.666, 0.662, 0.666, 0.672, 0.668, 0.668, 0.663, 0.666, 0.665, 0.667, 0.668, 0.664, 0.668, 0.665, 0.667, 0.667, 0.668, 0.669, 0.665, 0.668, 0.667, 0.666, 0.667, 0.664, 0.664, 0.666, 0.665, 0.666, 0.666, 0.664, 0.666], "Energy": [0.01, 0.02, 0.04, 0.05, 0.07, 0.08, 0.1, 0.11, 0.13, 0.14, 0.15, 0.17, 0.18, 0.2, 0.21, 0.23, 0.24, 0.26, 0.27, 0.29, 0.3, 0.31, 0.33, 0.34, 0.36, 0.37, 0.39, 0.4, 0.42, 0.43, 0.45, 0.46, 0.48, 0.49, 0.51, 0.52, 0.53, 0.55, 0.56, 0.58, 0.59, 0.61, 0.62, 0.64, 0.65], "Frequency": [49.43, 49.43, 49.43, 49.42, 49.42, 49.42, 49.41, 49.41, 49.41, 49.41, 49.41, 49.41, 49.41, 49.41, 49.41, 49.42, 49.42, 49.42, 49.41, 49.41, 49.41, 49.43, 49.43, 49.43, 49.42, 49.42, 49.42, 49.44, 49.44, 49.44, 49.43, 49.43, 49.43, 49.43, 49.43, 49.43, 49.42, 49.42, 49.42, 49.42, 49.42, 49.42, 49.42, 49.42, 49.42], "Temp_env": []}