{"Start_Time": [1755614582.601111], "Time": [1755614584.603551, 1755614586.6059182, 1755614588.608601, 1755614590.6108851, 1755614592.6130922, 1755614594.6155784, 1755614596.61791, 1755614598.6200783, 1755614600.6229117, 1755614602.6249745, 1755614604.6271045, 1755614606.629839, 1755614608.6320138, 1755614610.634122, 1755614612.6368544, 1755614614.6390407, 1755614616.6411238, 1755614618.6432765, 1755614620.645751, 1755614622.6481466, 1755614624.6508973, 1755614626.653339, 1755614628.6560059, 1755614630.658213, 1755614632.6602983, 1755614634.6631198, 1755614636.6652517, 1755614638.667436, 1755614640.670073, 1755614642.6723406, 1755614644.67448, 1755614646.6771972, 1755614648.6794672, 1755614650.6821842, 1755614652.684381, 1755614654.686437, 1755614656.6885228, 1755614658.6912858, 1755614660.6937046, 1755614662.6962664, 1755614664.698606, 1755614666.7013626, 1755614668.7039154, 1755614670.706346, 1755614672.7087567], "Voltage": [227.51, 227.62, 227.62, 227.56, 227.67, 227.67, 227.67, 227.77, 227.67, 227.56, 227.67, 227.67, 227.51, 227.62, 227.46, 227.51, 227.51, 227.35, 227.3, 227.51, 227.41, 227.46, 227.62, 227.41, 227.51, 227.41, 227.41, 227.51, 227.41, 227.51, 227.46, 227.46, 227.46, 227.46, 227.35, 227.41, 227.51, 227.51, 227.41, 227.46, 227.51, 227.41, 227.51, 227.56, 227.51], "Current": [0.17, 0.17, 0.17, 0.17, 0.17, 0.17, 0.17, 0.17, 0.17, 0.17, 0.17, 0.17, 0.17, 0.17, 0.17, 0.17, 0.17, 0.17, 0.17, 0.17, 0.17, 0.17, 0.17, 0.17, 0.17, 0.17, 0.17, 0.17, 0.17, 0.17, 0.17, 0.17, 0.17, 0.17, 0.17, 0.17, 0.17, 0.17, 0.17, 0.17, 0.17, 0.17, 0.17, 0.17, 0.17], "Real_Power": [26.18, 26.18, 26.26, 26.26, 26.24, 26.18, 26.29, 26.41, 26.28, 26.2, 26.29, 26.43, 26.23, 26.2, 26.28, 26.27, 26.29, 26.19, 26.29, 26.19, 26.21, 26.33, 26.35, 26.3, 26.35, 26.24, 26.35, 26.18, 26.33, 26.31, 26.17, 26.28, 26.36, 26.29, 26.33, 26.17, 26.33, 26.33, 26.31, 26.22, 26.26, 26.31, 26.35, 26.26, 26.22], "Apparent_Power": [38.67, 38.69, 38.69, 38.68, 38.7, 38.7, 38.7, 38.72, 38.7, 38.68, 38.7, 38.7, 38.67, 38.69, 38.66, 38.67, 38.67, 38.64, 38.64, 38.67, 38.65, 38.66, 38.69, 38.65, 38.67, 38.65, 38.65, 38.67, 38.65, 38.67, 38.66, 38.66, 38.66, 38.66, 38.64, 38.65, 38.67, 38.67, 38.65, 38.66, 38.67, 38.65, 38.67, 38.68, 38.67], "Apparent_Power_Reactive": [28.46, 28.48, 28.41, 28.39, 28.44, 28.5, 28.39, 28.31, 28.4, 28.45, 28.39, 28.26, 28.41, 28.46, 28.35, 28.37, 28.35, 28.41, 28.31, 28.45, 28.4, 28.3, 28.33, 28.32, 28.3, 28.37, 28.27, 28.46, 28.29, 28.33, 28.45, 28.35, 28.27, 28.34, 28.28, 28.44, 28.32, 28.32, 28.31, 28.4, 28.38, 28.31, 28.3, 28.39, 28.42], "Power_Factor": [0.677, 0.676, 0.678, 0.678, 0.678, 0.676, 0.679, 0.682, 0.679, 0.677, 0.679, 0.682, 0.678, 0.677, 0.679, 0.679, 0.679, 0.677, 0.68, 0.677, 0.678, 0.681, 0.681, 0.68, 0.681, 0.678, 0.681, 0.677, 0.681, 0.68, 0.676, 0.679, 0.681, 0.68, 0.681, 0.677, 0.68, 0.68, 0.68, 0.678, 0.679, 0.68, 0.681, 0.678, 0.678], "Energy": [0.01, 0.02, 0.04, 0.05, 0.07, 0.08, 0.1, 0.11, 0.13, 0.14, 0.16, 0.17, 0.19, 0.2, 0.22, 0.23, 0.25, 0.26, 0.28, 0.29, 0.31, 0.32, 0.33, 0.35, 0.36, 0.38, 0.39, 0.41, 0.42, 0.44, 0.45, 0.47, 0.48, 0.5, 0.51, 0.53, 0.54, 0.56, 0.57, 0.59, 0.6, 0.62, 0.63, 0.65, 0.66], "Frequency": [49.38, 49.36, 49.36, 49.36, 49.37, 49.37, 49.37, 49.37, 49.37, 49.37, 49.38, 49.38, 49.38, 49.39, 49.39, 49.39, 49.38, 49.38, 49.38, 49.37, 49.37, 49.37, 49.38, 49.38, 49.38, 49.38, 49.38, 49.38, 49.38, 49.38, 49.38, 49.38, 49.38, 49.38, 49.39, 49.39, 49.39, 49.37, 49.37, 49.37, 49.37, 49.37, 49.37, 49.35, 49.35], "Temp_env": []}