{"Start_Time": [1755354587.9131234], "Time": [1755354589.9158068, 1755354591.9184623, 1755354593.920805, 1755354595.9231992, 1755354597.92594, 1755354599.9338953, 1755354601.9362583, 1755354603.9383645, 1755354605.945979, 1755354607.9483893, 1755354609.9510324, 1755354611.9584947, 1755354613.9609854, 1755354615.9633968, 1755354617.9660861, 1755354619.9684935, 1755354621.9711368, 1755354623.9733908, 1755354625.9761858, 1755354627.9785502, 1755354629.9812381, 1755354631.983578, 1755354633.9863012, 1755354635.9943337, 1755354637.996518, 1755354639.999194, 1755354642.007313, 1755354644.0094838, 1755354646.0115945, 1755354648.0194235, 1755354650.02155, 1755354652.023661, 1755354654.0264764, 1755354656.0288398, 1755354658.0313776, 1755354660.0388355, 1755354662.0415754, 1755354664.043708, 1755354666.0458467, 1755354668.0534546, 1755354670.0558407, 1755354672.058734, 1755354674.0615797, 1755354676.0639648, 1755354678.0666487], "Voltage": [228.98, 229.08, 229.14, 229.14, 229.03, 228.98, 228.98, 229.19, 229.14, 229.29, 229.24, 229.24, 229.08, 229.14, 229.08, 229.29, 229.24, 229.19, 229.35, 229.35, 229.29, 229.35, 229.4, 229.35, 229.29, 229.29, 229.24, 229.35, 229.35, 229.29, 229.4, 229.29, 229.35, 229.45, 229.45, 229.4, 229.4, 229.35, 229.45, 229.35, 229.24, 229.35, 229.4, 229.35, 229.29], "Current": [0.17, 0.17, 0.17, 0.17, 0.17, 0.17, 0.17, 0.17, 0.17, 0.17, 0.17, 0.17, 0.17, 0.17, 0.17, 0.17, 0.17, 0.17, 0.17, 0.17, 0.17, 0.17, 0.17, 0.17, 0.17, 0.17, 0.17, 0.17, 0.17, 0.17, 0.17, 0.17, 0.17, 0.17, 0.17, 0.17, 0.17, 0.17, 0.17, 0.17, 0.17, 0.17, 0.17, 0.17, 0.17], "Real_Power": [26.32, 26.31, 26.22, 26.35, 26.2, 26.24, 26.27, 26.08, 26.4, 26.24, 26.26, 26.29, 26.14, 26.34, 26.24, 26.18, 26.42, 26.21, 26.18, 26.29, 26.19, 26.21, 26.37, 26.15, 26.32, 26.27, 26.19, 26.29, 26.19, 26.28, 26.34, 26.08, 26.48, 26.23, 26.24, 26.35, 26.14, 26.26, 26.27, 26.15, 26.23, 26.29, 26.15, 26.22, 26.28], "Apparent_Power": [38.92, 38.94, 38.95, 38.95, 38.93, 38.92, 38.92, 38.96, 38.95, 38.97, 38.97, 38.97, 38.94, 38.95, 38.94, 38.97, 38.97, 38.96, 38.98, 38.98, 38.97, 38.98, 38.99, 38.98, 38.97, 38.97, 38.97, 38.98, 38.98, 38.97, 38.99, 38.97, 38.98, 39.0, 39.0, 38.99, 38.99, 38.98, 39.0, 38.98, 38.97, 38.98, 38.99, 38.98, 38.97], "Apparent_Power_Reactive": [28.67, 28.7, 28.8, 28.68, 28.79, 28.74, 28.71, 28.94, 28.63, 28.81, 28.79, 28.76, 28.86, 28.69, 28.77, 28.86, 28.64, 28.82, 28.87, 28.77, 28.85, 28.85, 28.72, 28.9, 28.73, 28.78, 28.85, 28.77, 28.87, 28.77, 28.74, 28.95, 28.6, 28.86, 28.85, 28.73, 28.92, 28.8, 28.82, 28.9, 28.82, 28.77, 28.92, 28.84, 28.77], "Power_Factor": [0.676, 0.675, 0.673, 0.676, 0.673, 0.674, 0.674, 0.669, 0.677, 0.673, 0.673, 0.674, 0.671, 0.676, 0.673, 0.671, 0.677, 0.672, 0.671, 0.674, 0.672, 0.672, 0.676, 0.67, 0.675, 0.674, 0.672, 0.674, 0.671, 0.674, 0.675, 0.669, 0.679, 0.672, 0.672, 0.675, 0.67, 0.673, 0.673, 0.67, 0.673, 0.674, 0.67, 0.672, 0.674], "Energy": [0.01, 0.02, 0.04, 0.05, 0.07, 0.08, 0.1, 0.11, 0.13, 0.14, 0.16, 0.17, 0.19, 0.2, 0.22, 0.23, 0.25, 0.26, 0.28, 0.29, 0.3, 0.32, 0.33, 0.35, 0.36, 0.38, 0.39, 0.41, 0.42, 0.44, 0.45, 0.47, 0.48, 0.5, 0.51, 0.53, 0.54, 0.56, 0.57, 0.58, 0.6, 0.61, 0.63, 0.64, 0.66], "Frequency": [49.41, 49.41, 49.41, 49.41, 49.41, 49.39, 49.39, 49.39, 49.39, 49.39, 49.39, 49.41, 49.41, 49.41, 49.4, 49.4, 49.4, 49.4, 49.4, 49.4, 49.4, 49.4, 49.4, 49.41, 49.41, 49.41, 49.4, 49.4, 49.4, 49.39, 49.39, 49.39, 49.39, 49.39, 49.39, 49.39, 49.39, 49.39, 49.4, 49.4, 49.4, 49.39, 49.39, 49.39, 49.4], "Temp_env": []}