{"Start_Time": [1755409471.8738105], "Time": [1755409473.876457, 1755409475.8788385, 1755409477.8815255, 1755409479.8836977, 1755409481.8857646, 1755409483.8934705, 1755409485.89564, 1755409487.8978167, 1755409489.9055436, 1755409491.9078693, 1755409493.9099896, 1755409495.9176354, 1755409497.9198587, 1755409499.9219031, 1755409501.9291093, 1755409503.931817, 1755409505.9339626, 1755409507.9417171, 1755409509.944067, 1755409511.946796, 1755409513.9492118, 1755409515.9519305, 1755409517.954286, 1755409519.956983, 1755409521.9593122, 1755409523.961999, 1755409525.9694781, 1755409527.9719408, 1755409529.974291, 1755409531.9820724, 1755409533.9844122, 1755409535.9871705, 1755409537.989451, 1755409539.992155, 1755409541.9944994, 1755409543.9971762, 1755409545.999631, 1755409548.0022566, 1755409550.009639, 1755409552.012259, 1755409554.014505, 1755409556.02236, 1755409558.0245073, 1755409560.0266764, 1755409562.0294738], "Voltage": [228.19, 228.24, 228.3, 227.88, 227.83, 227.98, 227.83, 227.83, 227.88, 227.77, 227.72, 227.83, 227.83, 227.93, 227.88, 227.88, 227.93, 227.93, 227.93, 227.98, 227.93, 227.98, 227.88, 227.77, 227.83, 227.77, 227.77, 227.93, 227.77, 227.83, 227.72, 227.88, 227.77, 227.88, 227.77, 227.77, 227.83, 227.93, 227.98, 227.83, 227.77, 227.83, 227.72, 227.88, 227.83], "Current": [0.17, 0.17, 0.17, 0.17, 0.17, 0.17, 0.17, 0.17, 0.17, 0.17, 0.17, 0.17, 0.17, 0.17, 0.17, 0.17, 0.17, 0.17, 0.17, 0.17, 0.17, 0.17, 0.17, 0.17, 0.17, 0.17, 0.17, 0.17, 0.17, 0.17, 0.17, 0.17, 0.17, 0.17, 0.17, 0.17, 0.17, 0.17, 0.17, 0.17, 0.17, 0.17, 0.17, 0.17, 0.17], "Real_Power": [26.03, 25.99, 26.16, 26.14, 26.04, 26.04, 26.05, 26.06, 26.01, 26.01, 26.14, 26.16, 26.09, 26.15, 26.01, 25.98, 26.03, 26.13, 26.03, 26.27, 26.08, 26.04, 26.23, 26.05, 26.06, 26.01, 26.1, 26.0, 26.13, 26.09, 26.02, 26.09, 26.0, 26.14, 26.0, 26.02, 26.06, 26.04, 26.08, 26.08, 26.13, 26.14, 26.02, 26.11, 26.09], "Apparent_Power": [38.79, 38.8, 38.81, 38.73, 38.73, 38.75, 38.73, 38.73, 38.73, 38.72, 38.71, 38.73, 38.73, 38.74, 38.73, 38.73, 38.74, 38.74, 38.74, 38.75, 38.74, 38.75, 38.73, 38.72, 38.73, 38.72, 38.72, 38.74, 38.72, 38.73, 38.71, 38.73, 38.72, 38.73, 38.72, 38.72, 38.73, 38.74, 38.75, 38.73, 38.72, 38.73, 38.71, 38.73, 38.73], "Apparent_Power_Reactive": [28.75, 28.8, 28.66, 28.57, 28.66, 28.69, 28.66, 28.65, 28.69, 28.68, 28.55, 28.55, 28.62, 28.58, 28.69, 28.72, 28.69, 28.6, 28.69, 28.48, 28.64, 28.69, 28.49, 28.64, 28.65, 28.68, 28.6, 28.71, 28.57, 28.62, 28.66, 28.62, 28.69, 28.57, 28.69, 28.67, 28.65, 28.68, 28.66, 28.63, 28.57, 28.57, 28.66, 28.6, 28.62], "Power_Factor": [0.671, 0.669, 0.674, 0.674, 0.672, 0.672, 0.672, 0.672, 0.671, 0.671, 0.675, 0.675, 0.673, 0.675, 0.671, 0.67, 0.671, 0.674, 0.671, 0.677, 0.673, 0.672, 0.677, 0.672, 0.672, 0.671, 0.674, 0.671, 0.674, 0.673, 0.672, 0.673, 0.671, 0.674, 0.671, 0.672, 0.672, 0.672, 0.673, 0.673, 0.674, 0.674, 0.672, 0.674, 0.673], "Energy": [0.01, 0.02, 0.04, 0.05, 0.07, 0.08, 0.1, 0.11, 0.13, 0.14, 0.16, 0.17, 0.19, 0.2, 0.21, 0.23, 0.24, 0.26, 0.27, 0.29, 0.3, 0.32, 0.33, 0.35, 0.36, 0.38, 0.39, 0.41, 0.42, 0.44, 0.45, 0.47, 0.48, 0.49, 0.51, 0.52, 0.54, 0.55, 0.57, 0.58, 0.6, 0.61, 0.63, 0.64, 0.66], "Frequency": [49.4, 49.4, 49.4, 49.39, 49.39, 49.39, 49.41, 49.41, 49.41, 49.41, 49.41, 49.41, 49.4, 49.4, 49.4, 49.39, 49.39, 49.39, 49.39, 49.39, 49.39, 49.38, 49.38, 49.38, 49.37, 49.37, 49.37, 49.36, 49.36, 49.36, 49.38, 49.38, 49.38, 49.38, 49.38, 49.38, 49.39, 49.39, 49.39, 49.39, 49.39, 49.39, 49.39, 49.39, 49.39], "Temp_env": []}