{"Start_Time": [1755168468.3473258], "Time": [1755168470.3494697, 1755168472.3521225, 1755168474.3543513, 1755168476.3563986, 1755168478.3585467, 1755168480.360503, 1755168482.3624387, 1755168484.3645627, 1755168486.3672457, 1755168488.3695629, 1755168490.3715138, 1755168492.373842, 1755168494.3813865, 1755168496.3836966, 1755168498.386391, 1755168500.3885617, 1755168502.390642, 1755168504.39277, 1755168506.3954167, 1755168508.39775, 1755168510.4004385, 1755168512.4027777, 1755168514.4054515, 1755168516.4077868, 1755168518.4104896, 1755168520.4128673, 1755168522.4155347, 1755168524.4178977, 1755168526.4205914, 1755168528.422945, 1755168530.4256015, 1755168532.4279857, 1755168534.430666, 1755168536.432991, 1755168538.435709, 1755168540.4380417, 1755168542.4407737, 1755168544.4429302, 1755168546.445083, 1755168548.4477813, 1755168550.4501193, 1755168552.4528108, 1755168554.4550488, 1755168556.4572256, 1755168558.4598534], "Voltage": [228.87, 228.82, 228.87, 228.87, 228.82, 228.87, 228.61, 228.56, 228.77, 228.82, 228.93, 228.82, 228.93, 228.87, 228.82, 228.66, 228.93, 228.72, 228.82, 228.87, 228.82, 228.87, 228.82, 228.72, 228.82, 228.98, 228.56, 228.72, 228.87, 228.82, 228.72, 228.51, 228.87, 228.72, 228.77, 228.72, 228.56, 228.77, 228.72, 228.82, 228.82, 228.77, 228.72, 228.93, 228.87], "Current": [0.17, 0.17, 0.17, 0.17, 0.17, 0.17, 0.17, 0.17, 0.17, 0.17, 0.17, 0.17, 0.17, 0.17, 0.17, 0.17, 0.17, 0.17, 0.17, 0.17, 0.17, 0.17, 0.17, 0.17, 0.17, 0.17, 0.17, 0.17, 0.17, 0.17, 0.17, 0.17, 0.17, 0.17, 0.17, 0.17, 0.17, 0.17, 0.17, 0.17, 0.17, 0.17, 0.17, 0.17, 0.17], "Real_Power": [25.82, 25.65, 25.78, 25.73, 25.73, 25.81, 25.75, 25.8, 25.75, 25.71, 25.81, 25.51, 25.74, 25.78, 25.74, 25.6, 25.87, 25.64, 25.8, 25.85, 25.48, 25.73, 25.82, 25.77, 25.74, 25.81, 25.65, 25.71, 25.81, 25.83, 25.91, 25.75, 25.75, 25.74, 25.95, 25.86, 25.72, 25.83, 25.71, 25.71, 25.85, 25.68, 25.69, 25.81, 25.69], "Apparent_Power": [38.9, 38.89, 38.9, 38.9, 38.89, 38.9, 38.86, 38.85, 38.89, 38.89, 38.91, 38.89, 38.91, 38.9, 38.89, 38.87, 38.91, 38.88, 38.89, 38.9, 38.89, 38.9, 38.89, 38.88, 38.89, 38.92, 38.85, 38.88, 38.9, 38.89, 38.88, 38.84, 38.9, 38.88, 38.89, 38.88, 38.85, 38.89, 38.88, 38.89, 38.89, 38.89, 38.88, 38.91, 38.9], "Apparent_Power_Reactive": [29.09, 29.23, 29.13, 29.17, 29.16, 29.1, 29.1, 29.04, 29.14, 29.17, 29.11, 29.35, 29.17, 29.13, 29.15, 29.24, 29.06, 29.22, 29.09, 29.06, 29.38, 29.17, 29.08, 29.11, 29.15, 29.13, 29.17, 29.16, 29.1, 29.07, 28.98, 29.07, 29.15, 29.13, 28.96, 29.03, 29.11, 29.07, 29.16, 29.17, 29.05, 29.2, 29.18, 29.11, 29.21], "Power_Factor": [0.663, 0.659, 0.662, 0.661, 0.661, 0.663, 0.662, 0.664, 0.662, 0.661, 0.663, 0.655, 0.661, 0.662, 0.661, 0.658, 0.664, 0.659, 0.663, 0.664, 0.655, 0.661, 0.663, 0.662, 0.661, 0.663, 0.66, 0.661, 0.663, 0.664, 0.666, 0.662, 0.661, 0.662, 0.667, 0.665, 0.662, 0.664, 0.661, 0.661, 0.664, 0.66, 0.66, 0.663, 0.66], "Energy": [0.01, 0.02, 0.04, 0.05, 0.07, 0.08, 0.1, 0.11, 0.13, 0.14, 0.15, 0.17, 0.18, 0.2, 0.21, 0.23, 0.24, 0.26, 0.27, 0.28, 0.3, 0.31, 0.33, 0.34, 0.36, 0.37, 0.39, 0.4, 0.41, 0.43, 0.44, 0.46, 0.47, 0.49, 0.5, 0.52, 0.53, 0.55, 0.56, 0.57, 0.59, 0.6, 0.62, 0.63, 0.65], "Frequency": [49.38, 49.38, 49.38, 49.38, 49.38, 49.38, 49.38, 49.38, 49.38, 49.38, 49.38, 49.38, 49.37, 49.37, 49.37, 49.38, 49.38, 49.38, 49.37, 49.37, 49.37, 49.38, 49.38, 49.38, 49.39, 49.39, 49.39, 49.39, 49.39, 49.39, 49.39, 49.39, 49.39, 49.39, 49.39, 49.39, 49.38, 49.38, 49.38, 49.37, 49.37, 49.37, 49.38, 49.38, 49.38], "Temp_env": []}