{"Start_Time": [1755479388.1913276], "Time": [1755479390.1935678, 1755479392.196241, 1755479394.198546, 1755479396.2012675, 1755479398.2034876, 1755479400.2056017, 1755479402.2128913, 1755479404.2153785, 1755479406.2177231, 1755479408.2203584, 1755479410.2228358, 1755479412.2253892, 1755479414.2277515, 1755479416.2304218, 1755479418.2328696, 1755479420.2355793, 1755479422.2377214, 1755479424.2398286, 1755479426.2476182, 1755479428.2497408, 1755479430.251903, 1755479432.2545457, 1755479434.2569282, 1755479436.259593, 1755479438.2619562, 1755479440.2646766, 1755479442.267031, 1755479444.2746682, 1755479446.2769544, 1755479448.2791107, 1755479450.2818284, 1755479452.2841175, 1755479454.2867892, 1755479456.2891507, 1755479458.2918565, 1755479460.2940755, 1755479462.2967353, 1755479464.299122, 1755479466.3018396, 1755479468.3092782, 1755479470.311955, 1755479472.3141758, 1755479474.3170736, 1755479476.3193612, 1755479478.3220358], "Voltage": [230.03, 229.97, 229.97, 229.97, 229.92, 229.92, 229.97, 229.97, 229.87, 229.92, 229.92, 229.97, 230.03, 229.97, 230.03, 229.97, 229.97, 229.97, 229.92, 229.82, 230.03, 230.08, 230.03, 229.97, 229.97, 230.03, 230.13, 230.03, 230.03, 229.97, 230.03, 229.97, 230.03, 230.03, 230.08, 230.08, 230.03, 230.13, 230.08, 230.03, 230.18, 229.97, 229.92, 229.97, 229.92], "Current": [0.17, 0.17, 0.17, 0.17, 0.17, 0.17, 0.17, 0.17, 0.17, 0.17, 0.17, 0.17, 0.17, 0.17, 0.17, 0.17, 0.17, 0.17, 0.17, 0.17, 0.17, 0.17, 0.17, 0.17, 0.17, 0.17, 0.17, 0.17, 0.17, 0.17, 0.17, 0.17, 0.17, 0.17, 0.17, 0.17, 0.17, 0.17, 0.17, 0.17, 0.17, 0.17, 0.17, 0.17, 0.17], "Real_Power": [25.95, 25.93, 26.11, 25.89, 25.97, 26.08, 25.89, 26.08, 26.03, 26.07, 26.16, 25.92, 26.08, 26.08, 25.9, 26.05, 25.95, 26.06, 26.32, 25.77, 26.01, 26.09, 25.86, 26.21, 26.01, 25.91, 26.14, 25.95, 26.07, 26.12, 25.87, 26.21, 25.97, 25.93, 26.18, 25.87, 26.2, 26.06, 25.94, 26.14, 26.05, 26.14, 26.17, 26.28, 25.97], "Apparent_Power": [39.1, 39.09, 39.09, 39.09, 39.08, 39.08, 39.09, 39.09, 39.07, 39.08, 39.08, 39.09, 39.1, 39.09, 39.1, 39.09, 39.09, 39.09, 39.08, 39.06, 39.1, 39.11, 39.1, 39.09, 39.09, 39.1, 39.12, 39.1, 39.1, 39.09, 39.1, 39.09, 39.1, 39.1, 39.11, 39.11, 39.1, 39.12, 39.11, 39.1, 39.13, 39.09, 39.08, 39.09, 39.08], "Apparent_Power_Reactive": [29.24, 29.25, 29.09, 29.28, 29.2, 29.1, 29.28, 29.11, 29.13, 29.11, 29.03, 29.26, 29.13, 29.11, 29.29, 29.14, 29.23, 29.13, 28.88, 29.35, 29.19, 29.13, 29.32, 29.0, 29.18, 29.28, 29.1, 29.24, 29.14, 29.08, 29.31, 29.0, 29.22, 29.26, 29.05, 29.33, 29.02, 29.17, 29.26, 29.07, 29.19, 29.06, 29.02, 28.93, 29.2], "Power_Factor": [0.663, 0.663, 0.667, 0.662, 0.664, 0.667, 0.662, 0.667, 0.666, 0.667, 0.669, 0.663, 0.667, 0.667, 0.662, 0.666, 0.663, 0.666, 0.673, 0.659, 0.665, 0.667, 0.661, 0.67, 0.665, 0.662, 0.668, 0.663, 0.666, 0.668, 0.661, 0.67, 0.664, 0.663, 0.669, 0.661, 0.67, 0.666, 0.663, 0.668, 0.665, 0.668, 0.669, 0.672, 0.664], "Energy": [0.01, 0.02, 0.04, 0.05, 0.07, 0.08, 0.1, 0.11, 0.13, 0.14, 0.16, 0.17, 0.19, 0.2, 0.21, 0.23, 0.24, 0.26, 0.27, 0.29, 0.3, 0.32, 0.33, 0.35, 0.36, 0.38, 0.39, 0.4, 0.42, 0.43, 0.45, 0.46, 0.48, 0.49, 0.51, 0.52, 0.54, 0.55, 0.57, 0.58, 0.6, 0.61, 0.62, 0.64, 0.66], "Frequency": [49.4, 49.4, 49.41, 49.41, 49.41, 49.39, 49.39, 49.39, 49.4, 49.4, 49.4, 49.39, 49.39, 49.39, 49.41, 49.41, 49.41, 49.41, 49.41, 49.41, 49.4, 49.4, 49.4, 49.41, 49.41, 49.41, 49.42, 49.42, 49.42, 49.42, 49.42, 49.42, 49.42, 49.42, 49.42, 49.42, 49.42, 49.42, 49.4, 49.4, 49.4, 49.4, 49.4, 49.4, 49.4], "Temp_env": []}