{"Start_Time": [1755418757.1216164], "Time": [1755418759.123891, 1755418761.1265051, 1755418763.1286762, 1755418765.1306918, 1755418767.1327589, 1755418769.1405566, 1755418771.14288, 1755418773.1455603, 1755418775.152842, 1755418777.15495, 1755418779.157631, 1755418781.1597998, 1755418783.1618674, 1755418785.1644993, 1755418787.166841, 1755418789.1688828, 1755418791.170999, 1755418793.1739, 1755418795.1765947, 1755418797.178939, 1755418799.1810522, 1755418801.1839345, 1755418803.1860793, 1755418805.1887932, 1755418807.1910641, 1755418809.1939616, 1755418811.1960986, 1755418813.1988473, 1755418815.2011135, 1755418817.2087467, 1755418819.2110925, 1755418821.2139246, 1755418823.216181, 1755418825.2189279, 1755418827.2211843, 1755418829.2241004, 1755418831.2262237, 1755418833.2289846, 1755418835.2368495, 1755418837.2391899, 1755418839.2418358, 1755418841.2492435, 1755418843.2520604, 1755418845.2543924, 1755418847.256909], "Voltage": [231.44, 231.23, 231.34, 231.34, 231.28, 231.13, 231.13, 231.13, 231.13, 231.02, 231.07, 231.13, 231.13, 231.13, 230.97, 231.13, 231.18, 232.28, 232.38, 232.44, 232.44, 232.23, 232.49, 232.54, 232.33, 232.23, 232.33, 232.44, 232.33, 232.38, 232.38, 232.33, 232.49, 232.38, 232.28, 232.38, 232.49, 232.33, 232.33, 232.54, 232.23, 232.02, 232.44, 232.33, 232.38], "Current": [0.17, 0.17, 0.17, 0.17, 0.17, 0.17, 0.17, 0.17, 0.17, 0.17, 0.17, 0.17, 0.17, 0.17, 0.17, 0.17, 0.17, 0.17, 0.17, 0.17, 0.17, 0.17, 0.17, 0.17, 0.17, 0.17, 0.17, 0.17, 0.17, 0.17, 0.17, 0.17, 0.17, 0.17, 0.17, 0.17, 0.17, 0.17, 0.17, 0.17, 0.17, 0.17, 0.17, 0.17, 0.17], "Real_Power": [26.38, 26.06, 26.24, 26.21, 26.0, 26.27, 26.18, 26.12, 26.31, 26.05, 26.19, 26.11, 26.1, 26.19, 26.22, 26.07, 26.28, 26.11, 26.31, 26.19, 26.01, 26.25, 26.03, 26.27, 26.4, 26.35, 26.07, 26.1, 26.28, 26.04, 26.23, 26.2, 26.17, 26.27, 26.15, 26.23, 26.36, 25.97, 26.27, 26.18, 26.08, 26.38, 26.08, 26.24, 26.3], "Apparent_Power": [39.34, 39.3, 39.32, 39.32, 39.31, 39.29, 39.29, 39.29, 39.29, 39.27, 39.28, 39.29, 39.29, 39.29, 39.26, 39.29, 39.3, 39.48, 39.5, 39.51, 39.51, 39.47, 39.52, 39.53, 39.49, 39.47, 39.49, 39.51, 39.49, 39.5, 39.5, 39.49, 39.52, 39.5, 39.48, 39.5, 39.52, 39.49, 39.49, 39.53, 39.47, 39.44, 39.51, 39.49, 39.5], "Apparent_Power_Reactive": [29.18, 29.41, 29.28, 29.31, 29.48, 29.21, 29.29, 29.35, 29.18, 29.38, 29.27, 29.35, 29.36, 29.28, 29.22, 29.39, 29.22, 29.61, 29.46, 29.58, 29.74, 29.47, 29.73, 29.53, 29.36, 29.38, 29.66, 29.66, 29.47, 29.7, 29.53, 29.54, 29.61, 29.49, 29.57, 29.53, 29.44, 29.74, 29.48, 29.61, 29.62, 29.31, 29.67, 29.51, 29.47], "Power_Factor": [0.67, 0.663, 0.667, 0.666, 0.661, 0.668, 0.666, 0.664, 0.669, 0.663, 0.666, 0.664, 0.664, 0.666, 0.667, 0.663, 0.668, 0.661, 0.666, 0.662, 0.658, 0.665, 0.658, 0.664, 0.668, 0.667, 0.66, 0.66, 0.665, 0.659, 0.664, 0.663, 0.662, 0.665, 0.662, 0.664, 0.667, 0.657, 0.665, 0.662, 0.66, 0.668, 0.66, 0.664, 0.665], "Energy": [0.01, 0.02, 0.04, 0.05, 0.07, 0.08, 0.1, 0.11, 0.13, 0.14, 0.16, 0.17, 0.19, 0.2, 0.22, 0.23, 0.25, 0.26, 0.27, 0.29, 0.3, 0.32, 0.33, 0.35, 0.36, 0.38, 0.39, 0.41, 0.42, 0.44, 0.45, 0.47, 0.48, 0.5, 0.51, 0.53, 0.54, 0.56, 0.57, 0.58, 0.6, 0.61, 0.63, 0.64, 0.66], "Frequency": [49.43, 49.42, 49.42, 49.42, 49.43, 49.43, 49.43, 49.43, 49.43, 49.43, 49.43, 49.43, 49.43, 49.42, 49.42, 49.42, 49.43, 49.43, 49.43, 49.43, 49.43, 49.43, 49.42, 49.42, 49.42, 49.43, 49.43, 49.43, 49.43, 49.43, 49.43, 49.43, 49.43, 49.43, 49.41, 49.41, 49.41, 49.43, 49.43, 49.43, 49.42, 49.42, 49.42, 49.42, 49.42], "Temp_env": []}