{"Start_Time": [1755800252.7612398], "Time": [1755800254.7633467, 1755800256.7660334, 1755800258.768289, 1755800260.7703822, 1755800262.7730331, 1755800264.775264, 1755800266.7775347, 1755800268.7800841, 1755800270.7824361, 1755800272.7844083, 1755800274.7872932, 1755800276.789379, 1755800278.791411, 1755800280.7934473, 1755800282.7954056, 1755800284.7977471, 1755800286.800283, 1755800288.8026032, 1755800290.8053453, 1755800292.807669, 1755800294.8103664, 1755800296.8125489, 1755800298.8145006, 1755800300.816586, 1755800302.8187013, 1755800304.8214386, 1755800306.8235607, 1755800308.825631, 1755800310.8278542, 1755800312.8303497, 1755800314.8326857, 1755800316.83464, 1755800318.836681, 1755800320.8388124, 1755800322.841553, 1755800324.8437102, 1755800326.8457582, 1755800328.8479154, 1755800330.8505778, 1755800332.8527427, 1755800334.854843, 1755800336.8577392, 1755800338.859767, 1755800340.8618836, 1755800342.8645809], "Voltage": [230.18, 230.24, 230.29, 230.13, 230.24, 230.13, 230.39, 230.24, 230.24, 230.13, 230.18, 230.29, 230.34, 230.29, 230.29, 230.34, 230.24, 230.29, 230.29, 230.29, 230.34, 230.29, 230.29, 230.29, 230.18, 230.29, 230.45, 230.45, 230.39, 230.39, 230.5, 230.5, 230.29, 230.29, 230.39, 230.29, 230.39, 230.34, 230.34, 230.29, 230.39, 230.5, 230.24, 230.29, 230.29], "Current": [0.17, 0.17, 0.17, 0.17, 0.17, 0.17, 0.17, 0.17, 0.17, 0.17, 0.17, 0.17, 0.17, 0.17, 0.17, 0.17, 0.17, 0.18, 0.17, 0.17, 0.17, 0.17, 0.17, 0.17, 0.17, 0.18, 0.17, 0.17, 0.17, 0.17, 0.17, 0.17, 0.17, 0.17, 0.17, 0.17, 0.17, 0.17, 0.18, 0.17, 0.17, 0.17, 0.17, 0.17, 0.17], "Real_Power": [26.13, 26.48, 26.24, 26.29, 26.29, 26.08, 26.42, 26.27, 26.16, 26.42, 26.15, 26.41, 26.44, 26.16, 26.45, 26.2, 26.3, 26.57, 26.16, 26.38, 26.32, 26.25, 26.56, 26.2, 26.28, 26.63, 26.18, 26.43, 26.38, 26.2, 26.52, 26.21, 26.36, 26.35, 26.08, 26.24, 26.29, 26.22, 26.44, 26.11, 26.28, 26.4, 26.19, 26.36, 26.19], "Apparent_Power": [39.13, 39.14, 39.14, 39.12, 39.14, 39.12, 39.16, 39.14, 39.14, 39.12, 39.13, 39.14, 39.15, 39.14, 39.14, 39.15, 39.14, 41.45, 39.14, 39.14, 39.15, 39.14, 39.14, 39.14, 39.13, 41.45, 39.17, 39.17, 39.16, 39.16, 39.18, 39.18, 39.14, 39.14, 39.16, 39.14, 39.16, 39.15, 41.46, 39.14, 39.16, 39.18, 39.14, 39.14, 39.14], "Apparent_Power_Reactive": [29.12, 28.82, 29.04, 28.96, 28.99, 29.15, 28.9, 29.01, 29.11, 28.85, 29.1, 28.88, 28.87, 29.11, 28.85, 29.09, 28.98, 31.81, 29.11, 28.91, 28.98, 29.03, 28.74, 29.07, 28.99, 31.76, 29.13, 28.9, 28.94, 29.1, 28.84, 29.12, 28.93, 28.94, 29.21, 29.04, 29.02, 29.07, 31.93, 29.15, 29.03, 28.95, 29.08, 28.93, 29.08], "Power_Factor": [0.667, 0.676, 0.67, 0.672, 0.671, 0.666, 0.674, 0.671, 0.668, 0.675, 0.668, 0.674, 0.675, 0.668, 0.675, 0.669, 0.671, 0.641, 0.668, 0.673, 0.672, 0.67, 0.678, 0.669, 0.671, 0.642, 0.668, 0.674, 0.673, 0.669, 0.676, 0.668, 0.673, 0.673, 0.665, 0.67, 0.671, 0.669, 0.637, 0.667, 0.671, 0.673, 0.669, 0.673, 0.669], "Energy": [0.01, 0.02, 0.04, 0.05, 0.07, 0.08, 0.1, 0.11, 0.13, 0.14, 0.16, 0.17, 0.19, 0.2, 0.22, 0.23, 0.25, 0.26, 0.28, 0.29, 0.31, 0.32, 0.33, 0.35, 0.36, 0.38, 0.39, 0.41, 0.42, 0.44, 0.45, 0.47, 0.48, 0.5, 0.51, 0.53, 0.54, 0.56, 0.57, 0.59, 0.6, 0.62, 0.63, 0.64, 0.66], "Frequency": [49.39, 49.39, 49.39, 49.4, 49.4, 49.4, 49.4, 49.4, 49.4, 49.42, 49.42, 49.42, 49.42, 49.42, 49.42, 49.41, 49.41, 49.41, 49.4, 49.4, 49.4, 49.41, 49.41, 49.41, 49.41, 49.41, 49.41, 49.42, 49.42, 49.42, 49.41, 49.41, 49.41, 49.41, 49.41, 49.41, 49.41, 49.41, 49.41, 49.4, 49.4, 49.4, 49.4, 49.4, 49.4], "Temp_env": []}