{"Start_Time": [1755733201.205704], "Time": [1755733203.208121, 1755733205.2107882, 1755733207.2129805, 1755733209.2208285, 1755733211.2230139, 1755733213.2251008, 1755733215.2272162, 1755733217.2299175, 1755733219.2322416, 1755733221.23493, 1755733223.2373457, 1755733225.2398672, 1755733227.2473042, 1755733229.250013, 1755733231.2523758, 1755733233.2550228, 1755733235.257479, 1755733237.2599928, 1755733239.2622995, 1755733241.264446, 1755733243.2673087, 1755733245.2693899, 1755733247.2720926, 1755733249.274493, 1755733251.2821193, 1755733253.2844827, 1755733255.2874105, 1755733257.2894983, 1755733259.2921808, 1755733261.2945178, 1755733263.2974083, 1755733265.2995079, 1755733267.3016891, 1755733269.3043933, 1755733271.3065464, 1755733273.308676, 1755733275.3114, 1755733277.31369, 1755733279.3164291, 1755733281.3187275, 1755733283.3214493, 1755733285.3237967, 1755733287.3265107, 1755733289.3287058, 1755733291.330842], "Voltage": [229.71, 229.82, 229.92, 229.82, 229.71, 229.76, 229.82, 229.87, 229.66, 229.61, 229.76, 229.66, 229.76, 229.76, 229.76, 229.61, 229.71, 229.82, 229.92, 229.76, 229.71, 229.66, 229.71, 229.61, 229.61, 229.71, 229.71, 229.71, 229.55, 229.61, 229.66, 229.71, 229.61, 229.66, 229.71, 229.55, 229.66, 229.71, 229.66, 229.76, 229.71, 229.71, 229.71, 229.66, 229.66], "Current": [0.17, 0.17, 0.17, 0.17, 0.17, 0.17, 0.17, 0.17, 0.17, 0.17, 0.17, 0.17, 0.17, 0.17, 0.17, 0.17, 0.17, 0.17, 0.17, 0.17, 0.17, 0.17, 0.17, 0.17, 0.17, 0.17, 0.17, 0.17, 0.17, 0.17, 0.17, 0.17, 0.17, 0.17, 0.17, 0.17, 0.17, 0.17, 0.17, 0.17, 0.17, 0.17, 0.17, 0.17, 0.17], "Real_Power": [26.03, 25.99, 26.21, 26.03, 26.03, 26.1, 26.09, 25.95, 26.15, 25.91, 26.09, 26.08, 26.05, 26.18, 25.84, 26.06, 26.15, 26.08, 26.13, 26.08, 26.03, 26.18, 25.94, 26.08, 26.01, 26.07, 26.11, 26.14, 26.05, 26.14, 26.08, 26.08, 26.06, 26.04, 26.0, 26.15, 25.97, 26.04, 26.0, 26.06, 26.18, 26.02, 26.08, 26.07, 25.96], "Apparent_Power": [39.05, 39.06, 39.08, 39.06, 39.05, 39.05, 39.06, 39.07, 39.04, 39.03, 39.05, 39.04, 39.05, 39.05, 39.05, 39.03, 39.05, 39.06, 39.08, 39.05, 39.05, 39.04, 39.05, 39.03, 39.03, 39.05, 39.05, 39.05, 39.02, 39.03, 39.04, 39.05, 39.03, 39.04, 39.05, 39.02, 39.04, 39.05, 39.04, 39.05, 39.05, 39.05, 39.05, 39.04, 39.04], "Apparent_Power_Reactive": [29.1, 29.15, 28.98, 29.12, 29.1, 29.04, 29.06, 29.2, 28.98, 29.18, 29.05, 29.05, 29.09, 28.97, 29.27, 29.05, 29.0, 29.07, 29.05, 29.06, 29.1, 28.96, 29.18, 29.03, 29.1, 29.07, 29.03, 29.01, 29.05, 28.98, 29.05, 29.06, 29.05, 29.08, 29.13, 28.96, 29.14, 29.1, 29.12, 29.08, 28.97, 29.11, 29.06, 29.05, 29.15], "Power_Factor": [0.666, 0.665, 0.67, 0.666, 0.666, 0.668, 0.667, 0.664, 0.669, 0.663, 0.668, 0.668, 0.667, 0.67, 0.661, 0.667, 0.669, 0.667, 0.668, 0.667, 0.666, 0.67, 0.664, 0.668, 0.666, 0.667, 0.668, 0.669, 0.667, 0.669, 0.668, 0.667, 0.667, 0.667, 0.665, 0.67, 0.665, 0.666, 0.665, 0.667, 0.67, 0.666, 0.667, 0.667, 0.664], "Energy": [0.01, 0.02, 0.04, 0.05, 0.07, 0.08, 0.1, 0.11, 0.13, 0.14, 0.16, 0.17, 0.19, 0.2, 0.21, 0.23, 0.24, 0.26, 0.27, 0.29, 0.3, 0.32, 0.33, 0.35, 0.36, 0.38, 0.39, 0.41, 0.42, 0.43, 0.45, 0.46, 0.48, 0.49, 0.51, 0.52, 0.54, 0.55, 0.57, 0.58, 0.6, 0.61, 0.63, 0.64, 0.65], "Frequency": [49.39, 49.39, 49.39, 49.39, 49.39, 49.39, 49.39, 49.39, 49.39, 49.39, 49.39, 49.39, 49.39, 49.39, 49.39, 49.39, 49.39, 49.39, 49.39, 49.39, 49.39, 49.39, 49.39, 49.39, 49.39, 49.39, 49.39, 49.39, 49.39, 49.38, 49.38, 49.38, 49.39, 49.39, 49.39, 49.39, 49.39, 49.39, 49.42, 49.42, 49.42, 49.39, 49.39, 49.39, 49.4], "Temp_env": []}