{"Start_Time": [1755264571.8029115], "Time": [1755264573.8049617, 1755264575.8077297, 1755264577.8101327, 1755264579.812713, 1755264581.8150141, 1755264583.8171246, 1755264585.819802, 1755264587.822058, 1755264589.8247917, 1755264591.8271246, 1755264593.829842, 1755264595.8320565, 1755264597.834115, 1755264599.836284, 1755264601.8389282, 1755264603.8413806, 1755264605.843912, 1755264607.8462718, 1755264609.8490098, 1755264611.8514488, 1755264613.85399, 1755264615.8563282, 1755264617.8584197, 1755264619.861222, 1755264621.8633451, 1755264623.8660743, 1755264625.8683615, 1755264627.8704927, 1755264629.8731453, 1755264631.8755014, 1755264633.8782153, 1755264635.880541, 1755264637.8832068, 1755264639.8904738, 1755264641.893224, 1755264643.8954813, 1755264645.9033346, 1755264647.9054492, 1755264649.9083068, 1755264651.9105814, 1755264653.9183986, 1755264655.920693, 1755264657.9233816, 1755264659.9315977, 1755264661.9343524], "Voltage": [227.98, 228.04, 228.09, 228.04, 228.04, 228.14, 228.19, 228.14, 228.14, 227.98, 228.09, 228.09, 228.3, 228.09, 228.09, 228.35, 228.14, 228.19, 228.14, 228.24, 228.24, 228.24, 228.24, 228.14, 228.24, 228.19, 228.24, 228.24, 228.19, 228.24, 228.35, 228.3, 228.3, 228.24, 228.3, 228.24, 228.24, 228.3, 228.14, 228.19, 228.14, 228.19, 228.09, 228.3, 228.14], "Current": [0.17, 0.17, 0.17, 0.17, 0.17, 0.17, 0.17, 0.17, 0.17, 0.17, 0.17, 0.17, 0.17, 0.17, 0.17, 0.17, 0.17, 0.17, 0.17, 0.17, 0.17, 0.17, 0.17, 0.17, 0.17, 0.17, 0.17, 0.17, 0.17, 0.17, 0.17, 0.17, 0.17, 0.17, 0.17, 0.17, 0.17, 0.17, 0.17, 0.17, 0.17, 0.17, 0.17, 0.17, 0.17], "Real_Power": [25.94, 26.07, 25.99, 25.96, 26.03, 26.0, 26.12, 26.03, 25.95, 26.09, 26.03, 25.93, 26.21, 26.01, 26.0, 26.07, 26.01, 25.99, 25.96, 25.9, 26.17, 25.94, 26.18, 26.04, 26.03, 26.05, 26.01, 26.02, 26.02, 26.07, 26.06, 26.08, 26.07, 26.24, 26.07, 26.06, 25.94, 26.1, 26.13, 26.05, 26.23, 26.01, 25.95, 26.11, 26.11], "Apparent_Power": [38.75, 38.76, 38.77, 38.76, 38.76, 38.78, 38.79, 38.78, 38.78, 38.75, 38.77, 38.77, 38.81, 38.77, 38.77, 38.81, 38.78, 38.79, 38.78, 38.8, 38.8, 38.8, 38.8, 38.78, 38.8, 38.79, 38.8, 38.8, 38.79, 38.8, 38.81, 38.81, 38.81, 38.8, 38.81, 38.8, 38.8, 38.81, 38.78, 38.79, 38.78, 38.79, 38.77, 38.81, 38.78], "Apparent_Power_Reactive": [28.78, 28.68, 28.76, 28.78, 28.71, 28.77, 28.67, 28.74, 28.81, 28.65, 28.73, 28.82, 28.62, 28.75, 28.75, 28.75, 28.76, 28.79, 28.8, 28.88, 28.64, 28.85, 28.63, 28.73, 28.77, 28.74, 28.79, 28.78, 28.76, 28.73, 28.75, 28.74, 28.75, 28.58, 28.75, 28.74, 28.85, 28.72, 28.65, 28.74, 28.56, 28.77, 28.8, 28.71, 28.67], "Power_Factor": [0.669, 0.672, 0.67, 0.669, 0.671, 0.67, 0.673, 0.671, 0.669, 0.673, 0.671, 0.668, 0.675, 0.67, 0.67, 0.671, 0.67, 0.67, 0.669, 0.667, 0.674, 0.668, 0.674, 0.671, 0.67, 0.671, 0.67, 0.67, 0.67, 0.671, 0.671, 0.671, 0.671, 0.676, 0.671, 0.671, 0.668, 0.672, 0.673, 0.671, 0.676, 0.67, 0.669, 0.672, 0.673], "Energy": [0.01, 0.02, 0.04, 0.05, 0.07, 0.08, 0.1, 0.11, 0.13, 0.14, 0.16, 0.17, 0.19, 0.2, 0.21, 0.23, 0.24, 0.26, 0.27, 0.29, 0.3, 0.32, 0.33, 0.35, 0.36, 0.38, 0.39, 0.41, 0.42, 0.44, 0.45, 0.46, 0.48, 0.49, 0.51, 0.52, 0.54, 0.55, 0.57, 0.58, 0.6, 0.61, 0.63, 0.64, 0.66], "Frequency": [49.43, 49.42, 49.42, 49.42, 49.43, 49.43, 49.43, 49.43, 49.43, 49.43, 49.42, 49.42, 49.42, 49.4, 49.4, 49.4, 49.41, 49.41, 49.41, 49.42, 49.42, 49.42, 49.43, 49.43, 49.43, 49.44, 49.44, 49.44, 49.44, 49.44, 49.44, 49.44, 49.44, 49.45, 49.45, 49.45, 49.44, 49.44, 49.44, 49.43, 49.43, 49.43, 49.39, 49.39, 49.39], "Temp_env": []}