{"Start_Time": [1755626704.6677563], "Time": [1755626706.6701546, 1755626708.6724164, 1755626710.675138, 1755626712.677485, 1755626714.6801114, 1755626716.6824968, 1755626718.6851954, 1755626720.68754, 1755626722.690259, 1755626724.6926084, 1755626726.6953218, 1755626728.6976101, 1755626730.700254, 1755626732.7026155, 1755626734.7053459, 1755626736.7076554, 1755626738.7103398, 1755626740.7126777, 1755626742.7153828, 1755626744.717739, 1755626746.7204251, 1755626748.7228043, 1755626750.7255018, 1755626752.7278392, 1755626754.7305253, 1755626756.7329042, 1755626758.7356217, 1755626760.737931, 1755626762.7406414, 1755626764.7429569, 1755626766.7456796, 1755626768.7481527, 1755626770.7506356, 1755626772.7529743, 1755626774.7556467, 1755626776.7580245, 1755626778.7606926, 1755626780.7630157, 1755626782.7651377, 1755626784.7677698, 1755626786.7699907, 1755626788.7721384, 1755626790.7748327, 1755626792.7771695, 1755626794.7793198], "Voltage": [227.62, 227.72, 227.62, 227.51, 227.46, 227.41, 227.62, 227.67, 227.67, 227.67, 227.72, 227.72, 227.62, 227.83, 227.56, 227.67, 227.51, 227.56, 227.67, 227.67, 227.62, 227.67, 227.72, 227.56, 227.62, 227.56, 227.67, 227.46, 227.72, 227.62, 227.51, 227.56, 227.51, 227.56, 227.62, 227.56, 227.46, 227.51, 227.41, 227.51, 227.46, 227.41, 227.41, 227.51, 227.46], "Current": [0.17, 0.17, 0.17, 0.18, 0.17, 0.17, 0.18, 0.17, 0.17, 0.17, 0.17, 0.17, 0.17, 0.17, 0.18, 0.17, 0.17, 0.17, 0.17, 0.17, 0.17, 0.17, 0.17, 0.17, 0.17, 0.17, 0.17, 0.17, 0.17, 0.17, 0.17, 0.17, 0.17, 0.17, 0.17, 0.17, 0.17, 0.17, 0.17, 0.17, 0.17, 0.17, 0.17, 0.17, 0.18], "Real_Power": [25.95, 26.0, 25.8, 26.2, 26.03, 25.83, 26.17, 25.85, 26.08, 26.07, 25.85, 26.08, 25.98, 25.92, 26.17, 25.92, 25.98, 26.04, 25.91, 26.06, 26.07, 25.92, 26.11, 25.91, 26.0, 26.03, 25.97, 25.99, 26.11, 25.73, 25.96, 25.91, 25.85, 26.21, 25.83, 25.97, 26.07, 25.88, 26.14, 25.98, 25.77, 26.09, 25.86, 25.95, 26.17], "Apparent_Power": [38.69, 38.71, 38.69, 40.95, 38.66, 38.65, 40.97, 38.7, 38.7, 38.7, 38.71, 38.71, 38.69, 38.73, 40.96, 38.7, 38.67, 38.68, 38.7, 38.7, 38.69, 38.7, 38.71, 38.68, 38.69, 38.68, 38.7, 38.66, 38.71, 38.69, 38.67, 38.68, 38.67, 38.68, 38.69, 38.68, 38.66, 38.67, 38.65, 38.67, 38.66, 38.65, 38.65, 38.67, 40.94], "Apparent_Power_Reactive": [28.69, 28.67, 28.83, 31.47, 28.58, 28.75, 31.52, 28.8, 28.59, 28.6, 28.81, 28.6, 28.66, 28.77, 31.5, 28.73, 28.64, 28.6, 28.74, 28.61, 28.58, 28.73, 28.57, 28.71, 28.65, 28.61, 28.69, 28.62, 28.57, 28.89, 28.66, 28.71, 28.76, 28.44, 28.8, 28.66, 28.54, 28.73, 28.46, 28.64, 28.81, 28.51, 28.72, 28.66, 31.48], "Power_Factor": [0.67, 0.671, 0.666, 0.639, 0.673, 0.668, 0.638, 0.667, 0.673, 0.673, 0.667, 0.673, 0.671, 0.669, 0.638, 0.669, 0.671, 0.673, 0.669, 0.673, 0.673, 0.669, 0.674, 0.669, 0.672, 0.672, 0.671, 0.672, 0.674, 0.665, 0.671, 0.669, 0.668, 0.677, 0.667, 0.671, 0.674, 0.669, 0.676, 0.671, 0.666, 0.675, 0.669, 0.671, 0.639], "Energy": [0.01, 0.02, 0.04, 0.05, 0.07, 0.08, 0.1, 0.11, 0.13, 0.14, 0.16, 0.17, 0.18, 0.2, 0.21, 0.23, 0.24, 0.26, 0.27, 0.29, 0.3, 0.32, 0.33, 0.35, 0.36, 0.37, 0.39, 0.4, 0.42, 0.43, 0.45, 0.46, 0.48, 0.49, 0.51, 0.52, 0.53, 0.55, 0.56, 0.58, 0.59, 0.61, 0.62, 0.64, 0.65], "Frequency": [49.39, 49.39, 49.39, 49.39, 49.39, 49.39, 49.39, 49.43, 49.43, 49.43, 49.43, 49.43, 49.43, 49.44, 49.44, 49.44, 49.43, 49.43, 49.43, 49.43, 49.43, 49.43, 49.43, 49.43, 49.43, 49.43, 49.43, 49.43, 49.43, 49.43, 49.43, 49.43, 49.43, 49.43, 49.43, 49.43, 49.43, 49.44, 49.44, 49.44, 49.44, 49.44, 49.44, 49.43, 49.43], "Temp_env": []}