{"Start_Time": [1755266483.482077], "Time": [1755266485.484435, 1755266487.4873307, 1755266489.489414, 1755266491.4916084, 1755266493.4935627, 1755266495.496265, 1755266497.4984784, 1755266499.5005767, 1755266501.503315, 1755266503.505669, 1755266505.507778, 1755266507.510462, 1755266509.5126307, 1755266511.514599, 1755266513.5166726, 1755266515.5188165, 1755266517.5214882, 1755266519.523688, 1755266521.5257182, 1755266523.5281267, 1755266525.5305245, 1755266527.53284, 1755266529.5355642, 1755266531.5380278, 1755266533.5407352, 1755266535.5429466, 1755266537.5457087, 1755266539.5481403, 1755266541.5506563, 1755266543.553, 1755266545.5556982, 1755266547.5581763, 1755266549.560867, 1755266551.5630958, 1755266553.5657885, 1755266555.5682397, 1755266557.570915, 1755266559.5730615, 1755266561.575112, 1755266563.578028, 1755266565.5802794, 1755266567.5829818, 1755266569.5851307, 1755266571.5872505, 1755266573.5899296], "Voltage": [228.04, 228.04, 228.19, 228.04, 227.93, 228.14, 228.14, 228.09, 228.14, 228.09, 228.09, 228.14, 228.04, 228.04, 228.09, 228.19, 228.14, 228.09, 228.04, 228.14, 228.14, 228.14, 228.09, 228.04, 228.09, 228.19, 228.24, 228.14, 228.09, 228.14, 228.09, 228.19, 228.04, 228.14, 228.09, 228.14, 228.19, 228.04, 228.14, 228.19, 228.19, 228.19, 228.14, 228.14, 228.04], "Current": [0.17, 0.17, 0.17, 0.17, 0.17, 0.17, 0.17, 0.17, 0.17, 0.17, 0.17, 0.17, 0.17, 0.17, 0.18, 0.17, 0.17, 0.17, 0.17, 0.17, 0.17, 0.17, 0.17, 0.17, 0.17, 0.17, 0.17, 0.17, 0.17, 0.17, 0.17, 0.17, 0.17, 0.17, 0.17, 0.17, 0.17, 0.17, 0.17, 0.17, 0.17, 0.17, 0.17, 0.17, 0.17], "Real_Power": [26.03, 26.03, 26.04, 26.12, 26.12, 26.11, 26.09, 26.02, 26.16, 26.12, 26.1, 26.19, 26.03, 26.02, 26.25, 25.98, 26.13, 26.08, 26.03, 26.2, 26.05, 25.97, 26.07, 25.99, 26.08, 26.12, 25.95, 26.19, 25.98, 26.06, 26.06, 26.02, 26.15, 26.07, 25.9, 26.11, 25.94, 26.12, 26.04, 25.98, 26.24, 26.02, 26.04, 26.17, 26.0], "Apparent_Power": [38.76, 38.76, 38.79, 38.76, 38.74, 38.78, 38.78, 38.77, 38.78, 38.77, 38.77, 38.78, 38.76, 38.76, 41.05, 38.79, 38.78, 38.77, 38.76, 38.78, 38.78, 38.78, 38.77, 38.76, 38.77, 38.79, 38.8, 38.78, 38.77, 38.78, 38.77, 38.79, 38.76, 38.78, 38.77, 38.78, 38.79, 38.76, 38.78, 38.79, 38.79, 38.79, 38.78, 38.78, 38.76], "Apparent_Power_Reactive": [28.71, 28.71, 28.75, 28.63, 28.61, 28.67, 28.69, 28.74, 28.62, 28.65, 28.66, 28.6, 28.71, 28.72, 31.56, 28.8, 28.65, 28.68, 28.71, 28.59, 28.72, 28.8, 28.69, 28.75, 28.68, 28.67, 28.84, 28.6, 28.77, 28.71, 28.7, 28.76, 28.6, 28.7, 28.84, 28.67, 28.84, 28.63, 28.73, 28.8, 28.56, 28.76, 28.73, 28.61, 28.74], "Power_Factor": [0.671, 0.671, 0.671, 0.673, 0.674, 0.673, 0.672, 0.671, 0.674, 0.673, 0.673, 0.675, 0.671, 0.671, 0.639, 0.669, 0.673, 0.672, 0.671, 0.675, 0.671, 0.669, 0.672, 0.67, 0.672, 0.673, 0.668, 0.675, 0.67, 0.671, 0.672, 0.67, 0.674, 0.672, 0.668, 0.673, 0.668, 0.673, 0.671, 0.669, 0.676, 0.67, 0.671, 0.674, 0.67], "Energy": [0.01, 0.02, 0.04, 0.05, 0.07, 0.08, 0.1, 0.11, 0.13, 0.14, 0.16, 0.17, 0.19, 0.2, 0.21, 0.23, 0.24, 0.26, 0.27, 0.29, 0.3, 0.32, 0.33, 0.35, 0.36, 0.38, 0.39, 0.41, 0.42, 0.43, 0.45, 0.46, 0.48, 0.49, 0.51, 0.52, 0.54, 0.55, 0.57, 0.58, 0.6, 0.61, 0.63, 0.64, 0.65], "Frequency": [49.41, 49.41, 49.42, 49.42, 49.42, 49.4, 49.4, 49.4, 49.4, 49.4, 49.4, 49.43, 49.43, 49.43, 49.42, 49.42, 49.42, 49.43, 49.43, 49.43, 49.43, 49.43, 49.43, 49.43, 49.43, 49.43, 49.43, 49.43, 49.43, 49.43, 49.43, 49.43, 49.43, 49.43, 49.43, 49.43, 49.43, 49.43, 49.44, 49.44, 49.44, 49.43, 49.43, 49.43, 49.43], "Temp_env": []}