{"Start_Time": [1755372338.5823472], "Time": [1755372340.5845637, 1755372342.5872905, 1755372344.5897033, 1755372346.592391, 1755372348.5947104, 1755372350.5974877, 1755372352.599985, 1755372354.6024752, 1755372356.6048677, 1755372358.6075842, 1755372360.6099703, 1755372362.6127095, 1755372364.6148567, 1755372366.6169238, 1755372368.6190283, 1755372370.6217084, 1755372372.624084, 1755372374.6268368, 1755372376.6292245, 1755372378.6319523, 1755372380.6343079, 1755372382.637058, 1755372384.6393847, 1755372386.6420918, 1755372388.644459, 1755372390.6471715, 1755372392.6495495, 1755372394.6522508, 1755372396.6545782, 1755372398.6565235, 1755372400.6586373, 1755372402.660807, 1755372404.6635377, 1755372406.6657603, 1755372408.6686006, 1755372410.6709948, 1755372412.6735344, 1755372414.6758745, 1755372416.6785786, 1755372418.6811037, 1755372420.683858, 1755372422.6859865, 1755372424.688066, 1755372426.6910133, 1755372428.6938899], "Voltage": [228.77, 228.77, 228.56, 228.82, 228.77, 228.72, 228.66, 228.61, 228.77, 228.77, 228.66, 228.72, 228.93, 229.03, 228.87, 228.98, 228.82, 228.77, 228.82, 228.87, 228.87, 228.77, 228.82, 228.93, 228.82, 228.61, 228.82, 228.77, 228.87, 228.87, 228.82, 228.87, 228.72, 228.72, 228.72, 228.72, 228.72, 228.77, 228.82, 228.93, 228.87, 228.93, 228.87, 228.93, 228.87], "Current": [0.17, 0.17, 0.17, 0.17, 0.17, 0.17, 0.17, 0.17, 0.17, 0.17, 0.17, 0.17, 0.17, 0.17, 0.17, 0.17, 0.17, 0.17, 0.17, 0.17, 0.17, 0.17, 0.17, 0.17, 0.17, 0.17, 0.17, 0.17, 0.17, 0.17, 0.17, 0.17, 0.17, 0.17, 0.17, 0.17, 0.17, 0.17, 0.17, 0.17, 0.17, 0.17, 0.17, 0.17, 0.17], "Real_Power": [25.93, 26.14, 25.91, 26.18, 26.08, 25.91, 26.16, 26.02, 25.9, 26.15, 25.94, 26.03, 26.07, 25.99, 26.04, 26.03, 26.01, 25.94, 26.05, 26.1, 25.94, 26.12, 25.94, 26.14, 25.95, 25.99, 26.07, 25.97, 26.07, 26.15, 25.99, 26.09, 26.08, 26.07, 26.16, 25.85, 25.93, 26.04, 25.99, 26.19, 26.0, 25.96, 26.09, 25.91, 25.94], "Apparent_Power": [38.89, 38.89, 38.85, 38.89, 38.89, 38.88, 38.87, 38.86, 38.89, 38.89, 38.87, 38.88, 38.91, 38.93, 38.9, 38.92, 38.89, 38.89, 38.89, 38.9, 38.9, 38.89, 38.89, 38.91, 38.89, 38.86, 38.89, 38.89, 38.9, 38.9, 38.89, 38.9, 38.88, 38.88, 38.88, 38.88, 38.88, 38.89, 38.89, 38.91, 38.9, 38.91, 38.9, 38.91, 38.9], "Apparent_Power_Reactive": [28.98, 28.79, 28.94, 28.75, 28.84, 28.98, 28.74, 28.86, 29.01, 28.78, 28.94, 28.88, 28.88, 28.98, 28.89, 28.93, 28.91, 28.97, 28.87, 28.84, 28.98, 28.81, 28.97, 28.82, 28.96, 28.88, 28.85, 28.94, 28.87, 28.79, 28.93, 28.85, 28.83, 28.84, 28.76, 29.04, 28.97, 28.88, 28.93, 28.77, 28.93, 28.98, 28.85, 29.02, 28.98], "Power_Factor": [0.666, 0.672, 0.666, 0.673, 0.67, 0.666, 0.673, 0.669, 0.665, 0.672, 0.667, 0.669, 0.67, 0.667, 0.669, 0.668, 0.668, 0.667, 0.669, 0.67, 0.666, 0.671, 0.667, 0.671, 0.667, 0.668, 0.67, 0.667, 0.67, 0.672, 0.668, 0.67, 0.67, 0.67, 0.672, 0.664, 0.666, 0.669, 0.668, 0.673, 0.668, 0.667, 0.67, 0.665, 0.666], "Energy": [0.01, 0.02, 0.04, 0.05, 0.07, 0.08, 0.1, 0.11, 0.13, 0.14, 0.16, 0.17, 0.19, 0.2, 0.21, 0.23, 0.25, 0.26, 0.27, 0.29, 0.3, 0.32, 0.33, 0.35, 0.36, 0.38, 0.39, 0.41, 0.42, 0.44, 0.45, 0.46, 0.48, 0.49, 0.51, 0.52, 0.54, 0.55, 0.57, 0.58, 0.6, 0.61, 0.63, 0.64, 0.65], "Frequency": [49.43, 49.43, 49.43, 49.43, 49.43, 49.43, 49.43, 49.43, 49.43, 49.43, 49.43, 49.43, 49.43, 49.43, 49.43, 49.43, 49.43, 49.43, 49.43, 49.43, 49.43, 49.43, 49.43, 49.43, 49.43, 49.43, 49.43, 49.43, 49.44, 49.44, 49.44, 49.43, 49.43, 49.43, 49.44, 49.44, 49.44, 49.44, 49.44, 49.44, 49.44, 49.44, 49.44, 49.43, 49.43], "Temp_env": []}