{"Start_Time": [1755824167.8968618], "Time": [1755824169.899257, 1755824171.9018521, 1755824173.9041297, 1755824175.9119763, 1755824177.9141014, 1755824179.9161823, 1755824181.9239876, 1755824183.9262881, 1755824185.928387, 1755824187.9360142, 1755824189.9382894, 1755824191.9409714, 1755824193.9484499, 1755824195.9509254, 1755824197.9532235, 1755824199.9608645, 1755824201.9632084, 1755824203.9653234, 1755824205.9728174, 1755824207.9751685, 1755824209.9772928, 1755824211.9848797, 1755824213.9871974, 1755824215.989868, 1755824217.9922388, 1755824219.9949117, 1755824221.9972403, 1755824224.005004, 1755824226.0070965, 1755824228.0091894, 1755824230.0169883, 1755824232.0191224, 1755824234.021195, 1755824236.0290024, 1755824238.0311027, 1755824240.0338783, 1755824242.0362592, 1755824244.0388682, 1755824246.0419707, 1755824248.04929, 1755824250.0519311, 1755824252.0542264, 1755824254.0618653, 1755824256.0641747, 1755824258.0663116], "Voltage": [229.35, 229.29, 229.29, 229.24, 229.4, 229.24, 229.24, 229.24, 229.19, 229.4, 229.4, 229.55, 229.5, 229.5, 229.4, 229.29, 229.24, 229.29, 229.35, 229.35, 229.29, 229.24, 229.08, 229.97, 229.82, 230.18, 230.08, 230.08, 230.08, 230.29, 230.03, 230.13, 230.18, 230.03, 230.24, 230.39, 230.18, 230.18, 230.08, 230.18, 230.29, 230.24, 230.18, 230.18, 230.24], "Current": [0.17, 0.17, 0.17, 0.17, 0.17, 0.17, 0.17, 0.17, 0.17, 0.17, 0.17, 0.17, 0.17, 0.17, 0.17, 0.17, 0.17, 0.17, 0.17, 0.17, 0.17, 0.17, 0.17, 0.17, 0.17, 0.17, 0.17, 0.17, 0.17, 0.17, 0.17, 0.17, 0.17, 0.17, 0.17, 0.17, 0.17, 0.17, 0.17, 0.17, 0.17, 0.17, 0.17, 0.17, 0.17], "Real_Power": [26.23, 26.24, 26.24, 26.12, 26.31, 26.04, 26.17, 26.27, 26.06, 26.25, 26.24, 26.17, 26.33, 26.16, 26.1, 26.3, 26.06, 26.24, 26.12, 26.11, 26.33, 26.05, 26.17, 26.3, 26.08, 26.42, 26.26, 26.25, 26.27, 26.1, 26.28, 26.32, 26.16, 26.36, 26.36, 26.23, 26.37, 26.17, 26.27, 26.18, 26.29, 26.11, 26.33, 26.33, 26.22], "Apparent_Power": [38.98, 38.97, 38.97, 38.97, 38.99, 38.97, 38.97, 38.97, 38.96, 38.99, 38.99, 39.02, 39.01, 39.01, 38.99, 38.97, 38.97, 38.97, 38.98, 38.98, 38.97, 38.97, 38.94, 39.09, 39.06, 39.13, 39.11, 39.11, 39.11, 39.14, 39.1, 39.12, 39.13, 39.1, 39.14, 39.16, 39.13, 39.13, 39.11, 39.13, 39.14, 39.14, 39.13, 39.13, 39.14], "Apparent_Power_Reactive": [28.83, 28.81, 28.81, 28.92, 28.77, 28.99, 28.87, 28.78, 28.96, 28.82, 28.83, 28.94, 28.78, 28.93, 28.96, 28.75, 28.97, 28.81, 28.93, 28.94, 28.72, 28.98, 28.83, 28.91, 29.07, 28.86, 28.98, 28.99, 28.97, 29.16, 28.95, 28.94, 29.1, 28.87, 28.93, 29.07, 28.9, 29.09, 28.97, 29.08, 28.99, 29.15, 28.94, 28.94, 29.05], "Power_Factor": [0.672, 0.673, 0.673, 0.67, 0.674, 0.668, 0.671, 0.674, 0.668, 0.673, 0.672, 0.67, 0.674, 0.67, 0.669, 0.674, 0.668, 0.673, 0.67, 0.669, 0.675, 0.668, 0.672, 0.672, 0.667, 0.675, 0.671, 0.671, 0.671, 0.666, 0.672, 0.672, 0.668, 0.674, 0.673, 0.669, 0.673, 0.668, 0.671, 0.669, 0.671, 0.667, 0.672, 0.672, 0.669], "Energy": [0.01, 0.02, 0.04, 0.05, 0.07, 0.08, 0.1, 0.11, 0.13, 0.14, 0.16, 0.17, 0.19, 0.2, 0.22, 0.23, 0.25, 0.26, 0.27, 0.29, 0.3, 0.32, 0.33, 0.35, 0.36, 0.38, 0.39, 0.41, 0.42, 0.44, 0.45, 0.47, 0.48, 0.5, 0.51, 0.53, 0.54, 0.55, 0.57, 0.59, 0.6, 0.62, 0.63, 0.64, 0.66], "Frequency": [49.43, 49.43, 49.43, 49.41, 49.41, 49.41, 49.44, 49.44, 49.44, 49.45, 49.45, 49.45, 49.44, 49.44, 49.44, 49.44, 49.44, 49.44, 49.41, 49.41, 49.41, 49.39, 49.39, 49.39, 49.39, 49.39, 49.39, 49.4, 49.4, 49.4, 49.39, 49.39, 49.39, 49.4, 49.4, 49.4, 49.41, 49.41, 49.41, 49.42, 49.42, 49.42, 49.42, 49.42, 49.42], "Temp_env": []}