{"Start_Time": [1755235863.8683147], "Time": [1755235865.871022, 1755235867.873269, 1755235869.8760073, 1755235871.878127, 1755235873.8801873, 1755235875.8821685, 1755235877.889999, 1755235879.8923435, 1755235881.8943434, 1755235883.9021873, 1755235885.9044394, 1755235887.9073117, 1755235889.9150572, 1755235891.9175239, 1755235893.9202452, 1755235895.927697, 1755235897.930187, 1755235899.9325192, 1755235901.9403164, 1755235903.9424558, 1755235905.9445848, 1755235907.9474993, 1755235909.9495552, 1755235911.952294, 1755235913.959543, 1755235915.9616153, 1755235917.9637587, 1755235919.971412, 1755235921.9737768, 1755235923.976483, 1755235925.9837267, 1755235927.9858477, 1755235929.9879758, 1755235931.9904997, 1755235933.9928558, 1755235935.9955568, 1755235938.0029373, 1755235940.0056467, 1755235942.0080764, 1755235944.0155723, 1755235946.0180483, 1755235948.0207675, 1755235950.028286, 1755235952.03073, 1755235954.0330825], "Voltage": [227.56, 227.67, 227.51, 227.56, 227.46, 227.62, 227.41, 227.41, 227.56, 227.62, 227.56, 227.62, 227.72, 227.56, 227.72, 227.77, 227.77, 227.77, 227.72, 227.77, 227.62, 227.62, 227.56, 227.56, 227.56, 227.62, 227.46, 227.46, 227.41, 227.35, 227.56, 227.35, 227.35, 227.41, 227.35, 227.51, 227.46, 227.46, 227.41, 227.56, 227.46, 227.62, 227.56, 227.56, 227.46], "Current": [0.18, 0.17, 0.17, 0.18, 0.17, 0.17, 0.18, 0.17, 0.18, 0.17, 0.17, 0.18, 0.17, 0.18, 0.17, 0.17, 0.17, 0.17, 0.17, 0.17, 0.17, 0.17, 0.17, 0.18, 0.17, 0.17, 0.17, 0.17, 0.17, 0.17, 0.17, 0.17, 0.17, 0.17, 0.17, 0.17, 0.17, 0.17, 0.17, 0.17, 0.17, 0.17, 0.17, 0.17, 0.17], "Real_Power": [26.18, 26.08, 26.02, 26.16, 26.07, 26.02, 26.14, 25.94, 26.18, 26.08, 26.08, 26.13, 25.99, 26.22, 26.1, 26.04, 26.07, 26.0, 26.15, 25.93, 25.98, 26.06, 25.95, 26.16, 26.07, 26.07, 26.11, 25.95, 26.09, 26.01, 26.09, 26.1, 25.96, 26.1, 25.99, 25.94, 26.07, 26.06, 26.09, 26.16, 26.04, 26.13, 26.09, 26.03, 26.14], "Apparent_Power": [40.96, 38.7, 38.67, 40.96, 38.66, 38.69, 40.93, 38.65, 40.96, 38.69, 38.68, 40.97, 38.71, 40.96, 38.71, 38.72, 38.72, 38.72, 38.71, 38.72, 38.69, 38.69, 38.68, 40.96, 38.68, 38.69, 38.66, 38.66, 38.65, 38.64, 38.68, 38.64, 38.64, 38.65, 38.64, 38.67, 38.66, 38.66, 38.65, 38.68, 38.66, 38.69, 38.68, 38.68, 38.66], "Apparent_Power_Reactive": [31.5, 28.59, 28.6, 31.51, 28.54, 28.63, 31.49, 28.65, 31.5, 28.57, 28.56, 31.55, 28.68, 31.46, 28.58, 28.65, 28.62, 28.69, 28.54, 28.75, 28.66, 28.59, 28.68, 31.51, 28.57, 28.58, 28.51, 28.65, 28.51, 28.57, 28.55, 28.49, 28.62, 28.5, 28.59, 28.67, 28.54, 28.55, 28.51, 28.49, 28.57, 28.53, 28.55, 28.61, 28.48], "Power_Factor": [0.639, 0.673, 0.672, 0.638, 0.674, 0.672, 0.638, 0.671, 0.639, 0.674, 0.674, 0.637, 0.671, 0.64, 0.674, 0.672, 0.673, 0.671, 0.675, 0.669, 0.671, 0.673, 0.67, 0.638, 0.673, 0.673, 0.675, 0.671, 0.675, 0.673, 0.674, 0.675, 0.671, 0.675, 0.672, 0.67, 0.674, 0.674, 0.675, 0.676, 0.673, 0.675, 0.674, 0.672, 0.676], "Energy": [0.01, 0.02, 0.04, 0.05, 0.07, 0.08, 0.1, 0.11, 0.13, 0.14, 0.16, 0.17, 0.19, 0.2, 0.21, 0.23, 0.25, 0.26, 0.28, 0.29, 0.3, 0.32, 0.33, 0.35, 0.36, 0.38, 0.39, 0.41, 0.42, 0.44, 0.45, 0.47, 0.48, 0.49, 0.51, 0.52, 0.54, 0.55, 0.57, 0.58, 0.6, 0.61, 0.63, 0.64, 0.66], "Frequency": [49.41, 49.4, 49.4, 49.4, 49.41, 49.41, 49.41, 49.41, 49.41, 49.41, 49.4, 49.4, 49.4, 49.41, 49.41, 49.41, 49.41, 49.41, 49.41, 49.4, 49.4, 49.4, 49.42, 49.42, 49.42, 49.41, 49.41, 49.41, 49.42, 49.42, 49.42, 49.42, 49.42, 49.42, 49.39, 49.39, 49.39, 49.4, 49.4, 49.4, 49.39, 49.39, 49.39, 49.41, 49.41], "Temp_env": []}