{"Start_Time": [1755172454.5926077], "Time": [1755172456.5947704, 1755172458.5977721, 1755172460.6005082, 1755172462.6028037, 1755172464.604942, 1755172466.6077256, 1755172468.6097791, 1755172470.611865, 1755172472.6140018, 1755172474.6167235, 1755172476.619017, 1755172478.6216846, 1755172480.6240277, 1755172482.626718, 1755172484.6289763, 1755172486.6310842, 1755172488.6337748, 1755172490.636171, 1755172492.638769, 1755172494.6410887, 1755172496.6437676, 1755172498.6461048, 1755172500.648257, 1755172502.650906, 1755172504.6532736, 1755172506.6559546, 1755172508.6582828, 1755172510.66101, 1755172512.663093, 1755172514.665196, 1755172516.6681008, 1755172518.670905, 1755172520.6732824, 1755172522.675945, 1755172524.6784267, 1755172526.681116, 1755172528.6832683, 1755172530.6853974, 1755172532.6883512, 1755172534.6904325, 1755172536.6931305, 1755172538.695323, 1755172540.6973772, 1755172542.6995015, 1755172544.702191], "Voltage": [228.93, 229.03, 229.03, 228.93, 228.98, 229.03, 228.82, 228.87, 228.87, 228.82, 228.87, 228.87, 228.93, 228.72, 229.08, 229.19, 228.93, 228.98, 228.93, 228.93, 228.87, 228.87, 229.08, 228.93, 228.93, 229.14, 229.08, 229.08, 229.08, 229.14, 229.03, 228.93, 229.19, 229.19, 229.14, 229.03, 228.98, 229.03, 228.98, 229.03, 228.82, 228.93, 229.08, 229.14, 229.29], "Current": [0.17, 0.17, 0.17, 0.17, 0.17, 0.17, 0.17, 0.17, 0.17, 0.17, 0.17, 0.17, 0.17, 0.17, 0.17, 0.17, 0.17, 0.17, 0.17, 0.17, 0.17, 0.17, 0.17, 0.17, 0.17, 0.17, 0.17, 0.17, 0.17, 0.17, 0.17, 0.17, 0.17, 0.17, 0.17, 0.17, 0.17, 0.17, 0.17, 0.17, 0.17, 0.17, 0.17, 0.17, 0.17], "Real_Power": [25.72, 25.84, 25.8, 25.79, 25.64, 25.76, 25.78, 25.65, 25.71, 25.86, 25.68, 25.73, 25.81, 25.74, 25.79, 25.79, 25.75, 25.82, 25.72, 25.71, 25.83, 25.75, 25.64, 25.75, 25.82, 25.71, 25.75, 25.64, 25.86, 25.59, 25.67, 25.85, 25.67, 25.7, 25.82, 25.78, 25.7, 25.89, 25.82, 25.78, 25.8, 25.77, 25.69, 25.88, 25.78], "Apparent_Power": [38.91, 38.93, 38.93, 38.91, 38.92, 38.93, 38.89, 38.9, 38.9, 38.89, 38.9, 38.9, 38.91, 38.88, 38.94, 38.96, 38.91, 38.92, 38.91, 38.91, 38.9, 38.9, 38.94, 38.91, 38.91, 38.95, 38.94, 38.94, 38.94, 38.95, 38.93, 38.91, 38.96, 38.96, 38.95, 38.93, 38.92, 38.93, 38.92, 38.93, 38.89, 38.91, 38.94, 38.95, 38.97], "Apparent_Power_Reactive": [29.19, 29.11, 29.15, 29.13, 29.28, 29.18, 29.11, 29.24, 29.19, 29.04, 29.21, 29.17, 29.11, 29.13, 29.17, 29.2, 29.17, 29.12, 29.19, 29.2, 29.08, 29.15, 29.3, 29.17, 29.1, 29.25, 29.21, 29.3, 29.11, 29.36, 29.26, 29.08, 29.3, 29.28, 29.16, 29.17, 29.22, 29.07, 29.12, 29.17, 29.09, 29.15, 29.26, 29.1, 29.22], "Power_Factor": [0.661, 0.663, 0.662, 0.662, 0.658, 0.661, 0.662, 0.659, 0.66, 0.664, 0.66, 0.661, 0.663, 0.662, 0.662, 0.661, 0.661, 0.663, 0.661, 0.66, 0.664, 0.661, 0.658, 0.661, 0.663, 0.66, 0.661, 0.658, 0.664, 0.656, 0.659, 0.664, 0.658, 0.659, 0.662, 0.662, 0.66, 0.665, 0.663, 0.662, 0.663, 0.662, 0.659, 0.664, 0.661], "Energy": [0.01, 0.02, 0.04, 0.05, 0.07, 0.08, 0.1, 0.11, 0.13, 0.14, 0.15, 0.17, 0.18, 0.2, 0.21, 0.23, 0.24, 0.26, 0.27, 0.28, 0.3, 0.31, 0.33, 0.34, 0.36, 0.37, 0.39, 0.4, 0.41, 0.43, 0.44, 0.46, 0.47, 0.49, 0.5, 0.52, 0.53, 0.55, 0.56, 0.57, 0.59, 0.6, 0.62, 0.63, 0.65], "Frequency": [49.39, 49.39, 49.39, 49.39, 49.39, 49.38, 49.38, 49.38, 49.38, 49.38, 49.38, 49.38, 49.38, 49.38, 49.39, 49.39, 49.39, 49.39, 49.39, 49.39, 49.39, 49.39, 49.39, 49.39, 49.39, 49.39, 49.38, 49.38, 49.38, 49.39, 49.39, 49.39, 49.39, 49.39, 49.39, 49.38, 49.38, 49.38, 49.38, 49.38, 49.38, 49.37, 49.37, 49.37, 49.38], "Temp_env": []}