{"Start_Time": [1755278519.9370346], "Time": [1755278521.9392087, 1755278523.941904, 1755278525.9442434, 1755278527.9463265, 1755278529.9482949, 1755278531.950272, 1755278533.9529734, 1755278535.95533, 1755278537.9629815, 1755278539.9653263, 1755278541.9673188, 1755278543.975061, 1755278545.977342, 1755278547.979333, 1755278549.986512, 1755278551.9885137, 1755278553.9912608, 1755278555.9933863, 1755278557.9954379, 1755278559.9975917, 1755278562.0053082, 1755278564.007446, 1755278566.0095253, 1755278568.016786, 1755278570.0193336, 1755278572.021632, 1755278574.0293322, 1755278576.0316966, 1755278578.0343857, 1755278580.0368311, 1755278582.0393558, 1755278584.0416713, 1755278586.0495186, 1755278588.051678, 1755278590.0538287, 1755278592.06145, 1755278594.0638099, 1755278596.0667586, 1755278598.0695333, 1755278600.071927, 1755278602.074643, 1755278604.0769815, 1755278606.0796888, 1755278608.0875392, 1755278610.0898838], "Voltage": [228.93, 229.08, 229.03, 228.93, 229.03, 228.87, 229.14, 229.19, 229.08, 228.98, 228.98, 229.03, 229.14, 228.98, 228.93, 229.08, 229.03, 229.03, 229.03, 228.93, 228.93, 228.93, 228.98, 228.93, 228.87, 229.08, 229.03, 229.08, 229.08, 229.08, 229.08, 229.24, 229.19, 229.24, 229.08, 229.24, 229.24, 229.29, 229.24, 229.24, 229.29, 229.29, 229.29, 229.03, 229.08], "Current": [0.18, 0.17, 0.17, 0.17, 0.17, 0.18, 0.17, 0.17, 0.17, 0.17, 0.17, 0.17, 0.17, 0.18, 0.17, 0.17, 0.17, 0.17, 0.17, 0.17, 0.17, 0.17, 0.17, 0.17, 0.18, 0.17, 0.17, 0.17, 0.17, 0.17, 0.17, 0.17, 0.17, 0.17, 0.17, 0.18, 0.17, 0.17, 0.17, 0.17, 0.17, 0.17, 0.17, 0.18, 0.17], "Real_Power": [26.38, 26.18, 26.19, 26.18, 26.0, 26.31, 26.09, 26.09, 26.24, 25.95, 26.24, 26.1, 26.03, 26.34, 26.07, 26.0, 26.25, 25.98, 26.22, 26.29, 25.96, 26.21, 26.12, 26.01, 26.27, 25.93, 26.16, 26.2, 26.01, 26.27, 26.18, 26.04, 26.14, 26.02, 26.15, 26.27, 26.02, 26.27, 26.16, 26.07, 26.23, 26.07, 26.21, 26.38, 26.03], "Apparent_Power": [41.2, 38.94, 38.93, 38.91, 38.93, 41.19, 38.95, 38.96, 38.94, 38.92, 38.92, 38.93, 38.95, 41.21, 38.91, 38.94, 38.93, 38.93, 38.93, 38.91, 38.91, 38.91, 38.92, 38.91, 41.19, 38.94, 38.93, 38.94, 38.94, 38.94, 38.94, 38.97, 38.96, 38.97, 38.94, 41.26, 38.97, 38.97, 38.97, 38.97, 38.97, 38.97, 38.97, 41.22, 38.94], "Apparent_Power_Reactive": [31.64, 28.82, 28.8, 28.78, 28.97, 31.69, 28.92, 28.93, 28.77, 29.0, 28.74, 28.88, 28.97, 31.69, 28.88, 28.98, 28.74, 28.99, 28.77, 28.68, 28.98, 28.75, 28.85, 28.93, 31.72, 29.05, 28.83, 28.8, 28.97, 28.74, 28.82, 28.99, 28.88, 29.01, 28.85, 31.81, 29.01, 28.78, 28.88, 28.96, 28.82, 28.96, 28.83, 31.67, 28.96], "Power_Factor": [0.64, 0.672, 0.672, 0.672, 0.667, 0.638, 0.669, 0.669, 0.673, 0.666, 0.674, 0.67, 0.668, 0.639, 0.67, 0.667, 0.674, 0.667, 0.673, 0.675, 0.667, 0.673, 0.671, 0.668, 0.637, 0.665, 0.671, 0.672, 0.667, 0.674, 0.672, 0.668, 0.67, 0.667, 0.671, 0.636, 0.667, 0.674, 0.671, 0.668, 0.673, 0.668, 0.672, 0.639, 0.668], "Energy": [0.01, 0.02, 0.04, 0.05, 0.07, 0.08, 0.1, 0.11, 0.13, 0.14, 0.16, 0.17, 0.19, 0.2, 0.22, 0.23, 0.24, 0.26, 0.27, 0.29, 0.3, 0.32, 0.33, 0.35, 0.36, 0.38, 0.39, 0.41, 0.42, 0.44, 0.45, 0.47, 0.48, 0.49, 0.51, 0.52, 0.54, 0.55, 0.57, 0.58, 0.6, 0.61, 0.63, 0.64, 0.66], "Frequency": [49.42, 49.42, 49.43, 49.43, 49.43, 49.43, 49.43, 49.43, 49.42, 49.42, 49.42, 49.4, 49.4, 49.4, 49.4, 49.4, 49.4, 49.39, 49.39, 49.39, 49.39, 49.39, 49.39, 49.39, 49.39, 49.39, 49.4, 49.4, 49.4, 49.4, 49.4, 49.4, 49.4, 49.4, 49.4, 49.41, 49.41, 49.41, 49.41, 49.41, 49.41, 49.43, 49.43, 49.43, 49.41], "Temp_env": []}