{"Start_Time": [1755512543.5258794], "Time": [1755512545.5280175, 1755512547.5308073, 1755512549.5330658, 1755512551.5357568, 1755512553.5380845, 1755512555.5407972, 1755512557.543054, 1755512559.5451317, 1755512561.5478516, 1755512563.5500424, 1755512565.5523918, 1755512567.5549, 1755512569.5572588, 1755512571.5599456, 1755512573.5624824, 1755512575.5649736, 1755512577.5673535, 1755512579.5700524, 1755512581.57239, 1755512583.5750628, 1755512585.5772398, 1755512587.579274, 1755512589.5821273, 1755512591.5842547, 1755512593.5862913, 1755512595.5890243, 1755512597.5914187, 1755512599.5941079, 1755512601.5963235, 1755512603.598366, 1755512605.600511, 1755512607.6026168, 1755512609.6051755, 1755512611.6074471, 1755512613.6101809, 1755512615.6126301, 1755512617.6151426, 1755512619.6174846, 1755512621.6201844, 1755512623.622641, 1755512625.6253476, 1755512627.6276433, 1755512629.6303515, 1755512631.6328058, 1755512633.6353042], "Voltage": [228.45, 228.56, 228.4, 228.4, 228.51, 228.51, 228.19, 228.24, 228.4, 228.56, 228.45, 228.66, 228.61, 228.66, 228.66, 228.72, 228.61, 228.66, 228.77, 228.77, 228.56, 228.51, 228.45, 228.66, 228.51, 228.66, 228.61, 228.45, 228.35, 228.45, 228.19, 228.4, 228.35, 228.4, 228.19, 228.14, 228.35, 228.24, 228.35, 228.24, 228.19, 228.24, 228.14, 228.19, 228.4], "Current": [0.17, 0.17, 0.17, 0.17, 0.17, 0.17, 0.17, 0.17, 0.17, 0.17, 0.17, 0.17, 0.17, 0.17, 0.17, 0.17, 0.17, 0.17, 0.17, 0.17, 0.17, 0.17, 0.17, 0.17, 0.17, 0.17, 0.17, 0.17, 0.17, 0.17, 0.17, 0.17, 0.17, 0.17, 0.17, 0.17, 0.17, 0.17, 0.17, 0.17, 0.17, 0.17, 0.17, 0.17, 0.17], "Real_Power": [26.1, 25.92, 25.89, 26.16, 25.92, 26.02, 26.07, 25.84, 26.16, 25.95, 26.09, 25.86, 26.11, 26.17, 25.84, 26.2, 25.96, 26.04, 26.26, 25.93, 26.12, 25.91, 25.92, 26.07, 25.92, 26.11, 26.06, 25.81, 26.18, 25.98, 25.97, 26.08, 25.83, 26.11, 26.0, 26.1, 26.03, 25.96, 26.0, 26.07, 25.91, 26.08, 26.02, 25.99, 26.06], "Apparent_Power": [38.83, 38.85, 38.82, 38.82, 38.84, 38.84, 38.79, 38.8, 38.82, 38.85, 38.83, 38.87, 38.86, 38.87, 38.87, 38.88, 38.86, 38.87, 38.89, 38.89, 38.85, 38.84, 38.83, 38.87, 38.84, 38.87, 38.86, 38.83, 38.81, 38.83, 38.79, 38.82, 38.81, 38.82, 38.79, 38.78, 38.81, 38.8, 38.81, 38.8, 38.79, 38.8, 38.78, 38.79, 38.82], "Apparent_Power_Reactive": [28.74, 28.93, 28.92, 28.68, 28.92, 28.83, 28.72, 28.94, 28.68, 28.91, 28.75, 29.01, 28.78, 28.74, 29.03, 28.72, 28.91, 28.85, 28.68, 28.98, 28.75, 28.93, 28.91, 28.83, 28.92, 28.79, 28.82, 29.01, 28.65, 28.85, 28.81, 28.75, 28.96, 28.72, 28.78, 28.68, 28.78, 28.83, 28.81, 28.73, 28.86, 28.72, 28.75, 28.79, 28.77], "Power_Factor": [0.672, 0.667, 0.666, 0.673, 0.667, 0.669, 0.672, 0.665, 0.673, 0.667, 0.671, 0.665, 0.671, 0.673, 0.664, 0.673, 0.668, 0.669, 0.675, 0.666, 0.672, 0.667, 0.667, 0.67, 0.667, 0.671, 0.67, 0.664, 0.674, 0.669, 0.669, 0.671, 0.665, 0.672, 0.67, 0.673, 0.67, 0.669, 0.669, 0.671, 0.667, 0.672, 0.67, 0.67, 0.671], "Energy": [0.01, 0.02, 0.04, 0.05, 0.07, 0.08, 0.1, 0.11, 0.13, 0.14, 0.16, 0.17, 0.19, 0.2, 0.22, 0.23, 0.25, 0.26, 0.27, 0.29, 0.3, 0.32, 0.33, 0.35, 0.36, 0.38, 0.39, 0.41, 0.42, 0.44, 0.45, 0.46, 0.48, 0.49, 0.51, 0.52, 0.54, 0.55, 0.57, 0.58, 0.6, 0.61, 0.63, 0.64, 0.66], "Frequency": [49.41, 49.41, 49.39, 49.39, 49.39, 49.39, 49.39, 49.39, 49.4, 49.4, 49.4, 49.41, 49.41, 49.41, 49.4, 49.4, 49.4, 49.41, 49.41, 49.41, 49.4, 49.4, 49.4, 49.41, 49.41, 49.41, 49.42, 49.42, 49.42, 49.41, 49.41, 49.41, 49.39, 49.39, 49.39, 49.4, 49.4, 49.4, 49.39, 49.39, 49.39, 49.39, 49.39, 49.39, 49.39], "Temp_env": []}