{"Start_Time": [1755428650.0803335], "Time": [1755428652.0825748, 1755428654.084626, 1755428656.086813, 1755428658.0893285, 1755428660.0917213, 1755428662.0944495, 1755428664.1017995, 1755428666.1038268, 1755428668.1066651, 1755428670.1138964, 1755428672.1168315, 1755428674.1189036, 1755428676.121623, 1755428678.1240177, 1755428680.1269476, 1755428682.1290455, 1755428684.1310039, 1755428686.1337383, 1755428688.1410623, 1755428690.1430907, 1755428692.145841, 1755428694.1532295, 1755428696.1559255, 1755428698.1580951, 1755428700.1602323, 1755428702.162976, 1755428704.1653376, 1755428706.16748, 1755428708.1701717, 1755428710.172348, 1755428712.1800702, 1755428714.1824596, 1755428716.1845455, 1755428718.1873038, 1755428720.1894417, 1755428722.1915731, 1755428724.194287, 1755428726.196655, 1755428728.1993556, 1755428730.2015522, 1755428732.2093048, 1755428734.2117634, 1755428736.2143855, 1755428738.221666, 1755428740.2237964], "Voltage": [229.14, 229.29, 229.29, 229.14, 229.08, 229.14, 229.08, 229.14, 229.08, 229.08, 229.29, 229.19, 229.29, 229.08, 228.98, 229.03, 229.14, 229.03, 229.08, 229.03, 228.93, 228.93, 228.98, 229.03, 228.93, 228.98, 228.93, 229.08, 229.03, 228.98, 228.93, 229.08, 229.03, 229.08, 229.19, 229.19, 229.08, 229.19, 229.29, 229.14, 229.19, 229.03, 229.03, 229.03, 228.98], "Current": [0.17, 0.17, 0.17, 0.18, 0.17, 0.17, 0.17, 0.17, 0.17, 0.17, 0.17, 0.18, 0.17, 0.17, 0.17, 0.17, 0.17, 0.17, 0.17, 0.17, 0.17, 0.18, 0.17, 0.17, 0.18, 0.17, 0.17, 0.17, 0.17, 0.17, 0.17, 0.17, 0.17, 0.17, 0.17, 0.17, 0.17, 0.17, 0.17, 0.17, 0.17, 0.17, 0.17, 0.17, 0.17], "Real_Power": [26.27, 26.16, 26.1, 26.43, 26.06, 26.26, 26.28, 26.09, 26.2, 26.17, 26.18, 26.34, 26.14, 26.3, 26.18, 26.2, 26.27, 26.11, 26.29, 26.17, 26.2, 26.44, 26.14, 26.12, 26.35, 26.09, 26.27, 26.23, 26.07, 26.25, 26.15, 26.12, 26.06, 26.32, 26.24, 26.2, 26.27, 26.15, 26.23, 26.28, 26.18, 26.17, 26.1, 26.16, 26.26], "Apparent_Power": [38.95, 38.97, 38.97, 41.24, 38.94, 38.95, 38.94, 38.95, 38.94, 38.94, 38.97, 41.25, 38.97, 38.94, 38.92, 38.93, 38.95, 38.93, 38.94, 38.93, 38.91, 41.2, 38.92, 38.93, 41.2, 38.92, 38.91, 38.94, 38.93, 38.92, 38.91, 38.94, 38.93, 38.94, 38.96, 38.96, 38.94, 38.96, 38.97, 38.95, 38.96, 38.93, 38.93, 38.93, 38.92], "Apparent_Power_Reactive": [28.75, 28.88, 28.93, 31.65, 28.93, 28.76, 28.73, 28.92, 28.8, 28.83, 28.86, 31.74, 28.9, 28.71, 28.79, 28.79, 28.75, 28.87, 28.72, 28.82, 28.76, 31.59, 28.83, 28.86, 31.67, 28.88, 28.7, 28.78, 28.91, 28.73, 28.81, 28.88, 28.92, 28.69, 28.79, 28.83, 28.74, 28.88, 28.82, 28.74, 28.85, 28.82, 28.88, 28.83, 28.72], "Power_Factor": [0.674, 0.671, 0.669, 0.64, 0.669, 0.674, 0.674, 0.669, 0.672, 0.672, 0.671, 0.638, 0.67, 0.675, 0.672, 0.673, 0.674, 0.67, 0.675, 0.672, 0.673, 0.641, 0.671, 0.67, 0.639, 0.67, 0.675, 0.673, 0.669, 0.674, 0.672, 0.67, 0.669, 0.675, 0.673, 0.672, 0.674, 0.671, 0.673, 0.674, 0.671, 0.672, 0.67, 0.671, 0.674], "Energy": [0.01, 0.02, 0.04, 0.05, 0.07, 0.08, 0.1, 0.11, 0.13, 0.14, 0.16, 0.17, 0.19, 0.2, 0.22, 0.23, 0.25, 0.26, 0.27, 0.29, 0.3, 0.32, 0.33, 0.35, 0.36, 0.38, 0.39, 0.41, 0.42, 0.44, 0.45, 0.47, 0.48, 0.5, 0.51, 0.53, 0.54, 0.56, 0.57, 0.59, 0.6, 0.61, 0.63, 0.64, 0.66], "Frequency": [49.45, 49.43, 49.43, 49.43, 49.43, 49.43, 49.43, 49.43, 49.43, 49.43, 49.44, 49.44, 49.44, 49.43, 49.43, 49.43, 49.44, 49.44, 49.44, 49.44, 49.44, 49.44, 49.44, 49.44, 49.44, 49.43, 49.43, 49.43, 49.43, 49.43, 49.43, 49.43, 49.43, 49.43, 49.44, 49.44, 49.44, 49.43, 49.43, 49.43, 49.42, 49.42, 49.42, 49.43, 49.43], "Temp_env": []}