{"Start_Time": [1755731713.4248688], "Time": [1755731715.4270296, 1755731717.4297388, 1755731719.4320533, 1755731721.4347637, 1755731723.4370563, 1755731725.4397864, 1755731727.4421172, 1755731729.4448025, 1755731731.4471104, 1755731733.449234, 1755731735.4519758, 1755731737.4543018, 1755731739.4570131, 1755731741.4593313, 1755731743.4620388, 1755731745.464402, 1755731747.4670792, 1755731749.469244, 1755731751.4713292, 1755731753.4735093, 1755731755.4762225, 1755731757.4784024, 1755731759.481139, 1755731761.4836276, 1755731763.4861042, 1755731765.488451, 1755731767.4912114, 1755731769.4936502, 1755731771.4963896, 1755731773.4985466, 1755731775.5006828, 1755731777.503591, 1755731779.506315, 1755731781.5086377, 1755731783.5107887, 1755731785.5135326, 1755731787.515784, 1755731789.518482, 1755731791.520781, 1755731793.5236557, 1755731795.526454, 1755731797.5288346, 1755731799.531529, 1755731801.533983, 1755731803.536694], "Voltage": [229.87, 229.66, 229.82, 229.87, 229.82, 229.76, 229.87, 229.66, 229.66, 229.66, 229.76, 229.87, 229.82, 229.82, 229.71, 229.71, 229.71, 229.66, 229.76, 229.66, 229.87, 229.92, 229.92, 229.71, 229.76, 229.71, 229.71, 229.71, 229.76, 229.66, 229.82, 229.66, 229.61, 229.71, 229.76, 229.66, 229.76, 229.71, 229.66, 229.76, 229.87, 229.92, 229.82, 229.82, 229.92], "Current": [0.17, 0.17, 0.17, 0.17, 0.17, 0.17, 0.17, 0.17, 0.17, 0.17, 0.17, 0.17, 0.17, 0.17, 0.17, 0.17, 0.17, 0.17, 0.17, 0.17, 0.17, 0.17, 0.17, 0.17, 0.17, 0.17, 0.17, 0.17, 0.17, 0.17, 0.17, 0.17, 0.17, 0.17, 0.17, 0.17, 0.17, 0.17, 0.17, 0.17, 0.17, 0.17, 0.17, 0.17, 0.17], "Real_Power": [26.12, 26.08, 26.1, 26.1, 25.99, 26.0, 26.22, 26.13, 25.98, 26.1, 25.92, 26.07, 26.15, 25.96, 26.1, 25.97, 26.01, 25.92, 26.08, 26.06, 25.98, 26.1, 26.08, 25.99, 25.96, 26.06, 25.98, 26.07, 26.0, 26.07, 26.23, 26.0, 26.05, 26.16, 26.04, 26.06, 26.12, 26.06, 26.01, 26.03, 26.03, 26.16, 25.97, 26.13, 26.08], "Apparent_Power": [39.07, 39.04, 39.06, 39.07, 39.06, 39.05, 39.07, 39.04, 39.04, 39.04, 39.05, 39.07, 39.06, 39.06, 39.05, 39.05, 39.05, 39.04, 39.05, 39.04, 39.07, 39.08, 39.08, 39.05, 39.05, 39.05, 39.05, 39.05, 39.05, 39.04, 39.06, 39.04, 39.03, 39.05, 39.05, 39.04, 39.05, 39.05, 39.04, 39.05, 39.07, 39.08, 39.06, 39.06, 39.08], "Apparent_Power_Reactive": [29.05, 29.05, 29.05, 29.07, 29.15, 29.13, 28.96, 29.0, 29.14, 29.03, 29.2, 29.1, 29.01, 29.18, 29.04, 29.16, 29.12, 29.19, 29.06, 29.06, 29.18, 29.08, 29.1, 29.14, 29.17, 29.08, 29.15, 29.07, 29.13, 29.05, 28.94, 29.12, 29.06, 28.99, 29.1, 29.06, 29.02, 29.08, 29.11, 29.1, 29.13, 29.03, 29.17, 29.03, 29.1], "Power_Factor": [0.668, 0.668, 0.668, 0.668, 0.665, 0.665, 0.671, 0.669, 0.665, 0.668, 0.663, 0.667, 0.669, 0.664, 0.668, 0.665, 0.666, 0.663, 0.667, 0.667, 0.664, 0.667, 0.667, 0.665, 0.664, 0.667, 0.665, 0.667, 0.665, 0.667, 0.671, 0.665, 0.667, 0.669, 0.666, 0.667, 0.668, 0.667, 0.666, 0.666, 0.666, 0.669, 0.664, 0.668, 0.667], "Energy": [0.01, 0.02, 0.04, 0.05, 0.07, 0.08, 0.1, 0.11, 0.13, 0.14, 0.16, 0.17, 0.19, 0.2, 0.21, 0.23, 0.24, 0.26, 0.27, 0.29, 0.3, 0.32, 0.33, 0.35, 0.36, 0.38, 0.39, 0.4, 0.42, 0.43, 0.45, 0.46, 0.48, 0.49, 0.51, 0.52, 0.54, 0.55, 0.57, 0.58, 0.59, 0.61, 0.62, 0.64, 0.65], "Frequency": [49.41, 49.41, 49.42, 49.42, 49.42, 49.43, 49.43, 49.43, 49.39, 49.39, 49.39, 49.4, 49.4, 49.4, 49.4, 49.4, 49.4, 49.39, 49.39, 49.39, 49.39, 49.39, 49.39, 49.39, 49.39, 49.39, 49.39, 49.39, 49.39, 49.39, 49.39, 49.39, 49.39, 49.39, 49.39, 49.4, 49.4, 49.4, 49.39, 49.39, 49.39, 49.4, 49.4, 49.4, 49.39], "Temp_env": []}