{"Start_Time": [1755668991.2117007], "Time": [1755668993.2138398, 1755668995.2159173, 1755668997.2180605, 1755668999.220584, 1755669001.222908, 1755669003.22562, 1755669005.228061, 1755669007.2306042, 1755669009.2329435, 1755669011.2406142, 1755669013.2429466, 1755669015.2449374, 1755669017.2526865, 1755669019.255045, 1755669021.2578962, 1755669023.2600136, 1755669025.2620559, 1755669027.2647421, 1755669029.2671177, 1755669031.2698066, 1755669033.2721457, 1755669035.2797625, 1755669037.2821314, 1755669039.2848043, 1755669041.287166, 1755669043.289837, 1755669045.2922091, 1755669047.2948933, 1755669049.297272, 1755669051.299323, 1755669053.3019743, 1755669055.3043041, 1755669057.3070004, 1755669059.3149717, 1755669061.3173413, 1755669063.3199854, 1755669065.3231006, 1755669067.3254416, 1755669069.328192, 1755669071.3302765, 1755669073.3323424, 1755669075.3344853, 1755669077.3371694, 1755669079.3394692, 1755669081.3421247], "Voltage": [228.82, 228.87, 228.87, 228.87, 228.87, 228.87, 228.93, 228.82, 228.77, 228.77, 228.87, 228.93, 228.82, 228.93, 228.77, 228.87, 228.93, 228.82, 228.77, 228.87, 228.82, 228.77, 228.93, 228.93, 228.82, 228.93, 228.82, 228.87, 228.87, 228.87, 228.87, 228.87, 228.93, 228.82, 228.87, 229.14, 229.08, 229.08, 229.08, 228.98, 229.19, 229.03, 228.98, 228.98, 229.19], "Current": [0.17, 0.17, 0.17, 0.17, 0.17, 0.17, 0.17, 0.17, 0.17, 0.17, 0.17, 0.17, 0.17, 0.17, 0.17, 0.17, 0.17, 0.17, 0.17, 0.17, 0.17, 0.17, 0.17, 0.17, 0.17, 0.17, 0.17, 0.17, 0.17, 0.17, 0.17, 0.17, 0.17, 0.17, 0.17, 0.17, 0.17, 0.17, 0.17, 0.17, 0.17, 0.17, 0.17, 0.17, 0.17], "Real_Power": [26.1, 25.99, 26.12, 26.02, 26.2, 26.09, 26.22, 26.1, 26.17, 26.14, 26.07, 26.04, 26.14, 26.05, 26.07, 26.18, 26.09, 26.1, 26.01, 25.97, 26.05, 25.95, 26.08, 26.09, 26.09, 26.11, 25.99, 26.03, 26.0, 26.05, 26.07, 26.12, 26.05, 26.07, 26.14, 26.14, 25.97, 26.15, 26.07, 26.04, 26.18, 26.03, 26.21, 26.06, 26.02], "Apparent_Power": [38.89, 38.9, 38.9, 38.9, 38.9, 38.9, 38.91, 38.89, 38.89, 38.89, 38.9, 38.91, 38.89, 38.91, 38.89, 38.9, 38.91, 38.89, 38.89, 38.9, 38.89, 38.89, 38.91, 38.91, 38.89, 38.91, 38.89, 38.9, 38.9, 38.9, 38.9, 38.9, 38.91, 38.89, 38.9, 38.95, 38.94, 38.94, 38.94, 38.92, 38.96, 38.93, 38.92, 38.92, 38.96], "Apparent_Power_Reactive": [28.83, 28.94, 28.82, 28.91, 28.75, 28.85, 28.74, 28.83, 28.76, 28.79, 28.87, 28.91, 28.79, 28.9, 28.85, 28.77, 28.86, 28.83, 28.91, 28.96, 28.87, 28.96, 28.87, 28.86, 28.83, 28.84, 28.93, 28.9, 28.93, 28.88, 28.87, 28.82, 28.9, 28.85, 28.8, 28.87, 29.01, 28.85, 28.92, 28.92, 28.85, 28.94, 28.77, 28.9, 28.99], "Power_Factor": [0.671, 0.668, 0.671, 0.668, 0.673, 0.67, 0.673, 0.671, 0.672, 0.672, 0.67, 0.669, 0.672, 0.669, 0.67, 0.673, 0.67, 0.671, 0.668, 0.667, 0.669, 0.667, 0.67, 0.67, 0.67, 0.671, 0.668, 0.669, 0.668, 0.669, 0.67, 0.671, 0.669, 0.67, 0.671, 0.671, 0.666, 0.671, 0.669, 0.669, 0.671, 0.668, 0.673, 0.669, 0.667], "Energy": [0.01, 0.02, 0.04, 0.05, 0.07, 0.08, 0.1, 0.11, 0.13, 0.14, 0.16, 0.17, 0.19, 0.2, 0.21, 0.23, 0.24, 0.26, 0.27, 0.29, 0.3, 0.32, 0.33, 0.35, 0.36, 0.38, 0.39, 0.41, 0.42, 0.44, 0.45, 0.46, 0.48, 0.49, 0.51, 0.52, 0.54, 0.55, 0.57, 0.58, 0.6, 0.61, 0.63, 0.64, 0.66], "Frequency": [49.4, 49.4, 49.42, 49.42, 49.42, 49.41, 49.41, 49.41, 49.41, 49.41, 49.41, 49.42, 49.42, 49.42, 49.42, 49.42, 49.42, 49.41, 49.41, 49.41, 49.39, 49.39, 49.39, 49.39, 49.39, 49.39, 49.38, 49.38, 49.38, 49.39, 49.39, 49.39, 49.4, 49.4, 49.4, 49.41, 49.41, 49.41, 49.41, 49.41, 49.41, 49.4, 49.4, 49.4, 49.4], "Temp_env": []}