{"Start_Time": [1755419276.0400794], "Time": [1755419278.042803, 1755419280.0451016, 1755419282.0473993, 1755419284.0498765, 1755419286.0522408, 1755419288.0598948, 1755419290.0622241, 1755419292.0642326, 1755419294.0670907, 1755419296.069201, 1755419298.071984, 1755419300.080022, 1755419302.0824025, 1755419304.0850673, 1755419306.0923438, 1755419308.0950665, 1755419310.0975099, 1755419312.1000013, 1755419314.102303, 1755419316.104355, 1755419318.1072636, 1755419320.1093519, 1755419322.1114154, 1755419324.1192443, 1755419326.1215441, 1755419328.1242974, 1755419330.1315587, 1755419332.1342928, 1755419334.1364286, 1755419336.138562, 1755419338.1413162, 1755419340.1435976, 1755419342.1463096, 1755419344.1485562, 1755419346.1506586, 1755419348.157713, 1755419350.1604323, 1755419352.16274, 1755419354.165449, 1755419356.1678262, 1755419358.170377, 1755419360.1727364, 1755419362.17543, 1755419364.1778917, 1755419366.1855786], "Voltage": [231.49, 231.6, 231.49, 231.76, 231.6, 231.65, 231.6, 231.7, 231.55, 231.6, 231.7, 231.49, 231.55, 231.91, 231.49, 231.6, 231.76, 231.76, 231.91, 231.81, 231.76, 231.76, 231.81, 231.6, 231.86, 231.86, 231.76, 231.86, 231.76, 231.7, 231.7, 231.6, 231.7, 231.65, 231.55, 231.6, 231.81, 231.65, 231.7, 231.6, 231.7, 231.81, 231.76, 231.81, 231.6], "Current": [0.17, 0.17, 0.17, 0.17, 0.17, 0.17, 0.17, 0.17, 0.17, 0.17, 0.17, 0.17, 0.17, 0.17, 0.17, 0.17, 0.17, 0.17, 0.17, 0.17, 0.17, 0.17, 0.17, 0.17, 0.17, 0.17, 0.17, 0.17, 0.17, 0.17, 0.17, 0.17, 0.17, 0.17, 0.17, 0.17, 0.17, 0.17, 0.17, 0.17, 0.17, 0.17, 0.17, 0.17, 0.17], "Real_Power": [26.04, 26.21, 26.29, 26.09, 26.4, 26.04, 26.14, 26.26, 26.34, 26.12, 26.19, 26.26, 26.02, 26.2, 26.21, 26.0, 26.23, 26.07, 26.09, 26.32, 26.03, 26.23, 26.31, 26.04, 26.29, 26.19, 26.07, 26.25, 26.05, 26.23, 26.31, 26.1, 26.3, 26.08, 26.17, 26.19, 26.09, 26.23, 26.27, 26.17, 26.27, 26.06, 26.35, 26.36, 25.99], "Apparent_Power": [39.35, 39.37, 39.35, 39.39, 39.37, 39.38, 39.37, 39.38, 39.36, 39.37, 39.38, 39.35, 39.36, 39.42, 39.35, 39.37, 39.39, 39.39, 39.42, 39.4, 39.39, 39.39, 39.4, 39.37, 39.41, 39.41, 39.39, 39.41, 39.39, 39.38, 39.38, 39.37, 39.38, 39.38, 39.36, 39.37, 39.4, 39.38, 39.38, 39.37, 39.38, 39.4, 39.39, 39.4, 39.37], "Apparent_Power_Reactive": [29.5, 29.37, 29.27, 29.51, 29.2, 29.54, 29.43, 29.34, 29.24, 29.45, 29.4, 29.3, 29.53, 29.45, 29.35, 29.56, 29.38, 29.52, 29.55, 29.31, 29.56, 29.38, 29.32, 29.52, 29.35, 29.44, 29.52, 29.39, 29.54, 29.37, 29.3, 29.47, 29.31, 29.5, 29.39, 29.39, 29.52, 29.37, 29.33, 29.41, 29.33, 29.55, 29.27, 29.28, 29.57], "Power_Factor": [0.661, 0.665, 0.668, 0.662, 0.67, 0.661, 0.663, 0.666, 0.669, 0.663, 0.665, 0.667, 0.661, 0.664, 0.666, 0.66, 0.665, 0.661, 0.661, 0.668, 0.66, 0.665, 0.667, 0.661, 0.667, 0.664, 0.661, 0.666, 0.661, 0.666, 0.668, 0.662, 0.667, 0.662, 0.664, 0.665, 0.662, 0.666, 0.667, 0.664, 0.667, 0.661, 0.668, 0.669, 0.66], "Energy": [0.01, 0.02, 0.04, 0.05, 0.07, 0.08, 0.1, 0.11, 0.13, 0.14, 0.16, 0.17, 0.19, 0.2, 0.22, 0.23, 0.25, 0.26, 0.28, 0.29, 0.31, 0.32, 0.33, 0.35, 0.36, 0.38, 0.39, 0.41, 0.42, 0.44, 0.45, 0.47, 0.48, 0.5, 0.51, 0.53, 0.54, 0.56, 0.57, 0.59, 0.6, 0.61, 0.63, 0.64, 0.66], "Frequency": [49.46, 49.46, 49.45, 49.45, 49.45, 49.45, 49.45, 49.45, 49.43, 49.43, 49.43, 49.41, 49.41, 49.41, 49.4, 49.4, 49.4, 49.4, 49.4, 49.4, 49.39, 49.39, 49.39, 49.39, 49.39, 49.39, 49.4, 49.4, 49.4, 49.41, 49.41, 49.41, 49.42, 49.42, 49.42, 49.41, 49.41, 49.41, 49.41, 49.41, 49.41, 49.41, 49.41, 49.41, 49.42], "Temp_env": []}