{"Start_Time": [1755295145.304922], "Time": [1755295147.3076487, 1755295149.3099127, 1755295151.3126225, 1755295153.3150969, 1755295155.3177931, 1755295157.3198886, 1755295159.3219845, 1755295161.3248842, 1755295163.3269234, 1755295165.3290045, 1755295167.331127, 1755295169.3338728, 1755295171.3418956, 1755295173.344062, 1755295175.346169, 1755295177.3488393, 1755295179.3512495, 1755295181.3539717, 1755295183.3562703, 1755295185.3590126, 1755295187.3613355, 1755295189.364005, 1755295191.366257, 1755295193.3689919, 1755295195.371382, 1755295197.3740869, 1755295199.3763297, 1755295201.3784704, 1755295203.3811336, 1755295205.3833468, 1755295207.3856096, 1755295209.3881392, 1755295211.3904748, 1755295213.3931727, 1755295215.3956, 1755295217.3982987, 1755295219.4004993, 1755295221.4025419, 1755295223.4102805, 1755295225.4126387, 1755295227.4155562, 1755295229.4176211, 1755295231.4203143, 1755295233.42267, 1755295235.425548], "Voltage": [229.76, 229.76, 229.66, 229.71, 229.76, 229.76, 229.55, 229.76, 229.71, 229.71, 229.82, 229.82, 229.61, 229.87, 229.71, 229.82, 229.87, 229.76, 229.82, 229.82, 229.87, 229.76, 229.76, 229.71, 229.76, 229.61, 229.61, 229.71, 229.61, 229.5, 229.61, 229.5, 229.55, 229.55, 229.35, 229.4, 229.35, 229.5, 229.5, 229.61, 229.5, 229.5, 229.35, 229.55, 229.5], "Current": [0.17, 0.17, 0.17, 0.17, 0.17, 0.17, 0.17, 0.17, 0.17, 0.17, 0.17, 0.17, 0.17, 0.17, 0.17, 0.17, 0.17, 0.17, 0.17, 0.17, 0.17, 0.17, 0.17, 0.17, 0.17, 0.17, 0.17, 0.17, 0.17, 0.17, 0.17, 0.17, 0.17, 0.17, 0.17, 0.17, 0.17, 0.17, 0.17, 0.17, 0.17, 0.17, 0.17, 0.17, 0.17], "Real_Power": [25.95, 25.99, 26.03, 25.85, 25.96, 26.03, 25.85, 26.06, 25.9, 26.09, 26.04, 25.92, 26.09, 25.98, 25.97, 26.1, 25.85, 25.98, 25.93, 25.89, 25.99, 25.87, 26.01, 25.98, 25.96, 26.0, 25.95, 25.9, 25.97, 25.89, 25.91, 26.02, 25.9, 26.02, 26.05, 25.83, 26.15, 26.02, 25.84, 26.08, 25.92, 25.97, 25.99, 25.89, 26.0], "Apparent_Power": [39.05, 39.05, 39.04, 39.05, 39.05, 39.05, 39.02, 39.05, 39.05, 39.05, 39.06, 39.06, 39.03, 39.07, 39.05, 39.06, 39.07, 39.05, 39.06, 39.06, 39.07, 39.05, 39.05, 39.05, 39.05, 39.03, 39.03, 39.05, 39.03, 39.01, 39.03, 39.01, 39.02, 39.02, 38.98, 38.99, 38.98, 39.01, 39.01, 39.03, 39.01, 39.01, 38.98, 39.02, 39.01], "Apparent_Power_Reactive": [29.18, 29.14, 29.09, 29.26, 29.17, 29.1, 29.22, 29.08, 29.22, 29.05, 29.11, 29.22, 29.02, 29.18, 29.16, 29.05, 29.29, 29.15, 29.21, 29.24, 29.17, 29.25, 29.12, 29.15, 29.17, 29.1, 29.15, 29.22, 29.13, 29.18, 29.18, 29.06, 29.18, 29.07, 28.99, 29.2, 28.9, 29.06, 29.22, 29.03, 29.15, 29.1, 29.05, 29.19, 29.08], "Power_Factor": [0.664, 0.665, 0.666, 0.661, 0.664, 0.666, 0.662, 0.667, 0.663, 0.668, 0.666, 0.663, 0.668, 0.664, 0.665, 0.668, 0.661, 0.665, 0.663, 0.662, 0.665, 0.662, 0.666, 0.665, 0.664, 0.666, 0.664, 0.663, 0.665, 0.663, 0.663, 0.667, 0.663, 0.666, 0.668, 0.662, 0.67, 0.667, 0.662, 0.668, 0.664, 0.665, 0.666, 0.663, 0.666], "Energy": [0.01, 0.02, 0.04, 0.05, 0.07, 0.08, 0.1, 0.11, 0.13, 0.14, 0.16, 0.17, 0.18, 0.2, 0.21, 0.23, 0.24, 0.26, 0.27, 0.29, 0.3, 0.32, 0.33, 0.35, 0.36, 0.37, 0.39, 0.4, 0.42, 0.43, 0.45, 0.46, 0.48, 0.49, 0.51, 0.52, 0.54, 0.55, 0.56, 0.58, 0.59, 0.61, 0.62, 0.64, 0.65], "Frequency": [49.41, 49.41, 49.4, 49.4, 49.4, 49.4, 49.4, 49.4, 49.4, 49.4, 49.4, 49.41, 49.41, 49.41, 49.41, 49.41, 49.41, 49.42, 49.42, 49.42, 49.43, 49.43, 49.43, 49.42, 49.42, 49.42, 49.42, 49.42, 49.42, 49.4, 49.4, 49.4, 49.39, 49.39, 49.39, 49.39, 49.39, 49.39, 49.39, 49.39, 49.39, 49.4, 49.4, 49.4, 49.38], "Temp_env": []}