{"Start_Time": [1755653077.6375432], "Time": [1755653079.6396425, 1755653081.641762, 1755653083.6436906, 1755653085.6465626, 1755653087.6486673, 1755653089.6508055, 1755653091.652792, 1755653093.6554852, 1755653095.657758, 1755653097.659906, 1755653099.662594, 1755653101.6649463, 1755653103.667058, 1755653105.669592, 1755653107.6719353, 1755653109.6746194, 1755653111.6770837, 1755653113.6798663, 1755653115.682078, 1755653117.684843, 1755653119.6871433, 1755653121.689842, 1755653123.692243, 1755653125.6948848, 1755653127.6972377, 1755653129.6999218, 1755653131.7021143, 1755653133.7041826, 1755653135.7061527, 1755653137.7082555, 1755653139.7109628, 1755653141.7132952, 1755653143.7160249, 1755653145.7182677, 1755653147.720282, 1755653149.7224624, 1755653151.725035, 1755653153.727501, 1755653155.7302306, 1755653157.732494, 1755653159.7351925, 1755653161.7376544, 1755653163.740142, 1755653165.7424953, 1755653167.7445188], "Voltage": [230.13, 230.08, 229.97, 230.13, 230.18, 229.97, 230.03, 230.13, 230.08, 229.97, 230.13, 230.08, 230.08, 230.13, 230.03, 230.13, 230.18, 230.24, 230.18, 230.18, 230.24, 230.24, 229.97, 230.08, 230.08, 230.08, 230.13, 230.13, 230.13, 230.08, 230.08, 230.13, 230.13, 230.03, 230.03, 229.92, 230.03, 230.08, 230.08, 230.13, 230.18, 230.03, 230.13, 230.08, 230.03], "Current": [0.17, 0.17, 0.17, 0.17, 0.17, 0.17, 0.17, 0.17, 0.17, 0.17, 0.17, 0.17, 0.17, 0.17, 0.17, 0.17, 0.17, 0.17, 0.17, 0.17, 0.17, 0.17, 0.17, 0.17, 0.17, 0.17, 0.17, 0.17, 0.17, 0.17, 0.17, 0.17, 0.17, 0.17, 0.17, 0.17, 0.17, 0.17, 0.17, 0.17, 0.17, 0.17, 0.17, 0.17, 0.17], "Real_Power": [26.18, 26.39, 26.3, 26.36, 26.46, 26.19, 26.46, 26.3, 26.18, 26.41, 26.17, 26.22, 26.45, 26.17, 26.45, 26.35, 26.29, 26.37, 26.21, 26.31, 26.36, 26.35, 26.41, 26.28, 26.19, 26.43, 26.18, 26.28, 26.52, 26.11, 26.44, 26.37, 26.05, 26.35, 26.27, 26.21, 26.44, 26.25, 26.33, 26.28, 26.07, 26.37, 26.2, 26.2, 26.35], "Apparent_Power": [39.12, 39.11, 39.09, 39.12, 39.13, 39.09, 39.1, 39.12, 39.11, 39.09, 39.12, 39.11, 39.11, 39.12, 39.1, 39.12, 39.13, 39.14, 39.13, 39.13, 39.14, 39.14, 39.09, 39.11, 39.11, 39.11, 39.12, 39.12, 39.12, 39.11, 39.11, 39.12, 39.12, 39.1, 39.1, 39.08, 39.1, 39.11, 39.11, 39.12, 39.13, 39.1, 39.12, 39.11, 39.1], "Apparent_Power_Reactive": [29.06, 28.86, 28.91, 28.9, 28.82, 29.01, 28.78, 28.96, 29.05, 28.81, 29.07, 29.01, 28.8, 29.07, 28.79, 28.91, 28.98, 28.92, 29.05, 28.96, 28.93, 28.94, 28.81, 28.96, 29.04, 28.82, 29.06, 28.97, 28.75, 29.11, 28.81, 28.89, 29.18, 28.88, 28.96, 28.98, 28.8, 28.99, 28.91, 28.97, 29.18, 28.86, 29.05, 29.03, 28.88], "Power_Factor": [0.669, 0.674, 0.672, 0.673, 0.676, 0.669, 0.676, 0.672, 0.669, 0.675, 0.668, 0.67, 0.676, 0.668, 0.676, 0.673, 0.671, 0.673, 0.669, 0.672, 0.673, 0.673, 0.675, 0.671, 0.669, 0.675, 0.669, 0.671, 0.677, 0.667, 0.676, 0.674, 0.665, 0.673, 0.671, 0.67, 0.676, 0.671, 0.673, 0.671, 0.666, 0.674, 0.669, 0.669, 0.673], "Energy": [0.01, 0.02, 0.04, 0.05, 0.07, 0.08, 0.1, 0.11, 0.13, 0.14, 0.16, 0.17, 0.19, 0.2, 0.22, 0.23, 0.25, 0.26, 0.28, 0.29, 0.31, 0.32, 0.34, 0.35, 0.36, 0.38, 0.39, 0.41, 0.42, 0.44, 0.45, 0.47, 0.48, 0.5, 0.51, 0.53, 0.54, 0.56, 0.57, 0.59, 0.6, 0.62, 0.63, 0.65, 0.66], "Frequency": [49.43, 49.43, 49.44, 49.44, 49.44, 49.44, 49.44, 49.44, 49.43, 49.43, 49.43, 49.43, 49.43, 49.43, 49.37, 49.37, 49.37, 49.39, 49.39, 49.39, 49.4, 49.4, 49.4, 49.4, 49.4, 49.4, 49.4, 49.4, 49.4, 49.4, 49.4, 49.4, 49.4, 49.4, 49.4, 49.4, 49.4, 49.4, 49.39, 49.39, 49.39, 49.39, 49.39, 49.39, 49.39], "Temp_env": []}