{"Start_Time": [1755355753.0541196], "Time": [1755355755.056809, 1755355757.0598817, 1755355759.0626683, 1755355761.065082, 1755355763.0677814, 1755355765.0702333, 1755355767.0779536, 1755355769.080264, 1755355771.0829499, 1755355773.0851111, 1755355775.0878532, 1755355777.0902736, 1755355779.0979748, 1755355781.1003284, 1755355783.1030455, 1755355785.105945, 1755355787.1082995, 1755355789.1104271, 1755355791.1181056, 1755355793.1204388, 1755355795.1232002, 1755355797.131031, 1755355799.1334035, 1755355801.1360898, 1755355803.13837, 1755355805.1406615, 1755355807.1432192, 1755355809.1455824, 1755355811.1483123, 1755355813.1507354, 1755355815.1584299, 1755355817.1607137, 1755355819.1632833, 1755355821.1707942, 1755355823.1733208, 1755355825.175617, 1755355827.1783702, 1755355829.1809309, 1755355831.1834877, 1755355833.1863775, 1755355835.1887558, 1755355837.1914353, 1755355839.1995127, 1755355841.2017186, 1755355843.2044706], "Voltage": [229.71, 229.76, 229.76, 229.76, 229.87, 229.71, 229.71, 229.87, 229.82, 229.87, 229.97, 229.76, 229.87, 229.92, 229.82, 229.92, 230.03, 229.82, 229.82, 229.76, 229.76, 229.92, 229.87, 229.87, 229.82, 229.92, 229.87, 229.92, 229.92, 229.87, 229.87, 229.92, 229.97, 229.97, 229.97, 229.92, 229.97, 229.97, 229.97, 229.82, 229.87, 229.87, 229.97, 229.97, 229.92], "Current": [0.17, 0.17, 0.17, 0.17, 0.17, 0.17, 0.17, 0.17, 0.17, 0.17, 0.17, 0.17, 0.17, 0.17, 0.17, 0.17, 0.17, 0.17, 0.17, 0.17, 0.17, 0.17, 0.17, 0.17, 0.17, 0.17, 0.17, 0.17, 0.17, 0.17, 0.17, 0.17, 0.17, 0.17, 0.17, 0.17, 0.17, 0.17, 0.17, 0.17, 0.17, 0.17, 0.17, 0.17, 0.17], "Real_Power": [26.08, 26.21, 26.25, 26.06, 26.21, 26.18, 26.14, 26.27, 26.17, 26.11, 26.28, 26.15, 26.22, 26.31, 26.1, 26.24, 26.27, 26.07, 26.34, 26.17, 26.2, 26.23, 26.08, 26.12, 26.32, 26.12, 26.29, 26.2, 26.16, 26.35, 26.2, 26.13, 26.34, 26.24, 26.17, 26.12, 26.12, 26.47, 26.22, 26.07, 26.31, 26.25, 26.25, 26.23, 26.12], "Apparent_Power": [39.05, 39.05, 39.05, 39.05, 39.07, 39.05, 39.05, 39.07, 39.06, 39.07, 39.09, 39.05, 39.07, 39.08, 39.06, 39.08, 39.1, 39.06, 39.06, 39.05, 39.05, 39.08, 39.07, 39.07, 39.06, 39.08, 39.07, 39.08, 39.08, 39.07, 39.07, 39.08, 39.09, 39.09, 39.09, 39.08, 39.09, 39.09, 39.09, 39.06, 39.07, 39.07, 39.09, 39.09, 39.08], "Apparent_Power_Reactive": [29.06, 28.94, 28.91, 29.08, 28.97, 28.97, 29.01, 28.91, 28.99, 29.06, 28.93, 29.0, 28.96, 28.89, 29.05, 28.96, 28.96, 29.08, 28.84, 28.98, 28.95, 28.96, 29.09, 29.05, 28.86, 29.06, 28.9, 28.99, 29.03, 28.84, 28.98, 29.05, 28.88, 28.97, 29.03, 29.06, 29.08, 28.76, 28.99, 29.08, 28.88, 28.93, 28.96, 28.98, 29.06], "Power_Factor": [0.667, 0.671, 0.672, 0.667, 0.67, 0.67, 0.669, 0.672, 0.669, 0.668, 0.672, 0.669, 0.671, 0.673, 0.668, 0.671, 0.671, 0.667, 0.674, 0.67, 0.67, 0.671, 0.667, 0.668, 0.673, 0.668, 0.672, 0.67, 0.669, 0.674, 0.67, 0.668, 0.673, 0.671, 0.669, 0.668, 0.668, 0.677, 0.67, 0.667, 0.673, 0.671, 0.671, 0.671, 0.668], "Energy": [0.01, 0.02, 0.04, 0.05, 0.07, 0.08, 0.1, 0.11, 0.13, 0.14, 0.16, 0.17, 0.19, 0.2, 0.22, 0.23, 0.25, 0.26, 0.28, 0.29, 0.3, 0.32, 0.33, 0.35, 0.36, 0.38, 0.39, 0.41, 0.42, 0.44, 0.45, 0.47, 0.48, 0.5, 0.51, 0.53, 0.54, 0.56, 0.57, 0.59, 0.6, 0.61, 0.63, 0.64, 0.66], "Frequency": [49.39, 49.39, 49.38, 49.38, 49.38, 49.39, 49.39, 49.39, 49.38, 49.38, 49.38, 49.37, 49.37, 49.37, 49.36, 49.36, 49.36, 49.36, 49.36, 49.36, 49.36, 49.36, 49.36, 49.35, 49.35, 49.35, 49.36, 49.36, 49.36, 49.35, 49.35, 49.35, 49.38, 49.38, 49.38, 49.37, 49.37, 49.37, 49.36, 49.36, 49.36, 49.36, 49.36, 49.36, 49.35], "Temp_env": []}