{"Start_Time": [1755537735.6604302], "Time": [1755537737.6629858, 1755537739.6651094, 1755537741.6673026, 1755537743.6693225, 1755537745.6713214, 1755537747.6733353, 1755537749.6759462, 1755537751.678308, 1755537753.6809576, 1755537755.6833417, 1755537757.6860504, 1755537759.6884394, 1755537761.6910634, 1755537763.6934958, 1755537765.6961036, 1755537767.6985066, 1755537769.7011247, 1755537771.7033262, 1755537773.7053099, 1755537775.707337, 1755537777.7096233, 1755537779.7121153, 1755537781.7144794, 1755537783.7171786, 1755537785.719667, 1755537787.7222748, 1755537789.7245505, 1755537791.727265, 1755537793.7297604, 1755537795.7323315, 1755537797.7346025, 1755537799.7372963, 1755537801.7397833, 1755537803.7432733, 1755537805.7455947, 1755537807.7482724, 1755537809.7505438, 1755537811.7526288, 1755537813.7553482, 1755537815.7576647, 1755537817.759997, 1755537819.7625015, 1755537821.7648256, 1755537823.7675533, 1755537825.7700286], "Voltage": [226.62, 226.73, 226.73, 226.67, 226.62, 226.62, 226.52, 226.57, 226.57, 226.46, 226.52, 226.31, 226.41, 226.36, 226.36, 226.2, 226.41, 226.36, 226.25, 226.2, 226.25, 226.25, 226.2, 226.31, 226.2, 226.15, 226.15, 226.2, 226.15, 226.15, 226.2, 226.2, 226.31, 226.1, 226.2, 226.25, 226.04, 226.1, 226.1, 225.99, 225.99, 226.04, 226.15, 225.99, 226.04], "Current": [0.18, 0.18, 0.18, 0.18, 0.18, 0.18, 0.18, 0.18, 0.18, 0.18, 0.18, 0.18, 0.18, 0.18, 0.18, 0.18, 0.18, 0.18, 0.18, 0.18, 0.18, 0.18, 0.18, 0.18, 0.18, 0.18, 0.18, 0.18, 0.18, 0.18, 0.18, 0.18, 0.18, 0.18, 0.18, 0.17, 0.18, 0.18, 0.18, 0.18, 0.18, 0.18, 0.18, 0.18, 0.18], "Real_Power": [26.24, 26.06, 26.32, 26.07, 26.1, 26.32, 26.05, 26.32, 26.25, 26.23, 26.37, 26.07, 26.02, 26.27, 26.09, 26.2, 26.3, 25.89, 26.21, 26.28, 26.21, 26.33, 26.17, 26.06, 26.33, 26.14, 26.14, 26.26, 26.08, 26.28, 26.14, 26.11, 26.29, 26.14, 26.32, 25.91, 26.17, 26.33, 25.97, 26.22, 26.14, 26.0, 26.28, 26.02, 26.15], "Apparent_Power": [40.79, 40.81, 40.81, 40.8, 40.79, 40.79, 40.77, 40.78, 40.78, 40.76, 40.77, 40.73, 40.75, 40.74, 40.74, 40.71, 40.75, 40.74, 40.72, 40.71, 40.72, 40.72, 40.71, 40.73, 40.71, 40.7, 40.7, 40.71, 40.7, 40.7, 40.71, 40.71, 40.73, 40.69, 40.71, 38.46, 40.68, 40.69, 40.69, 40.67, 40.67, 40.68, 40.7, 40.67, 40.68], "Apparent_Power_Reactive": [31.22, 31.4, 31.18, 31.38, 31.34, 31.16, 31.36, 31.14, 31.2, 31.19, 31.09, 31.29, 31.36, 31.13, 31.28, 31.15, 31.12, 31.45, 31.16, 31.09, 31.16, 31.06, 31.18, 31.3, 31.04, 31.19, 31.19, 31.1, 31.24, 31.07, 31.2, 31.23, 31.1, 31.18, 31.05, 28.42, 31.14, 31.02, 31.32, 31.08, 31.15, 31.28, 31.07, 31.25, 31.16], "Power_Factor": [0.643, 0.638, 0.644, 0.638, 0.639, 0.645, 0.638, 0.645, 0.643, 0.643, 0.646, 0.64, 0.638, 0.644, 0.64, 0.643, 0.645, 0.635, 0.643, 0.645, 0.643, 0.646, 0.642, 0.639, 0.646, 0.642, 0.642, 0.645, 0.64, 0.645, 0.642, 0.641, 0.645, 0.642, 0.646, 0.673, 0.643, 0.647, 0.638, 0.644, 0.642, 0.639, 0.645, 0.639, 0.642], "Energy": [0.01, 0.02, 0.04, 0.05, 0.07, 0.08, 0.1, 0.11, 0.13, 0.14, 0.16, 0.17, 0.19, 0.2, 0.22, 0.23, 0.25, 0.26, 0.27, 0.29, 0.3, 0.32, 0.33, 0.35, 0.36, 0.38, 0.39, 0.41, 0.42, 0.44, 0.45, 0.47, 0.48, 0.5, 0.51, 0.53, 0.54, 0.56, 0.57, 0.59, 0.6, 0.61, 0.63, 0.64, 0.66], "Frequency": [49.37, 49.37, 49.37, 49.37, 49.38, 49.38, 49.38, 49.36, 49.36, 49.36, 49.37, 49.37, 49.37, 49.35, 49.35, 49.35, 49.37, 49.37, 49.37, 49.36, 49.36, 49.36, 49.36, 49.36, 49.36, 49.36, 49.36, 49.36, 49.36, 49.36, 49.36, 49.38, 49.38, 49.38, 49.38, 49.38, 49.38, 49.37, 49.37, 49.37, 49.38, 49.38, 49.38, 49.37, 49.37], "Temp_env": []}