{"Start_Time": [1755125626.4049516], "Time": [1755125628.4075284, 1755125630.4098167, 1755125632.4119716, 1755125634.4145112, 1755125636.4168856, 1755125638.419592, 1755125640.422137, 1755125642.4245865, 1755125644.4269414, 1755125646.4296813, 1755125648.4321363, 1755125650.4346602, 1755125652.4370022, 1755125654.439745, 1755125656.4421365, 1755125658.4446638, 1755125660.4470313, 1755125662.4491885, 1755125664.4520366, 1755125666.4548335, 1755125668.457098, 1755125670.4598691, 1755125672.4622672, 1755125674.4648054, 1755125676.4671755, 1755125678.4698267, 1755125680.472314, 1755125682.4748604, 1755125684.4771702, 1755125686.4799786, 1755125688.4824212, 1755125690.4849164, 1755125692.4872699, 1755125694.4900062, 1755125696.4924204, 1755125698.494938, 1755125700.4973567, 1755125702.5000412, 1755125704.50244, 1755125706.505201, 1755125708.5072992, 1755125710.5094893, 1755125712.5123718, 1755125714.5151792, 1755125716.5175154], "Voltage": [228.24, 228.3, 228.24, 228.19, 228.24, 228.24, 228.19, 228.19, 228.19, 228.3, 228.24, 228.09, 228.24, 228.3, 228.24, 228.19, 228.24, 228.24, 228.3, 228.35, 228.35, 228.19, 228.3, 228.19, 228.19, 228.35, 228.19, 228.19, 228.19, 228.24, 228.45, 228.3, 228.35, 228.3, 228.24, 228.24, 228.35, 228.3, 228.35, 228.3, 228.24, 228.14, 228.14, 228.3, 228.24], "Current": [0.17, 0.17, 0.17, 0.17, 0.17, 0.17, 0.17, 0.17, 0.17, 0.17, 0.17, 0.17, 0.17, 0.17, 0.17, 0.17, 0.17, 0.17, 0.17, 0.17, 0.17, 0.17, 0.17, 0.17, 0.17, 0.17, 0.17, 0.17, 0.17, 0.17, 0.17, 0.17, 0.17, 0.17, 0.17, 0.17, 0.17, 0.17, 0.17, 0.17, 0.17, 0.17, 0.17, 0.17, 0.17], "Real_Power": [25.44, 25.59, 25.77, 25.63, 25.8, 25.79, 25.57, 25.72, 25.71, 25.68, 25.64, 25.69, 25.77, 25.5, 25.96, 25.68, 25.64, 25.93, 25.39, 25.64, 26.01, 25.37, 25.61, 25.69, 25.54, 25.65, 25.74, 25.6, 25.59, 25.69, 25.68, 25.57, 25.79, 25.77, 25.5, 25.91, 25.59, 25.62, 25.95, 25.5, 25.6, 25.83, 25.55, 25.72, 25.71], "Apparent_Power": [38.8, 38.81, 38.8, 38.79, 38.8, 38.8, 38.79, 38.79, 38.79, 38.81, 38.8, 38.77, 38.8, 38.81, 38.8, 38.79, 38.8, 38.8, 38.81, 38.81, 38.81, 38.79, 38.81, 38.79, 38.79, 38.81, 38.79, 38.79, 38.79, 38.8, 38.83, 38.81, 38.81, 38.81, 38.8, 38.8, 38.81, 38.81, 38.81, 38.81, 38.8, 38.78, 38.78, 38.81, 38.8], "Apparent_Power_Reactive": [29.29, 29.17, 29.0, 29.11, 28.97, 28.98, 29.16, 29.03, 29.04, 29.09, 29.12, 29.03, 29.0, 29.25, 28.83, 29.07, 29.12, 28.86, 29.35, 29.13, 28.8, 29.34, 29.16, 29.06, 29.19, 29.12, 29.01, 29.14, 29.15, 29.07, 29.12, 29.19, 29.0, 29.01, 29.24, 28.88, 29.17, 29.15, 28.85, 29.25, 29.15, 28.92, 29.17, 29.06, 29.05], "Power_Factor": [0.655, 0.659, 0.664, 0.66, 0.664, 0.664, 0.659, 0.663, 0.662, 0.661, 0.66, 0.662, 0.664, 0.657, 0.669, 0.662, 0.66, 0.668, 0.654, 0.66, 0.67, 0.654, 0.659, 0.662, 0.658, 0.66, 0.663, 0.659, 0.659, 0.662, 0.661, 0.658, 0.664, 0.664, 0.657, 0.667, 0.659, 0.66, 0.668, 0.657, 0.659, 0.666, 0.658, 0.662, 0.662], "Energy": [0.01, 0.02, 0.04, 0.05, 0.07, 0.08, 0.1, 0.11, 0.12, 0.14, 0.15, 0.17, 0.18, 0.2, 0.21, 0.23, 0.24, 0.25, 0.27, 0.28, 0.3, 0.31, 0.33, 0.34, 0.36, 0.37, 0.38, 0.4, 0.41, 0.43, 0.44, 0.46, 0.47, 0.49, 0.5, 0.51, 0.53, 0.54, 0.56, 0.57, 0.59, 0.6, 0.61, 0.63, 0.64], "Frequency": [49.44, 49.44, 49.44, 49.44, 49.44, 49.44, 49.45, 49.45, 49.45, 49.44, 49.44, 49.44, 49.44, 49.44, 49.44, 49.46, 49.46, 49.46, 49.48, 49.48, 49.48, 49.49, 49.49, 49.49, 49.48, 49.48, 49.48, 49.48, 49.48, 49.48, 49.48, 49.48, 49.48, 49.49, 49.49, 49.49, 49.48, 49.48, 49.48, 49.48, 49.48, 49.48, 49.48, 49.48, 49.48], "Temp_env": []}