{"Start_Time": [1755505612.83311], "Time": [1755505614.8358107, 1755505616.8383105, 1755505618.840814, 1755505620.8429496, 1755505622.8506844, 1755505624.8530262, 1755505626.855136, 1755505628.858008, 1755505630.8600445, 1755505632.8622196, 1755505634.864911, 1755505636.8670447, 1755505638.869129, 1755505640.8712711, 1755505642.8739877, 1755505644.8763041, 1755505646.8783686, 1755505648.8809254, 1755505650.8832457, 1755505652.8853123, 1755505654.8881536, 1755505656.8902435, 1755505658.8922842, 1755505660.894997, 1755505662.8973303, 1755505664.9051414, 1755505666.9073563, 1755505668.9100065, 1755505670.9173403, 1755505672.9194605, 1755505674.9221048, 1755505676.9293928, 1755505678.9321113, 1755505680.9344356, 1755505682.9420617, 1755505684.944445, 1755505686.9470994, 1755505688.9493768, 1755505690.9514363, 1755505692.9535377, 1755505694.9562745, 1755505696.9642544, 1755505698.96656, 1755505700.9687023, 1755505702.9763544], "Voltage": [231.81, 231.86, 231.65, 231.76, 231.7, 231.86, 231.97, 231.91, 231.65, 231.65, 231.86, 231.7, 231.86, 231.7, 231.65, 231.76, 231.7, 231.6, 231.86, 231.91, 231.81, 231.55, 231.86, 231.76, 231.97, 231.7, 231.76, 231.76, 231.65, 231.13, 231.23, 230.86, 230.6, 230.66, 230.71, 230.92, 230.81, 230.76, 230.6, 230.66, 230.66, 230.71, 230.66, 230.86, 230.81], "Current": [0.17, 0.17, 0.17, 0.17, 0.17, 0.17, 0.17, 0.17, 0.17, 0.17, 0.17, 0.17, 0.17, 0.17, 0.17, 0.17, 0.17, 0.17, 0.17, 0.17, 0.17, 0.17, 0.17, 0.17, 0.17, 0.17, 0.17, 0.17, 0.17, 0.17, 0.17, 0.17, 0.17, 0.17, 0.17, 0.17, 0.17, 0.17, 0.17, 0.17, 0.17, 0.17, 0.17, 0.17, 0.17], "Real_Power": [26.23, 26.46, 26.34, 26.2, 26.44, 26.23, 26.34, 26.47, 26.18, 26.53, 26.24, 26.29, 26.48, 26.18, 26.45, 26.46, 26.29, 26.37, 26.14, 26.27, 26.63, 26.11, 26.41, 26.3, 26.3, 26.54, 26.41, 26.36, 26.32, 26.21, 26.45, 26.38, 26.46, 26.19, 26.37, 26.4, 26.34, 26.34, 26.26, 26.29, 26.39, 26.35, 26.5, 26.38, 26.25], "Apparent_Power": [39.4, 39.41, 39.38, 39.39, 39.38, 39.41, 39.43, 39.42, 39.38, 39.38, 39.41, 39.38, 39.41, 39.38, 39.38, 39.39, 39.38, 39.37, 39.41, 39.42, 39.4, 39.36, 39.41, 39.39, 39.43, 39.38, 39.39, 39.39, 39.38, 39.29, 39.3, 39.24, 39.2, 39.21, 39.22, 39.25, 39.23, 39.22, 39.2, 39.21, 39.21, 39.22, 39.21, 39.24, 39.23], "Apparent_Power_Reactive": [29.39, 29.2, 29.27, 29.41, 29.18, 29.41, 29.34, 29.21, 29.41, 29.1, 29.4, 29.31, 29.18, 29.41, 29.17, 29.17, 29.31, 29.23, 29.49, 29.39, 29.03, 29.45, 29.25, 29.32, 29.37, 29.09, 29.22, 29.26, 29.29, 29.27, 29.06, 29.04, 28.92, 29.18, 29.03, 29.04, 29.07, 29.05, 29.1, 29.09, 28.99, 29.04, 28.89, 29.04, 29.15], "Power_Factor": [0.665, 0.671, 0.668, 0.665, 0.671, 0.665, 0.668, 0.671, 0.664, 0.673, 0.665, 0.667, 0.671, 0.664, 0.671, 0.671, 0.667, 0.669, 0.663, 0.666, 0.675, 0.663, 0.67, 0.667, 0.667, 0.673, 0.67, 0.669, 0.668, 0.667, 0.673, 0.672, 0.675, 0.667, 0.672, 0.672, 0.671, 0.671, 0.669, 0.67, 0.673, 0.671, 0.675, 0.672, 0.669], "Energy": [0.01, 0.02, 0.04, 0.05, 0.07, 0.08, 0.1, 0.11, 0.13, 0.14, 0.16, 0.17, 0.19, 0.2, 0.22, 0.23, 0.25, 0.26, 0.28, 0.29, 0.31, 0.32, 0.34, 0.35, 0.37, 0.38, 0.39, 0.41, 0.42, 0.44, 0.45, 0.47, 0.49, 0.5, 0.51, 0.53, 0.54, 0.56, 0.57, 0.59, 0.6, 0.62, 0.63, 0.65, 0.66], "Frequency": [49.42, 49.42, 49.43, 49.43, 49.43, 49.42, 49.42, 49.42, 49.42, 49.42, 49.42, 49.43, 49.43, 49.43, 49.4, 49.4, 49.4, 49.41, 49.41, 49.41, 49.42, 49.42, 49.42, 49.41, 49.41, 49.41, 49.42, 49.42, 49.42, 49.42, 49.42, 49.42, 49.42, 49.42, 49.42, 49.41, 49.41, 49.41, 49.43, 49.43, 49.43, 49.43, 49.43, 49.43, 49.42], "Temp_env": []}