{"Start_Time": [1755817363.560464], "Time": [1755817365.5627756, 1755817367.5654762, 1755817369.5677798, 1755817371.5704901, 1755817373.572659, 1755817375.574999, 1755817377.577533, 1755817379.5798256, 1755817381.5825622, 1755817383.584978, 1755817385.5874887, 1755817387.589809, 1755817389.592473, 1755817391.5949118, 1755817393.5976245, 1755817395.5999165, 1755817397.6026773, 1755817399.604964, 1755817401.6077046, 1755817403.6097982, 1755817405.6118617, 1755817407.6139748, 1755817409.6166213, 1755817411.6190054, 1755817413.6217833, 1755817415.6240344, 1755817417.626686, 1755817419.6290197, 1755817421.631844, 1755817423.6339657, 1755817425.636107, 1755817427.6387923, 1755817429.6409543, 1755817431.6437721, 1755817433.646015, 1755817435.6481564, 1755817437.6508691, 1755817439.653198, 1755817441.6553073, 1755817443.657804, 1755817445.660141, 1755817447.6628373, 1755817449.665283, 1755817451.667789, 1755817453.670128], "Voltage": [230.24, 230.29, 230.34, 230.24, 230.34, 230.29, 230.29, 230.39, 230.29, 230.29, 230.24, 230.34, 230.24, 230.24, 230.29, 230.18, 230.34, 230.29, 230.24, 230.34, 230.24, 230.29, 230.18, 230.29, 230.24, 230.29, 230.45, 230.29, 230.29, 230.18, 230.29, 230.34, 230.13, 230.29, 230.24, 230.24, 230.13, 230.24, 230.24, 230.18, 230.24, 230.18, 230.29, 230.24, 230.29], "Current": [0.17, 0.17, 0.17, 0.17, 0.17, 0.17, 0.17, 0.17, 0.17, 0.17, 0.17, 0.17, 0.17, 0.17, 0.17, 0.17, 0.17, 0.17, 0.17, 0.17, 0.17, 0.17, 0.17, 0.17, 0.17, 0.17, 0.17, 0.17, 0.17, 0.17, 0.17, 0.17, 0.17, 0.17, 0.17, 0.17, 0.17, 0.17, 0.17, 0.17, 0.17, 0.17, 0.17, 0.17, 0.17], "Real_Power": [26.07, 26.15, 26.14, 26.22, 26.08, 26.06, 26.22, 26.09, 26.16, 26.08, 26.11, 26.18, 26.03, 26.25, 26.15, 26.23, 26.15, 26.19, 26.17, 26.13, 26.19, 26.12, 26.2, 26.12, 26.22, 26.16, 26.19, 26.03, 26.13, 26.14, 26.16, 26.08, 26.11, 26.1, 26.07, 26.09, 26.12, 26.1, 26.22, 26.19, 26.16, 25.99, 26.09, 26.13, 26.17], "Apparent_Power": [39.14, 39.14, 39.15, 39.14, 39.15, 39.14, 39.14, 39.16, 39.14, 39.14, 39.14, 39.15, 39.14, 39.14, 39.14, 39.13, 39.15, 39.14, 39.14, 39.15, 39.14, 39.14, 39.13, 39.14, 39.14, 39.14, 39.17, 39.14, 39.14, 39.13, 39.14, 39.15, 39.12, 39.14, 39.14, 39.14, 39.12, 39.14, 39.14, 39.13, 39.14, 39.13, 39.14, 39.14, 39.14], "Apparent_Power_Reactive": [29.19, 29.12, 29.14, 29.05, 29.19, 29.2, 29.05, 29.2, 29.11, 29.18, 29.15, 29.1, 29.22, 29.03, 29.12, 29.03, 29.13, 29.08, 29.1, 29.15, 29.08, 29.14, 29.06, 29.14, 29.05, 29.11, 29.12, 29.22, 29.14, 29.11, 29.11, 29.19, 29.13, 29.16, 29.19, 29.17, 29.12, 29.16, 29.05, 29.07, 29.11, 29.25, 29.17, 29.14, 29.1], "Power_Factor": [0.666, 0.668, 0.667, 0.669, 0.666, 0.665, 0.669, 0.666, 0.668, 0.666, 0.667, 0.668, 0.665, 0.67, 0.668, 0.67, 0.667, 0.669, 0.668, 0.667, 0.669, 0.667, 0.669, 0.667, 0.669, 0.668, 0.668, 0.665, 0.667, 0.668, 0.668, 0.666, 0.667, 0.666, 0.666, 0.666, 0.667, 0.666, 0.669, 0.669, 0.668, 0.664, 0.666, 0.667, 0.668], "Energy": [0.01, 0.02, 0.04, 0.05, 0.07, 0.08, 0.1, 0.11, 0.13, 0.14, 0.16, 0.17, 0.19, 0.2, 0.22, 0.23, 0.24, 0.26, 0.27, 0.29, 0.3, 0.32, 0.33, 0.35, 0.36, 0.38, 0.39, 0.41, 0.42, 0.44, 0.45, 0.47, 0.48, 0.49, 0.51, 0.52, 0.54, 0.55, 0.57, 0.58, 0.6, 0.61, 0.63, 0.64, 0.66], "Frequency": [49.39, 49.39, 49.39, 49.38, 49.38, 49.38, 49.38, 49.38, 49.38, 49.38, 49.38, 49.38, 49.41, 49.41, 49.41, 49.41, 49.41, 49.41, 49.4, 49.4, 49.4, 49.38, 49.38, 49.38, 49.37, 49.37, 49.37, 49.38, 49.38, 49.38, 49.38, 49.38, 49.38, 49.37, 49.37, 49.37, 49.37, 49.37, 49.37, 49.36, 49.36, 49.36, 49.37, 49.37, 49.37], "Temp_env": []}