{"Start_Time": [1755075666.9197493], "Time": [1755075668.9220428, 1755075670.9243133, 1755075672.9263413, 1755075674.9336169, 1755075676.9362018, 1755075678.938551, 1755075680.9461372, 1755075682.94846, 1755075684.9511826, 1755075686.9586053, 1755075688.9613533, 1755075690.9636621, 1755075692.9713233, 1755075694.973775, 1755075696.9762764, 1755075698.983766, 1755075700.986261, 1755075702.9886541, 1755075704.9964828, 1755075706.9986115, 1755075709.000672, 1755075711.0083811, 1755075713.0107017, 1755075715.012769, 1755075717.0154114, 1755075719.0177298, 1755075721.0198987, 1755075723.0275378, 1755075725.0298202, 1755075727.0325482, 1755075729.0399394, 1755075731.0426786, 1755075733.0449803, 1755075735.0526052, 1755075737.0548894, 1755075739.0569596, 1755075741.059662, 1755075743.0620277, 1755075745.0641754, 1755075747.066823, 1755075749.07427, 1755075751.0768478, 1755075753.079186, 1755075755.086827, 1755075757.089128], "Voltage": [228.61, 228.51, 228.3, 228.56, 228.24, 228.24, 228.45, 228.61, 228.61, 228.77, 228.66, 228.45, 228.61, 228.61, 228.72, 228.45, 228.19, 228.4, 228.3, 228.45, 228.24, 228.45, 228.4, 228.56, 228.45, 228.72, 228.51, 228.14, 228.56, 228.61, 229.03, 229.03, 228.82, 228.72, 228.66, 228.72, 228.82, 228.4, 228.72, 228.82, 228.72, 228.56, 228.77, 228.56, 228.72], "Current": [0.17, 0.17, 0.17, 0.17, 0.17, 0.17, 0.17, 0.17, 0.17, 0.17, 0.17, 0.17, 0.17, 0.17, 0.17, 0.17, 0.17, 0.17, 0.17, 0.17, 0.17, 0.17, 0.17, 0.17, 0.17, 0.17, 0.17, 0.17, 0.17, 0.17, 0.17, 0.17, 0.17, 0.17, 0.17, 0.17, 0.17, 0.17, 0.17, 0.17, 0.17, 0.17, 0.17, 0.17, 0.17], "Real_Power": [26.02, 25.83, 26.04, 25.89, 25.95, 26.02, 25.82, 26.21, 26.08, 25.91, 26.15, 25.87, 25.97, 26.06, 25.94, 25.91, 26.07, 25.89, 26.0, 26.11, 25.8, 26.04, 25.96, 25.86, 25.95, 25.92, 25.84, 25.97, 25.96, 25.99, 26.09, 25.83, 26.11, 25.93, 25.77, 25.99, 26.04, 25.89, 26.18, 25.9, 26.04, 26.06, 25.9, 25.97, 25.99], "Apparent_Power": [38.86, 38.84, 38.81, 38.85, 38.8, 38.8, 38.83, 38.86, 38.86, 38.89, 38.87, 38.83, 38.86, 38.86, 38.88, 38.83, 38.79, 38.82, 38.81, 38.83, 38.8, 38.83, 38.82, 38.85, 38.83, 38.88, 38.84, 38.78, 38.85, 38.86, 38.93, 38.93, 38.89, 38.88, 38.87, 38.88, 38.89, 38.82, 38.88, 38.89, 38.88, 38.85, 38.89, 38.85, 38.88], "Apparent_Power_Reactive": [28.86, 29.0, 28.77, 28.96, 28.84, 28.78, 29.0, 28.69, 28.8, 29.0, 28.75, 28.95, 28.9, 28.82, 28.96, 28.92, 28.72, 28.92, 28.81, 28.74, 28.97, 28.8, 28.86, 28.99, 28.88, 28.97, 28.99, 28.8, 28.9, 28.88, 28.89, 29.12, 28.82, 28.97, 29.09, 28.91, 28.88, 28.92, 28.74, 29.01, 28.87, 28.81, 29.01, 28.89, 28.91], "Power_Factor": [0.669, 0.665, 0.67, 0.666, 0.668, 0.67, 0.664, 0.674, 0.671, 0.666, 0.672, 0.666, 0.668, 0.67, 0.667, 0.667, 0.672, 0.666, 0.669, 0.672, 0.664, 0.67, 0.668, 0.665, 0.668, 0.666, 0.665, 0.669, 0.668, 0.668, 0.67, 0.663, 0.671, 0.666, 0.662, 0.668, 0.669, 0.666, 0.673, 0.665, 0.669, 0.67, 0.665, 0.668, 0.668], "Energy": [0.01, 0.02, 0.04, 0.05, 0.07, 0.08, 0.1, 0.11, 0.13, 0.14, 0.16, 0.17, 0.18, 0.2, 0.21, 0.23, 0.24, 0.26, 0.27, 0.29, 0.3, 0.32, 0.33, 0.35, 0.36, 0.37, 0.39, 0.4, 0.42, 0.43, 0.45, 0.46, 0.48, 0.49, 0.51, 0.52, 0.54, 0.55, 0.56, 0.58, 0.59, 0.61, 0.62, 0.64, 0.65], "Frequency": [49.37, 49.37, 49.37, 49.37, 49.4, 49.4, 49.4, 49.4, 49.4, 49.4, 49.4, 49.4, 49.4, 49.36, 49.36, 49.36, 49.36, 49.36, 49.36, 49.37, 49.37, 49.37, 49.36, 49.36, 49.36, 49.37, 49.37, 49.37, 49.37, 49.37, 49.37, 49.38, 49.38, 49.38, 49.37, 49.37, 49.37, 49.39, 49.39, 49.39, 49.38, 49.38, 49.38, 49.39, 49.39], "Temp_env": []}