{"Start_Time": [1755274210.8689055], "Time": [1755274212.8709035, 1755274214.8729727, 1755274216.87568, 1755274218.8778265, 1755274220.8799636, 1755274222.8828526, 1755274224.8906574, 1755274226.8929808, 1755274228.8956704, 1755274230.9031978, 1755274232.9051456, 1755274234.9078567, 1755274236.9151351, 1755274238.9178362, 1755274240.920061, 1755274242.9221256, 1755274244.9242857, 1755274246.926921, 1755274248.9349632, 1755274250.9373167, 1755274252.9399576, 1755274254.947274, 1755274256.9494066, 1755274258.9521194, 1755274260.960071, 1755274262.962463, 1755274264.9651773, 1755274266.9674811, 1755274268.9702203, 1755274270.9725618, 1755274272.9802423, 1755274274.9825811, 1755274276.9853158, 1755274278.9935336, 1755274280.9956875, 1755274282.9983656, 1755274285.0056307, 1755274287.0083575, 1755274289.0107281, 1755274291.0136478, 1755274293.0157216, 1755274295.01843, 1755274297.026481, 1755274299.0287716, 1755274301.0309346], "Voltage": [229.61, 229.61, 229.66, 229.55, 229.55, 229.55, 229.66, 229.66, 229.66, 229.61, 229.61, 229.5, 229.5, 229.55, 229.55, 229.55, 229.61, 229.55, 229.66, 229.55, 229.45, 229.55, 229.55, 229.45, 229.5, 229.45, 229.5, 229.61, 229.5, 229.5, 229.45, 229.5, 229.5, 229.55, 229.61, 229.55, 229.45, 229.55, 229.55, 229.55, 229.5, 229.5, 229.5, 229.5, 229.5], "Current": [0.17, 0.17, 0.17, 0.17, 0.17, 0.17, 0.17, 0.17, 0.17, 0.17, 0.17, 0.17, 0.17, 0.17, 0.17, 0.17, 0.17, 0.17, 0.17, 0.17, 0.17, 0.17, 0.17, 0.17, 0.17, 0.17, 0.17, 0.17, 0.17, 0.17, 0.18, 0.17, 0.17, 0.17, 0.17, 0.17, 0.17, 0.17, 0.17, 0.17, 0.18, 0.17, 0.17, 0.17, 0.17], "Real_Power": [26.26, 25.96, 26.28, 26.05, 26.04, 26.32, 26.0, 26.19, 26.04, 26.0, 26.25, 26.03, 26.09, 26.22, 25.96, 26.11, 26.03, 25.95, 25.96, 26.21, 26.04, 26.28, 26.28, 25.96, 26.12, 26.19, 25.94, 26.2, 25.97, 26.16, 26.32, 25.96, 26.3, 26.09, 25.96, 26.29, 26.02, 26.2, 26.15, 25.96, 26.34, 26.01, 26.15, 26.05, 25.97], "Apparent_Power": [39.03, 39.03, 39.04, 39.02, 39.02, 39.02, 39.04, 39.04, 39.04, 39.03, 39.03, 39.01, 39.01, 39.02, 39.02, 39.02, 39.03, 39.02, 39.04, 39.02, 39.0, 39.02, 39.02, 39.0, 39.01, 39.0, 39.01, 39.03, 39.01, 39.01, 41.3, 39.01, 39.01, 39.02, 39.03, 39.02, 39.0, 39.02, 39.02, 39.02, 41.31, 39.01, 39.01, 39.01, 39.01], "Apparent_Power_Reactive": [28.87, 29.14, 28.87, 29.05, 29.05, 28.8, 29.12, 28.95, 29.08, 29.1, 28.88, 29.05, 29.0, 28.89, 29.13, 28.99, 29.08, 29.14, 29.15, 28.9, 29.03, 28.84, 28.84, 29.1, 28.97, 28.89, 29.13, 28.92, 29.1, 28.93, 31.82, 29.11, 28.81, 29.01, 29.14, 28.83, 29.05, 28.91, 28.96, 29.13, 31.82, 29.07, 28.94, 29.03, 29.1], "Power_Factor": [0.672, 0.665, 0.673, 0.667, 0.667, 0.674, 0.665, 0.67, 0.667, 0.666, 0.672, 0.667, 0.668, 0.671, 0.665, 0.669, 0.666, 0.665, 0.664, 0.671, 0.667, 0.673, 0.673, 0.665, 0.669, 0.671, 0.664, 0.671, 0.665, 0.67, 0.637, 0.665, 0.674, 0.668, 0.665, 0.673, 0.667, 0.671, 0.67, 0.665, 0.637, 0.666, 0.67, 0.667, 0.665], "Energy": [0.01, 0.02, 0.04, 0.05, 0.07, 0.08, 0.1, 0.11, 0.13, 0.14, 0.16, 0.17, 0.19, 0.2, 0.22, 0.23, 0.24, 0.26, 0.28, 0.29, 0.3, 0.32, 0.33, 0.35, 0.36, 0.38, 0.39, 0.41, 0.42, 0.44, 0.45, 0.47, 0.48, 0.5, 0.51, 0.52, 0.54, 0.55, 0.57, 0.58, 0.6, 0.61, 0.63, 0.64, 0.66], "Frequency": [49.44, 49.44, 49.44, 49.43, 49.43, 49.43, 49.44, 49.44, 49.44, 49.44, 49.44, 49.44, 49.43, 49.43, 49.43, 49.44, 49.44, 49.44, 49.43, 49.43, 49.43, 49.44, 49.44, 49.44, 49.44, 49.44, 49.44, 49.44, 49.44, 49.44, 49.44, 49.44, 49.44, 49.43, 49.43, 49.43, 49.45, 49.45, 49.45, 49.44, 49.44, 49.44, 49.44, 49.44, 49.44], "Temp_env": []}