{"Start_Time": [1755790601.6211314], "Time": [1755790603.6234076, 1755790605.6256917, 1755790607.6283488, 1755790609.6307483, 1755790611.633363, 1755790613.6357982, 1755790615.638428, 1755790617.6408594, 1755790619.6435127, 1755790621.6458917, 1755790623.6485488, 1755790625.6508646, 1755790627.6535928, 1755790629.6560013, 1755790631.6586266, 1755790633.6610765, 1755790635.6637053, 1755790637.6661253, 1755790639.6687338, 1755790641.6710825, 1755790643.67381, 1755790645.6762307, 1755790647.678913, 1755790649.6813107, 1755790651.6839626, 1755790653.6863475, 1755790655.6890233, 1755790657.6911435, 1755790659.6932118, 1755790661.6954293, 1755790663.6975286, 1755790665.7000542, 1755790667.7023923, 1755790669.7051098, 1755790671.707581, 1755790673.7100894, 1755790675.7124815, 1755790677.7151778, 1755790679.7176614, 1755790681.7203438, 1755790683.722616, 1755790685.7253606, 1755790687.7277808, 1755790689.7302806, 1755790691.7326016], "Voltage": [229.19, 229.4, 229.29, 229.24, 229.14, 229.08, 229.19, 229.03, 229.19, 229.08, 229.08, 229.14, 229.19, 229.24, 229.14, 229.29, 229.35, 229.24, 229.35, 229.4, 229.35, 229.24, 229.24, 229.29, 229.29, 229.03, 229.19, 229.29, 229.19, 229.19, 229.29, 229.4, 229.45, 229.35, 229.5, 229.45, 229.5, 229.35, 229.35, 229.55, 229.61, 229.5, 229.45, 229.45, 229.5], "Current": [0.17, 0.17, 0.17, 0.17, 0.17, 0.17, 0.17, 0.17, 0.17, 0.17, 0.17, 0.17, 0.17, 0.17, 0.17, 0.17, 0.17, 0.17, 0.17, 0.17, 0.17, 0.17, 0.17, 0.17, 0.17, 0.17, 0.17, 0.17, 0.17, 0.17, 0.17, 0.17, 0.17, 0.17, 0.17, 0.17, 0.17, 0.17, 0.17, 0.17, 0.17, 0.17, 0.17, 0.17, 0.17], "Real_Power": [26.21, 26.19, 26.23, 26.23, 26.11, 26.07, 26.24, 26.15, 26.12, 26.22, 26.2, 26.19, 26.25, 26.05, 26.33, 26.17, 26.16, 26.22, 26.19, 26.18, 26.21, 26.1, 26.26, 26.24, 26.17, 26.18, 26.2, 26.2, 26.25, 26.17, 26.25, 26.18, 26.19, 26.24, 26.22, 26.05, 26.24, 26.13, 26.25, 26.17, 26.18, 26.28, 26.22, 26.19, 26.3], "Apparent_Power": [38.96, 38.99, 38.97, 38.97, 38.95, 38.94, 38.96, 38.93, 38.96, 38.94, 38.94, 38.95, 38.96, 38.97, 38.95, 38.97, 38.98, 38.97, 38.98, 38.99, 38.98, 38.97, 38.97, 38.97, 38.97, 38.93, 38.96, 38.97, 38.96, 38.96, 38.97, 38.99, 39.0, 38.98, 39.01, 39.0, 39.01, 38.98, 38.98, 39.02, 39.03, 39.01, 39.0, 39.0, 39.01], "Apparent_Power_Reactive": [28.82, 28.88, 28.82, 28.82, 28.9, 28.92, 28.79, 28.83, 28.9, 28.78, 28.8, 28.83, 28.78, 28.98, 28.7, 28.87, 28.89, 28.83, 28.87, 28.89, 28.85, 28.93, 28.79, 28.81, 28.87, 28.81, 28.83, 28.84, 28.78, 28.86, 28.8, 28.89, 28.89, 28.82, 28.88, 29.02, 28.86, 28.92, 28.81, 28.94, 28.94, 28.82, 28.87, 28.89, 28.81], "Power_Factor": [0.672, 0.671, 0.673, 0.673, 0.67, 0.669, 0.673, 0.671, 0.67, 0.673, 0.672, 0.672, 0.673, 0.668, 0.675, 0.671, 0.671, 0.672, 0.671, 0.671, 0.672, 0.669, 0.673, 0.673, 0.671, 0.672, 0.672, 0.672, 0.673, 0.671, 0.673, 0.671, 0.671, 0.673, 0.672, 0.667, 0.672, 0.67, 0.673, 0.67, 0.67, 0.673, 0.672, 0.671, 0.674], "Energy": [0.01, 0.02, 0.04, 0.05, 0.07, 0.08, 0.1, 0.11, 0.13, 0.14, 0.16, 0.17, 0.19, 0.2, 0.22, 0.23, 0.25, 0.26, 0.28, 0.29, 0.3, 0.32, 0.33, 0.35, 0.36, 0.38, 0.39, 0.41, 0.42, 0.44, 0.45, 0.47, 0.48, 0.5, 0.51, 0.53, 0.54, 0.56, 0.57, 0.58, 0.6, 0.61, 0.63, 0.64, 0.66], "Frequency": [49.39, 49.39, 49.39, 49.39, 49.38, 49.38, 49.38, 49.39, 49.39, 49.39, 49.39, 49.39, 49.39, 49.37, 49.37, 49.37, 49.38, 49.38, 49.38, 49.39, 49.39, 49.39, 49.38, 49.38, 49.38, 49.38, 49.38, 49.38, 49.39, 49.39, 49.39, 49.39, 49.39, 49.39, 49.39, 49.39, 49.39, 49.39, 49.39, 49.39, 49.39, 49.39, 49.39, 49.39, 49.39], "Temp_env": []}