{"Start_Time": [1755635148.0527563], "Time": [1755635150.0553644, 1755635152.057653, 1755635154.060359, 1755635156.067763, 1755635158.0702765, 1755635160.072587, 1755635162.0753198, 1755635164.0777023, 1755635166.0804017, 1755635168.0827262, 1755635170.0854418, 1755635172.0878842, 1755635174.0953858, 1755635176.0978253, 1755635178.1004984, 1755635180.1080222, 1755635182.1105156, 1755635184.1128192, 1755635186.1155097, 1755635188.1179464, 1755635190.1206377, 1755635192.1228065, 1755635194.1248705, 1755635196.1277494, 1755635198.1357315, 1755635200.138119, 1755635202.1406488, 1755635204.148094, 1755635206.1507568, 1755635208.1531067, 1755635210.1558268, 1755635212.1582434, 1755635214.1607707, 1755635216.168211, 1755635218.1707802, 1755635220.173089, 1755635222.1809263, 1755635224.1832776, 1755635226.1859517, 1755635228.1883976, 1755635230.1909342, 1755635232.1932855, 1755635234.1959813, 1755635236.1984098, 1755635238.2010777], "Voltage": [227.14, 227.41, 227.3, 227.46, 227.25, 227.41, 227.35, 227.46, 227.41, 227.41, 227.35, 227.46, 227.46, 227.62, 227.51, 227.51, 227.35, 227.51, 227.51, 227.35, 227.35, 227.51, 227.35, 227.46, 227.51, 227.41, 227.46, 227.51, 227.56, 227.35, 227.35, 227.51, 227.56, 227.56, 227.46, 227.41, 227.62, 227.67, 227.56, 227.62, 227.67, 227.77, 227.67, 227.67, 227.67], "Current": [0.17, 0.17, 0.17, 0.17, 0.17, 0.17, 0.18, 0.17, 0.17, 0.17, 0.17, 0.17, 0.17, 0.17, 0.17, 0.17, 0.17, 0.17, 0.17, 0.17, 0.17, 0.17, 0.17, 0.17, 0.17, 0.17, 0.17, 0.17, 0.17, 0.17, 0.17, 0.17, 0.17, 0.17, 0.17, 0.17, 0.17, 0.17, 0.17, 0.17, 0.17, 0.17, 0.17, 0.17, 0.17], "Real_Power": [25.93, 26.2, 25.94, 26.12, 26.01, 25.99, 26.2, 26.23, 26.0, 26.13, 26.0, 25.91, 26.15, 25.99, 26.11, 26.24, 25.89, 26.15, 25.96, 26.0, 26.07, 25.99, 26.06, 26.09, 26.18, 26.01, 26.16, 26.13, 26.02, 26.16, 25.96, 26.02, 26.19, 25.91, 26.05, 25.99, 25.94, 26.25, 26.07, 26.1, 26.23, 26.11, 26.2, 26.12, 26.15], "Apparent_Power": [38.61, 38.65, 38.64, 38.66, 38.63, 38.65, 40.92, 38.66, 38.65, 38.65, 38.64, 38.66, 38.66, 38.69, 38.67, 38.67, 38.64, 38.67, 38.67, 38.64, 38.64, 38.67, 38.64, 38.66, 38.67, 38.65, 38.66, 38.67, 38.68, 38.64, 38.64, 38.67, 38.68, 38.68, 38.66, 38.65, 38.69, 38.7, 38.68, 38.69, 38.7, 38.72, 38.7, 38.7, 38.7], "Apparent_Power_Reactive": [28.6, 28.41, 28.63, 28.5, 28.56, 28.6, 31.43, 28.4, 28.59, 28.47, 28.58, 28.69, 28.47, 28.66, 28.52, 28.4, 28.68, 28.48, 28.66, 28.58, 28.52, 28.63, 28.52, 28.52, 28.46, 28.58, 28.46, 28.5, 28.61, 28.43, 28.62, 28.6, 28.46, 28.71, 28.56, 28.6, 28.7, 28.43, 28.57, 28.56, 28.45, 28.59, 28.48, 28.55, 28.52], "Power_Factor": [0.671, 0.677, 0.671, 0.675, 0.673, 0.672, 0.64, 0.678, 0.672, 0.676, 0.672, 0.67, 0.676, 0.671, 0.675, 0.678, 0.67, 0.676, 0.671, 0.672, 0.674, 0.672, 0.674, 0.674, 0.677, 0.672, 0.676, 0.675, 0.672, 0.677, 0.671, 0.672, 0.677, 0.669, 0.673, 0.672, 0.67, 0.678, 0.673, 0.674, 0.677, 0.674, 0.677, 0.674, 0.675], "Energy": [0.01, 0.02, 0.04, 0.05, 0.07, 0.08, 0.1, 0.11, 0.13, 0.14, 0.16, 0.17, 0.19, 0.2, 0.21, 0.23, 0.24, 0.26, 0.27, 0.29, 0.3, 0.32, 0.33, 0.35, 0.36, 0.38, 0.39, 0.41, 0.42, 0.44, 0.45, 0.47, 0.48, 0.49, 0.51, 0.52, 0.54, 0.55, 0.57, 0.58, 0.6, 0.61, 0.63, 0.64, 0.66], "Frequency": [49.42, 49.42, 49.42, 49.42, 49.42, 49.42, 49.41, 49.41, 49.41, 49.39, 49.39, 49.39, 49.4, 49.4, 49.4, 49.4, 49.4, 49.4, 49.41, 49.41, 49.41, 49.4, 49.4, 49.4, 49.4, 49.4, 49.4, 49.4, 49.4, 49.4, 49.4, 49.4, 49.4, 49.4, 49.4, 49.4, 49.4, 49.4, 49.4, 49.41, 49.41, 49.41, 49.42, 49.42, 49.42], "Temp_env": []}