{"Start_Time": [1755684655.5125055], "Time": [1755684657.5145543, 1755684659.51722, 1755684661.519626, 1755684663.5222592, 1755684665.5246956, 1755684667.527414, 1755684669.5297885, 1755684671.5325334, 1755684673.5346427, 1755684675.5374827, 1755684677.539863, 1755684679.5425544, 1755684681.5449243, 1755684683.5476818, 1755684685.549987, 1755684687.552675, 1755684689.5550468, 1755684691.5577996, 1755684693.5601387, 1755684695.5627477, 1755684697.565175, 1755684699.5678499, 1755684701.5701854, 1755684703.5729265, 1755684705.5753107, 1755684707.57799, 1755684709.5803325, 1755684711.5824606, 1755684713.5851426, 1755684715.5874882, 1755684717.5901945, 1755684719.592409, 1755684721.595289, 1755684723.597606, 1755684725.600319, 1755684727.6025429, 1755684729.6054475, 1755684731.607759, 1755684733.6105137, 1755684735.6127107, 1755684737.6148922, 1755684739.6175778, 1755684741.6199317, 1755684743.622084, 1755684745.624539], "Voltage": [228.77, 228.77, 228.66, 228.61, 228.45, 228.45, 228.56, 228.24, 228.4, 228.4, 228.35, 228.61, 228.56, 228.4, 228.14, 228.19, 228.35, 228.19, 228.35, 228.3, 228.45, 228.24, 228.24, 228.3, 228.35, 228.56, 228.24, 228.14, 228.19, 228.3, 228.3, 228.3, 228.09, 228.3, 228.4, 228.3, 228.3, 228.35, 228.3, 228.19, 228.19, 228.3, 228.14, 228.04, 228.24], "Current": [0.17, 0.18, 0.17, 0.17, 0.17, 0.17, 0.17, 0.17, 0.17, 0.18, 0.17, 0.17, 0.17, 0.17, 0.17, 0.17, 0.17, 0.17, 0.17, 0.17, 0.17, 0.17, 0.18, 0.17, 0.17, 0.17, 0.17, 0.17, 0.17, 0.17, 0.18, 0.17, 0.17, 0.17, 0.17, 0.18, 0.17, 0.17, 0.18, 0.17, 0.17, 0.17, 0.17, 0.18, 0.17], "Real_Power": [26.26, 26.42, 26.12, 26.23, 26.3, 26.08, 26.28, 26.12, 26.32, 26.34, 26.08, 26.28, 26.2, 26.16, 26.24, 26.14, 26.19, 26.36, 26.04, 26.28, 26.35, 26.16, 26.38, 26.17, 26.25, 26.35, 26.14, 26.34, 26.16, 26.1, 26.47, 26.08, 26.28, 26.29, 26.07, 26.33, 26.13, 26.19, 26.52, 26.03, 26.2, 26.29, 26.1, 26.45, 26.25], "Apparent_Power": [38.89, 41.17, 38.87, 38.86, 38.83, 38.83, 38.85, 38.8, 38.82, 41.11, 38.81, 38.86, 38.85, 38.82, 38.78, 38.79, 38.81, 38.79, 38.81, 38.81, 38.83, 38.8, 41.08, 38.81, 38.81, 38.85, 38.8, 38.78, 38.79, 38.81, 41.09, 38.81, 38.77, 38.81, 38.82, 41.09, 38.81, 38.81, 41.09, 38.79, 38.79, 38.81, 38.78, 41.04, 38.8], "Apparent_Power_Reactive": [28.68, 31.57, 28.78, 28.67, 28.56, 28.76, 28.61, 28.69, 28.53, 31.56, 28.74, 28.62, 28.68, 28.68, 28.55, 28.65, 28.64, 28.45, 28.77, 28.55, 28.52, 28.65, 31.49, 28.65, 28.58, 28.54, 28.67, 28.46, 28.64, 28.72, 31.42, 28.74, 28.5, 28.54, 28.76, 31.54, 28.69, 28.64, 31.38, 28.75, 28.6, 28.54, 28.68, 31.37, 28.57], "Power_Factor": [0.675, 0.641, 0.671, 0.674, 0.677, 0.671, 0.676, 0.673, 0.678, 0.64, 0.671, 0.676, 0.674, 0.673, 0.676, 0.673, 0.674, 0.679, 0.67, 0.677, 0.678, 0.674, 0.642, 0.674, 0.676, 0.678, 0.673, 0.679, 0.674, 0.672, 0.644, 0.671, 0.677, 0.677, 0.671, 0.64, 0.673, 0.674, 0.645, 0.671, 0.675, 0.677, 0.673, 0.644, 0.676], "Energy": [0.01, 0.02, 0.04, 0.05, 0.07, 0.08, 0.1, 0.11, 0.13, 0.14, 0.16, 0.17, 0.19, 0.2, 0.22, 0.23, 0.25, 0.26, 0.28, 0.29, 0.3, 0.32, 0.33, 0.35, 0.36, 0.38, 0.39, 0.41, 0.42, 0.44, 0.45, 0.47, 0.48, 0.5, 0.51, 0.53, 0.54, 0.56, 0.57, 0.58, 0.6, 0.61, 0.63, 0.64, 0.66], "Frequency": [49.43, 49.43, 49.42, 49.42, 49.42, 49.43, 49.43, 49.43, 49.43, 49.43, 49.43, 49.43, 49.43, 49.43, 49.43, 49.43, 49.43, 49.43, 49.43, 49.43, 49.43, 49.43, 49.43, 49.43, 49.43, 49.43, 49.43, 49.43, 49.43, 49.42, 49.42, 49.42, 49.42, 49.42, 49.42, 49.43, 49.43, 49.43, 49.43, 49.43, 49.43, 49.43, 49.43, 49.43, 49.43], "Temp_env": []}