{"Start_Time": [1755768707.1927943], "Time": [1755768709.1954467, 1755768711.1977537, 1755768713.200407, 1755768715.2027824, 1755768717.2054749, 1755768719.2078233, 1755768721.2105234, 1755768723.2128928, 1755768725.2156184, 1755768727.2228913, 1755768729.2256176, 1755768731.2279909, 1755768733.2306864, 1755768735.2330396, 1755768737.2357268, 1755768739.2380323, 1755768741.2407053, 1755768743.243065, 1755768745.2507727, 1755768747.253119, 1755768749.2557955, 1755768751.2581623, 1755768753.2608616, 1755768755.263235, 1755768757.2659254, 1755768759.2682753, 1755768761.2709446, 1755768763.2732892, 1755768765.2760115, 1755768767.2782085, 1755768769.2860215, 1755768771.2883804, 1755768773.2910738, 1755768775.2932923, 1755768777.295359, 1755768779.298069, 1755768781.3003507, 1755768783.3030963, 1755768785.3054569, 1755768787.3081915, 1755768789.3104234, 1755768791.3125875, 1755768793.3202295, 1755768795.3225994, 1755768797.3252916], "Voltage": [228.98, 229.08, 229.14, 228.98, 228.93, 228.93, 228.93, 228.98, 228.98, 229.03, 229.03, 229.03, 229.14, 229.08, 229.19, 229.08, 229.08, 229.08, 229.08, 229.14, 229.19, 229.24, 229.14, 229.14, 229.14, 229.24, 229.19, 229.14, 229.14, 229.19, 229.14, 229.19, 229.24, 229.24, 229.35, 229.08, 229.08, 229.14, 228.93, 229.08, 229.19, 229.08, 229.14, 228.93, 229.08], "Current": [0.17, 0.17, 0.17, 0.17, 0.17, 0.17, 0.17, 0.17, 0.17, 0.17, 0.17, 0.17, 0.17, 0.17, 0.17, 0.17, 0.17, 0.17, 0.17, 0.17, 0.17, 0.17, 0.17, 0.17, 0.17, 0.17, 0.17, 0.17, 0.17, 0.17, 0.17, 0.17, 0.17, 0.17, 0.17, 0.17, 0.17, 0.17, 0.17, 0.17, 0.17, 0.17, 0.17, 0.17, 0.17], "Real_Power": [26.11, 26.22, 26.03, 25.98, 26.07, 25.99, 26.16, 25.93, 25.96, 26.23, 25.87, 26.02, 26.05, 25.84, 26.08, 25.89, 26.17, 25.95, 26.12, 26.06, 25.69, 26.1, 26.05, 25.94, 26.16, 25.9, 26.11, 26.14, 25.98, 26.13, 25.77, 25.98, 26.1, 26.02, 26.11, 26.07, 25.83, 26.13, 25.96, 26.0, 26.12, 25.86, 25.98, 26.0, 25.87], "Apparent_Power": [38.92, 38.94, 38.95, 38.92, 38.91, 38.91, 38.91, 38.92, 38.92, 38.93, 38.93, 38.93, 38.95, 38.94, 38.96, 38.94, 38.94, 38.94, 38.94, 38.95, 38.96, 38.97, 38.95, 38.95, 38.95, 38.97, 38.96, 38.95, 38.95, 38.96, 38.95, 38.96, 38.97, 38.97, 38.98, 38.94, 38.94, 38.95, 38.91, 38.94, 38.96, 38.94, 38.95, 38.91, 38.94], "Apparent_Power_Reactive": [28.86, 28.78, 28.97, 28.97, 28.88, 28.95, 28.8, 29.02, 28.99, 28.76, 29.09, 28.95, 28.95, 29.13, 28.94, 29.08, 28.83, 29.03, 28.88, 28.94, 29.29, 28.93, 28.95, 29.05, 28.85, 29.11, 28.91, 28.87, 29.01, 28.89, 29.2, 29.03, 28.93, 29.01, 28.94, 28.92, 29.13, 28.88, 28.98, 28.98, 28.9, 29.11, 29.01, 28.94, 29.1], "Power_Factor": [0.67, 0.673, 0.668, 0.667, 0.67, 0.667, 0.672, 0.666, 0.667, 0.673, 0.664, 0.668, 0.668, 0.663, 0.669, 0.664, 0.672, 0.666, 0.67, 0.669, 0.659, 0.669, 0.668, 0.665, 0.671, 0.664, 0.67, 0.671, 0.667, 0.67, 0.661, 0.666, 0.669, 0.667, 0.669, 0.669, 0.663, 0.67, 0.667, 0.667, 0.67, 0.664, 0.667, 0.668, 0.664], "Energy": [0.01, 0.02, 0.04, 0.05, 0.07, 0.08, 0.1, 0.11, 0.13, 0.14, 0.16, 0.17, 0.19, 0.2, 0.21, 0.23, 0.25, 0.26, 0.27, 0.29, 0.3, 0.32, 0.33, 0.35, 0.36, 0.38, 0.39, 0.41, 0.42, 0.44, 0.45, 0.46, 0.48, 0.49, 0.51, 0.52, 0.54, 0.55, 0.57, 0.58, 0.6, 0.61, 0.63, 0.64, 0.65], "Frequency": [49.38, 49.38, 49.38, 49.37, 49.37, 49.37, 49.37, 49.37, 49.37, 49.35, 49.35, 49.35, 49.37, 49.37, 49.37, 49.35, 49.35, 49.35, 49.38, 49.38, 49.38, 49.37, 49.37, 49.37, 49.39, 49.39, 49.39, 49.4, 49.4, 49.4, 49.39, 49.39, 49.39, 49.38, 49.38, 49.38, 49.37, 49.37, 49.37, 49.36, 49.36, 49.36, 49.35, 49.35, 49.35], "Temp_env": []}