{"Start_Time": [1755379414.1370966], "Time": [1755379416.139315, 1755379418.141881, 1755379420.1439428, 1755379422.1466908, 1755379424.1489463, 1755379426.1516163, 1755379428.1538663, 1755379430.156492, 1755379432.158796, 1755379434.1663811, 1755379436.1685565, 1755379438.1706355, 1755379440.1733005, 1755379442.1753604, 1755379444.1773503, 1755379446.179981, 1755379448.1822884, 1755379450.1843135, 1755379452.1919348, 1755379454.194319, 1755379456.196702, 1755379458.2041245, 1755379460.2067654, 1755379462.2089927, 1755379464.2116117, 1755379466.2140448, 1755379468.2165337, 1755379470.2187817, 1755379472.2214396, 1755379474.2237277, 1755379476.2313743, 1755379478.2336304, 1755379480.2362585, 1755379482.2383537, 1755379484.2410824, 1755379486.2434974, 1755379488.2459385, 1755379490.2482214, 1755379492.250852, 1755379494.2532444, 1755379496.255711, 1755379498.2580197, 1755379500.2606487, 1755379502.2630236, 1755379504.2657204], "Voltage": [229.76, 229.71, 229.66, 229.71, 229.71, 229.82, 229.76, 230.03, 230.03, 229.97, 229.87, 229.92, 229.92, 229.76, 229.92, 229.97, 229.82, 229.92, 229.92, 229.82, 229.76, 229.97, 229.82, 229.87, 229.87, 229.87, 229.76, 229.87, 229.92, 229.82, 229.71, 229.71, 229.76, 229.87, 229.76, 229.82, 229.76, 229.82, 229.71, 229.76, 230.03, 229.97, 230.03, 230.08, 230.03], "Current": [0.17, 0.17, 0.17, 0.17, 0.17, 0.17, 0.17, 0.17, 0.17, 0.17, 0.17, 0.17, 0.17, 0.17, 0.17, 0.17, 0.17, 0.17, 0.17, 0.17, 0.17, 0.17, 0.17, 0.17, 0.17, 0.17, 0.17, 0.17, 0.17, 0.17, 0.17, 0.17, 0.17, 0.17, 0.17, 0.17, 0.17, 0.17, 0.17, 0.17, 0.17, 0.17, 0.17, 0.17, 0.17], "Real_Power": [26.11, 26.23, 26.19, 26.28, 26.18, 26.1, 26.21, 26.18, 26.11, 26.09, 26.11, 26.19, 26.07, 26.2, 26.27, 26.3, 26.23, 26.14, 26.21, 26.07, 26.13, 26.4, 26.11, 26.11, 26.22, 26.21, 26.07, 26.24, 26.11, 26.18, 26.13, 26.13, 26.22, 26.15, 26.05, 26.15, 26.26, 26.16, 26.12, 26.1, 26.21, 26.21, 26.15, 26.15, 26.3], "Apparent_Power": [39.05, 39.05, 39.04, 39.05, 39.05, 39.06, 39.05, 39.1, 39.1, 39.09, 39.07, 39.08, 39.08, 39.05, 39.08, 39.09, 39.06, 39.08, 39.08, 39.06, 39.05, 39.09, 39.06, 39.07, 39.07, 39.07, 39.05, 39.07, 39.08, 39.06, 39.05, 39.05, 39.05, 39.07, 39.05, 39.06, 39.05, 39.06, 39.05, 39.05, 39.1, 39.09, 39.1, 39.11, 39.1], "Apparent_Power_Reactive": [29.03, 28.92, 28.95, 28.88, 28.97, 29.05, 28.94, 29.04, 29.1, 29.1, 29.06, 29.0, 29.11, 28.95, 28.93, 28.91, 28.94, 29.05, 28.98, 29.08, 29.01, 28.82, 29.05, 29.06, 28.96, 28.97, 29.07, 28.94, 29.07, 28.98, 29.01, 29.01, 28.93, 29.02, 29.09, 29.01, 28.9, 29.0, 29.02, 29.04, 29.01, 29.0, 29.06, 29.08, 28.93], "Power_Factor": [0.668, 0.671, 0.67, 0.672, 0.67, 0.668, 0.671, 0.669, 0.667, 0.667, 0.668, 0.67, 0.667, 0.67, 0.672, 0.672, 0.671, 0.668, 0.67, 0.667, 0.669, 0.675, 0.668, 0.668, 0.671, 0.67, 0.667, 0.671, 0.668, 0.67, 0.669, 0.669, 0.671, 0.669, 0.667, 0.669, 0.672, 0.669, 0.668, 0.668, 0.67, 0.67, 0.668, 0.668, 0.672], "Energy": [0.01, 0.02, 0.04, 0.05, 0.07, 0.08, 0.1, 0.11, 0.13, 0.14, 0.16, 0.17, 0.19, 0.2, 0.22, 0.23, 0.24, 0.26, 0.28, 0.29, 0.31, 0.32, 0.33, 0.35, 0.36, 0.38, 0.39, 0.41, 0.42, 0.44, 0.45, 0.47, 0.48, 0.5, 0.51, 0.53, 0.54, 0.55, 0.57, 0.58, 0.6, 0.61, 0.63, 0.64, 0.66], "Frequency": [49.43, 49.43, 49.43, 49.43, 49.43, 49.43, 49.44, 49.44, 49.44, 49.44, 49.44, 49.44, 49.43, 49.43, 49.43, 49.43, 49.43, 49.43, 49.43, 49.43, 49.43, 49.43, 49.43, 49.43, 49.44, 49.44, 49.44, 49.44, 49.44, 49.44, 49.44, 49.44, 49.44, 49.44, 49.44, 49.44, 49.45, 49.45, 49.45, 49.44, 49.44, 49.44, 49.44, 49.44, 49.44], "Temp_env": []}