{"Start_Time": [1755229036.7601223], "Time": [1755229038.7628613, 1755229040.765896, 1755229042.7679186, 1755229044.7700505, 1755229046.7727506, 1755229048.7750967, 1755229050.7777808, 1755229052.780127, 1755229054.782821, 1755229056.785182, 1755229058.787804, 1755229060.7901804, 1755229062.7928925, 1755229064.7952483, 1755229066.7979457, 1755229068.8003535, 1755229070.8030145, 1755229072.8051925, 1755229074.808178, 1755229076.810377, 1755229078.8130991, 1755229080.8152888, 1755229082.8173885, 1755229084.820124, 1755229086.8224754, 1755229088.8252165, 1755229090.8273923, 1755229092.8295217, 1755229094.8322432, 1755229096.8343842, 1755229098.8367012, 1755229100.839235, 1755229102.8415422, 1755229104.8442714, 1755229106.8467078, 1755229108.8492432, 1755229110.8516006, 1755229112.854292, 1755229114.8567019, 1755229116.859422, 1755229118.8617194, 1755229120.8644085, 1755229122.86685, 1755229124.86939, 1755229126.8717132], "Voltage": [230.86, 230.86, 230.92, 230.81, 230.86, 230.97, 230.86, 230.81, 230.81, 230.97, 231.02, 230.92, 230.92, 231.02, 231.02, 231.02, 230.92, 230.92, 230.92, 230.92, 231.02, 231.02, 231.02, 231.02, 231.02, 231.02, 231.07, 231.02, 230.97, 230.92, 231.02, 230.97, 230.86, 230.86, 230.86, 230.92, 230.86, 230.81, 230.76, 230.92, 230.92, 230.86, 230.81, 230.86, 230.86], "Current": [0.17, 0.17, 0.17, 0.17, 0.17, 0.17, 0.17, 0.17, 0.17, 0.17, 0.17, 0.17, 0.17, 0.17, 0.17, 0.17, 0.17, 0.17, 0.17, 0.17, 0.17, 0.17, 0.17, 0.17, 0.17, 0.17, 0.17, 0.17, 0.17, 0.17, 0.17, 0.17, 0.17, 0.17, 0.17, 0.17, 0.17, 0.17, 0.17, 0.17, 0.17, 0.17, 0.17, 0.17, 0.17], "Real_Power": [26.06, 26.05, 26.11, 26.03, 26.12, 26.09, 26.03, 26.1, 26.07, 26.04, 26.12, 26.06, 26.05, 26.0, 26.04, 26.15, 26.07, 26.12, 26.08, 26.08, 26.08, 26.05, 26.14, 26.0, 26.06, 26.07, 26.07, 26.16, 26.07, 25.97, 26.06, 26.16, 26.02, 26.13, 26.08, 26.2, 26.16, 26.07, 26.06, 26.16, 25.93, 26.07, 26.07, 25.97, 26.19], "Apparent_Power": [39.24, 39.24, 39.25, 39.23, 39.24, 39.26, 39.24, 39.23, 39.23, 39.26, 39.27, 39.25, 39.25, 39.27, 39.27, 39.27, 39.25, 39.25, 39.25, 39.25, 39.27, 39.27, 39.27, 39.27, 39.27, 39.27, 39.28, 39.27, 39.26, 39.25, 39.27, 39.26, 39.24, 39.24, 39.24, 39.25, 39.24, 39.23, 39.22, 39.25, 39.25, 39.24, 39.23, 39.24, 39.24], "Apparent_Power_Reactive": [29.33, 29.34, 29.3, 29.35, 29.28, 29.33, 29.36, 29.28, 29.31, 29.38, 29.32, 29.35, 29.35, 29.43, 29.39, 29.29, 29.34, 29.29, 29.33, 29.33, 29.35, 29.38, 29.3, 29.43, 29.37, 29.36, 29.38, 29.28, 29.35, 29.42, 29.37, 29.27, 29.37, 29.27, 29.31, 29.22, 29.24, 29.31, 29.31, 29.26, 29.46, 29.32, 29.31, 29.41, 29.22], "Power_Factor": [0.664, 0.663, 0.665, 0.663, 0.665, 0.664, 0.663, 0.665, 0.664, 0.663, 0.665, 0.663, 0.663, 0.662, 0.663, 0.665, 0.664, 0.665, 0.664, 0.664, 0.664, 0.663, 0.665, 0.662, 0.663, 0.663, 0.663, 0.666, 0.664, 0.661, 0.663, 0.666, 0.663, 0.665, 0.664, 0.667, 0.666, 0.664, 0.664, 0.666, 0.66, 0.664, 0.664, 0.661, 0.667], "Energy": [0.01, 0.02, 0.04, 0.05, 0.07, 0.08, 0.1, 0.11, 0.13, 0.14, 0.16, 0.17, 0.19, 0.2, 0.21, 0.23, 0.24, 0.26, 0.27, 0.29, 0.3, 0.32, 0.33, 0.35, 0.36, 0.38, 0.39, 0.41, 0.42, 0.43, 0.45, 0.46, 0.48, 0.49, 0.51, 0.52, 0.54, 0.55, 0.57, 0.58, 0.6, 0.61, 0.63, 0.64, 0.65], "Frequency": [49.43, 49.41, 49.41, 49.41, 49.43, 49.43, 49.43, 49.41, 49.41, 49.41, 49.39, 49.39, 49.39, 49.39, 49.39, 49.39, 49.41, 49.41, 49.41, 49.42, 49.42, 49.42, 49.41, 49.41, 49.41, 49.41, 49.41, 49.41, 49.43, 49.43, 49.43, 49.42, 49.42, 49.42, 49.4, 49.4, 49.4, 49.4, 49.4, 49.4, 49.39, 49.39, 49.39, 49.39, 49.39], "Temp_env": []}