{"Start_Time": [1755267226.1503587], "Time": [1755267228.1526837, 1755267230.1554978, 1755267232.1577759, 1755267234.1604848, 1755267236.162816, 1755267238.1704783, 1755267240.1727843, 1755267242.1749194, 1755267244.1825712, 1755267246.1848805, 1755267248.1870096, 1755267250.1894948, 1755267252.191832, 1755267254.19453, 1755267256.196998, 1755267258.1996822, 1755267260.2019582, 1755267262.2096272, 1755267264.2119105, 1755267266.2146096, 1755267268.2225406, 1755267270.2249033, 1755267272.2272308, 1755267274.2296245, 1755267276.231999, 1755267278.2346923, 1755267280.237116, 1755267282.2396266, 1755267284.2419515, 1755267286.2497633, 1755267288.2519953, 1755267290.2547119, 1755267292.2571366, 1755267294.2596765, 1755267296.2620068, 1755267298.2647166, 1755267300.2671747, 1755267302.2696693, 1755267304.2719967, 1755267306.2746997, 1755267308.2771804, 1755267310.2798498, 1755267312.2820807, 1755267314.2847784, 1755267316.287267], "Voltage": [227.93, 227.72, 227.83, 227.98, 227.83, 227.98, 227.88, 227.93, 228.09, 228.04, 227.98, 227.88, 228.04, 227.98, 228.04, 228.04, 227.93, 227.83, 227.93, 227.93, 228.09, 227.83, 227.98, 227.98, 228.04, 228.09, 227.98, 228.04, 227.93, 227.98, 228.09, 228.09, 228.09, 228.09, 228.09, 228.04, 227.98, 228.19, 228.14, 228.14, 228.09, 228.04, 227.98, 228.09, 227.93], "Current": [0.17, 0.17, 0.17, 0.17, 0.17, 0.17, 0.17, 0.17, 0.17, 0.17, 0.17, 0.17, 0.17, 0.17, 0.17, 0.17, 0.17, 0.17, 0.17, 0.17, 0.17, 0.17, 0.17, 0.17, 0.17, 0.17, 0.17, 0.17, 0.17, 0.17, 0.17, 0.17, 0.17, 0.17, 0.17, 0.17, 0.17, 0.17, 0.17, 0.17, 0.17, 0.17, 0.17, 0.17, 0.17], "Real_Power": [26.15, 25.95, 25.89, 26.21, 26.03, 26.07, 26.06, 25.94, 26.19, 26.17, 25.96, 26.17, 25.96, 26.11, 26.17, 25.93, 26.11, 26.15, 25.9, 26.15, 25.94, 25.99, 26.1, 25.89, 26.23, 26.07, 25.97, 26.19, 26.04, 26.12, 26.18, 25.89, 25.99, 26.23, 25.98, 26.16, 25.98, 26.09, 26.12, 25.93, 26.05, 26.1, 25.98, 26.18, 26.07], "Apparent_Power": [38.74, 38.71, 38.73, 38.75, 38.73, 38.75, 38.73, 38.74, 38.77, 38.76, 38.75, 38.73, 38.76, 38.75, 38.76, 38.76, 38.74, 38.73, 38.74, 38.74, 38.77, 38.73, 38.75, 38.75, 38.76, 38.77, 38.75, 38.76, 38.74, 38.75, 38.77, 38.77, 38.77, 38.77, 38.77, 38.76, 38.75, 38.79, 38.78, 38.78, 38.77, 38.76, 38.75, 38.77, 38.74], "Apparent_Power_Reactive": [28.58, 28.72, 28.8, 28.54, 28.67, 28.66, 28.65, 28.77, 28.58, 28.59, 28.76, 28.55, 28.78, 28.63, 28.59, 28.8, 28.61, 28.56, 28.8, 28.58, 28.81, 28.71, 28.64, 28.83, 28.53, 28.69, 28.75, 28.57, 28.68, 28.62, 28.59, 28.85, 28.76, 28.54, 28.77, 28.6, 28.75, 28.7, 28.66, 28.83, 28.71, 28.65, 28.75, 28.59, 28.65], "Power_Factor": [0.675, 0.67, 0.668, 0.676, 0.672, 0.672, 0.672, 0.669, 0.675, 0.675, 0.669, 0.675, 0.669, 0.673, 0.675, 0.668, 0.673, 0.675, 0.668, 0.675, 0.669, 0.671, 0.673, 0.668, 0.676, 0.672, 0.67, 0.675, 0.672, 0.674, 0.675, 0.667, 0.67, 0.676, 0.67, 0.674, 0.67, 0.672, 0.673, 0.668, 0.671, 0.673, 0.67, 0.675, 0.672], "Energy": [0.01, 0.02, 0.04, 0.05, 0.07, 0.08, 0.1, 0.11, 0.13, 0.14, 0.16, 0.17, 0.19, 0.2, 0.21, 0.23, 0.24, 0.26, 0.27, 0.29, 0.3, 0.32, 0.33, 0.35, 0.36, 0.38, 0.39, 0.41, 0.42, 0.43, 0.45, 0.46, 0.48, 0.49, 0.51, 0.52, 0.54, 0.55, 0.57, 0.58, 0.6, 0.61, 0.63, 0.64, 0.65], "Frequency": [49.41, 49.41, 49.41, 49.41, 49.41, 49.41, 49.42, 49.42, 49.42, 49.42, 49.42, 49.42, 49.41, 49.41, 49.41, 49.4, 49.4, 49.4, 49.4, 49.4, 49.4, 49.41, 49.41, 49.41, 49.4, 49.4, 49.4, 49.41, 49.41, 49.41, 49.43, 49.43, 49.43, 49.43, 49.43, 49.43, 49.43, 49.43, 49.43, 49.42, 49.42, 49.42, 49.41, 49.41, 49.41], "Temp_env": []}