{"Start_Time": [1755340788.975947], "Time": [1755340790.9785445, 1755340792.9810143, 1755340794.9835162, 1755340796.985846, 1755340798.9885502, 1755340800.9959846, 1755340802.998709, 1755340805.0011835, 1755340807.0036657, 1755340809.0059996, 1755340811.0081222, 1755340813.0157917, 1755340815.018145, 1755340817.0210605, 1755340819.0288944, 1755340821.0314233, 1755340823.033891, 1755340825.041447, 1755340827.043894, 1755340829.0462441, 1755340831.0489905, 1755340833.0514486, 1755340835.0540292, 1755340837.0614977, 1755340839.0642157, 1755340841.0663726, 1755340843.0741875, 1755340845.0765285, 1755340847.0792317, 1755340849.0816624, 1755340851.0844064, 1755340853.0865004, 1755340855.0942843, 1755340857.096609, 1755340859.0993953, 1755340861.1067607, 1755340863.109513, 1755340865.1118865, 1755340867.1195993, 1755340869.1218984, 1755340871.124599, 1755340873.1269045, 1755340875.129669, 1755340877.132018, 1755340879.1396728], "Voltage": [227.56, 227.77, 227.77, 227.83, 227.93, 227.83, 227.88, 227.72, 227.77, 227.88, 227.83, 227.83, 227.88, 227.83, 227.83, 227.88, 227.93, 227.83, 227.83, 227.83, 227.77, 227.51, 227.72, 227.88, 227.67, 227.72, 227.56, 227.51, 227.88, 227.62, 227.72, 227.72, 227.62, 227.67, 227.72, 227.56, 227.56, 227.56, 227.62, 227.77, 227.77, 227.67, 227.98, 227.93, 228.04], "Current": [0.17, 0.17, 0.18, 0.17, 0.17, 0.17, 0.17, 0.17, 0.17, 0.18, 0.17, 0.17, 0.17, 0.17, 0.17, 0.17, 0.17, 0.17, 0.17, 0.17, 0.17, 0.17, 0.17, 0.17, 0.17, 0.17, 0.17, 0.17, 0.17, 0.17, 0.17, 0.17, 0.17, 0.17, 0.17, 0.17, 0.17, 0.17, 0.17, 0.17, 0.17, 0.17, 0.17, 0.17, 0.17], "Real_Power": [26.01, 26.0, 26.15, 26.02, 26.13, 26.1, 25.97, 26.15, 26.05, 26.32, 26.19, 26.02, 26.17, 26.02, 25.98, 26.13, 26.06, 26.01, 26.24, 25.92, 25.97, 26.17, 26.04, 26.08, 26.11, 25.97, 26.06, 26.13, 25.96, 26.13, 26.0, 26.11, 26.09, 26.02, 26.12, 26.03, 26.11, 26.14, 26.02, 26.08, 26.06, 25.98, 26.14, 26.02, 26.03], "Apparent_Power": [38.68, 38.72, 40.99, 38.73, 38.74, 38.73, 38.73, 38.71, 38.72, 41.01, 38.73, 38.73, 38.73, 38.73, 38.73, 38.73, 38.74, 38.73, 38.73, 38.73, 38.72, 38.67, 38.71, 38.73, 38.7, 38.71, 38.68, 38.67, 38.73, 38.69, 38.71, 38.71, 38.69, 38.7, 38.71, 38.68, 38.68, 38.68, 38.69, 38.72, 38.72, 38.7, 38.75, 38.74, 38.76], "Apparent_Power_Reactive": [28.62, 28.69, 31.56, 28.68, 28.6, 28.61, 28.73, 28.54, 28.64, 31.44, 28.53, 28.68, 28.55, 28.68, 28.72, 28.58, 28.66, 28.69, 28.48, 28.77, 28.71, 28.46, 28.64, 28.63, 28.56, 28.7, 28.58, 28.5, 28.74, 28.53, 28.67, 28.57, 28.56, 28.64, 28.56, 28.61, 28.53, 28.51, 28.63, 28.61, 28.63, 28.68, 28.6, 28.7, 28.71], "Power_Factor": [0.672, 0.671, 0.637, 0.671, 0.674, 0.673, 0.67, 0.675, 0.672, 0.641, 0.676, 0.671, 0.675, 0.671, 0.67, 0.674, 0.672, 0.671, 0.677, 0.669, 0.67, 0.676, 0.672, 0.673, 0.674, 0.67, 0.673, 0.675, 0.67, 0.675, 0.671, 0.674, 0.674, 0.672, 0.674, 0.672, 0.675, 0.675, 0.672, 0.673, 0.673, 0.671, 0.674, 0.671, 0.671], "Energy": [0.01, 0.02, 0.04, 0.05, 0.07, 0.08, 0.1, 0.11, 0.13, 0.14, 0.16, 0.17, 0.19, 0.2, 0.21, 0.23, 0.24, 0.26, 0.27, 0.29, 0.3, 0.32, 0.33, 0.35, 0.36, 0.38, 0.39, 0.41, 0.42, 0.43, 0.45, 0.46, 0.48, 0.49, 0.51, 0.52, 0.54, 0.55, 0.57, 0.58, 0.6, 0.61, 0.63, 0.64, 0.65], "Frequency": [49.41, 49.4, 49.4, 49.4, 49.4, 49.4, 49.4, 49.39, 49.39, 49.39, 49.4, 49.4, 49.4, 49.39, 49.39, 49.39, 49.4, 49.4, 49.4, 49.39, 49.39, 49.39, 49.41, 49.41, 49.41, 49.4, 49.4, 49.4, 49.41, 49.41, 49.41, 49.39, 49.39, 49.39, 49.39, 49.39, 49.39, 49.39, 49.39, 49.39, 49.39, 49.39, 49.39, 49.4, 49.4], "Temp_env": []}