{"Start_Time": [1755782590.867193], "Time": [1755782592.8695092, 1755782594.8720844, 1755782596.874318, 1755782598.8764892, 1755782600.878436, 1755782602.8803806, 1755782604.8823729, 1755782606.884491, 1755782608.887239, 1755782610.8895183, 1755782612.8915176, 1755782614.8941875, 1755782616.89655, 1755782618.8986738, 1755782620.9013424, 1755782622.9085722, 1755782624.9107134, 1755782626.9135308, 1755782628.921339, 1755782630.9238768, 1755782632.9264684, 1755782634.93392, 1755782636.9365096, 1755782638.9387605, 1755782640.946593, 1755782642.9487512, 1755782644.950902, 1755782646.958613, 1755782648.9609332, 1755782650.963815, 1755782652.9716825, 1755782654.9742126, 1755782656.9767234, 1755782658.9842155, 1755782660.986767, 1755782662.989019, 1755782664.996666, 1755782666.999012, 1755782669.0011191, 1755782671.00877, 1755782673.0111094, 1755782675.0140154, 1755782677.0219357, 1755782679.0243113, 1755782681.026835], "Voltage": [227.88, 227.93, 227.98, 227.88, 227.88, 228.04, 227.88, 227.93, 227.88, 227.83, 227.93, 227.88, 227.93, 227.98, 227.93, 227.93, 227.72, 227.98, 227.88, 227.93, 228.04, 227.83, 227.77, 227.83, 227.83, 227.72, 227.77, 227.77, 227.83, 228.04, 227.98, 227.88, 227.98, 227.88, 228.09, 228.04, 228.04, 227.93, 227.98, 227.93, 227.93, 227.93, 228.04, 227.93, 227.77], "Current": [0.17, 0.17, 0.17, 0.17, 0.17, 0.17, 0.17, 0.17, 0.17, 0.17, 0.17, 0.17, 0.17, 0.17, 0.17, 0.17, 0.17, 0.17, 0.17, 0.17, 0.17, 0.17, 0.17, 0.17, 0.17, 0.17, 0.17, 0.17, 0.17, 0.17, 0.17, 0.17, 0.17, 0.17, 0.17, 0.17, 0.17, 0.17, 0.17, 0.17, 0.17, 0.17, 0.17, 0.17, 0.17], "Real_Power": [25.99, 26.13, 26.17, 26.03, 26.03, 26.18, 26.03, 26.28, 26.13, 26.03, 26.2, 26.08, 26.05, 26.23, 26.01, 26.13, 26.01, 26.05, 26.25, 26.09, 26.1, 26.05, 26.17, 26.09, 26.14, 26.08, 26.18, 26.07, 26.06, 26.15, 26.15, 26.08, 26.03, 26.0, 26.26, 26.07, 26.02, 26.02, 26.11, 26.04, 26.02, 26.19, 26.1, 26.17, 26.2], "Apparent_Power": [38.73, 38.74, 38.75, 38.73, 38.73, 38.76, 38.73, 38.74, 38.73, 38.73, 38.74, 38.73, 38.74, 38.75, 38.74, 38.74, 38.71, 38.75, 38.73, 38.74, 38.76, 38.73, 38.72, 38.73, 38.73, 38.71, 38.72, 38.72, 38.73, 38.76, 38.75, 38.73, 38.75, 38.73, 38.77, 38.76, 38.76, 38.74, 38.75, 38.74, 38.74, 38.74, 38.76, 38.74, 38.72], "Apparent_Power_Reactive": [28.71, 28.6, 28.57, 28.67, 28.67, 28.58, 28.67, 28.46, 28.58, 28.67, 28.53, 28.63, 28.67, 28.52, 28.71, 28.6, 28.66, 28.68, 28.47, 28.63, 28.65, 28.66, 28.53, 28.62, 28.57, 28.6, 28.52, 28.62, 28.65, 28.6, 28.59, 28.63, 28.7, 28.7, 28.52, 28.68, 28.72, 28.7, 28.63, 28.68, 28.7, 28.54, 28.65, 28.56, 28.5], "Power_Factor": [0.671, 0.674, 0.675, 0.672, 0.672, 0.675, 0.672, 0.678, 0.674, 0.672, 0.676, 0.673, 0.672, 0.676, 0.671, 0.674, 0.671, 0.672, 0.677, 0.673, 0.673, 0.672, 0.675, 0.673, 0.674, 0.673, 0.676, 0.673, 0.672, 0.674, 0.674, 0.673, 0.671, 0.671, 0.677, 0.672, 0.671, 0.671, 0.673, 0.672, 0.671, 0.676, 0.673, 0.675, 0.676], "Energy": [0.01, 0.02, 0.04, 0.05, 0.07, 0.08, 0.1, 0.11, 0.13, 0.14, 0.16, 0.17, 0.19, 0.2, 0.22, 0.23, 0.24, 0.26, 0.27, 0.29, 0.3, 0.32, 0.33, 0.35, 0.36, 0.38, 0.39, 0.41, 0.42, 0.44, 0.45, 0.46, 0.48, 0.49, 0.51, 0.52, 0.54, 0.55, 0.57, 0.58, 0.6, 0.61, 0.63, 0.64, 0.66], "Frequency": [49.39, 49.39, 49.39, 49.39, 49.36, 49.36, 49.36, 49.37, 49.37, 49.37, 49.37, 49.37, 49.37, 49.37, 49.37, 49.37, 49.39, 49.39, 49.39, 49.38, 49.38, 49.38, 49.38, 49.38, 49.38, 49.37, 49.37, 49.37, 49.37, 49.37, 49.37, 49.39, 49.39, 49.39, 49.39, 49.39, 49.39, 49.39, 49.39, 49.39, 49.38, 49.38, 49.38, 49.39, 49.39], "Temp_env": []}