{"Start_Time": [1755659809.075047], "Time": [1755659811.0774605, 1755659813.0802152, 1755659815.082546, 1755659817.0902944, 1755659819.0926352, 1755659821.0953674, 1755659823.0976374, 1755659825.099731, 1755659827.1024265, 1755659829.1045818, 1755659831.106873, 1755659833.10944, 1755659835.116902, 1755659837.1194293, 1755659839.1217597, 1755659841.1295252, 1755659843.1317892, 1755659845.1344054, 1755659847.1368809, 1755659849.1395662, 1755659851.1417232, 1755659853.1438663, 1755659855.1459355, 1755659857.1485057, 1755659859.1558793, 1755659861.158033, 1755659863.160772, 1755659865.1681445, 1755659867.1708202, 1755659869.1732633, 1755659871.176003, 1755659873.178268, 1755659875.180473, 1755659877.1832128, 1755659879.1855497, 1755659881.1876469, 1755659883.1953754, 1755659885.1979017, 1755659887.2004828, 1755659889.2026517, 1755659891.2047174, 1755659893.206952, 1755659895.2096066, 1755659897.212052, 1755659899.2147284], "Voltage": [227.88, 227.77, 227.88, 227.88, 227.72, 227.77, 227.83, 227.83, 227.83, 227.93, 227.93, 227.77, 227.88, 227.88, 227.88, 227.83, 227.88, 227.88, 227.88, 227.88, 227.72, 227.83, 227.83, 227.62, 227.72, 227.67, 227.67, 227.62, 227.67, 227.77, 227.56, 227.67, 227.62, 227.62, 227.67, 227.46, 227.51, 227.46, 227.67, 227.56, 227.67, 227.67, 227.56, 227.51, 227.56], "Current": [0.17, 0.17, 0.17, 0.17, 0.17, 0.17, 0.17, 0.17, 0.17, 0.17, 0.17, 0.17, 0.17, 0.17, 0.17, 0.17, 0.17, 0.17, 0.17, 0.17, 0.17, 0.17, 0.17, 0.17, 0.17, 0.17, 0.17, 0.17, 0.17, 0.17, 0.17, 0.17, 0.17, 0.17, 0.17, 0.17, 0.17, 0.17, 0.17, 0.17, 0.17, 0.17, 0.17, 0.17, 0.17], "Real_Power": [26.2, 25.99, 26.03, 26.01, 25.89, 26.25, 25.91, 26.11, 26.11, 25.85, 26.07, 26.03, 25.83, 26.1, 26.0, 25.99, 26.14, 25.87, 25.97, 26.12, 25.88, 26.08, 25.94, 25.77, 26.17, 26.0, 26.04, 26.15, 25.9, 26.13, 25.99, 26.06, 25.85, 26.07, 26.0, 25.78, 25.99, 25.98, 25.96, 26.15, 25.83, 26.14, 26.06, 25.84, 26.11], "Apparent_Power": [38.73, 38.72, 38.73, 38.73, 38.71, 38.72, 38.73, 38.73, 38.73, 38.74, 38.74, 38.72, 38.73, 38.73, 38.73, 38.73, 38.73, 38.73, 38.73, 38.73, 38.71, 38.73, 38.73, 38.69, 38.71, 38.7, 38.7, 38.69, 38.7, 38.72, 38.68, 38.7, 38.69, 38.69, 38.7, 38.66, 38.67, 38.66, 38.7, 38.68, 38.7, 38.7, 38.68, 38.67, 38.68], "Apparent_Power_Reactive": [28.52, 28.7, 28.67, 28.69, 28.77, 28.46, 28.78, 28.6, 28.6, 28.85, 28.65, 28.66, 28.85, 28.61, 28.7, 28.71, 28.57, 28.82, 28.73, 28.59, 28.78, 28.63, 28.75, 28.85, 28.52, 28.66, 28.62, 28.51, 28.75, 28.57, 28.64, 28.61, 28.78, 28.58, 28.66, 28.8, 28.63, 28.62, 28.7, 28.5, 28.81, 28.53, 28.58, 28.76, 28.53], "Power_Factor": [0.676, 0.671, 0.672, 0.671, 0.668, 0.677, 0.668, 0.674, 0.674, 0.667, 0.672, 0.672, 0.666, 0.673, 0.671, 0.671, 0.674, 0.667, 0.67, 0.674, 0.668, 0.673, 0.669, 0.666, 0.676, 0.671, 0.672, 0.675, 0.669, 0.674, 0.671, 0.673, 0.668, 0.673, 0.671, 0.666, 0.672, 0.672, 0.67, 0.676, 0.667, 0.675, 0.673, 0.668, 0.675], "Energy": [0.01, 0.02, 0.04, 0.05, 0.07, 0.08, 0.1, 0.11, 0.13, 0.14, 0.16, 0.17, 0.19, 0.2, 0.21, 0.23, 0.24, 0.26, 0.27, 0.29, 0.3, 0.32, 0.33, 0.35, 0.36, 0.38, 0.39, 0.4, 0.42, 0.43, 0.45, 0.46, 0.48, 0.49, 0.51, 0.52, 0.54, 0.55, 0.57, 0.58, 0.6, 0.61, 0.63, 0.64, 0.65], "Frequency": [49.37, 49.37, 49.37, 49.39, 49.39, 49.39, 49.39, 49.39, 49.39, 49.39, 49.39, 49.39, 49.39, 49.39, 49.39, 49.4, 49.4, 49.4, 49.43, 49.43, 49.43, 49.43, 49.43, 49.43, 49.39, 49.39, 49.39, 49.38, 49.38, 49.38, 49.37, 49.37, 49.37, 49.39, 49.39, 49.39, 49.39, 49.39, 49.39, 49.39, 49.39, 49.39, 49.39, 49.39, 49.39], "Temp_env": []}