{"Start_Time": [1755149848.181916], "Time": [1755149850.183909, 1755149852.1859834, 1755149854.1888535, 1755149856.1909335, 1755149858.1929734, 1755149860.1949606, 1755149862.1970234, 1755149864.1991775, 1755149866.2067912, 1755149868.209269, 1755149870.2118387, 1755149872.2141848, 1755149874.2168775, 1755149876.2194116, 1755149878.2218778, 1755149880.2242208, 1755149882.226941, 1755149884.2294009, 1755149886.2318954, 1755149888.234212, 1755149890.2420506, 1755149892.2443352, 1755149894.2470229, 1755149896.2495637, 1755149898.2520018, 1755149900.2543867, 1755149902.2570882, 1755149904.2594013, 1755149906.2620988, 1755149908.2695682, 1755149910.2720692, 1755149912.274447, 1755149914.2771802, 1755149916.279594, 1755149918.2821288, 1755149920.284485, 1755149922.2871957, 1755149924.2896516, 1755149926.2921705, 1755149928.2945426, 1755149930.2972977, 1755149932.305347, 1755149934.3074605, 1755149936.309618, 1755149938.3123562], "Voltage": [229.45, 229.45, 229.61, 229.5, 229.55, 229.55, 229.55, 229.66, 229.61, 229.55, 229.55, 229.5, 229.55, 229.5, 229.61, 229.61, 229.61, 229.5, 229.66, 229.55, 229.61, 229.71, 229.92, 229.71, 229.61, 229.55, 229.76, 229.61, 229.55, 229.61, 229.45, 229.5, 229.55, 229.61, 229.55, 229.5, 229.5, 229.45, 229.61, 229.5, 229.5, 229.45, 229.61, 229.5, 229.5], "Current": [0.17, 0.17, 0.17, 0.17, 0.17, 0.17, 0.17, 0.17, 0.17, 0.17, 0.17, 0.17, 0.17, 0.17, 0.17, 0.17, 0.17, 0.17, 0.17, 0.17, 0.17, 0.17, 0.17, 0.17, 0.17, 0.17, 0.17, 0.17, 0.17, 0.17, 0.17, 0.17, 0.17, 0.17, 0.17, 0.17, 0.17, 0.17, 0.17, 0.17, 0.17, 0.17, 0.17, 0.17, 0.17], "Real_Power": [26.21, 25.83, 26.02, 25.92, 26.06, 25.85, 26.08, 26.06, 25.96, 26.04, 26.06, 26.03, 26.08, 25.98, 25.9, 25.9, 25.92, 26.04, 25.98, 25.97, 25.98, 25.79, 25.89, 26.1, 25.87, 26.09, 26.1, 25.96, 26.01, 25.96, 26.09, 26.0, 25.86, 26.04, 25.91, 25.87, 26.11, 25.83, 25.96, 25.86, 25.85, 26.09, 25.92, 26.0, 26.04], "Apparent_Power": [39.0, 39.0, 39.03, 39.01, 39.02, 39.02, 39.02, 39.04, 39.03, 39.02, 39.02, 39.01, 39.02, 39.01, 39.03, 39.03, 39.03, 39.01, 39.04, 39.02, 39.03, 39.05, 39.08, 39.05, 39.03, 39.02, 39.05, 39.03, 39.02, 39.03, 39.0, 39.01, 39.02, 39.03, 39.02, 39.01, 39.01, 39.0, 39.03, 39.01, 39.01, 39.0, 39.03, 39.01, 39.01], "Apparent_Power_Reactive": [28.87, 29.22, 29.09, 29.15, 29.04, 29.22, 29.02, 29.06, 29.14, 29.05, 29.04, 29.05, 29.02, 29.1, 29.19, 29.19, 29.18, 29.04, 29.14, 29.12, 29.12, 29.32, 29.27, 29.04, 29.22, 29.01, 29.04, 29.14, 29.08, 29.14, 28.98, 29.08, 29.22, 29.07, 29.17, 29.19, 28.98, 29.22, 29.14, 29.2, 29.21, 28.98, 29.18, 29.08, 29.04], "Power_Factor": [0.672, 0.662, 0.666, 0.664, 0.667, 0.662, 0.668, 0.667, 0.665, 0.667, 0.667, 0.667, 0.668, 0.665, 0.663, 0.663, 0.664, 0.667, 0.665, 0.665, 0.665, 0.66, 0.662, 0.668, 0.662, 0.668, 0.668, 0.665, 0.666, 0.665, 0.668, 0.666, 0.662, 0.667, 0.664, 0.663, 0.669, 0.662, 0.665, 0.662, 0.662, 0.668, 0.664, 0.666, 0.667], "Energy": [0.01, 0.02, 0.04, 0.05, 0.07, 0.08, 0.1, 0.11, 0.13, 0.14, 0.16, 0.17, 0.19, 0.2, 0.22, 0.23, 0.24, 0.26, 0.27, 0.29, 0.3, 0.32, 0.33, 0.35, 0.36, 0.38, 0.39, 0.41, 0.42, 0.43, 0.45, 0.46, 0.48, 0.49, 0.51, 0.52, 0.54, 0.55, 0.57, 0.58, 0.6, 0.61, 0.62, 0.64, 0.65], "Frequency": [49.42, 49.4, 49.4, 49.4, 49.4, 49.4, 49.4, 49.39, 49.39, 49.39, 49.39, 49.39, 49.39, 49.39, 49.39, 49.39, 49.39, 49.39, 49.39, 49.39, 49.39, 49.39, 49.39, 49.39, 49.39, 49.43, 49.43, 49.43, 49.43, 49.43, 49.43, 49.44, 49.44, 49.44, 49.43, 49.43, 49.43, 49.43, 49.43, 49.43, 49.43, 49.43, 49.43, 49.43, 49.43], "Temp_env": []}