{"Start_Time": [1755241925.5282645], "Time": [1755241927.530551, 1755241929.5327861, 1755241931.5355034, 1755241933.537692, 1755241935.5397959, 1755241937.5419664, 1755241939.544471, 1755241941.5468125, 1755241943.549491, 1755241945.551984, 1755241947.5545273, 1755241949.5568638, 1755241951.5596273, 1755241953.562065, 1755241955.5646298, 1755241957.5669584, 1755241959.5696795, 1755241961.5721233, 1755241963.5748336, 1755241965.5769322, 1755241967.5797527, 1755241969.5821924, 1755241971.5849214, 1755241973.587086, 1755241975.5897806, 1755241977.5922575, 1755241979.5949523, 1755241981.5971236, 1755241983.5991788, 1755241985.6021037, 1755241987.604184, 1755241989.6063757, 1755241991.609062, 1755241993.6112676, 1755241995.6133645, 1755241997.6160452, 1755241999.618391, 1755242001.621062, 1755242003.6233685, 1755242005.6259787, 1755242007.6283894, 1755242009.6311002, 1755242011.6333222, 1755242013.6361115, 1755242015.6434243], "Voltage": [228.45, 228.3, 228.45, 228.45, 228.4, 228.3, 228.35, 228.61, 228.45, 228.51, 228.56, 228.35, 228.3, 228.51, 228.51, 228.24, 228.51, 228.45, 228.51, 228.35, 228.4, 228.14, 228.19, 228.3, 228.24, 228.3, 228.3, 228.3, 228.14, 228.24, 228.24, 228.3, 228.35, 228.35, 228.24, 228.24, 228.09, 228.19, 228.24, 228.24, 228.4, 228.24, 228.14, 228.14, 228.24], "Current": [0.17, 0.17, 0.17, 0.17, 0.17, 0.17, 0.17, 0.17, 0.17, 0.17, 0.17, 0.17, 0.17, 0.17, 0.17, 0.17, 0.17, 0.17, 0.17, 0.17, 0.17, 0.17, 0.18, 0.17, 0.17, 0.17, 0.17, 0.17, 0.17, 0.17, 0.17, 0.17, 0.17, 0.17, 0.17, 0.17, 0.17, 0.17, 0.17, 0.17, 0.17, 0.17, 0.17, 0.17, 0.17], "Real_Power": [25.93, 26.01, 25.81, 25.95, 26.05, 25.88, 26.03, 26.05, 25.68, 26.11, 25.73, 25.83, 25.86, 25.93, 25.89, 25.81, 26.06, 25.96, 25.86, 26.06, 25.89, 25.86, 26.28, 25.79, 25.71, 26.12, 25.69, 25.85, 26.11, 25.63, 26.04, 25.91, 25.93, 25.98, 26.08, 25.96, 25.96, 26.03, 25.81, 25.98, 26.02, 25.67, 26.11, 25.95, 25.68], "Apparent_Power": [38.83, 38.81, 38.83, 38.83, 38.82, 38.81, 38.81, 38.86, 38.83, 38.84, 38.85, 38.81, 38.81, 38.84, 38.84, 38.8, 38.84, 38.83, 38.84, 38.81, 38.82, 38.78, 41.07, 38.81, 38.8, 38.81, 38.81, 38.81, 38.78, 38.8, 38.8, 38.81, 38.81, 38.81, 38.8, 38.8, 38.77, 38.79, 38.8, 38.8, 38.82, 38.8, 38.78, 38.78, 38.8], "Apparent_Power_Reactive": [28.9, 28.8, 29.01, 28.88, 28.78, 28.92, 28.78, 28.83, 29.12, 28.75, 29.1, 28.96, 28.93, 28.91, 28.95, 28.97, 28.79, 28.87, 28.97, 28.75, 28.92, 28.89, 31.56, 29.0, 29.05, 28.7, 29.09, 28.94, 28.67, 29.12, 28.76, 28.89, 28.87, 28.83, 28.72, 28.83, 28.79, 28.75, 28.97, 28.81, 28.8, 29.09, 28.67, 28.81, 29.08], "Power_Factor": [0.667, 0.67, 0.664, 0.668, 0.671, 0.666, 0.67, 0.67, 0.661, 0.672, 0.662, 0.665, 0.666, 0.667, 0.666, 0.665, 0.67, 0.668, 0.665, 0.671, 0.666, 0.666, 0.639, 0.664, 0.662, 0.673, 0.661, 0.666, 0.673, 0.66, 0.671, 0.667, 0.668, 0.669, 0.672, 0.669, 0.669, 0.671, 0.665, 0.669, 0.67, 0.661, 0.673, 0.669, 0.661], "Energy": [0.01, 0.02, 0.04, 0.05, 0.07, 0.08, 0.1, 0.11, 0.13, 0.14, 0.16, 0.17, 0.18, 0.2, 0.21, 0.23, 0.24, 0.26, 0.27, 0.29, 0.3, 0.32, 0.33, 0.35, 0.36, 0.37, 0.39, 0.4, 0.42, 0.43, 0.45, 0.46, 0.48, 0.49, 0.51, 0.52, 0.54, 0.55, 0.57, 0.58, 0.59, 0.61, 0.62, 0.64, 0.65], "Frequency": [49.37, 49.36, 49.36, 49.36, 49.39, 49.39, 49.39, 49.38, 49.38, 49.38, 49.39, 49.39, 49.39, 49.41, 49.41, 49.41, 49.43, 49.43, 49.43, 49.44, 49.44, 49.44, 49.39, 49.39, 49.39, 49.41, 49.41, 49.41, 49.4, 49.4, 49.4, 49.42, 49.42, 49.42, 49.43, 49.43, 49.43, 49.42, 49.42, 49.42, 49.42, 49.42, 49.42, 49.42, 49.42], "Temp_env": []}