{"Start_Time": [1755808529.534814], "Time": [1755808531.5370889, 1755808533.5395067, 1755808535.5418375, 1755808537.5445633, 1755808539.5469575, 1755808541.5496547, 1755808543.5520942, 1755808545.554695, 1755808547.5571342, 1755808549.5596285, 1755808551.561972, 1755808553.5640943, 1755808555.5669534, 1755808557.569055, 1755808559.5717528, 1755808561.5741067, 1755808563.5761316, 1755808565.5787876, 1755808567.5811439, 1755808569.5838726, 1755808571.586177, 1755808573.5888362, 1755808575.5911694, 1755808577.5939095, 1755808579.5962975, 1755808581.598941, 1755808583.6012833, 1755808585.6039195, 1755808587.6063044, 1755808589.6089637, 1755808591.6112895, 1755808593.6140003, 1755808595.6163661, 1755808597.6190805, 1755808599.6213982, 1755808601.6241233, 1755808603.626441, 1755808605.6291108, 1755808607.6314504, 1755808609.6341794, 1755808611.636545, 1755808613.6392622, 1755808615.64141, 1755808617.643451, 1755808619.6455963], "Voltage": [229.55, 229.55, 229.61, 229.71, 229.61, 229.71, 229.71, 229.71, 229.82, 229.61, 229.66, 229.71, 229.82, 229.76, 229.82, 229.76, 229.76, 229.82, 229.87, 229.82, 229.76, 229.71, 229.66, 229.82, 229.76, 229.71, 229.82, 229.82, 229.71, 229.71, 229.66, 229.66, 229.76, 229.82, 229.87, 229.97, 229.66, 229.76, 229.87, 229.66, 229.66, 229.71, 229.87, 229.71, 229.82], "Current": [0.17, 0.17, 0.17, 0.17, 0.17, 0.17, 0.17, 0.17, 0.17, 0.17, 0.17, 0.17, 0.17, 0.17, 0.17, 0.17, 0.17, 0.17, 0.17, 0.17, 0.17, 0.17, 0.17, 0.17, 0.17, 0.17, 0.17, 0.17, 0.17, 0.17, 0.17, 0.17, 0.17, 0.17, 0.17, 0.17, 0.17, 0.17, 0.17, 0.17, 0.17, 0.17, 0.17, 0.17, 0.17], "Real_Power": [25.9, 25.96, 26.09, 25.88, 26.07, 25.89, 26.0, 26.16, 25.94, 26.04, 26.04, 25.98, 26.19, 25.82, 25.89, 26.02, 25.95, 26.08, 26.13, 25.99, 26.0, 25.92, 25.97, 26.04, 25.86, 26.16, 26.03, 25.96, 26.19, 25.82, 26.11, 26.06, 25.9, 26.15, 25.98, 25.95, 26.05, 25.91, 25.93, 26.05, 25.87, 25.96, 26.01, 26.11, 25.96], "Apparent_Power": [39.02, 39.02, 39.03, 39.05, 39.03, 39.05, 39.05, 39.05, 39.06, 39.03, 39.04, 39.05, 39.06, 39.05, 39.06, 39.05, 39.05, 39.06, 39.07, 39.06, 39.05, 39.05, 39.04, 39.06, 39.05, 39.05, 39.06, 39.06, 39.05, 39.05, 39.04, 39.04, 39.05, 39.06, 39.07, 39.09, 39.04, 39.05, 39.07, 39.04, 39.04, 39.05, 39.07, 39.05, 39.06], "Apparent_Power_Reactive": [29.18, 29.13, 29.02, 29.24, 29.04, 29.23, 29.13, 28.99, 29.2, 29.07, 29.08, 29.15, 28.97, 29.29, 29.24, 29.11, 29.18, 29.07, 29.04, 29.15, 29.13, 29.2, 29.14, 29.11, 29.26, 28.99, 29.12, 29.18, 28.96, 29.29, 29.02, 29.06, 29.22, 29.01, 29.18, 29.23, 29.07, 29.21, 29.22, 29.07, 29.23, 29.17, 29.15, 29.03, 29.18], "Power_Factor": [0.663, 0.665, 0.668, 0.662, 0.667, 0.662, 0.665, 0.669, 0.664, 0.667, 0.667, 0.665, 0.67, 0.661, 0.662, 0.666, 0.664, 0.667, 0.668, 0.665, 0.665, 0.663, 0.665, 0.666, 0.662, 0.669, 0.666, 0.664, 0.67, 0.661, 0.668, 0.667, 0.663, 0.669, 0.664, 0.663, 0.667, 0.663, 0.663, 0.667, 0.662, 0.664, 0.665, 0.668, 0.664], "Energy": [0.01, 0.02, 0.04, 0.05, 0.07, 0.08, 0.1, 0.11, 0.13, 0.14, 0.16, 0.17, 0.19, 0.2, 0.21, 0.23, 0.24, 0.26, 0.27, 0.29, 0.3, 0.32, 0.33, 0.35, 0.36, 0.38, 0.39, 0.4, 0.42, 0.43, 0.45, 0.46, 0.48, 0.49, 0.51, 0.52, 0.54, 0.55, 0.57, 0.58, 0.59, 0.61, 0.63, 0.64, 0.65], "Frequency": [49.39, 49.39, 49.39, 49.39, 49.4, 49.4, 49.4, 49.4, 49.4, 49.4, 49.41, 49.41, 49.41, 49.41, 49.41, 49.41, 49.41, 49.41, 49.41, 49.4, 49.4, 49.4, 49.39, 49.39, 49.39, 49.4, 49.4, 49.4, 49.41, 49.41, 49.41, 49.41, 49.41, 49.41, 49.41, 49.41, 49.41, 49.42, 49.42, 49.42, 49.4, 49.4, 49.4, 49.42, 49.42], "Temp_env": []}