{"Start_Time": [1755418015.5018668], "Time": [1755418017.5041854, 1755418019.5063953, 1755418021.5091724, 1755418023.511365, 1755418025.5134423, 1755418027.5156028, 1755418029.5182838, 1755418031.5207138, 1755418033.523266, 1755418035.5255964, 1755418037.5283675, 1755418039.530751, 1755418041.5332901, 1755418043.5356727, 1755418045.5384645, 1755418047.5408487, 1755418049.5433924, 1755418051.5457373, 1755418053.5484314, 1755418055.550955, 1755418057.5534537, 1755418059.5558083, 1755418061.557952, 1755418063.5607462, 1755418065.5628397, 1755418067.5655956, 1755418069.5679433, 1755418071.5708349, 1755418073.5728853, 1755418075.5750563, 1755418077.57783, 1755418079.5800948, 1755418081.5827868, 1755418083.585097, 1755418085.5877998, 1755418087.590198, 1755418089.5928473, 1755418091.595232, 1755418093.5979228, 1755418095.6003172, 1755418097.6030629, 1755418099.6051688, 1755418101.6079593, 1755418103.610337, 1755418105.6130111], "Voltage": [231.55, 231.55, 231.55, 231.39, 231.39, 231.34, 231.34, 231.28, 231.23, 231.28, 231.23, 231.28, 231.44, 231.39, 231.28, 231.39, 231.23, 231.18, 231.23, 231.44, 231.39, 231.44, 231.39, 231.65, 231.6, 231.49, 231.65, 231.55, 231.39, 231.34, 231.44, 231.39, 231.49, 231.55, 231.34, 231.55, 231.7, 231.55, 231.6, 231.55, 231.6, 231.6, 231.6, 231.39, 231.55], "Current": [0.17, 0.17, 0.17, 0.17, 0.17, 0.17, 0.17, 0.17, 0.17, 0.17, 0.17, 0.17, 0.17, 0.17, 0.17, 0.17, 0.17, 0.17, 0.17, 0.17, 0.17, 0.17, 0.17, 0.17, 0.17, 0.17, 0.17, 0.17, 0.17, 0.17, 0.17, 0.17, 0.17, 0.17, 0.17, 0.17, 0.17, 0.17, 0.17, 0.17, 0.17, 0.17, 0.17, 0.17, 0.17], "Real_Power": [26.08, 26.15, 26.16, 26.08, 26.26, 25.94, 26.28, 26.09, 26.11, 26.26, 26.06, 26.33, 26.29, 26.01, 26.2, 26.1, 26.13, 26.25, 26.06, 26.18, 26.05, 26.1, 26.27, 26.09, 26.23, 26.21, 26.03, 26.33, 26.11, 26.13, 26.45, 26.06, 26.28, 26.25, 26.26, 26.17, 26.19, 26.22, 26.03, 26.31, 26.04, 26.11, 26.19, 26.07, 26.26], "Apparent_Power": [39.36, 39.36, 39.36, 39.33, 39.33, 39.32, 39.32, 39.31, 39.3, 39.31, 39.3, 39.31, 39.34, 39.33, 39.31, 39.33, 39.3, 39.3, 39.3, 39.34, 39.33, 39.34, 39.33, 39.38, 39.37, 39.35, 39.38, 39.36, 39.33, 39.32, 39.34, 39.33, 39.35, 39.36, 39.32, 39.36, 39.38, 39.36, 39.37, 39.36, 39.37, 39.37, 39.37, 39.33, 39.36], "Apparent_Power_Reactive": [29.47, 29.41, 29.4, 29.43, 29.27, 29.54, 29.24, 29.4, 29.37, 29.25, 29.41, 29.18, 29.26, 29.5, 29.3, 29.42, 29.35, 29.24, 29.41, 29.36, 29.46, 29.43, 29.27, 29.49, 29.35, 29.35, 29.55, 29.25, 29.41, 29.38, 29.12, 29.45, 29.28, 29.32, 29.26, 29.39, 29.4, 29.35, 29.53, 29.27, 29.52, 29.46, 29.39, 29.44, 29.31], "Power_Factor": [0.662, 0.664, 0.664, 0.663, 0.667, 0.659, 0.668, 0.663, 0.664, 0.668, 0.663, 0.669, 0.668, 0.661, 0.666, 0.663, 0.664, 0.667, 0.663, 0.665, 0.662, 0.663, 0.667, 0.662, 0.666, 0.666, 0.66, 0.668, 0.663, 0.664, 0.672, 0.662, 0.667, 0.666, 0.667, 0.664, 0.665, 0.666, 0.661, 0.668, 0.661, 0.663, 0.665, 0.662, 0.667], "Energy": [0.01, 0.02, 0.04, 0.05, 0.07, 0.08, 0.1, 0.11, 0.13, 0.14, 0.16, 0.17, 0.19, 0.2, 0.22, 0.23, 0.24, 0.26, 0.27, 0.29, 0.3, 0.32, 0.33, 0.35, 0.36, 0.38, 0.39, 0.41, 0.42, 0.44, 0.45, 0.47, 0.48, 0.49, 0.51, 0.53, 0.54, 0.55, 0.57, 0.58, 0.6, 0.61, 0.63, 0.64, 0.66], "Frequency": [49.43, 49.43, 49.43, 49.43, 49.43, 49.43, 49.42, 49.42, 49.42, 49.43, 49.43, 49.43, 49.43, 49.43, 49.43, 49.42, 49.42, 49.42, 49.42, 49.42, 49.42, 49.43, 49.43, 49.43, 49.47, 49.47, 49.47, 49.47, 49.47, 49.47, 49.46, 49.46, 49.46, 49.43, 49.43, 49.43, 49.43, 49.43, 49.43, 49.43, 49.43, 49.43, 49.42, 49.42, 49.42], "Temp_env": []}