{"Start_Time": [1755204404.9962873], "Time": [1755204406.9983134, 1755204409.0020826, 1755204411.0042033, 1755204413.0121005, 1755204415.014238, 1755204417.0163758, 1755204419.023982, 1755204421.0263205, 1755204423.028417, 1755204425.0310864, 1755204427.0333092, 1755204429.0354667, 1755204431.0381753, 1755204433.040485, 1755204435.0426054, 1755204437.0453157, 1755204439.047572, 1755204441.0502417, 1755204443.052684, 1755204445.0551796, 1755204447.0575702, 1755204449.0602782, 1755204451.0626583, 1755204453.0653985, 1755204455.0675442, 1755204457.069592, 1755204459.0717466, 1755204461.074385, 1755204463.076724, 1755204465.0794475, 1755204467.0817845, 1755204469.0844605, 1755204471.0926712, 1755204473.0947428, 1755204475.0968425, 1755204477.1044738, 1755204479.1068523, 1755204481.1095467, 1755204483.1118972, 1755204485.1145663, 1755204487.116944, 1755204489.119642, 1755204491.1219723, 1755204493.1246533, 1755204495.1270049], "Voltage": [228.51, 228.45, 228.45, 228.45, 228.45, 228.4, 228.4, 228.45, 228.4, 228.45, 228.45, 228.35, 228.4, 228.35, 228.35, 228.4, 228.24, 228.35, 228.35, 228.35, 228.4, 228.35, 228.3, 228.24, 228.35, 228.3, 228.35, 228.4, 228.4, 228.45, 228.35, 228.4, 228.3, 228.3, 228.35, 228.35, 228.19, 228.19, 228.3, 228.35, 228.3, 228.4, 228.3, 228.3, 228.51], "Current": [0.17, 0.17, 0.17, 0.17, 0.17, 0.17, 0.17, 0.17, 0.17, 0.17, 0.17, 0.17, 0.17, 0.17, 0.17, 0.17, 0.17, 0.17, 0.17, 0.17, 0.17, 0.17, 0.17, 0.17, 0.17, 0.17, 0.17, 0.17, 0.17, 0.17, 0.17, 0.17, 0.17, 0.17, 0.17, 0.17, 0.17, 0.17, 0.17, 0.17, 0.17, 0.17, 0.17, 0.17, 0.17], "Real_Power": [25.89, 25.84, 25.87, 25.59, 25.81, 25.94, 25.65, 25.83, 25.99, 25.78, 25.76, 25.91, 25.7, 25.92, 26.04, 25.82, 25.88, 25.89, 25.73, 25.93, 25.93, 25.84, 25.82, 25.92, 25.9, 25.99, 25.84, 25.89, 26.05, 25.9, 25.92, 25.96, 25.86, 25.92, 25.97, 25.83, 25.78, 25.82, 25.94, 25.73, 25.9, 25.95, 25.78, 25.84, 25.93], "Apparent_Power": [38.84, 38.83, 38.83, 38.83, 38.83, 38.82, 38.82, 38.83, 38.82, 38.83, 38.83, 38.81, 38.82, 38.81, 38.81, 38.82, 38.8, 38.81, 38.81, 38.81, 38.82, 38.81, 38.81, 38.8, 38.81, 38.81, 38.81, 38.82, 38.82, 38.83, 38.81, 38.82, 38.81, 38.81, 38.81, 38.81, 38.79, 38.79, 38.81, 38.81, 38.81, 38.82, 38.81, 38.81, 38.84], "Apparent_Power_Reactive": [28.95, 28.98, 28.95, 29.2, 29.01, 28.88, 29.13, 28.99, 28.83, 29.03, 29.05, 28.89, 29.09, 28.88, 28.77, 28.98, 28.9, 28.91, 29.05, 28.87, 28.88, 28.95, 28.97, 28.87, 28.9, 28.82, 28.95, 28.92, 28.78, 28.93, 28.88, 28.86, 28.93, 28.88, 28.84, 28.96, 28.98, 28.94, 28.86, 29.05, 28.9, 28.87, 29.01, 28.95, 28.91], "Power_Factor": [0.666, 0.665, 0.666, 0.659, 0.664, 0.668, 0.66, 0.665, 0.669, 0.663, 0.663, 0.667, 0.662, 0.667, 0.67, 0.665, 0.667, 0.667, 0.662, 0.668, 0.667, 0.665, 0.665, 0.668, 0.667, 0.669, 0.665, 0.666, 0.671, 0.667, 0.667, 0.668, 0.666, 0.667, 0.669, 0.665, 0.664, 0.665, 0.668, 0.662, 0.667, 0.668, 0.664, 0.665, 0.667], "Energy": [0.01, 0.03, 0.04, 0.05, 0.07, 0.08, 0.1, 0.11, 0.13, 0.14, 0.16, 0.17, 0.19, 0.2, 0.21, 0.23, 0.24, 0.26, 0.27, 0.29, 0.3, 0.32, 0.33, 0.35, 0.36, 0.37, 0.39, 0.4, 0.42, 0.43, 0.45, 0.46, 0.48, 0.49, 0.5, 0.52, 0.53, 0.55, 0.56, 0.58, 0.59, 0.61, 0.62, 0.64, 0.65], "Frequency": [49.4, 49.4, 49.41, 49.41, 49.41, 49.41, 49.41, 49.41, 49.39, 49.39, 49.39, 49.4, 49.4, 49.4, 49.41, 49.41, 49.41, 49.4, 49.4, 49.4, 49.41, 49.41, 49.41, 49.42, 49.42, 49.42, 49.41, 49.41, 49.41, 49.4, 49.4, 49.4, 49.42, 49.42, 49.42, 49.43, 49.43, 49.43, 49.43, 49.43, 49.43, 49.41, 49.41, 49.41, 49.41], "Temp_env": []}