{"Start_Time": [1755098452.5694764], "Time": [1755098454.5718372, 1755098456.574313, 1755098458.5766308, 1755098460.5785844, 1755098462.5805376, 1755098464.5826805, 1755098466.5846508, 1755098468.586618, 1755098470.5886114, 1755098472.5906842, 1755098474.5926697, 1755098476.5947819, 1755098478.5967436, 1755098480.598718, 1755098482.6008604, 1755098484.6035411, 1755098486.6058624, 1755098488.608578, 1755098490.6109, 1755098492.6129892, 1755098494.6156816, 1755098496.6178775, 1755098498.619895, 1755098500.6220355, 1755098502.6240268, 1755098504.626732, 1755098506.6290786, 1755098508.6319985, 1755098510.6340795, 1755098512.6367905, 1755098514.639138, 1755098516.642097, 1755098518.6440883, 1755098520.6468322, 1755098522.6491911, 1755098524.6521823, 1755098526.6543255, 1755098528.657043, 1755098530.6592672, 1755098532.6613493, 1755098534.6640203, 1755098536.6662142, 1755098538.6683755, 1755098540.6710494, 1755098542.6733136], "Voltage": [230.5, 230.5, 230.5, 230.45, 230.34, 230.24, 230.18, 230.13, 230.13, 230.08, 230.08, 229.92, 229.97, 230.03, 229.97, 230.03, 229.97, 230.03, 230.08, 230.03, 230.03, 229.97, 230.03, 230.03, 229.97, 229.82, 229.97, 230.03, 230.08, 230.08, 230.13, 230.08, 230.18, 230.08, 230.03, 230.13, 230.18, 230.13, 230.18, 230.13, 230.08, 230.03, 230.08, 230.08, 230.03], "Current": [0.17, 0.17, 0.17, 0.17, 0.17, 0.17, 0.17, 0.17, 0.17, 0.17, 0.17, 0.17, 0.17, 0.17, 0.17, 0.17, 0.17, 0.17, 0.17, 0.17, 0.17, 0.17, 0.17, 0.17, 0.17, 0.17, 0.17, 0.17, 0.17, 0.17, 0.17, 0.17, 0.17, 0.17, 0.17, 0.17, 0.17, 0.17, 0.17, 0.17, 0.17, 0.17, 0.17, 0.17, 0.17], "Real_Power": [25.93, 25.78, 26.01, 25.88, 25.95, 26.18, 25.82, 25.96, 26.01, 25.65, 26.18, 25.86, 25.84, 26.05, 25.73, 25.99, 26.0, 25.74, 26.07, 26.06, 25.83, 25.98, 25.73, 25.94, 26.02, 25.86, 26.0, 25.98, 25.84, 25.93, 25.99, 25.85, 26.12, 25.76, 25.95, 26.16, 25.91, 26.02, 26.1, 25.93, 26.08, 25.94, 25.77, 26.05, 25.83], "Apparent_Power": [39.18, 39.18, 39.18, 39.17, 39.15, 39.14, 39.13, 39.12, 39.12, 39.11, 39.11, 39.08, 39.09, 39.1, 39.09, 39.1, 39.09, 39.1, 39.11, 39.1, 39.1, 39.09, 39.1, 39.1, 39.09, 39.06, 39.09, 39.1, 39.11, 39.11, 39.12, 39.11, 39.13, 39.11, 39.1, 39.12, 39.13, 39.12, 39.13, 39.12, 39.11, 39.1, 39.11, 39.11, 39.1], "Apparent_Power_Reactive": [29.37, 29.5, 29.3, 29.4, 29.31, 29.09, 29.4, 29.26, 29.22, 29.52, 29.05, 29.3, 29.33, 29.15, 29.42, 29.21, 29.18, 29.43, 29.15, 29.14, 29.35, 29.2, 29.44, 29.25, 29.17, 29.27, 29.18, 29.22, 29.35, 29.27, 29.23, 29.34, 29.13, 29.42, 29.24, 29.08, 29.32, 29.21, 29.15, 29.29, 29.14, 29.25, 29.41, 29.17, 29.35], "Power_Factor": [0.661, 0.657, 0.663, 0.66, 0.662, 0.668, 0.659, 0.663, 0.664, 0.655, 0.669, 0.661, 0.661, 0.666, 0.658, 0.664, 0.665, 0.658, 0.666, 0.666, 0.66, 0.664, 0.658, 0.663, 0.665, 0.662, 0.665, 0.664, 0.66, 0.663, 0.664, 0.66, 0.667, 0.658, 0.663, 0.668, 0.662, 0.665, 0.667, 0.662, 0.666, 0.663, 0.658, 0.666, 0.66], "Energy": [0.01, 0.02, 0.04, 0.05, 0.07, 0.08, 0.1, 0.11, 0.13, 0.14, 0.16, 0.17, 0.18, 0.2, 0.21, 0.23, 0.24, 0.26, 0.27, 0.29, 0.3, 0.32, 0.33, 0.35, 0.36, 0.37, 0.39, 0.4, 0.42, 0.43, 0.45, 0.46, 0.48, 0.49, 0.51, 0.52, 0.53, 0.55, 0.56, 0.58, 0.59, 0.61, 0.62, 0.64, 0.65], "Frequency": [49.39, 49.4, 49.4, 49.4, 49.41, 49.41, 49.41, 49.39, 49.39, 49.39, 49.38, 49.38, 49.38, 49.38, 49.38, 49.38, 49.37, 49.37, 49.37, 49.37, 49.37, 49.37, 49.37, 49.37, 49.37, 49.38, 49.38, 49.38, 49.39, 49.39, 49.39, 49.4, 49.4, 49.4, 49.42, 49.42, 49.42, 49.41, 49.41, 49.41, 49.4, 49.4, 49.4, 49.4, 49.4], "Temp_env": []}