{"Start_Time": [1755257312.9821575], "Time": [1755257314.9848783, 1755257316.987546, 1755257318.989893, 1755257320.9918628, 1755257322.993986, 1755257325.0016325, 1755257327.0039704, 1755257329.0066655, 1755257331.008991, 1755257333.0116556, 1755257335.0140111, 1755257337.0216372, 1755257339.0240202, 1755257341.0261269, 1755257343.0338154, 1755257345.0360599, 1755257347.0387986, 1755257349.0411541, 1755257351.0438232, 1755257353.046071, 1755257355.053879, 1755257357.0561075, 1755257359.0582068, 1755257361.0659237, 1755257363.068278, 1755257365.0709362, 1755257367.0782385, 1755257369.0809715, 1755257371.083344, 1755257373.0860124, 1755257375.0883772, 1755257377.0910788, 1755257379.0983505, 1755257381.10107, 1755257383.1034377, 1755257385.1112902, 1755257387.1134994, 1755257389.1162329, 1755257391.1185827, 1755257393.1212611, 1755257395.1236298, 1755257397.1263394, 1755257399.1292694, 1755257401.1365044, 1755257403.139343], "Voltage": [229.4, 229.35, 229.5, 228.72, 228.72, 228.66, 228.56, 228.66, 228.61, 228.45, 228.51, 228.66, 228.77, 228.77, 228.66, 228.66, 228.72, 228.56, 228.56, 228.66, 228.77, 228.66, 228.61, 228.61, 228.51, 228.56, 228.51, 228.56, 228.45, 228.45, 228.56, 228.61, 228.61, 228.66, 228.61, 228.61, 228.66, 228.66, 228.51, 228.51, 228.72, 228.66, 228.61, 228.72, 228.61], "Current": [0.17, 0.17, 0.17, 0.17, 0.17, 0.17, 0.17, 0.17, 0.17, 0.17, 0.17, 0.17, 0.17, 0.17, 0.17, 0.17, 0.17, 0.17, 0.17, 0.17, 0.17, 0.17, 0.17, 0.17, 0.17, 0.17, 0.17, 0.17, 0.17, 0.17, 0.17, 0.17, 0.17, 0.17, 0.17, 0.17, 0.17, 0.17, 0.17, 0.17, 0.17, 0.17, 0.17, 0.17, 0.17], "Real_Power": [26.03, 26.0, 25.97, 25.97, 25.96, 25.87, 25.95, 25.94, 25.97, 26.11, 25.82, 25.9, 26.2, 25.97, 26.04, 25.91, 25.84, 25.99, 25.9, 25.83, 25.91, 25.83, 25.97, 25.87, 25.9, 25.97, 25.92, 25.97, 25.95, 25.91, 25.99, 25.96, 25.92, 26.1, 25.89, 25.88, 26.06, 25.93, 26.0, 25.82, 25.89, 26.1, 25.83, 26.03, 25.91], "Apparent_Power": [38.99, 38.98, 39.01, 38.88, 38.88, 38.87, 38.85, 38.87, 38.86, 38.83, 38.84, 38.87, 38.89, 38.89, 38.87, 38.87, 38.88, 38.85, 38.85, 38.87, 38.89, 38.87, 38.86, 38.86, 38.84, 38.85, 38.84, 38.85, 38.83, 38.83, 38.85, 38.86, 38.86, 38.87, 38.86, 38.86, 38.87, 38.87, 38.84, 38.84, 38.88, 38.87, 38.86, 38.88, 38.86], "Apparent_Power_Reactive": [29.02, 29.04, 29.1, 28.93, 28.94, 29.01, 28.91, 28.94, 28.9, 28.74, 29.01, 28.98, 28.74, 28.94, 28.85, 28.97, 29.05, 28.87, 28.95, 29.04, 29.0, 29.04, 28.9, 28.99, 28.94, 28.89, 28.92, 28.89, 28.88, 28.92, 28.87, 28.91, 28.95, 28.8, 28.97, 28.98, 28.84, 28.95, 28.85, 29.01, 29.0, 28.8, 29.03, 28.88, 28.96], "Power_Factor": [0.667, 0.667, 0.665, 0.667, 0.667, 0.665, 0.667, 0.667, 0.668, 0.672, 0.664, 0.666, 0.673, 0.667, 0.669, 0.666, 0.664, 0.668, 0.666, 0.664, 0.666, 0.664, 0.668, 0.665, 0.666, 0.668, 0.667, 0.668, 0.668, 0.667, 0.668, 0.668, 0.667, 0.671, 0.666, 0.665, 0.67, 0.667, 0.669, 0.664, 0.665, 0.671, 0.664, 0.669, 0.666], "Energy": [0.01, 0.02, 0.04, 0.05, 0.07, 0.08, 0.1, 0.11, 0.13, 0.14, 0.16, 0.17, 0.18, 0.2, 0.21, 0.23, 0.24, 0.26, 0.27, 0.29, 0.3, 0.32, 0.33, 0.35, 0.36, 0.37, 0.39, 0.4, 0.42, 0.43, 0.45, 0.46, 0.48, 0.49, 0.51, 0.52, 0.53, 0.55, 0.56, 0.58, 0.59, 0.61, 0.62, 0.64, 0.65], "Frequency": [49.4, 49.4, 49.39, 49.39, 49.39, 49.4, 49.4, 49.4, 49.4, 49.4, 49.4, 49.41, 49.41, 49.41, 49.42, 49.42, 49.42, 49.41, 49.41, 49.41, 49.41, 49.41, 49.41, 49.4, 49.4, 49.4, 49.4, 49.4, 49.4, 49.39, 49.39, 49.39, 49.4, 49.4, 49.4, 49.4, 49.4, 49.4, 49.4, 49.4, 49.4, 49.43, 49.43, 49.43, 49.42], "Temp_env": []}