{"Start_Time": [1755505505.2211158], "Time": [1755505507.223434, 1755505509.226077, 1755505511.228338, 1755505513.2303166, 1755505515.2324343, 1755505517.240154, 1755505519.2425172, 1755505521.2452004, 1755505523.2476244, 1755505525.250331, 1755505527.2525818, 1755505529.2552757, 1755505531.2576928, 1755505533.2601633, 1755505535.2676601, 1755505537.2704046, 1755505539.272639, 1755505541.2753303, 1755505543.2777452, 1755505545.2803233, 1755505547.2826612, 1755505549.2853022, 1755505551.2877655, 1755505553.2904975, 1755505555.292612, 1755505557.2954059, 1755505559.3027694, 1755505561.3054516, 1755505563.307877, 1755505565.3104115, 1755505567.3127549, 1755505569.3154845, 1755505571.3178592, 1755505573.3204699, 1755505575.3227386, 1755505577.3255992, 1755505579.3280077, 1755505581.330545, 1755505583.332867, 1755505585.3355331, 1755505587.337927, 1755505589.340511, 1755505591.342916, 1755505593.3456051, 1755505595.3479953], "Voltage": [231.6, 231.81, 231.7, 231.86, 232.07, 231.86, 231.91, 231.76, 232.02, 231.97, 231.91, 231.76, 231.7, 231.6, 231.86, 231.55, 231.6, 231.55, 231.76, 231.76, 231.49, 231.65, 231.65, 231.6, 231.65, 231.65, 231.81, 231.7, 231.49, 231.6, 231.76, 231.81, 231.86, 232.17, 232.17, 232.07, 232.02, 232.02, 231.91, 231.91, 232.17, 231.97, 231.86, 231.97, 232.02], "Current": [0.17, 0.17, 0.17, 0.17, 0.17, 0.17, 0.17, 0.17, 0.17, 0.17, 0.17, 0.17, 0.17, 0.17, 0.17, 0.17, 0.17, 0.17, 0.17, 0.17, 0.17, 0.17, 0.17, 0.17, 0.17, 0.17, 0.17, 0.17, 0.17, 0.17, 0.17, 0.17, 0.17, 0.17, 0.17, 0.17, 0.17, 0.17, 0.17, 0.17, 0.17, 0.17, 0.17, 0.17, 0.17], "Real_Power": [26.32, 26.39, 26.07, 26.47, 26.24, 26.16, 26.36, 26.2, 26.4, 26.36, 26.19, 26.44, 26.2, 26.29, 26.56, 26.12, 26.33, 26.27, 26.26, 26.47, 26.09, 26.37, 26.35, 26.22, 26.28, 26.33, 26.31, 26.57, 26.11, 26.38, 26.38, 26.18, 26.45, 26.32, 26.26, 26.54, 26.11, 26.36, 26.35, 26.05, 26.37, 26.27, 26.38, 26.41, 26.15], "Apparent_Power": [39.37, 39.4, 39.38, 39.41, 39.45, 39.41, 39.42, 39.39, 39.44, 39.43, 39.42, 39.39, 39.38, 39.37, 39.41, 39.36, 39.37, 39.36, 39.39, 39.39, 39.35, 39.38, 39.38, 39.37, 39.38, 39.38, 39.4, 39.38, 39.35, 39.37, 39.39, 39.4, 39.41, 39.46, 39.46, 39.45, 39.44, 39.44, 39.42, 39.42, 39.46, 39.43, 39.41, 39.43, 39.44], "Apparent_Power_Reactive": [29.27, 29.25, 29.51, 29.19, 29.45, 29.47, 29.31, 29.41, 29.3, 29.32, 29.46, 29.19, 29.39, 29.3, 29.11, 29.44, 29.26, 29.31, 29.35, 29.17, 29.45, 29.24, 29.26, 29.36, 29.32, 29.28, 29.32, 29.06, 29.43, 29.22, 29.25, 29.44, 29.21, 29.39, 29.45, 29.18, 29.55, 29.33, 29.31, 29.58, 29.35, 29.4, 29.27, 29.27, 29.52], "Power_Factor": [0.668, 0.669, 0.662, 0.671, 0.665, 0.663, 0.668, 0.665, 0.669, 0.668, 0.664, 0.671, 0.665, 0.667, 0.673, 0.663, 0.668, 0.667, 0.666, 0.671, 0.663, 0.669, 0.669, 0.665, 0.667, 0.668, 0.667, 0.674, 0.663, 0.67, 0.669, 0.664, 0.671, 0.667, 0.665, 0.672, 0.662, 0.668, 0.668, 0.66, 0.668, 0.666, 0.669, 0.669, 0.663], "Energy": [0.01, 0.02, 0.04, 0.05, 0.07, 0.08, 0.1, 0.11, 0.13, 0.14, 0.16, 0.17, 0.19, 0.2, 0.22, 0.23, 0.25, 0.26, 0.28, 0.29, 0.31, 0.32, 0.34, 0.35, 0.36, 0.38, 0.39, 0.41, 0.42, 0.44, 0.45, 0.47, 0.48, 0.5, 0.51, 0.53, 0.54, 0.56, 0.57, 0.59, 0.6, 0.62, 0.63, 0.65, 0.66], "Frequency": [49.42, 49.42, 49.42, 49.42, 49.42, 49.43, 49.43, 49.43, 49.43, 49.43, 49.43, 49.43, 49.43, 49.43, 49.43, 49.43, 49.43, 49.43, 49.43, 49.43, 49.43, 49.43, 49.43, 49.43, 49.43, 49.43, 49.43, 49.43, 49.43, 49.43, 49.43, 49.43, 49.43, 49.43, 49.43, 49.42, 49.42, 49.42, 49.43, 49.43, 49.43, 49.42, 49.42, 49.42, 49.42], "Temp_env": []}