{"Start_Time": [1755296198.6292746], "Time": [1755296200.6316626, 1755296202.6337135, 1755296204.6364715, 1755296206.6387172, 1755296208.6413758, 1755296210.6436985, 1755296212.646399, 1755296214.6485994, 1755296216.6506903, 1755296218.6533773, 1755296220.6557643, 1755296222.6578956, 1755296224.6606054, 1755296226.6628618, 1755296228.6655447, 1755296230.6679838, 1755296232.6704514, 1755296234.6727886, 1755296236.6749082, 1755296238.6777976, 1755296240.6799352, 1755296242.6826007, 1755296244.6849165, 1755296246.6878195, 1755296248.6899166, 1755296250.692613, 1755296252.6949868, 1755296254.6978824, 1755296256.700009, 1755296258.702687, 1755296260.7048788, 1755296262.7068794, 1755296264.7090242, 1755296266.711697, 1755296268.7140212, 1755296270.716721, 1755296272.7189512, 1755296274.7210374, 1755296276.7237542, 1755296278.7260706, 1755296280.7281878, 1755296282.7308748, 1755296284.733051, 1755296286.7350917, 1755296288.7379663], "Voltage": [228.19, 228.14, 228.14, 228.14, 228.19, 228.19, 228.14, 228.24, 228.24, 228.24, 228.19, 228.19, 228.14, 228.14, 228.09, 228.24, 228.09, 228.09, 228.04, 228.09, 228.19, 228.09, 228.04, 228.14, 228.14, 228.19, 228.14, 228.19, 228.24, 228.24, 228.3, 228.3, 228.19, 228.24, 228.35, 228.19, 228.19, 228.09, 228.24, 228.14, 228.14, 228.19, 228.24, 228.19, 228.24], "Current": [0.17, 0.17, 0.17, 0.17, 0.17, 0.17, 0.17, 0.17, 0.17, 0.17, 0.17, 0.17, 0.17, 0.17, 0.17, 0.17, 0.17, 0.17, 0.17, 0.17, 0.17, 0.17, 0.17, 0.17, 0.17, 0.17, 0.17, 0.17, 0.17, 0.17, 0.17, 0.17, 0.17, 0.17, 0.17, 0.17, 0.17, 0.17, 0.17, 0.17, 0.17, 0.17, 0.17, 0.17, 0.17], "Real_Power": [25.98, 25.92, 26.07, 25.9, 25.9, 26.07, 25.81, 25.91, 26.0, 25.91, 26.04, 26.06, 25.79, 26.03, 25.94, 25.87, 26.06, 25.96, 25.94, 26.14, 25.98, 26.04, 26.05, 25.91, 26.12, 25.98, 26.0, 26.03, 25.85, 26.08, 25.91, 25.96, 26.02, 25.96, 25.99, 26.02, 26.0, 26.11, 26.09, 25.76, 26.04, 25.87, 25.87, 26.08, 25.91], "Apparent_Power": [38.79, 38.78, 38.78, 38.78, 38.79, 38.79, 38.78, 38.8, 38.8, 38.8, 38.79, 38.79, 38.78, 38.78, 38.77, 38.8, 38.77, 38.77, 38.76, 38.77, 38.79, 38.77, 38.76, 38.78, 38.78, 38.79, 38.78, 38.79, 38.8, 38.8, 38.81, 38.81, 38.79, 38.8, 38.81, 38.79, 38.79, 38.77, 38.8, 38.78, 38.78, 38.79, 38.8, 38.79, 38.8], "Apparent_Power_Reactive": [28.8, 28.84, 28.7, 28.86, 28.87, 28.72, 28.94, 28.88, 28.8, 28.88, 28.75, 28.73, 28.96, 28.74, 28.81, 28.91, 28.7, 28.79, 28.8, 28.63, 28.8, 28.72, 28.7, 28.85, 28.66, 28.8, 28.77, 28.75, 28.93, 28.72, 28.89, 28.84, 28.76, 28.83, 28.82, 28.76, 28.78, 28.65, 28.71, 28.98, 28.73, 28.9, 28.91, 28.71, 28.88], "Power_Factor": [0.669, 0.668, 0.672, 0.667, 0.667, 0.672, 0.665, 0.667, 0.67, 0.667, 0.671, 0.671, 0.665, 0.671, 0.669, 0.666, 0.672, 0.669, 0.669, 0.674, 0.669, 0.671, 0.672, 0.668, 0.673, 0.669, 0.67, 0.671, 0.666, 0.672, 0.667, 0.668, 0.67, 0.669, 0.669, 0.67, 0.67, 0.673, 0.672, 0.664, 0.671, 0.666, 0.666, 0.672, 0.667], "Energy": [0.01, 0.02, 0.04, 0.05, 0.07, 0.08, 0.1, 0.11, 0.13, 0.14, 0.16, 0.17, 0.18, 0.2, 0.21, 0.23, 0.24, 0.26, 0.27, 0.29, 0.3, 0.32, 0.33, 0.35, 0.36, 0.37, 0.39, 0.4, 0.42, 0.43, 0.45, 0.46, 0.48, 0.49, 0.51, 0.52, 0.54, 0.55, 0.56, 0.58, 0.59, 0.61, 0.62, 0.64, 0.65], "Frequency": [49.39, 49.39, 49.39, 49.39, 49.39, 49.39, 49.39, 49.39, 49.39, 49.37, 49.37, 49.37, 49.38, 49.38, 49.38, 49.37, 49.37, 49.37, 49.39, 49.39, 49.39, 49.38, 49.38, 49.38, 49.37, 49.37, 49.37, 49.37, 49.37, 49.37, 49.38, 49.38, 49.38, 49.39, 49.39, 49.39, 49.38, 49.38, 49.38, 49.39, 49.39, 49.39, 49.39, 49.39, 49.39], "Temp_env": []}