{"Start_Time": [1755611019.85023], "Time": [1755611021.8524296, 1755611023.854471, 1755611025.8566287, 1755611027.8594277, 1755611029.8617272, 1755611031.8644185, 1755611033.8667433, 1755611035.86945, 1755611037.87168, 1755611039.8743992, 1755611041.8767002, 1755611043.879437, 1755611045.8816657, 1755611047.8837416, 1755611049.8910358, 1755611051.8935785, 1755611053.895867, 1755611055.9036453, 1755611057.9057899, 1755611059.9085464, 1755611061.915943, 1755611063.9186034, 1755611065.9211025, 1755611067.9287598, 1755611069.9310706, 1755611071.9337037, 1755611073.941046, 1755611075.9437475, 1755611077.946033, 1755611079.953707, 1755611081.9560387, 1755611083.9587343, 1755611085.9659708, 1755611087.9681113, 1755611089.9710066, 1755611091.9788764, 1755611093.9811919, 1755611095.9839246, 1755611097.9861937, 1755611099.9888792, 1755611101.9912972, 1755611103.9938242, 1755611105.9961424, 1755611107.9988604, 1755611110.0013006], "Voltage": [228.3, 228.51, 228.45, 228.56, 228.51, 228.56, 228.56, 228.4, 228.4, 228.45, 228.3, 228.35, 228.4, 228.45, 228.45, 228.45, 228.45, 228.51, 228.4, 228.51, 228.61, 228.66, 228.45, 228.4, 228.4, 228.51, 228.4, 228.4, 228.35, 228.24, 228.35, 228.35, 228.35, 228.3, 228.4, 228.35, 228.4, 228.45, 228.3, 228.4, 228.24, 228.14, 228.24, 228.24, 228.19], "Current": [0.17, 0.17, 0.17, 0.17, 0.17, 0.17, 0.17, 0.17, 0.17, 0.17, 0.17, 0.17, 0.17, 0.17, 0.17, 0.17, 0.17, 0.17, 0.17, 0.17, 0.17, 0.17, 0.17, 0.17, 0.17, 0.17, 0.17, 0.17, 0.17, 0.17, 0.17, 0.17, 0.17, 0.17, 0.17, 0.17, 0.17, 0.17, 0.17, 0.17, 0.17, 0.17, 0.17, 0.17, 0.17], "Real_Power": [26.26, 26.27, 26.5, 26.25, 26.2, 26.34, 26.2, 26.1, 26.23, 26.17, 26.25, 26.28, 26.25, 26.29, 26.27, 26.3, 26.25, 26.28, 26.24, 26.2, 26.29, 26.28, 26.22, 26.26, 26.28, 26.36, 26.28, 26.19, 26.28, 26.21, 26.29, 26.3, 26.32, 26.16, 26.21, 26.33, 26.33, 26.26, 26.34, 26.21, 26.2, 26.28, 26.31, 26.2, 26.3], "Apparent_Power": [38.81, 38.84, 38.83, 38.85, 38.84, 38.85, 38.85, 38.82, 38.82, 38.83, 38.81, 38.81, 38.82, 38.83, 38.83, 38.83, 38.83, 38.84, 38.82, 38.84, 38.86, 38.87, 38.83, 38.82, 38.82, 38.84, 38.82, 38.82, 38.81, 38.8, 38.81, 38.81, 38.81, 38.81, 38.82, 38.81, 38.82, 38.83, 38.81, 38.82, 38.8, 38.78, 38.8, 38.8, 38.79], "Apparent_Power_Reactive": [28.57, 28.6, 28.38, 28.64, 28.67, 28.55, 28.68, 28.73, 28.61, 28.68, 28.58, 28.55, 28.59, 28.57, 28.59, 28.56, 28.61, 28.59, 28.6, 28.67, 28.61, 28.63, 28.64, 28.59, 28.57, 28.52, 28.57, 28.65, 28.55, 28.6, 28.54, 28.53, 28.52, 28.66, 28.63, 28.51, 28.52, 28.6, 28.5, 28.63, 28.61, 28.51, 28.51, 28.61, 28.51], "Power_Factor": [0.676, 0.676, 0.682, 0.675, 0.674, 0.677, 0.674, 0.672, 0.675, 0.673, 0.676, 0.677, 0.676, 0.677, 0.676, 0.677, 0.676, 0.676, 0.675, 0.674, 0.676, 0.676, 0.675, 0.676, 0.676, 0.678, 0.676, 0.674, 0.677, 0.675, 0.677, 0.677, 0.678, 0.674, 0.675, 0.678, 0.678, 0.676, 0.678, 0.675, 0.675, 0.677, 0.678, 0.675, 0.678], "Energy": [0.01, 0.02, 0.04, 0.05, 0.07, 0.08, 0.1, 0.11, 0.13, 0.14, 0.16, 0.17, 0.19, 0.2, 0.22, 0.23, 0.25, 0.26, 0.28, 0.29, 0.31, 0.32, 0.33, 0.35, 0.36, 0.38, 0.39, 0.41, 0.42, 0.44, 0.45, 0.47, 0.48, 0.5, 0.51, 0.53, 0.54, 0.56, 0.57, 0.59, 0.6, 0.62, 0.63, 0.64, 0.66], "Frequency": [49.39, 49.4, 49.4, 49.4, 49.39, 49.39, 49.39, 49.39, 49.39, 49.39, 49.39, 49.39, 49.39, 49.39, 49.39, 49.39, 49.39, 49.39, 49.39, 49.4, 49.4, 49.4, 49.42, 49.42, 49.42, 49.43, 49.43, 49.43, 49.43, 49.43, 49.43, 49.43, 49.43, 49.43, 49.43, 49.43, 49.43, 49.43, 49.43, 49.43, 49.44, 49.44, 49.44, 49.39, 49.39], "Temp_env": []}