{"Start_Time": [1755495000.3420272], "Time": [1755495002.3444276, 1755495004.3471966, 1755495006.3495736, 1755495008.3522887, 1755495010.3546047, 1755495012.357378, 1755495014.3596733, 1755495016.3623674, 1755495018.3647072, 1755495020.3673654, 1755495022.3697405, 1755495024.3724298, 1755495026.374596, 1755495028.3766649, 1755495030.3793862, 1755495032.381616, 1755495034.3837113, 1755495036.3864317, 1755495038.388793, 1755495040.3909729, 1755495042.3934495, 1755495044.4009511, 1755495046.403516, 1755495048.4058297, 1755495050.408554, 1755495052.410964, 1755495054.413703, 1755495056.4158494, 1755495058.4185925, 1755495060.4210024, 1755495062.4237401, 1755495064.4259107, 1755495066.4280512, 1755495068.4309125, 1755495070.433002, 1755495072.435696, 1755495074.4380722, 1755495076.4409833, 1755495078.4437575, 1755495080.446086, 1755495082.4487936, 1755495084.4512455, 1755495086.453737, 1755495088.456085, 1755495090.4582093], "Voltage": [229.35, 229.29, 229.19, 228.98, 228.14, 228.24, 228.09, 228.09, 228.09, 228.09, 228.19, 228.04, 228.14, 228.04, 228.09, 228.19, 228.09, 228.24, 228.3, 228.14, 228.14, 228.3, 228.4, 228.3, 228.35, 228.35, 228.35, 228.24, 228.14, 228.24, 228.3, 228.19, 228.24, 228.19, 228.19, 228.14, 228.35, 228.4, 228.3, 228.14, 228.24, 228.4, 228.35, 228.19, 227.98], "Current": [0.17, 0.17, 0.17, 0.17, 0.17, 0.17, 0.17, 0.17, 0.17, 0.17, 0.17, 0.17, 0.17, 0.17, 0.17, 0.17, 0.17, 0.17, 0.17, 0.17, 0.17, 0.17, 0.17, 0.17, 0.17, 0.17, 0.17, 0.17, 0.17, 0.17, 0.17, 0.17, 0.17, 0.17, 0.17, 0.17, 0.17, 0.17, 0.17, 0.17, 0.17, 0.17, 0.17, 0.17, 0.17], "Real_Power": [26.14, 26.06, 26.2, 26.15, 26.18, 26.24, 26.14, 26.19, 26.23, 26.16, 26.28, 26.22, 26.16, 26.11, 26.16, 26.1, 26.14, 26.05, 26.16, 26.18, 26.14, 26.14, 26.09, 26.23, 26.19, 26.17, 26.13, 26.14, 26.07, 26.14, 26.23, 26.24, 26.09, 26.05, 26.04, 26.08, 26.25, 26.2, 26.18, 26.14, 26.15, 26.13, 26.14, 26.13, 25.97], "Apparent_Power": [38.98, 38.97, 38.96, 38.92, 38.78, 38.8, 38.77, 38.77, 38.77, 38.77, 38.79, 38.76, 38.78, 38.76, 38.77, 38.79, 38.77, 38.8, 38.81, 38.78, 38.78, 38.81, 38.82, 38.81, 38.81, 38.81, 38.81, 38.8, 38.78, 38.8, 38.81, 38.79, 38.8, 38.79, 38.79, 38.78, 38.81, 38.82, 38.81, 38.78, 38.8, 38.82, 38.81, 38.79, 38.75], "Apparent_Power_Reactive": [28.91, 28.97, 28.83, 28.82, 28.6, 28.58, 28.63, 28.58, 28.54, 28.61, 28.53, 28.54, 28.62, 28.64, 28.61, 28.69, 28.63, 28.75, 28.66, 28.6, 28.64, 28.68, 28.74, 28.6, 28.64, 28.65, 28.69, 28.67, 28.7, 28.67, 28.6, 28.56, 28.71, 28.74, 28.75, 28.7, 28.58, 28.64, 28.65, 28.64, 28.66, 28.7, 28.68, 28.66, 28.75], "Power_Factor": [0.67, 0.668, 0.672, 0.671, 0.675, 0.676, 0.674, 0.675, 0.676, 0.674, 0.677, 0.676, 0.674, 0.673, 0.674, 0.672, 0.674, 0.671, 0.674, 0.675, 0.674, 0.673, 0.672, 0.675, 0.674, 0.674, 0.673, 0.673, 0.672, 0.673, 0.675, 0.676, 0.672, 0.671, 0.671, 0.672, 0.676, 0.674, 0.674, 0.674, 0.673, 0.673, 0.673, 0.673, 0.67], "Energy": [0.01, 0.02, 0.04, 0.05, 0.07, 0.08, 0.1, 0.11, 0.13, 0.14, 0.16, 0.17, 0.19, 0.2, 0.22, 0.23, 0.25, 0.26, 0.27, 0.29, 0.3, 0.32, 0.33, 0.35, 0.36, 0.38, 0.39, 0.41, 0.42, 0.44, 0.45, 0.47, 0.48, 0.5, 0.51, 0.53, 0.54, 0.56, 0.57, 0.59, 0.6, 0.61, 0.63, 0.64, 0.66], "Frequency": [49.38, 49.38, 49.37, 49.37, 49.37, 49.39, 49.39, 49.39, 49.37, 49.37, 49.37, 49.37, 49.37, 49.37, 49.37, 49.37, 49.37, 49.36, 49.36, 49.36, 49.39, 49.39, 49.39, 49.37, 49.37, 49.37, 49.38, 49.38, 49.38, 49.38, 49.38, 49.38, 49.36, 49.36, 49.38, 49.38, 49.38, 49.39, 49.39, 49.39, 49.38, 49.38, 49.38, 49.38, 49.38], "Temp_env": []}