{"Start_Time": [1755164073.127977], "Time": [1755164075.1300704, 1755164077.1330142, 1755164079.1350718, 1755164081.137232, 1755164083.1399107, 1755164085.142243, 1755164087.1448972, 1755164089.147246, 1755164091.1499674, 1755164093.157262, 1755164095.1599553, 1755164097.1623337, 1755164099.1699984, 1755164101.1723263, 1755164103.1743917, 1755164105.1771014, 1755164107.1794481, 1755164109.182172, 1755164111.1843097, 1755164113.1863825, 1755164115.188528, 1755164117.1912713, 1755164119.1935859, 1755164121.1963036, 1755164123.1984088, 1755164125.2005193, 1755164127.2034383, 1755164129.2055352, 1755164131.2076497, 1755164133.210374, 1755164135.2126892, 1755164137.2153816, 1755164139.2176747, 1755164141.2203782, 1755164143.222772, 1755164145.22544, 1755164147.2277813, 1755164149.2305064, 1755164151.23283, 1755164153.235523, 1755164155.2377257, 1755164157.2405324, 1755164159.2428837, 1755164161.2456095, 1755164163.2479372], "Voltage": [226.99, 227.04, 226.78, 227.09, 227.04, 227.09, 227.14, 226.88, 226.99, 226.99, 227.14, 227.09, 226.93, 227.09, 227.04, 226.93, 226.83, 226.88, 226.99, 226.88, 227.04, 227.25, 227.09, 227.14, 227.35, 227.3, 227.35, 227.2, 227.25, 227.04, 227.14, 227.04, 227.2, 227.3, 227.35, 227.46, 227.62, 227.46, 227.3, 227.46, 227.35, 227.41, 227.35, 227.35, 227.3], "Current": [0.17, 0.17, 0.17, 0.17, 0.17, 0.17, 0.17, 0.17, 0.17, 0.17, 0.17, 0.17, 0.17, 0.17, 0.17, 0.17, 0.17, 0.17, 0.17, 0.17, 0.17, 0.17, 0.17, 0.17, 0.17, 0.17, 0.17, 0.17, 0.17, 0.17, 0.17, 0.17, 0.17, 0.17, 0.17, 0.17, 0.17, 0.17, 0.17, 0.17, 0.17, 0.17, 0.17, 0.17, 0.17], "Real_Power": [25.7, 25.72, 25.85, 25.81, 25.58, 26.01, 25.85, 25.68, 25.93, 25.75, 25.48, 26.06, 25.91, 25.65, 25.73, 25.69, 25.74, 25.71, 25.71, 25.89, 25.52, 25.76, 25.81, 25.45, 25.9, 25.84, 25.61, 25.91, 25.54, 25.69, 26.0, 25.55, 25.7, 25.84, 25.69, 25.8, 25.69, 25.74, 25.6, 25.83, 25.95, 25.71, 25.84, 25.79, 25.55], "Apparent_Power": [38.58, 38.59, 38.55, 38.6, 38.59, 38.6, 38.61, 38.56, 38.58, 38.58, 38.61, 38.6, 38.57, 38.6, 38.59, 38.57, 38.56, 38.56, 38.58, 38.56, 38.59, 38.63, 38.6, 38.61, 38.64, 38.64, 38.64, 38.62, 38.63, 38.59, 38.61, 38.59, 38.62, 38.64, 38.64, 38.66, 38.69, 38.66, 38.64, 38.66, 38.64, 38.65, 38.64, 38.64, 38.64], "Apparent_Power_Reactive": [28.77, 28.76, 28.59, 28.7, 28.89, 28.52, 28.67, 28.76, 28.56, 28.72, 29.0, 28.47, 28.57, 28.84, 28.76, 28.76, 28.71, 28.73, 28.76, 28.57, 28.94, 28.78, 28.7, 29.03, 28.67, 28.72, 28.93, 28.63, 28.98, 28.79, 28.54, 28.92, 28.82, 28.72, 28.86, 28.79, 28.92, 28.84, 28.94, 28.76, 28.62, 28.85, 28.72, 28.77, 28.98], "Power_Factor": [0.666, 0.666, 0.67, 0.668, 0.662, 0.673, 0.669, 0.665, 0.672, 0.667, 0.659, 0.675, 0.671, 0.664, 0.666, 0.666, 0.667, 0.666, 0.666, 0.671, 0.661, 0.666, 0.668, 0.659, 0.67, 0.668, 0.662, 0.67, 0.661, 0.665, 0.673, 0.662, 0.665, 0.668, 0.664, 0.667, 0.663, 0.665, 0.662, 0.668, 0.671, 0.665, 0.668, 0.667, 0.661], "Energy": [0.01, 0.02, 0.04, 0.05, 0.07, 0.08, 0.1, 0.11, 0.13, 0.14, 0.15, 0.17, 0.18, 0.2, 0.21, 0.23, 0.24, 0.26, 0.27, 0.28, 0.3, 0.31, 0.33, 0.34, 0.36, 0.37, 0.39, 0.4, 0.41, 0.43, 0.44, 0.46, 0.47, 0.49, 0.5, 0.52, 0.53, 0.55, 0.56, 0.57, 0.59, 0.6, 0.62, 0.63, 0.65], "Frequency": [49.41, 49.41, 49.41, 49.41, 49.41, 49.4, 49.4, 49.4, 49.4, 49.4, 49.4, 49.4, 49.4, 49.4, 49.42, 49.42, 49.42, 49.42, 49.42, 49.42, 49.42, 49.42, 49.42, 49.41, 49.41, 49.41, 49.41, 49.41, 49.41, 49.41, 49.41, 49.41, 49.41, 49.41, 49.41, 49.4, 49.4, 49.4, 49.41, 49.41, 49.41, 49.42, 49.42, 49.42, 49.42], "Temp_env": []}