{"Start_Time": [1755328302.280856], "Time": [1755328304.28288, 1755328306.2855432, 1755328308.2878973, 1755328310.2905464, 1755328312.292797, 1755328314.294859, 1755328316.297566, 1755328318.299909, 1755328320.307563, 1755328322.3098738, 1755328324.3121893, 1755328326.3146708, 1755328328.317003, 1755328330.3196075, 1755328332.3221376, 1755328334.3246157, 1755328336.3269482, 1755328338.3290436, 1755328340.3319414, 1755328342.3340478, 1755328344.3419003, 1755328346.3439608, 1755328348.3461242, 1755328350.3488069, 1755328352.3509588, 1755328354.353044, 1755328356.3557835, 1755328358.358105, 1755328360.3608048, 1755328362.3630502, 1755328364.3657575, 1755328366.3681018, 1755328368.3707435, 1755328370.3730416, 1755328372.3751004, 1755328374.377029, 1755328376.3791177, 1755328378.382018, 1755328380.384067, 1755328382.3861883, 1755328384.3889072, 1755328386.39124, 1755328388.3939295, 1755328390.3962193, 1755328392.398912], "Voltage": [230.34, 230.08, 230.24, 230.18, 230.24, 230.39, 230.34, 230.24, 229.97, 230.08, 230.29, 230.18, 230.13, 230.18, 230.18, 230.24, 230.29, 230.13, 230.18, 230.24, 230.08, 230.18, 230.24, 230.24, 230.24, 230.24, 230.29, 230.34, 230.24, 230.13, 230.13, 230.18, 229.97, 230.08, 230.03, 230.18, 230.29, 230.29, 230.18, 230.18, 230.24, 230.29, 230.34, 230.24, 230.29], "Current": [0.17, 0.17, 0.17, 0.17, 0.17, 0.17, 0.17, 0.17, 0.17, 0.17, 0.17, 0.17, 0.17, 0.17, 0.17, 0.17, 0.17, 0.17, 0.17, 0.17, 0.17, 0.17, 0.17, 0.17, 0.17, 0.17, 0.17, 0.17, 0.17, 0.17, 0.17, 0.17, 0.17, 0.17, 0.17, 0.17, 0.17, 0.17, 0.17, 0.17, 0.17, 0.17, 0.17, 0.17, 0.17], "Real_Power": [25.92, 25.97, 25.77, 26.06, 25.96, 26.02, 26.03, 25.95, 26.15, 25.97, 25.82, 26.1, 25.93, 26.13, 26.06, 25.81, 26.09, 25.87, 25.99, 26.07, 25.84, 26.04, 26.09, 25.87, 26.03, 25.82, 25.88, 26.05, 25.84, 26.01, 25.87, 25.89, 26.01, 25.92, 26.03, 25.9, 26.11, 25.92, 26.02, 26.08, 25.69, 25.96, 25.91, 25.93, 25.99], "Apparent_Power": [39.15, 39.11, 39.14, 39.13, 39.14, 39.16, 39.15, 39.14, 39.09, 39.11, 39.14, 39.13, 39.12, 39.13, 39.13, 39.14, 39.14, 39.12, 39.13, 39.14, 39.11, 39.13, 39.14, 39.14, 39.14, 39.14, 39.14, 39.15, 39.14, 39.12, 39.12, 39.13, 39.09, 39.11, 39.1, 39.13, 39.14, 39.14, 39.13, 39.13, 39.14, 39.14, 39.15, 39.14, 39.14], "Apparent_Power_Reactive": [29.34, 29.24, 29.45, 29.18, 29.29, 29.26, 29.24, 29.3, 29.05, 29.24, 29.41, 29.15, 29.29, 29.12, 29.18, 29.42, 29.17, 29.34, 29.25, 29.19, 29.35, 29.2, 29.17, 29.37, 29.22, 29.41, 29.36, 29.22, 29.39, 29.22, 29.34, 29.34, 29.18, 29.28, 29.17, 29.33, 29.15, 29.32, 29.22, 29.17, 29.52, 29.29, 29.34, 29.31, 29.26], "Power_Factor": [0.662, 0.664, 0.658, 0.665, 0.663, 0.664, 0.664, 0.663, 0.668, 0.664, 0.659, 0.667, 0.662, 0.667, 0.665, 0.659, 0.666, 0.661, 0.664, 0.666, 0.66, 0.665, 0.666, 0.66, 0.665, 0.659, 0.661, 0.665, 0.66, 0.664, 0.661, 0.661, 0.665, 0.662, 0.665, 0.661, 0.667, 0.662, 0.664, 0.666, 0.656, 0.663, 0.661, 0.662, 0.664], "Energy": [0.01, 0.02, 0.04, 0.05, 0.07, 0.08, 0.1, 0.11, 0.13, 0.14, 0.16, 0.17, 0.18, 0.2, 0.21, 0.23, 0.24, 0.26, 0.27, 0.29, 0.3, 0.32, 0.33, 0.35, 0.36, 0.37, 0.39, 0.4, 0.42, 0.43, 0.45, 0.46, 0.48, 0.49, 0.51, 0.52, 0.54, 0.55, 0.57, 0.58, 0.59, 0.61, 0.62, 0.64, 0.65], "Frequency": [49.41, 49.42, 49.42, 49.42, 49.42, 49.42, 49.42, 49.42, 49.42, 49.42, 49.43, 49.43, 49.43, 49.43, 49.43, 49.43, 49.44, 49.44, 49.44, 49.44, 49.44, 49.44, 49.43, 49.43, 49.43, 49.42, 49.42, 49.42, 49.43, 49.43, 49.43, 49.43, 49.43, 49.43, 49.43, 49.43, 49.43, 49.42, 49.42, 49.42, 49.42, 49.42, 49.42, 49.42, 49.42], "Temp_env": []}