{"Start_Time": [1755573742.2730029], "Time": [1755573744.2751973, 1755573746.2778888, 1755573748.280051, 1755573750.2821074, 1755573752.2842615, 1755573754.286909, 1755573756.2892368, 1755573758.2919703, 1755573760.2999754, 1755573762.302329, 1755573764.3052053, 1755573766.3072789, 1755573768.3099284, 1755573770.3123097, 1755573772.315192, 1755573774.3172634, 1755573776.3194234, 1755573778.3221292, 1755573780.3242846, 1755573782.3264277, 1755573784.3340716, 1755573786.3362715, 1755573788.3383427, 1755573790.3404808, 1755573792.3431432, 1755573794.3455434, 1755573796.3482656, 1755573798.3504193, 1755573800.3525229, 1755573802.3554263, 1755573804.358186, 1755573806.3606012, 1755573808.3633223, 1755573810.3657334, 1755573812.3682551, 1755573814.3705766, 1755573816.3733106, 1755573818.375803, 1755573820.378315, 1755573822.3806624, 1755573824.3834078, 1755573826.385824, 1755573828.3885453, 1755573830.3906078, 1755573832.3927312], "Voltage": [229.35, 229.24, 229.35, 229.4, 229.4, 229.45, 229.35, 229.45, 229.29, 229.45, 229.29, 229.19, 229.29, 229.35, 229.29, 229.4, 229.29, 229.29, 229.19, 229.14, 229.24, 229.19, 229.14, 229.24, 229.24, 229.08, 229.19, 229.24, 229.14, 229.14, 229.19, 229.24, 229.08, 229.14, 229.19, 229.08, 229.14, 228.98, 229.08, 229.14, 228.98, 229.29, 229.14, 229.08, 229.14], "Current": [0.17, 0.17, 0.17, 0.17, 0.17, 0.17, 0.17, 0.17, 0.17, 0.17, 0.17, 0.17, 0.17, 0.17, 0.17, 0.17, 0.17, 0.17, 0.17, 0.17, 0.17, 0.17, 0.17, 0.17, 0.17, 0.17, 0.17, 0.17, 0.17, 0.17, 0.17, 0.17, 0.17, 0.17, 0.17, 0.17, 0.17, 0.17, 0.17, 0.17, 0.17, 0.17, 0.17, 0.17, 0.17], "Real_Power": [26.24, 26.27, 26.09, 26.15, 26.37, 26.13, 26.37, 26.27, 26.36, 26.23, 26.4, 26.44, 26.11, 26.35, 26.24, 26.18, 26.29, 26.14, 26.23, 26.32, 26.09, 26.35, 26.33, 26.12, 26.48, 26.18, 26.24, 26.35, 26.29, 26.29, 26.26, 26.24, 26.42, 26.12, 26.24, 26.35, 26.09, 26.27, 26.25, 26.27, 26.36, 26.16, 26.19, 26.41, 26.2], "Apparent_Power": [38.98, 38.97, 38.98, 38.99, 38.99, 39.0, 38.98, 39.0, 38.97, 39.0, 38.97, 38.96, 38.97, 38.98, 38.97, 38.99, 38.97, 38.97, 38.96, 38.95, 38.97, 38.96, 38.95, 38.97, 38.97, 38.94, 38.96, 38.97, 38.95, 38.95, 38.96, 38.97, 38.94, 38.95, 38.96, 38.94, 38.95, 38.92, 38.94, 38.95, 38.92, 38.97, 38.95, 38.94, 38.95], "Apparent_Power_Reactive": [28.82, 28.78, 28.96, 28.92, 28.72, 28.95, 28.7, 28.82, 28.7, 28.86, 28.66, 28.61, 28.92, 28.72, 28.81, 28.89, 28.76, 28.9, 28.8, 28.71, 28.94, 28.69, 28.7, 28.92, 28.59, 28.82, 28.79, 28.71, 28.73, 28.73, 28.78, 28.81, 28.6, 28.89, 28.79, 28.67, 28.92, 28.71, 28.76, 28.75, 28.63, 28.88, 28.83, 28.61, 28.82], "Power_Factor": [0.673, 0.674, 0.669, 0.67, 0.676, 0.67, 0.676, 0.673, 0.676, 0.672, 0.677, 0.678, 0.67, 0.675, 0.673, 0.671, 0.674, 0.67, 0.673, 0.675, 0.669, 0.676, 0.675, 0.67, 0.679, 0.672, 0.673, 0.676, 0.674, 0.674, 0.674, 0.673, 0.678, 0.67, 0.673, 0.676, 0.669, 0.674, 0.674, 0.674, 0.677, 0.671, 0.672, 0.678, 0.672], "Energy": [0.01, 0.02, 0.04, 0.05, 0.07, 0.08, 0.1, 0.11, 0.13, 0.14, 0.16, 0.17, 0.19, 0.2, 0.22, 0.23, 0.25, 0.26, 0.28, 0.29, 0.31, 0.32, 0.34, 0.35, 0.37, 0.38, 0.39, 0.41, 0.42, 0.44, 0.45, 0.47, 0.48, 0.5, 0.51, 0.53, 0.54, 0.56, 0.57, 0.59, 0.6, 0.62, 0.63, 0.65, 0.66], "Frequency": [49.42, 49.42, 49.42, 49.4, 49.4, 49.4, 49.43, 49.43, 49.43, 49.41, 49.41, 49.41, 49.43, 49.43, 49.43, 49.4, 49.4, 49.4, 49.39, 49.39, 49.39, 49.38, 49.38, 49.38, 49.38, 49.38, 49.38, 49.39, 49.39, 49.39, 49.43, 49.43, 49.43, 49.41, 49.41, 49.41, 49.4, 49.4, 49.4, 49.4, 49.4, 49.4, 49.38, 49.38, 49.38], "Temp_env": []}