{"Start_Time": [1755150900.2929237], "Time": [1755150902.295128, 1755150904.2978303, 1755150906.3001456, 1755150908.3028831, 1755150910.3052006, 1755150912.309953, 1755150914.312254, 1755150916.3149853, 1755150918.3172863, 1755150920.3200197, 1755150922.3223507, 1755150924.3250434, 1755150926.3274388, 1755150928.329969, 1755150930.3323693, 1755150932.3350325, 1755150934.337503, 1755150936.345004, 1755150938.347594, 1755150940.35011, 1755150942.3524458, 1755150944.355188, 1755150946.3576162, 1755150948.3601277, 1755150950.3625236, 1755150952.3652246, 1755150954.3676846, 1755150956.3702114, 1755150958.372579, 1755150960.3753111, 1755150962.3777394, 1755150964.3802342, 1755150966.3825934, 1755150968.3853176, 1755150970.3877184, 1755150972.3904822, 1755150974.3926542, 1755150976.3947623, 1755150978.3975773, 1755150980.3996847, 1755150982.4016516, 1755150984.4044445, 1755150986.406813, 1755150988.4094698, 1755150990.4117904], "Voltage": [230.45, 230.5, 230.55, 230.39, 230.34, 230.39, 230.5, 230.5, 230.34, 230.39, 230.55, 230.55, 230.45, 230.29, 230.34, 230.39, 230.45, 230.45, 230.34, 230.39, 230.34, 230.29, 230.34, 230.39, 230.29, 230.45, 230.45, 230.5, 230.39, 230.39, 230.39, 230.39, 230.55, 230.55, 230.55, 230.5, 230.55, 230.5, 230.66, 230.55, 230.66, 230.6, 230.55, 230.6, 230.39], "Current": [0.17, 0.17, 0.17, 0.17, 0.17, 0.17, 0.17, 0.17, 0.17, 0.17, 0.17, 0.17, 0.17, 0.17, 0.17, 0.17, 0.17, 0.17, 0.17, 0.17, 0.17, 0.17, 0.17, 0.17, 0.17, 0.17, 0.17, 0.17, 0.17, 0.17, 0.17, 0.17, 0.17, 0.17, 0.17, 0.17, 0.17, 0.17, 0.17, 0.17, 0.17, 0.17, 0.17, 0.17, 0.17], "Real_Power": [25.87, 26.07, 26.05, 25.74, 26.23, 25.92, 26.06, 25.92, 26.05, 25.96, 25.93, 26.07, 25.9, 25.9, 26.09, 25.89, 25.94, 26.08, 25.81, 26.13, 25.95, 26.02, 26.05, 25.82, 26.01, 26.05, 25.91, 26.06, 26.03, 25.99, 25.9, 25.9, 26.02, 25.95, 25.93, 26.02, 26.04, 25.93, 26.1, 26.01, 25.94, 25.96, 25.89, 26.13, 25.83], "Apparent_Power": [39.17, 39.18, 39.19, 39.16, 39.15, 39.16, 39.18, 39.18, 39.15, 39.16, 39.19, 39.19, 39.17, 39.14, 39.15, 39.16, 39.17, 39.17, 39.15, 39.16, 39.15, 39.14, 39.15, 39.16, 39.14, 39.17, 39.17, 39.18, 39.16, 39.16, 39.16, 39.16, 39.19, 39.19, 39.19, 39.18, 39.19, 39.18, 39.21, 39.19, 39.21, 39.2, 39.19, 39.2, 39.16], "Apparent_Power_Reactive": [29.41, 29.24, 29.27, 29.51, 29.06, 29.35, 29.25, 29.38, 29.22, 29.31, 29.38, 29.26, 29.38, 29.34, 29.18, 29.38, 29.34, 29.22, 29.43, 29.16, 29.31, 29.23, 29.22, 29.44, 29.24, 29.25, 29.37, 29.25, 29.25, 29.29, 29.37, 29.37, 29.3, 29.36, 29.38, 29.29, 29.28, 29.37, 29.26, 29.31, 29.4, 29.37, 29.42, 29.22, 29.43], "Power_Factor": [0.66, 0.665, 0.664, 0.657, 0.669, 0.661, 0.665, 0.661, 0.665, 0.662, 0.661, 0.665, 0.661, 0.661, 0.666, 0.661, 0.662, 0.665, 0.659, 0.667, 0.662, 0.664, 0.665, 0.659, 0.664, 0.665, 0.661, 0.665, 0.664, 0.663, 0.661, 0.661, 0.663, 0.662, 0.661, 0.664, 0.664, 0.661, 0.665, 0.663, 0.661, 0.662, 0.66, 0.666, 0.659], "Energy": [0.01, 0.02, 0.04, 0.05, 0.07, 0.08, 0.1, 0.11, 0.13, 0.14, 0.16, 0.17, 0.19, 0.2, 0.22, 0.23, 0.25, 0.26, 0.27, 0.29, 0.3, 0.32, 0.33, 0.35, 0.36, 0.38, 0.39, 0.41, 0.42, 0.44, 0.45, 0.46, 0.48, 0.49, 0.51, 0.52, 0.54, 0.55, 0.57, 0.58, 0.6, 0.61, 0.63, 0.64, 0.65], "Frequency": [49.39, 49.39, 49.39, 49.38, 49.38, 49.38, 49.39, 49.39, 49.39, 49.39, 49.39, 49.39, 49.38, 49.38, 49.38, 49.37, 49.37, 49.37, 49.37, 49.37, 49.37, 49.38, 49.38, 49.38, 49.38, 49.38, 49.38, 49.39, 49.39, 49.39, 49.39, 49.39, 49.39, 49.41, 49.41, 49.41, 49.39, 49.39, 49.39, 49.39, 49.39, 49.39, 49.38, 49.38, 49.38], "Temp_env": []}