{"Start_Time": [1755153515.2415621], "Time": [1755153517.2437644, 1755153519.246443, 1755153521.2487726, 1755153523.2515213, 1755153525.2536242, 1755153527.2557416, 1755153529.2578454, 1755153531.2605524, 1755153533.2629843, 1755153535.265512, 1755153537.2678406, 1755153539.2756484, 1755153541.2777956, 1755153543.2799244, 1755153545.2827852, 1755153547.2848508, 1755153549.2869184, 1755153551.289038, 1755153553.291738, 1755153555.2940319, 1755153557.3016727, 1755153559.3038902, 1755153561.3060927, 1755153563.3087392, 1755153565.3111422, 1755153567.313221, 1755153569.3159382, 1755153571.318111, 1755153573.3202596, 1755153575.323106, 1755153577.3252692, 1755153579.32791, 1755153581.33521, 1755153583.3373497, 1755153585.340084, 1755153587.3424065, 1755153589.3450477, 1755153591.3474443, 1755153593.3501577, 1755153595.3523273, 1755153597.3551283, 1755153599.3574946, 1755153601.3601835, 1755153603.362545, 1755153605.365228], "Voltage": [228.82, 228.72, 228.98, 228.93, 228.82, 229.08, 228.87, 228.98, 228.93, 228.93, 228.82, 228.77, 228.82, 228.77, 228.77, 228.82, 228.82, 228.82, 228.87, 228.87, 228.87, 228.93, 228.87, 228.66, 228.82, 228.82, 228.72, 228.72, 228.66, 228.98, 228.77, 228.87, 229.03, 229.03, 229.14, 229.08, 229.08, 229.19, 229.08, 228.93, 229.03, 228.98, 229.14, 229.14, 229.03], "Current": [0.17, 0.17, 0.17, 0.17, 0.17, 0.17, 0.17, 0.17, 0.17, 0.17, 0.17, 0.17, 0.17, 0.17, 0.17, 0.17, 0.17, 0.17, 0.17, 0.17, 0.17, 0.17, 0.17, 0.17, 0.17, 0.17, 0.17, 0.17, 0.17, 0.17, 0.17, 0.17, 0.17, 0.17, 0.17, 0.17, 0.17, 0.17, 0.17, 0.17, 0.17, 0.17, 0.17, 0.17, 0.17], "Real_Power": [26.09, 26.03, 25.94, 26.09, 26.05, 26.07, 26.18, 25.92, 26.12, 25.99, 25.95, 26.04, 25.93, 26.07, 26.05, 26.07, 26.04, 25.89, 26.05, 26.06, 25.86, 26.1, 26.06, 26.06, 25.83, 26.13, 25.97, 26.01, 26.0, 25.93, 25.96, 25.96, 26.05, 26.19, 25.95, 25.88, 26.08, 25.97, 25.97, 25.84, 25.97, 26.13, 25.94, 26.03, 25.87], "Apparent_Power": [38.89, 38.88, 38.92, 38.91, 38.89, 38.94, 38.9, 38.92, 38.91, 38.91, 38.89, 38.89, 38.89, 38.89, 38.89, 38.89, 38.89, 38.89, 38.9, 38.9, 38.9, 38.91, 38.9, 38.87, 38.89, 38.89, 38.88, 38.88, 38.87, 38.92, 38.89, 38.9, 38.93, 38.93, 38.95, 38.94, 38.94, 38.96, 38.94, 38.91, 38.93, 38.92, 38.95, 38.95, 38.93], "Apparent_Power_Reactive": [28.83, 28.88, 29.01, 28.86, 28.87, 28.92, 28.77, 29.03, 28.83, 28.95, 28.96, 28.88, 28.98, 28.85, 28.87, 28.85, 28.88, 29.01, 28.88, 28.88, 29.05, 28.85, 28.88, 28.84, 29.07, 28.8, 28.93, 28.89, 28.89, 29.02, 28.95, 28.97, 28.92, 28.8, 29.04, 29.09, 28.91, 29.04, 29.01, 29.09, 29.0, 28.84, 29.05, 28.97, 29.09], "Power_Factor": [0.67, 0.669, 0.666, 0.67, 0.669, 0.669, 0.673, 0.665, 0.671, 0.667, 0.667, 0.669, 0.666, 0.67, 0.669, 0.67, 0.669, 0.665, 0.669, 0.669, 0.664, 0.67, 0.669, 0.67, 0.664, 0.671, 0.667, 0.668, 0.668, 0.666, 0.667, 0.667, 0.669, 0.672, 0.666, 0.664, 0.669, 0.666, 0.666, 0.664, 0.667, 0.671, 0.665, 0.668, 0.664], "Energy": [0.01, 0.02, 0.04, 0.05, 0.07, 0.08, 0.1, 0.11, 0.13, 0.14, 0.16, 0.17, 0.19, 0.2, 0.21, 0.23, 0.24, 0.26, 0.27, 0.29, 0.3, 0.32, 0.33, 0.35, 0.36, 0.38, 0.39, 0.41, 0.42, 0.43, 0.45, 0.46, 0.48, 0.49, 0.51, 0.52, 0.54, 0.55, 0.57, 0.58, 0.6, 0.61, 0.62, 0.64, 0.65], "Frequency": [49.44, 49.44, 49.44, 49.44, 49.44, 49.44, 49.44, 49.44, 49.44, 49.44, 49.44, 49.44, 49.44, 49.44, 49.44, 49.45, 49.45, 49.45, 49.47, 49.47, 49.47, 49.48, 49.48, 49.48, 49.46, 49.46, 49.46, 49.46, 49.46, 49.46, 49.45, 49.45, 49.45, 49.45, 49.45, 49.45, 49.46, 49.46, 49.46, 49.46, 49.46, 49.46, 49.46, 49.46, 49.46], "Temp_env": []}