{"Start_Time": [1755222266.6731105], "Time": [1755222268.6757846, 1755222270.6780944, 1755222272.6802244, 1755222274.6829066, 1755222276.6850622, 1755222278.6871257, 1755222280.6900337, 1755222282.6920984, 1755222284.694187, 1755222286.6962306, 1755222288.698865, 1755222290.7011673, 1755222292.7032537, 1755222294.7059987, 1755222296.7081995, 1755222298.7105148, 1755222300.7130666, 1755222302.7154632, 1755222304.7181873, 1755222306.7206135, 1755222308.7231293, 1755222310.7254825, 1755222312.7281804, 1755222314.7306232, 1755222316.732622, 1755222318.7353547, 1755222320.7376397, 1755222322.74049, 1755222324.7425618, 1755222326.7453408, 1755222328.7476718, 1755222330.7505777, 1755222332.752657, 1755222334.7548141, 1755222336.7575269, 1755222338.759851, 1755222340.7624655, 1755222342.7648046, 1755222344.7674909, 1755222346.7698512, 1755222348.7725818, 1755222350.7747915, 1755222352.7768104, 1755222354.7789283, 1755222356.7810576], "Voltage": [230.86, 231.02, 230.97, 230.92, 230.97, 231.02, 230.86, 230.92, 230.97, 230.97, 230.92, 231.02, 231.02, 230.97, 230.97, 231.07, 231.02, 230.97, 231.02, 230.86, 231.02, 231.02, 230.92, 230.92, 231.02, 230.97, 230.97, 230.97, 230.97, 230.97, 230.92, 230.81, 230.81, 230.86, 230.86, 230.92, 231.07, 230.92, 230.86, 231.02, 230.97, 230.92, 230.97, 230.92, 230.97], "Current": [0.17, 0.17, 0.17, 0.17, 0.17, 0.17, 0.17, 0.17, 0.17, 0.17, 0.17, 0.17, 0.17, 0.17, 0.17, 0.17, 0.17, 0.17, 0.17, 0.17, 0.17, 0.17, 0.17, 0.17, 0.17, 0.17, 0.17, 0.17, 0.17, 0.17, 0.17, 0.17, 0.17, 0.17, 0.17, 0.17, 0.17, 0.17, 0.17, 0.17, 0.17, 0.17, 0.17, 0.17, 0.17], "Real_Power": [25.9, 25.97, 26.07, 25.99, 26.1, 25.92, 25.93, 26.0, 25.85, 25.96, 25.96, 26.1, 25.88, 25.99, 25.97, 25.88, 26.29, 25.96, 26.02, 25.99, 26.03, 25.95, 26.01, 25.87, 26.05, 26.02, 25.97, 26.16, 25.85, 26.03, 26.09, 25.87, 26.04, 25.88, 25.89, 26.02, 25.88, 25.87, 26.05, 25.9, 25.99, 25.92, 25.92, 26.06, 25.92], "Apparent_Power": [39.24, 39.27, 39.26, 39.25, 39.26, 39.27, 39.24, 39.25, 39.26, 39.26, 39.25, 39.27, 39.27, 39.26, 39.26, 39.28, 39.27, 39.26, 39.27, 39.24, 39.27, 39.27, 39.25, 39.25, 39.27, 39.26, 39.26, 39.26, 39.26, 39.26, 39.25, 39.23, 39.23, 39.24, 39.24, 39.25, 39.28, 39.25, 39.24, 39.27, 39.26, 39.25, 39.26, 39.25, 39.26], "Apparent_Power_Reactive": [29.47, 29.45, 29.35, 29.41, 29.32, 29.5, 29.45, 29.4, 29.54, 29.45, 29.43, 29.34, 29.53, 29.42, 29.44, 29.54, 29.17, 29.45, 29.41, 29.39, 29.4, 29.47, 29.39, 29.51, 29.38, 29.39, 29.44, 29.27, 29.54, 29.39, 29.32, 29.49, 29.34, 29.49, 29.48, 29.38, 29.54, 29.51, 29.34, 29.51, 29.42, 29.47, 29.48, 29.35, 29.48], "Power_Factor": [0.66, 0.661, 0.664, 0.662, 0.664, 0.66, 0.66, 0.662, 0.658, 0.661, 0.661, 0.664, 0.659, 0.661, 0.661, 0.658, 0.669, 0.661, 0.662, 0.662, 0.662, 0.66, 0.662, 0.659, 0.663, 0.662, 0.661, 0.666, 0.658, 0.663, 0.664, 0.659, 0.663, 0.659, 0.659, 0.662, 0.658, 0.659, 0.663, 0.659, 0.661, 0.66, 0.66, 0.663, 0.66], "Energy": [0.01, 0.02, 0.04, 0.05, 0.07, 0.08, 0.1, 0.11, 0.13, 0.14, 0.16, 0.17, 0.19, 0.2, 0.22, 0.23, 0.24, 0.26, 0.27, 0.29, 0.3, 0.32, 0.33, 0.35, 0.36, 0.38, 0.39, 0.41, 0.42, 0.43, 0.45, 0.46, 0.48, 0.49, 0.51, 0.52, 0.54, 0.55, 0.57, 0.58, 0.6, 0.61, 0.62, 0.64, 0.65], "Frequency": [49.42, 49.42, 49.42, 49.42, 49.42, 49.43, 49.43, 49.43, 49.43, 49.43, 49.43, 49.43, 49.43, 49.43, 49.43, 49.43, 49.43, 49.42, 49.42, 49.42, 49.41, 49.41, 49.41, 49.41, 49.41, 49.41, 49.41, 49.41, 49.41, 49.41, 49.41, 49.41, 49.4, 49.4, 49.4, 49.4, 49.4, 49.4, 49.4, 49.4, 49.4, 49.4, 49.4, 49.4, 49.43], "Temp_env": []}