{"Start_Time": [1755616790.7847059], "Time": [1755616792.7872927, 1755616794.7894607, 1755616796.7917566, 1755616798.7942731, 1755616800.7966452, 1755616802.7993524, 1755616804.8017406, 1755616806.8043222, 1755616808.8066897, 1755616810.8093944, 1755616812.8118446, 1755616814.814565, 1755616816.8167393, 1755616818.8194642, 1755616820.8218932, 1755616822.8246405, 1755616824.82682, 1755616826.8289137, 1755616828.83182, 1755616830.833907, 1755616832.8360243, 1755616834.838697, 1755616836.841105, 1755616838.843786, 1755616840.8459365, 1755616842.8487515, 1755616844.8510728, 1755616846.8537352, 1755616848.856033, 1755616850.85871, 1755616852.8609295, 1755616854.8636932, 1755616856.8658862, 1755616858.8686628, 1755616860.870936, 1755616862.8736339, 1755616864.8757904, 1755616866.878589, 1755616868.8809085, 1755616870.883439, 1755616872.885802, 1755616874.888537, 1755616876.890791, 1755616878.893475, 1755616880.89579], "Voltage": [227.72, 227.72, 227.72, 227.72, 227.62, 227.51, 227.62, 227.67, 227.77, 227.72, 227.88, 227.77, 227.83, 227.83, 227.77, 227.83, 227.88, 227.77, 227.77, 227.67, 227.67, 227.77, 227.77, 227.67, 227.62, 227.67, 227.77, 227.77, 227.88, 227.72, 227.83, 227.77, 227.83, 227.88, 227.77, 227.83, 227.83, 227.83, 227.72, 227.67, 227.72, 227.77, 227.88, 227.83, 227.88], "Current": [0.17, 0.17, 0.17, 0.17, 0.17, 0.17, 0.17, 0.17, 0.17, 0.17, 0.17, 0.17, 0.17, 0.17, 0.17, 0.17, 0.17, 0.17, 0.17, 0.17, 0.17, 0.17, 0.17, 0.17, 0.17, 0.17, 0.17, 0.17, 0.17, 0.17, 0.17, 0.17, 0.17, 0.17, 0.17, 0.17, 0.17, 0.17, 0.17, 0.17, 0.17, 0.17, 0.17, 0.17, 0.17], "Real_Power": [26.28, 26.21, 26.19, 26.26, 26.14, 26.3, 26.25, 26.19, 26.25, 26.15, 26.11, 26.26, 26.17, 26.19, 26.18, 26.08, 26.27, 26.28, 26.19, 26.33, 26.18, 26.21, 26.17, 26.16, 26.28, 26.23, 26.08, 26.22, 26.17, 26.27, 26.33, 26.17, 26.17, 26.22, 26.22, 26.33, 26.25, 26.15, 26.23, 26.08, 26.13, 26.1, 26.39, 26.23, 26.17], "Apparent_Power": [38.71, 38.71, 38.71, 38.71, 38.69, 38.67, 38.69, 38.7, 38.72, 38.71, 38.73, 38.72, 38.73, 38.73, 38.72, 38.73, 38.73, 38.72, 38.72, 38.7, 38.7, 38.72, 38.72, 38.7, 38.69, 38.7, 38.72, 38.72, 38.73, 38.71, 38.73, 38.72, 38.73, 38.73, 38.72, 38.73, 38.73, 38.73, 38.71, 38.7, 38.71, 38.72, 38.73, 38.73, 38.73], "Apparent_Power_Reactive": [28.42, 28.48, 28.5, 28.44, 28.52, 28.34, 28.42, 28.49, 28.46, 28.54, 28.6, 28.45, 28.55, 28.53, 28.52, 28.63, 28.45, 28.43, 28.51, 28.36, 28.5, 28.5, 28.53, 28.51, 28.39, 28.45, 28.61, 28.49, 28.55, 28.43, 28.4, 28.53, 28.55, 28.5, 28.49, 28.4, 28.47, 28.56, 28.46, 28.59, 28.56, 28.6, 28.34, 28.49, 28.55], "Power_Factor": [0.678, 0.677, 0.676, 0.678, 0.675, 0.68, 0.678, 0.676, 0.677, 0.675, 0.674, 0.678, 0.675, 0.676, 0.676, 0.673, 0.678, 0.678, 0.676, 0.68, 0.676, 0.676, 0.675, 0.675, 0.679, 0.677, 0.673, 0.677, 0.675, 0.678, 0.679, 0.675, 0.675, 0.676, 0.677, 0.679, 0.677, 0.675, 0.677, 0.673, 0.675, 0.674, 0.681, 0.677, 0.675], "Energy": [0.01, 0.02, 0.04, 0.05, 0.07, 0.08, 0.1, 0.11, 0.13, 0.14, 0.16, 0.17, 0.19, 0.2, 0.22, 0.23, 0.25, 0.26, 0.27, 0.29, 0.3, 0.32, 0.33, 0.35, 0.36, 0.38, 0.39, 0.41, 0.42, 0.44, 0.45, 0.47, 0.48, 0.5, 0.51, 0.53, 0.54, 0.55, 0.57, 0.58, 0.6, 0.62, 0.63, 0.64, 0.66], "Frequency": [49.38, 49.39, 49.39, 49.39, 49.39, 49.39, 49.39, 49.41, 49.41, 49.41, 49.41, 49.41, 49.41, 49.38, 49.38, 49.38, 49.38, 49.38, 49.38, 49.39, 49.39, 49.39, 49.36, 49.36, 49.36, 49.38, 49.38, 49.38, 49.37, 49.37, 49.37, 49.37, 49.37, 49.37, 49.36, 49.36, 49.36, 49.39, 49.39, 49.39, 49.38, 49.38, 49.38, 49.38, 49.38], "Temp_env": []}