{"Start_Time": [1755614166.385186], "Time": [1755614168.387772, 1755614170.3900816, 1755614172.3928373, 1755614174.3952034, 1755614176.3979044, 1755614178.4001727, 1755614180.4021153, 1755614182.4048922, 1755614184.4072704, 1755614186.4093962, 1755614188.4120445, 1755614190.4142942, 1755614192.4170048, 1755614194.4194396, 1755614196.421997, 1755614198.4243655, 1755614200.4264708, 1755614202.4294083, 1755614204.4314697, 1755614206.4341881, 1755614208.436565, 1755614210.439496, 1755614212.4421184, 1755614214.4445314, 1755614216.447249, 1755614218.4497755, 1755614220.45231, 1755614222.4544923, 1755614224.4566267, 1755614226.4594543, 1755614228.4623175, 1755614230.464693, 1755614232.467363, 1755614234.4697824, 1755614236.4725013, 1755614238.474667, 1755614240.4767945, 1755614242.479652, 1755614244.4817595, 1755614246.4838593, 1755614248.4865692, 1755614250.4887667, 1755614252.4916394, 1755614254.4937966, 1755614256.4959726], "Voltage": [227.46, 227.46, 227.46, 227.35, 227.41, 227.35, 227.46, 227.35, 227.67, 227.62, 227.56, 227.46, 227.51, 227.67, 227.62, 227.51, 227.41, 227.67, 227.56, 227.41, 227.46, 227.51, 227.46, 227.62, 227.46, 227.46, 227.46, 227.3, 227.56, 227.51, 227.41, 227.41, 227.51, 227.14, 227.09, 227.14, 227.2, 227.14, 227.09, 227.04, 227.25, 227.09, 227.09, 227.14, 227.2], "Current": [0.17, 0.17, 0.18, 0.17, 0.17, 0.17, 0.17, 0.17, 0.17, 0.17, 0.17, 0.17, 0.17, 0.17, 0.17, 0.17, 0.17, 0.17, 0.17, 0.17, 0.17, 0.17, 0.17, 0.17, 0.18, 0.17, 0.17, 0.17, 0.17, 0.17, 0.17, 0.17, 0.17, 0.17, 0.17, 0.17, 0.17, 0.17, 0.17, 0.17, 0.17, 0.17, 0.17, 0.17, 0.17], "Real_Power": [26.25, 26.16, 26.43, 26.37, 26.19, 26.33, 26.12, 26.29, 26.16, 26.14, 26.18, 26.26, 26.2, 26.36, 26.3, 26.21, 26.27, 26.2, 26.25, 26.29, 26.24, 26.29, 26.29, 26.23, 26.45, 26.28, 26.31, 26.31, 26.26, 26.15, 26.19, 26.2, 26.39, 26.27, 26.23, 26.32, 26.24, 26.25, 26.28, 26.19, 26.36, 26.24, 26.33, 26.32, 26.16], "Apparent_Power": [38.66, 38.66, 40.94, 38.64, 38.65, 38.64, 38.66, 38.64, 38.7, 38.69, 38.68, 38.66, 38.67, 38.7, 38.69, 38.67, 38.65, 38.7, 38.68, 38.65, 38.66, 38.67, 38.66, 38.69, 40.94, 38.66, 38.66, 38.64, 38.68, 38.67, 38.65, 38.65, 38.67, 38.61, 38.6, 38.61, 38.62, 38.61, 38.6, 38.59, 38.63, 38.6, 38.6, 38.61, 38.62], "Apparent_Power_Reactive": [28.38, 28.46, 31.26, 28.24, 28.42, 28.28, 28.5, 28.31, 28.51, 28.52, 28.47, 28.37, 28.44, 28.33, 28.37, 28.43, 28.34, 28.48, 28.4, 28.33, 28.39, 28.35, 28.34, 28.44, 31.24, 28.35, 28.32, 28.29, 28.39, 28.48, 28.42, 28.41, 28.26, 28.29, 28.31, 28.24, 28.33, 28.31, 28.27, 28.34, 28.23, 28.3, 28.22, 28.24, 28.41], "Power_Factor": [0.678, 0.676, 0.645, 0.682, 0.677, 0.681, 0.675, 0.68, 0.675, 0.675, 0.676, 0.679, 0.677, 0.681, 0.679, 0.677, 0.679, 0.677, 0.678, 0.68, 0.678, 0.679, 0.68, 0.677, 0.646, 0.679, 0.68, 0.68, 0.678, 0.676, 0.677, 0.677, 0.682, 0.68, 0.679, 0.681, 0.679, 0.679, 0.68, 0.678, 0.682, 0.679, 0.682, 0.681, 0.677], "Energy": [0.01, 0.02, 0.04, 0.05, 0.07, 0.08, 0.1, 0.11, 0.13, 0.14, 0.16, 0.17, 0.19, 0.2, 0.22, 0.23, 0.25, 0.26, 0.28, 0.29, 0.31, 0.32, 0.33, 0.35, 0.36, 0.38, 0.39, 0.41, 0.42, 0.44, 0.45, 0.47, 0.48, 0.5, 0.51, 0.53, 0.54, 0.56, 0.57, 0.59, 0.6, 0.62, 0.63, 0.65, 0.66], "Frequency": [49.36, 49.36, 49.35, 49.35, 49.35, 49.37, 49.37, 49.37, 49.36, 49.36, 49.36, 49.35, 49.35, 49.35, 49.38, 49.38, 49.38, 49.37, 49.37, 49.37, 49.38, 49.38, 49.38, 49.38, 49.38, 49.38, 49.38, 49.38, 49.38, 49.37, 49.37, 49.37, 49.38, 49.38, 49.38, 49.36, 49.36, 49.36, 49.38, 49.38, 49.38, 49.37, 49.37, 49.37, 49.35], "Temp_env": []}