{"Start_Time": [1755425479.9999037], "Time": [1755425482.0025902, 1755425484.0049596, 1755425486.0076652, 1755425488.015114, 1755425490.0176604, 1755425492.0198205, 1755425494.027754, 1755425496.0300837, 1755425498.0327766, 1755425500.0352366, 1755425502.0378857, 1755425504.0399828, 1755425506.047831, 1755425508.0501301, 1755425510.052869, 1755425512.0608945, 1755425514.063252, 1755425516.0653462, 1755425518.073029, 1755425520.075519, 1755425522.078194, 1755425524.080335, 1755425526.0822942, 1755425528.0844448, 1755425530.0921142, 1755425532.0944335, 1755425534.0971808, 1755425536.1044953, 1755425538.1072261, 1755425540.1095047, 1755425542.1122804, 1755425544.114573, 1755425546.1172426, 1755425548.1195943, 1755425550.1216924, 1755425552.1244154, 1755425554.1323495, 1755425556.13468, 1755425558.1373522, 1755425560.1446815, 1755425562.1473925, 1755425564.1497655, 1755425566.1526043, 1755425568.1548996, 1755425570.1575425], "Voltage": [229.97, 229.76, 229.61, 229.76, 229.82, 229.87, 229.87, 229.87, 229.76, 229.82, 229.76, 229.66, 229.66, 229.71, 229.76, 229.76, 229.55, 229.66, 229.5, 229.66, 229.61, 229.82, 229.66, 229.61, 229.71, 229.55, 229.61, 229.66, 229.66, 229.76, 229.66, 229.71, 229.66, 229.66, 229.55, 229.82, 229.66, 229.61, 229.55, 229.5, 229.5, 229.45, 229.55, 229.66, 229.71], "Current": [0.17, 0.17, 0.17, 0.17, 0.17, 0.17, 0.17, 0.17, 0.17, 0.17, 0.17, 0.17, 0.17, 0.17, 0.17, 0.17, 0.17, 0.17, 0.17, 0.17, 0.17, 0.17, 0.17, 0.17, 0.17, 0.17, 0.17, 0.17, 0.17, 0.17, 0.17, 0.17, 0.17, 0.17, 0.17, 0.17, 0.17, 0.17, 0.17, 0.17, 0.17, 0.18, 0.17, 0.17, 0.17], "Real_Power": [26.21, 26.08, 26.26, 26.12, 26.16, 26.29, 26.08, 26.33, 26.16, 26.17, 26.31, 26.0, 26.1, 26.33, 26.12, 26.33, 26.18, 26.08, 26.25, 26.15, 26.08, 26.39, 26.01, 26.31, 26.08, 26.24, 26.24, 26.2, 26.35, 26.17, 26.27, 26.13, 26.07, 26.32, 26.3, 26.06, 26.29, 25.94, 26.32, 26.25, 26.05, 26.41, 26.1, 26.2, 26.34], "Apparent_Power": [39.09, 39.05, 39.03, 39.05, 39.06, 39.07, 39.07, 39.07, 39.05, 39.06, 39.05, 39.04, 39.04, 39.05, 39.05, 39.05, 39.02, 39.04, 39.01, 39.04, 39.03, 39.06, 39.04, 39.03, 39.05, 39.02, 39.03, 39.04, 39.04, 39.05, 39.04, 39.05, 39.04, 39.04, 39.02, 39.06, 39.04, 39.03, 39.02, 39.01, 39.01, 41.3, 39.02, 39.04, 39.05], "Apparent_Power_Reactive": [29.0, 29.06, 28.87, 29.02, 29.0, 28.9, 29.09, 28.86, 28.99, 28.99, 28.85, 29.12, 29.03, 28.83, 29.02, 28.83, 28.93, 29.05, 28.85, 28.98, 29.03, 28.79, 29.11, 28.82, 29.06, 28.87, 28.89, 28.94, 28.8, 28.98, 28.87, 29.01, 29.05, 28.83, 28.82, 29.09, 28.86, 29.16, 28.8, 28.85, 29.03, 31.75, 29.0, 28.94, 28.82], "Power_Factor": [0.67, 0.667, 0.672, 0.668, 0.669, 0.672, 0.667, 0.673, 0.669, 0.669, 0.673, 0.665, 0.668, 0.674, 0.668, 0.674, 0.67, 0.668, 0.672, 0.669, 0.668, 0.675, 0.666, 0.674, 0.667, 0.672, 0.672, 0.671, 0.674, 0.67, 0.672, 0.669, 0.667, 0.674, 0.674, 0.667, 0.673, 0.664, 0.674, 0.672, 0.667, 0.639, 0.668, 0.671, 0.674], "Energy": [0.01, 0.02, 0.04, 0.05, 0.07, 0.08, 0.1, 0.11, 0.13, 0.14, 0.16, 0.17, 0.19, 0.2, 0.22, 0.23, 0.25, 0.26, 0.27, 0.29, 0.3, 0.32, 0.33, 0.35, 0.36, 0.38, 0.39, 0.41, 0.42, 0.44, 0.45, 0.47, 0.48, 0.5, 0.51, 0.53, 0.54, 0.56, 0.57, 0.59, 0.6, 0.62, 0.63, 0.64, 0.66], "Frequency": [49.39, 49.39, 49.39, 49.39, 49.39, 49.39, 49.39, 49.39, 49.41, 49.41, 49.41, 49.41, 49.41, 49.41, 49.39, 49.39, 49.39, 49.38, 49.38, 49.38, 49.39, 49.39, 49.39, 49.39, 49.39, 49.39, 49.4, 49.4, 49.4, 49.42, 49.42, 49.42, 49.39, 49.39, 49.39, 49.39, 49.39, 49.39, 49.4, 49.4, 49.4, 49.39, 49.39, 49.39, 49.4], "Temp_env": []}