{"Start_Time": [1755733689.4989026], "Time": [1755733691.5013416, 1755733693.5034642, 1755733695.5055323, 1755733697.5077443, 1755733699.5104086, 1755733701.5128722, 1755733703.515413, 1755733705.5177846, 1755733707.5197463, 1755733709.5218372, 1755733711.5240295, 1755733713.526727, 1755733715.5290937, 1755733717.531806, 1755733719.5341032, 1755733721.536102, 1755733723.5388412, 1755733725.5412142, 1755733727.54335, 1755733729.5453534, 1755733731.5480387, 1755733733.5502758, 1755733735.5525146, 1755733737.5552447, 1755733739.5576043, 1755733741.5603101, 1755733743.562685, 1755733745.5653725, 1755733747.5677197, 1755733749.5704377, 1755733751.5727873, 1755733753.5755072, 1755733755.5779498, 1755733757.580617, 1755733759.582976, 1755733761.5856886, 1755733763.5880604, 1755733765.590796, 1755733767.593184, 1755733769.595834, 1755733771.5982301, 1755733773.6009483, 1755733775.6033103, 1755733777.6060333, 1755733779.608393], "Voltage": [229.87, 229.76, 229.92, 229.92, 229.92, 229.87, 229.92, 229.87, 229.82, 229.82, 229.92, 230.03, 229.87, 229.87, 229.92, 229.97, 229.92, 229.87, 229.87, 229.97, 229.92, 229.87, 229.87, 229.92, 230.08, 230.03, 230.18, 230.03, 230.08, 229.97, 229.92, 230.08, 229.97, 230.03, 229.92, 229.97, 229.97, 229.92, 230.08, 230.03, 230.03, 230.08, 230.03, 229.97, 229.87], "Current": [0.17, 0.17, 0.17, 0.17, 0.17, 0.17, 0.17, 0.17, 0.17, 0.17, 0.17, 0.17, 0.17, 0.17, 0.17, 0.17, 0.17, 0.17, 0.17, 0.17, 0.17, 0.17, 0.17, 0.17, 0.17, 0.17, 0.17, 0.17, 0.17, 0.17, 0.17, 0.17, 0.17, 0.17, 0.17, 0.17, 0.17, 0.17, 0.17, 0.17, 0.17, 0.17, 0.17, 0.17, 0.17], "Real_Power": [25.91, 26.03, 26.18, 26.02, 26.08, 25.97, 26.0, 26.12, 25.94, 26.19, 26.09, 25.98, 26.06, 26.11, 26.09, 26.2, 25.88, 26.16, 26.23, 25.97, 26.09, 26.14, 26.13, 26.03, 25.98, 26.05, 25.96, 26.0, 26.02, 26.01, 26.01, 26.02, 26.13, 25.99, 25.89, 26.11, 25.96, 25.99, 25.97, 26.05, 25.96, 26.07, 26.0, 26.15, 25.92], "Apparent_Power": [39.07, 39.05, 39.08, 39.08, 39.08, 39.07, 39.08, 39.07, 39.06, 39.06, 39.08, 39.1, 39.07, 39.07, 39.08, 39.09, 39.08, 39.07, 39.07, 39.09, 39.08, 39.07, 39.07, 39.08, 39.11, 39.1, 39.13, 39.1, 39.11, 39.09, 39.08, 39.11, 39.09, 39.1, 39.08, 39.09, 39.09, 39.08, 39.11, 39.1, 39.1, 39.11, 39.1, 39.09, 39.07], "Apparent_Power_Reactive": [29.24, 29.1, 29.01, 29.15, 29.1, 29.18, 29.17, 29.05, 29.2, 28.97, 29.09, 29.22, 29.1, 29.06, 29.09, 29.01, 29.28, 29.01, 28.95, 29.21, 29.09, 29.03, 29.04, 29.14, 29.23, 29.15, 29.27, 29.2, 29.19, 29.18, 29.16, 29.19, 29.07, 29.21, 29.27, 29.09, 29.22, 29.18, 29.24, 29.15, 29.23, 29.15, 29.2, 29.05, 29.23], "Power_Factor": [0.663, 0.666, 0.669, 0.665, 0.667, 0.664, 0.665, 0.668, 0.664, 0.67, 0.667, 0.664, 0.667, 0.668, 0.667, 0.67, 0.662, 0.669, 0.671, 0.664, 0.667, 0.669, 0.668, 0.666, 0.664, 0.666, 0.663, 0.664, 0.665, 0.665, 0.665, 0.665, 0.668, 0.664, 0.662, 0.667, 0.664, 0.665, 0.664, 0.666, 0.663, 0.666, 0.664, 0.668, 0.663], "Energy": [0.01, 0.02, 0.04, 0.05, 0.07, 0.08, 0.1, 0.11, 0.13, 0.14, 0.16, 0.17, 0.19, 0.2, 0.21, 0.23, 0.24, 0.26, 0.27, 0.29, 0.3, 0.32, 0.33, 0.35, 0.36, 0.38, 0.39, 0.41, 0.42, 0.44, 0.45, 0.47, 0.48, 0.49, 0.51, 0.52, 0.54, 0.55, 0.57, 0.58, 0.6, 0.61, 0.63, 0.64, 0.66], "Frequency": [49.39, 49.38, 49.38, 49.38, 49.39, 49.39, 49.39, 49.39, 49.39, 49.39, 49.39, 49.39, 49.39, 49.39, 49.39, 49.39, 49.38, 49.38, 49.38, 49.39, 49.39, 49.39, 49.39, 49.39, 49.39, 49.39, 49.39, 49.39, 49.4, 49.4, 49.4, 49.41, 49.41, 49.41, 49.4, 49.4, 49.4, 49.39, 49.39, 49.39, 49.39, 49.39, 49.39, 49.39, 49.39], "Temp_env": []}