{"Start_Time": [1755438569.1011722], "Time": [1755438571.1037753, 1755438573.1065323, 1755438575.1087801, 1755438577.1115046, 1755438579.113984, 1755438581.1164947, 1755438583.1188252, 1755438585.1215122, 1755438587.1239579, 1755438589.1316202, 1755438591.133966, 1755438593.1366348, 1755438595.1440916, 1755438597.1465733, 1755438599.1490002, 1755438601.151645, 1755438603.1541436, 1755438605.1566834, 1755438607.1590738, 1755438609.1617649, 1755438611.1642003, 1755438613.1667411, 1755438615.1691468, 1755438617.1718004, 1755438619.1742716, 1755438621.1768205, 1755438623.184365, 1755438625.18682, 1755438627.1892328, 1755438629.1919074, 1755438631.194312, 1755438633.196831, 1755438635.20434, 1755438637.2068813, 1755438639.209245, 1755438641.2113981, 1755438643.2141461, 1755438645.2162378, 1755438647.219019, 1755438649.2213864, 1755438651.2243197, 1755438653.2320979, 1755438655.234584, 1755438657.237143, 1755438659.244663], "Voltage": [228.24, 228.19, 228.19, 228.14, 228.3, 228.09, 228.24, 228.35, 228.35, 228.24, 228.3, 228.35, 228.56, 228.4, 228.45, 228.45, 228.4, 228.45, 228.45, 228.35, 228.3, 228.35, 228.24, 228.24, 228.4, 228.35, 228.51, 228.51, 228.35, 228.51, 228.56, 228.4, 228.61, 228.35, 228.45, 228.51, 228.51, 228.56, 228.51, 228.45, 228.4, 228.45, 228.56, 228.61, 228.56], "Current": [0.17, 0.17, 0.17, 0.17, 0.17, 0.17, 0.17, 0.17, 0.17, 0.17, 0.17, 0.17, 0.17, 0.17, 0.17, 0.17, 0.17, 0.17, 0.17, 0.17, 0.17, 0.17, 0.17, 0.17, 0.17, 0.17, 0.17, 0.17, 0.17, 0.17, 0.17, 0.17, 0.17, 0.17, 0.17, 0.17, 0.17, 0.17, 0.17, 0.17, 0.17, 0.17, 0.17, 0.17, 0.17], "Real_Power": [26.04, 25.88, 25.88, 26.0, 25.9, 25.92, 25.83, 25.88, 25.95, 25.93, 26.0, 25.94, 26.0, 26.0, 25.92, 25.94, 26.09, 25.96, 25.84, 25.93, 25.83, 26.03, 25.91, 25.92, 25.93, 25.9, 25.93, 26.05, 25.92, 25.88, 25.92, 25.84, 26.05, 25.88, 26.01, 26.06, 25.89, 25.93, 25.96, 25.85, 25.96, 26.0, 25.92, 25.98, 25.89], "Apparent_Power": [38.8, 38.79, 38.79, 38.78, 38.81, 38.77, 38.8, 38.81, 38.81, 38.8, 38.81, 38.81, 38.85, 38.82, 38.83, 38.83, 38.82, 38.83, 38.83, 38.81, 38.81, 38.81, 38.8, 38.8, 38.82, 38.81, 38.84, 38.84, 38.81, 38.84, 38.85, 38.82, 38.86, 38.81, 38.83, 38.84, 38.84, 38.85, 38.84, 38.83, 38.82, 38.83, 38.85, 38.86, 38.85], "Apparent_Power_Reactive": [28.76, 28.89, 28.89, 28.77, 28.9, 28.83, 28.95, 28.92, 28.85, 28.86, 28.81, 28.86, 28.86, 28.82, 28.91, 28.89, 28.74, 28.87, 28.98, 28.87, 28.96, 28.78, 28.88, 28.87, 28.88, 28.9, 28.91, 28.8, 28.88, 28.96, 28.93, 28.97, 28.83, 28.92, 28.83, 28.79, 28.95, 28.93, 28.88, 28.97, 28.86, 28.84, 28.93, 28.89, 28.96], "Power_Factor": [0.671, 0.667, 0.667, 0.67, 0.667, 0.668, 0.665, 0.666, 0.668, 0.668, 0.669, 0.668, 0.669, 0.669, 0.667, 0.668, 0.672, 0.668, 0.665, 0.668, 0.665, 0.67, 0.667, 0.668, 0.667, 0.667, 0.667, 0.67, 0.667, 0.666, 0.667, 0.665, 0.67, 0.666, 0.669, 0.67, 0.666, 0.667, 0.668, 0.665, 0.668, 0.669, 0.667, 0.668, 0.666], "Energy": [0.01, 0.02, 0.04, 0.05, 0.07, 0.08, 0.1, 0.11, 0.13, 0.14, 0.16, 0.17, 0.18, 0.2, 0.21, 0.23, 0.24, 0.26, 0.27, 0.29, 0.3, 0.32, 0.33, 0.34, 0.36, 0.37, 0.39, 0.4, 0.42, 0.43, 0.45, 0.46, 0.48, 0.49, 0.51, 0.52, 0.53, 0.55, 0.56, 0.58, 0.59, 0.61, 0.62, 0.64, 0.65], "Frequency": [49.39, 49.39, 49.39, 49.4, 49.4, 49.4, 49.42, 49.42, 49.42, 49.4, 49.4, 49.4, 49.4, 49.4, 49.4, 49.4, 49.4, 49.4, 49.4, 49.4, 49.4, 49.4, 49.4, 49.4, 49.39, 49.39, 49.39, 49.39, 49.39, 49.39, 49.39, 49.39, 49.39, 49.39, 49.39, 49.39, 49.38, 49.38, 49.38, 49.37, 49.37, 49.37, 49.38, 49.38, 49.38], "Temp_env": []}