{"Start_Time": [1755203179.777482], "Time": [1755203181.779611, 1755203183.7818515, 1755203185.7843397, 1755203187.786686, 1755203189.7893958, 1755203191.7918103, 1755203193.7945201, 1755203195.796654, 1755203197.798837, 1755203199.8016665, 1755203201.803758, 1755203203.8064594, 1755203205.8087392, 1755203207.811761, 1755203209.8137863, 1755203211.815808, 1755203213.8179593, 1755203215.820615, 1755203217.822883, 1755203219.8249953, 1755203221.8270311, 1755203223.8296804, 1755203225.8321698, 1755203227.8346953, 1755203229.83701, 1755203231.8391306, 1755203233.842022, 1755203235.8447819, 1755203237.8471239, 1755203239.8497746, 1755203241.8523378, 1755203243.8547888, 1755203245.8572314, 1755203247.8597975, 1755203249.8622952, 1755203251.8649747, 1755203253.8673556, 1755203255.8700361, 1755203257.8724027, 1755203259.8750484, 1755203261.87745, 1755203263.88006, 1755203265.8825498, 1755203267.8850513, 1755203269.8874028], "Voltage": [228.04, 228.14, 228.09, 228.04, 227.98, 227.98, 228.04, 228.04, 227.98, 228.04, 227.98, 228.14, 228.14, 228.14, 228.14, 227.98, 228.04, 228.09, 228.14, 227.88, 227.98, 228.14, 228.04, 228.14, 227.88, 228.09, 228.04, 228.04, 228.04, 228.04, 227.88, 228.04, 227.93, 227.88, 227.93, 227.93, 227.98, 227.88, 227.93, 227.93, 227.77, 227.98, 227.98, 228.04, 227.77], "Current": [0.17, 0.17, 0.17, 0.17, 0.17, 0.17, 0.17, 0.17, 0.17, 0.17, 0.17, 0.17, 0.17, 0.17, 0.17, 0.17, 0.17, 0.17, 0.17, 0.17, 0.17, 0.17, 0.17, 0.17, 0.17, 0.17, 0.17, 0.17, 0.17, 0.17, 0.17, 0.17, 0.17, 0.17, 0.17, 0.17, 0.17, 0.17, 0.17, 0.17, 0.17, 0.17, 0.17, 0.17, 0.17], "Real_Power": [25.86, 25.91, 25.87, 25.81, 25.84, 25.78, 25.86, 25.92, 25.8, 25.89, 25.81, 25.88, 25.72, 25.86, 25.66, 25.81, 25.98, 25.77, 25.84, 25.9, 26.0, 25.82, 25.83, 25.97, 25.71, 25.7, 26.06, 25.9, 25.71, 25.86, 25.74, 25.78, 26.06, 25.76, 25.78, 25.9, 25.81, 25.78, 25.94, 25.88, 25.69, 25.9, 25.88, 25.77, 25.88], "Apparent_Power": [38.76, 38.78, 38.77, 38.76, 38.75, 38.75, 38.76, 38.76, 38.75, 38.76, 38.75, 38.78, 38.78, 38.78, 38.78, 38.75, 38.76, 38.77, 38.78, 38.73, 38.75, 38.78, 38.76, 38.78, 38.73, 38.77, 38.76, 38.76, 38.76, 38.76, 38.73, 38.76, 38.74, 38.73, 38.74, 38.74, 38.75, 38.73, 38.74, 38.74, 38.72, 38.75, 38.75, 38.76, 38.72], "Apparent_Power_Reactive": [28.87, 28.85, 28.87, 28.91, 28.87, 28.93, 28.87, 28.81, 28.91, 28.84, 28.9, 28.88, 29.02, 28.89, 29.07, 28.9, 28.76, 28.96, 28.91, 28.79, 28.73, 28.93, 28.89, 28.8, 28.96, 29.02, 28.69, 28.83, 29.0, 28.87, 28.93, 28.94, 28.66, 28.92, 28.91, 28.8, 28.9, 28.9, 28.77, 28.82, 28.97, 28.82, 28.84, 28.95, 28.8], "Power_Factor": [0.667, 0.668, 0.667, 0.665, 0.666, 0.665, 0.667, 0.668, 0.665, 0.667, 0.666, 0.667, 0.663, 0.666, 0.661, 0.666, 0.67, 0.664, 0.666, 0.668, 0.67, 0.665, 0.666, 0.669, 0.663, 0.662, 0.672, 0.668, 0.663, 0.667, 0.664, 0.665, 0.672, 0.665, 0.665, 0.668, 0.666, 0.665, 0.669, 0.668, 0.663, 0.668, 0.667, 0.664, 0.668], "Energy": [0.01, 0.02, 0.04, 0.05, 0.07, 0.08, 0.1, 0.11, 0.13, 0.14, 0.15, 0.17, 0.18, 0.2, 0.21, 0.23, 0.24, 0.26, 0.27, 0.29, 0.3, 0.32, 0.33, 0.34, 0.36, 0.37, 0.39, 0.4, 0.42, 0.43, 0.45, 0.46, 0.48, 0.49, 0.5, 0.52, 0.53, 0.55, 0.56, 0.58, 0.59, 0.61, 0.62, 0.64, 0.65], "Frequency": [49.43, 49.43, 49.43, 49.43, 49.43, 49.43, 49.42, 49.42, 49.42, 49.43, 49.43, 49.43, 49.43, 49.43, 49.43, 49.43, 49.43, 49.43, 49.44, 49.44, 49.44, 49.43, 49.43, 49.43, 49.42, 49.42, 49.42, 49.41, 49.41, 49.41, 49.41, 49.41, 49.41, 49.41, 49.41, 49.41, 49.42, 49.42, 49.42, 49.41, 49.41, 49.41, 49.41, 49.41, 49.41], "Temp_env": []}