{"Start_Time": [1755775132.8223908], "Time": [1755775134.8246808, 1755775136.8272896, 1755775138.8296235, 1755775140.8322864, 1755775142.8346312, 1755775144.8367445, 1755775146.839447, 1755775148.841762, 1755775150.8444312, 1755775152.8468444, 1755775154.8495317, 1755775156.851648, 1755775158.8537195, 1755775160.8566864, 1755775162.8587308, 1755775164.8614433, 1755775166.863789, 1755775168.8659055, 1755775170.8685982, 1755775172.870912, 1755775174.8735719, 1755775176.8759317, 1755775178.8786187, 1755775180.8809137, 1755775182.8836286, 1755775184.8860025, 1755775186.888688, 1755775188.8909812, 1755775190.8936923, 1755775192.9016933, 1755775194.9040008, 1755775196.906906, 1755775198.914691, 1755775200.9171999, 1755775202.9196963, 1755775204.9271839, 1755775206.9298675, 1755775208.9320016, 1755775210.9397652, 1755775212.9421458, 1755775214.9448197, 1755775216.9497626, 1755775218.952191, 1755775220.9542308, 1755775222.9619033], "Voltage": [229.76, 229.92, 229.76, 229.82, 229.87, 230.08, 230.03, 229.87, 229.66, 229.61, 229.61, 229.66, 229.45, 229.61, 229.45, 229.5, 229.55, 229.45, 229.55, 229.5, 229.55, 229.61, 229.66, 229.71, 229.66, 229.45, 229.55, 229.55, 229.76, 229.66, 229.55, 229.66, 229.55, 229.66, 229.55, 229.55, 229.55, 229.45, 229.61, 229.4, 229.61, 229.66, 229.55, 229.5, 229.45], "Current": [0.17, 0.17, 0.17, 0.17, 0.17, 0.17, 0.17, 0.17, 0.17, 0.17, 0.17, 0.17, 0.17, 0.17, 0.17, 0.17, 0.17, 0.17, 0.17, 0.17, 0.17, 0.17, 0.17, 0.17, 0.17, 0.17, 0.17, 0.17, 0.17, 0.17, 0.17, 0.17, 0.17, 0.17, 0.17, 0.17, 0.17, 0.17, 0.17, 0.17, 0.17, 0.17, 0.17, 0.17, 0.17], "Real_Power": [25.96, 25.86, 26.15, 25.95, 25.93, 26.02, 25.86, 26.13, 25.84, 25.88, 26.11, 26.0, 26.13, 26.07, 25.71, 26.11, 25.93, 26.14, 26.09, 25.92, 26.03, 26.12, 25.94, 26.14, 26.0, 25.96, 26.12, 25.93, 26.15, 26.18, 25.83, 26.18, 25.95, 25.87, 26.19, 25.9, 26.08, 26.2, 25.86, 26.11, 25.96, 25.94, 26.17, 25.95, 26.06], "Apparent_Power": [39.05, 39.08, 39.05, 39.06, 39.07, 39.11, 39.1, 39.07, 39.04, 39.03, 39.03, 39.04, 39.0, 39.03, 39.0, 39.01, 39.02, 39.0, 39.02, 39.01, 39.02, 39.03, 39.04, 39.05, 39.04, 39.0, 39.02, 39.02, 39.05, 39.04, 39.02, 39.04, 39.02, 39.04, 39.02, 39.02, 39.02, 39.0, 39.03, 38.99, 39.03, 39.04, 39.02, 39.01, 39.0], "Apparent_Power_Reactive": [29.17, 29.3, 29.0, 29.19, 29.22, 29.19, 29.32, 29.04, 29.26, 29.21, 29.01, 29.12, 28.95, 29.04, 29.32, 28.98, 29.15, 28.94, 29.01, 29.15, 29.06, 29.0, 29.17, 29.01, 29.12, 29.1, 28.98, 29.15, 29.0, 28.96, 29.24, 28.96, 29.14, 29.23, 28.92, 29.18, 29.02, 28.88, 29.23, 28.95, 29.14, 29.17, 28.94, 29.12, 29.01], "Power_Factor": [0.664, 0.661, 0.669, 0.664, 0.663, 0.665, 0.661, 0.668, 0.661, 0.663, 0.668, 0.665, 0.67, 0.667, 0.659, 0.669, 0.664, 0.67, 0.668, 0.664, 0.667, 0.669, 0.664, 0.669, 0.665, 0.665, 0.669, 0.664, 0.669, 0.67, 0.661, 0.67, 0.665, 0.662, 0.671, 0.663, 0.668, 0.671, 0.662, 0.669, 0.665, 0.664, 0.67, 0.665, 0.668], "Energy": [0.01, 0.02, 0.04, 0.05, 0.07, 0.08, 0.1, 0.11, 0.13, 0.14, 0.16, 0.17, 0.19, 0.2, 0.21, 0.23, 0.24, 0.26, 0.27, 0.29, 0.3, 0.32, 0.33, 0.35, 0.36, 0.38, 0.39, 0.4, 0.42, 0.43, 0.45, 0.46, 0.48, 0.49, 0.51, 0.52, 0.54, 0.55, 0.57, 0.58, 0.6, 0.61, 0.62, 0.64, 0.65], "Frequency": [49.41, 49.41, 49.41, 49.39, 49.39, 49.39, 49.39, 49.39, 49.39, 49.39, 49.39, 49.39, 49.39, 49.39, 49.39, 49.39, 49.39, 49.39, 49.39, 49.39, 49.39, 49.39, 49.39, 49.39, 49.4, 49.4, 49.4, 49.4, 49.4, 49.4, 49.41, 49.41, 49.41, 49.4, 49.4, 49.4, 49.39, 49.39, 49.39, 49.39, 49.39, 49.39, 49.4, 49.4, 49.4], "Temp_env": []}