{"Start_Time": [1755191594.923379], "Time": [1755191596.9260166, 1755191598.928886, 1755191600.931204, 1755191602.9388797, 1755191604.9412313, 1755191606.943254, 1755191608.9511049, 1755191610.9533763, 1755191612.9560428, 1755191614.9635475, 1755191616.9660199, 1755191618.9683874, 1755191620.9710462, 1755191622.9735317, 1755191624.9760804, 1755191626.9834824, 1755191628.985528, 1755191630.9882212, 1755191632.9962187, 1755191634.998409, 1755191637.0004551, 1755191639.0081987, 1755191641.010556, 1755191643.0134683, 1755191645.0161917, 1755191647.0186224, 1755191649.0213032, 1755191651.0287323, 1755191653.0314102, 1755191655.0339546, 1755191657.0414474, 1755191659.0439029, 1755191661.0464535, 1755191663.0488145, 1755191665.0515394, 1755191667.0539362, 1755191669.056434, 1755191671.058819, 1755191673.0614772, 1755191675.0689166, 1755191677.0716176, 1755191679.0740216, 1755191681.0817115, 1755191683.0840073, 1755191685.0867534], "Voltage": [228.3, 228.4, 228.35, 228.35, 228.4, 228.45, 228.35, 228.4, 228.35, 228.4, 228.56, 228.45, 228.35, 228.35, 228.4, 228.3, 228.4, 228.51, 228.35, 228.4, 228.35, 228.35, 228.35, 228.35, 228.35, 228.35, 228.35, 228.35, 228.4, 228.35, 228.35, 228.3, 228.45, 228.24, 228.45, 228.35, 228.24, 228.35, 228.24, 228.3, 228.35, 228.35, 228.24, 228.3, 228.24], "Current": [0.17, 0.17, 0.17, 0.17, 0.17, 0.17, 0.17, 0.17, 0.17, 0.17, 0.17, 0.17, 0.17, 0.17, 0.17, 0.17, 0.17, 0.17, 0.17, 0.17, 0.17, 0.17, 0.17, 0.17, 0.17, 0.17, 0.17, 0.17, 0.17, 0.17, 0.17, 0.17, 0.17, 0.17, 0.17, 0.17, 0.17, 0.17, 0.17, 0.17, 0.17, 0.17, 0.17, 0.17, 0.17], "Real_Power": [26.01, 26.01, 26.11, 25.95, 25.91, 26.19, 25.76, 26.02, 26.09, 25.9, 26.3, 25.95, 25.94, 26.05, 25.93, 26.08, 26.07, 25.9, 26.09, 26.0, 25.87, 26.16, 25.91, 26.0, 25.98, 25.85, 26.03, 25.9, 26.0, 26.21, 25.87, 26.01, 26.1, 25.7, 26.11, 26.11, 25.96, 26.24, 25.85, 26.03, 25.8, 26.13, 25.98, 25.94, 26.09], "Apparent_Power": [38.81, 38.82, 38.81, 38.81, 38.82, 38.83, 38.81, 38.82, 38.81, 38.82, 38.85, 38.83, 38.81, 38.81, 38.82, 38.81, 38.82, 38.84, 38.81, 38.82, 38.81, 38.81, 38.81, 38.81, 38.81, 38.81, 38.81, 38.81, 38.82, 38.81, 38.81, 38.81, 38.83, 38.8, 38.83, 38.81, 38.8, 38.81, 38.8, 38.81, 38.81, 38.81, 38.8, 38.81, 38.8], "Apparent_Power_Reactive": [28.8, 28.81, 28.71, 28.85, 28.9, 28.66, 29.02, 28.8, 28.73, 28.91, 28.59, 28.88, 28.86, 28.76, 28.88, 28.74, 28.76, 28.94, 28.73, 28.82, 28.93, 28.66, 28.89, 28.81, 28.83, 28.94, 28.78, 28.9, 28.82, 28.62, 28.93, 28.8, 28.74, 29.06, 28.74, 28.71, 28.83, 28.59, 28.93, 28.78, 28.99, 28.69, 28.81, 28.86, 28.71], "Power_Factor": [0.67, 0.67, 0.672, 0.668, 0.667, 0.674, 0.663, 0.67, 0.672, 0.667, 0.676, 0.668, 0.668, 0.671, 0.667, 0.671, 0.671, 0.666, 0.672, 0.669, 0.666, 0.674, 0.667, 0.669, 0.669, 0.666, 0.67, 0.667, 0.669, 0.675, 0.666, 0.67, 0.672, 0.662, 0.672, 0.672, 0.669, 0.676, 0.666, 0.67, 0.664, 0.673, 0.669, 0.668, 0.672], "Energy": [0.01, 0.02, 0.04, 0.05, 0.07, 0.08, 0.1, 0.11, 0.13, 0.14, 0.16, 0.17, 0.19, 0.2, 0.21, 0.23, 0.24, 0.26, 0.27, 0.29, 0.3, 0.32, 0.33, 0.35, 0.36, 0.38, 0.39, 0.4, 0.42, 0.43, 0.45, 0.46, 0.48, 0.49, 0.51, 0.52, 0.54, 0.55, 0.57, 0.58, 0.6, 0.61, 0.62, 0.64, 0.65], "Frequency": [49.41, 49.41, 49.41, 49.4, 49.4, 49.4, 49.39, 49.39, 49.39, 49.4, 49.4, 49.4, 49.39, 49.39, 49.39, 49.4, 49.4, 49.4, 49.41, 49.41, 49.41, 49.41, 49.41, 49.41, 49.42, 49.42, 49.42, 49.43, 49.43, 49.43, 49.44, 49.44, 49.44, 49.44, 49.44, 49.44, 49.44, 49.44, 49.44, 49.44, 49.44, 49.43, 49.43, 49.43, 49.43], "Temp_env": []}