{"Start_Time": [1755447635.6626658], "Time": [1755447637.66504, 1755447639.6672873, 1755447641.6694427, 1755447643.671393, 1755447645.6735265, 1755447647.6755385, 1755447649.6782858, 1755447651.6805449, 1755447653.682699, 1755447655.6846871, 1755447657.6866832, 1755447659.6886082, 1755447661.6907165, 1755447663.6944916, 1755447665.6966822, 1755447667.6987593, 1755447669.7007475, 1755447671.7031057, 1755447673.7056398, 1755447675.7077935, 1755447677.7098525, 1755447679.7120044, 1755447681.714695, 1755447683.7168818, 1755447685.7191432, 1755447687.7211297, 1755447689.723323, 1755447691.7259536, 1755447693.7281234, 1755447695.7303064, 1755447697.733145, 1755447699.7352605, 1755447701.7372394, 1755447703.7393067, 1755447705.742024, 1755447707.7443478, 1755447709.7465174, 1755447711.7492962, 1755447713.7514527, 1755447715.7537289, 1755447717.7562644, 1755447719.7585828, 1755447721.7605317, 1755447723.7626977, 1755447725.765382], "Voltage": [231.28, 231.23, 231.28, 231.18, 231.28, 231.23, 231.18, 231.13, 231.13, 231.13, 231.18, 231.28, 231.18, 231.13, 231.18, 231.13, 231.13, 231.23, 231.18, 231.13, 231.13, 231.13, 231.18, 231.13, 230.97, 231.13, 231.07, 231.13, 231.13, 231.13, 231.02, 231.02, 230.97, 230.97, 230.92, 231.02, 230.97, 230.86, 230.92, 230.92, 230.92, 230.92, 230.86, 230.92, 230.76], "Current": [0.17, 0.17, 0.17, 0.17, 0.17, 0.17, 0.17, 0.17, 0.17, 0.17, 0.17, 0.17, 0.17, 0.17, 0.17, 0.17, 0.17, 0.17, 0.17, 0.17, 0.17, 0.17, 0.17, 0.17, 0.17, 0.17, 0.17, 0.17, 0.17, 0.17, 0.17, 0.17, 0.17, 0.17, 0.17, 0.17, 0.17, 0.17, 0.17, 0.17, 0.17, 0.17, 0.17, 0.17, 0.17], "Real_Power": [26.14, 25.94, 26.22, 26.05, 26.06, 26.19, 26.0, 26.17, 26.21, 26.02, 26.22, 26.03, 25.92, 25.94, 26.02, 26.08, 25.87, 26.1, 25.99, 25.99, 26.3, 25.96, 26.14, 26.16, 25.95, 26.24, 26.11, 26.04, 26.18, 25.96, 26.07, 26.22, 25.96, 26.13, 26.06, 25.94, 26.18, 26.16, 26.0, 26.08, 25.96, 26.15, 26.2, 25.95, 26.18], "Apparent_Power": [39.31, 39.3, 39.31, 39.3, 39.31, 39.3, 39.3, 39.29, 39.29, 39.29, 39.3, 39.31, 39.3, 39.29, 39.3, 39.29, 39.29, 39.3, 39.3, 39.29, 39.29, 39.29, 39.3, 39.29, 39.26, 39.29, 39.28, 39.29, 39.29, 39.29, 39.27, 39.27, 39.26, 39.26, 39.25, 39.27, 39.26, 39.24, 39.25, 39.25, 39.25, 39.25, 39.24, 39.25, 39.22], "Apparent_Power_Reactive": [29.35, 29.52, 29.28, 29.42, 29.43, 29.3, 29.47, 29.3, 29.27, 29.43, 29.27, 29.45, 29.54, 29.5, 29.45, 29.38, 29.57, 29.38, 29.47, 29.46, 29.18, 29.49, 29.34, 29.31, 29.46, 29.24, 29.34, 29.42, 29.29, 29.49, 29.36, 29.23, 29.45, 29.3, 29.35, 29.48, 29.25, 29.24, 29.4, 29.33, 29.43, 29.27, 29.21, 29.44, 29.2], "Power_Factor": [0.664, 0.66, 0.667, 0.662, 0.662, 0.666, 0.661, 0.666, 0.667, 0.662, 0.667, 0.662, 0.659, 0.66, 0.662, 0.663, 0.658, 0.664, 0.661, 0.661, 0.669, 0.66, 0.665, 0.665, 0.66, 0.667, 0.664, 0.662, 0.666, 0.66, 0.663, 0.667, 0.661, 0.665, 0.663, 0.66, 0.666, 0.666, 0.662, 0.664, 0.661, 0.666, 0.667, 0.661, 0.667], "Energy": [0.01, 0.02, 0.04, 0.05, 0.07, 0.08, 0.1, 0.11, 0.13, 0.14, 0.16, 0.17, 0.19, 0.2, 0.22, 0.23, 0.25, 0.26, 0.28, 0.29, 0.3, 0.32, 0.33, 0.35, 0.36, 0.38, 0.39, 0.41, 0.42, 0.44, 0.45, 0.47, 0.48, 0.5, 0.51, 0.52, 0.54, 0.55, 0.57, 0.58, 0.6, 0.61, 0.63, 0.64, 0.66], "Frequency": [49.39, 49.39, 49.39, 49.38, 49.38, 49.38, 49.36, 49.36, 49.36, 49.38, 49.38, 49.38, 49.39, 49.39, 49.39, 49.39, 49.39, 49.39, 49.38, 49.38, 49.38, 49.38, 49.38, 49.38, 49.36, 49.36, 49.36, 49.37, 49.37, 49.37, 49.36, 49.36, 49.36, 49.37, 49.37, 49.37, 49.38, 49.38, 49.38, 49.38, 49.38, 49.38, 49.38, 49.38, 49.38], "Temp_env": []}