{"Start_Time": [1755715860.999832], "Time": [1755715863.002237, 1755715865.0049393, 1755715867.0074332, 1755715869.0099542, 1755715871.0123544, 1755715873.0149822, 1755715875.0223944, 1755715877.0250626, 1755715879.0275116, 1755715881.0351744, 1755715883.037514, 1755715885.0402217, 1755715887.042563, 1755715889.045263, 1755715891.0477514, 1755715893.050275, 1755715895.0526175, 1755715897.0553532, 1755715899.063355, 1755715901.0655189, 1755715903.067824, 1755715905.0753005, 1755715907.0777073, 1755715909.0804212, 1755715911.0826194, 1755715913.0853484, 1755715915.087938, 1755715917.0953898, 1755715919.0978441, 1755715921.1003842, 1755715923.1078858, 1755715925.110608, 1755715927.1127691, 1755715929.1204734, 1755715931.1228583, 1755715933.1255822, 1755715935.12801, 1755715937.1305456, 1755715939.1328883, 1755715941.1407168, 1755715943.1429832, 1755715945.1456735, 1755715947.1529944, 1755715949.1557407, 1755715951.1582701], "Voltage": [230.18, 230.29, 230.29, 230.39, 230.24, 230.34, 230.45, 230.55, 230.29, 230.39, 230.39, 230.5, 230.45, 230.39, 230.45, 230.34, 230.39, 230.5, 230.5, 230.29, 230.45, 230.45, 230.34, 230.45, 230.39, 230.45, 230.34, 230.5, 230.5, 230.5, 230.45, 230.45, 230.45, 230.5, 230.45, 230.45, 230.45, 230.55, 230.5, 230.39, 230.45, 230.5, 230.6, 230.5, 230.55], "Current": [0.17, 0.17, 0.17, 0.17, 0.17, 0.17, 0.17, 0.17, 0.17, 0.17, 0.17, 0.17, 0.17, 0.17, 0.17, 0.17, 0.17, 0.17, 0.17, 0.17, 0.17, 0.17, 0.17, 0.17, 0.17, 0.17, 0.17, 0.17, 0.17, 0.17, 0.17, 0.17, 0.17, 0.17, 0.17, 0.17, 0.17, 0.17, 0.17, 0.17, 0.17, 0.17, 0.17, 0.17, 0.17], "Real_Power": [25.99, 26.25, 26.06, 25.93, 26.25, 26.06, 26.15, 26.27, 26.01, 26.04, 26.15, 26.2, 26.03, 26.2, 26.3, 26.17, 26.34, 26.04, 26.13, 26.26, 25.98, 26.09, 26.18, 26.01, 26.31, 26.1, 26.01, 26.29, 26.1, 26.26, 26.23, 26.0, 26.27, 26.08, 26.19, 26.29, 25.95, 26.2, 26.15, 25.99, 26.38, 25.98, 26.18, 26.19, 25.93], "Apparent_Power": [39.13, 39.14, 39.14, 39.16, 39.14, 39.15, 39.17, 39.19, 39.14, 39.16, 39.16, 39.18, 39.17, 39.16, 39.17, 39.15, 39.16, 39.18, 39.18, 39.14, 39.17, 39.17, 39.15, 39.17, 39.16, 39.17, 39.15, 39.18, 39.18, 39.18, 39.17, 39.17, 39.17, 39.18, 39.17, 39.17, 39.17, 39.19, 39.18, 39.16, 39.17, 39.18, 39.2, 39.18, 39.19], "Apparent_Power_Reactive": [29.25, 29.03, 29.2, 29.34, 29.03, 29.21, 29.16, 29.08, 29.24, 29.24, 29.14, 29.13, 29.26, 29.1, 29.02, 29.11, 28.97, 29.27, 29.19, 29.02, 29.31, 29.21, 29.1, 29.28, 29.0, 29.2, 29.26, 29.05, 29.22, 29.07, 29.09, 29.29, 29.05, 29.23, 29.12, 29.03, 29.34, 29.14, 29.17, 29.29, 28.95, 29.32, 29.17, 29.14, 29.38], "Power_Factor": [0.664, 0.67, 0.665, 0.662, 0.67, 0.665, 0.667, 0.67, 0.664, 0.664, 0.667, 0.668, 0.664, 0.669, 0.671, 0.668, 0.672, 0.664, 0.666, 0.67, 0.663, 0.666, 0.668, 0.664, 0.671, 0.666, 0.664, 0.671, 0.666, 0.67, 0.669, 0.663, 0.67, 0.665, 0.668, 0.671, 0.662, 0.668, 0.667, 0.663, 0.673, 0.663, 0.667, 0.668, 0.661], "Energy": [0.01, 0.02, 0.04, 0.05, 0.07, 0.08, 0.1, 0.11, 0.13, 0.14, 0.16, 0.17, 0.19, 0.2, 0.22, 0.23, 0.25, 0.26, 0.28, 0.29, 0.31, 0.32, 0.33, 0.35, 0.36, 0.38, 0.39, 0.41, 0.42, 0.44, 0.45, 0.47, 0.48, 0.5, 0.51, 0.53, 0.54, 0.56, 0.57, 0.58, 0.6, 0.61, 0.63, 0.64, 0.66], "Frequency": [49.41, 49.41, 49.41, 49.39, 49.39, 49.39, 49.4, 49.4, 49.4, 49.39, 49.39, 49.4, 49.4, 49.4, 49.39, 49.39, 49.39, 49.39, 49.39, 49.39, 49.39, 49.39, 49.39, 49.39, 49.39, 49.39, 49.41, 49.41, 49.41, 49.4, 49.4, 49.4, 49.41, 49.41, 49.41, 49.4, 49.4, 49.4, 49.39, 49.39, 49.39, 49.41, 49.41, 49.41, 49.4], "Temp_env": []}