{"Start_Time": [1755415487.856736], "Time": [1755415489.8590252, 1755415491.862076, 1755415493.8641894, 1755415495.8663032, 1755415497.8689923, 1755415499.871343, 1755415501.8740377, 1755415503.8763523, 1755415505.8790543, 1755415507.8863397, 1755415509.8891013, 1755415511.8914142, 1755415513.899258, 1755415515.90138, 1755415517.9034755, 1755415519.9111276, 1755415521.913413, 1755415523.9162152, 1755415525.9242604, 1755415527.9265947, 1755415529.9293234, 1755415531.936596, 1755415533.9393628, 1755415535.9416988, 1755415537.9493878, 1755415539.9516852, 1755415541.9543803, 1755415543.96263, 1755415545.9654744, 1755415547.9676416, 1755415549.9754374, 1755415551.9778042, 1755415553.9805052, 1755415555.9829602, 1755415557.9856648, 1755415559.9877195, 1755415561.9955497, 1755415563.9979231, 1755415566.0006118, 1755415568.0085597, 1755415570.0108964, 1755415572.013189, 1755415574.020827, 1755415576.0231638, 1755415578.0256672], "Voltage": [229.24, 229.08, 229.08, 229.35, 229.24, 229.29, 229.35, 229.4, 229.4, 229.35, 229.4, 229.29, 229.24, 229.5, 229.35, 229.4, 229.5, 229.14, 229.19, 229.24, 229.19, 229.4, 229.45, 229.19, 229.24, 229.35, 229.24, 229.08, 229.19, 229.4, 229.4, 229.29, 229.35, 229.35, 229.35, 229.35, 229.4, 229.92, 229.87, 229.71, 229.71, 229.66, 229.76, 229.71, 229.61], "Current": [0.17, 0.17, 0.17, 0.17, 0.17, 0.17, 0.17, 0.17, 0.17, 0.17, 0.17, 0.17, 0.17, 0.17, 0.17, 0.17, 0.17, 0.17, 0.17, 0.17, 0.17, 0.17, 0.17, 0.17, 0.17, 0.17, 0.17, 0.17, 0.17, 0.17, 0.17, 0.17, 0.17, 0.17, 0.17, 0.17, 0.17, 0.17, 0.17, 0.17, 0.17, 0.17, 0.17, 0.17, 0.17], "Real_Power": [25.94, 26.22, 26.27, 26.02, 26.14, 26.13, 26.04, 26.14, 26.1, 26.47, 26.14, 26.02, 26.18, 25.92, 26.13, 26.18, 26.05, 26.24, 26.12, 26.07, 26.12, 25.96, 26.14, 26.05, 26.01, 26.26, 25.91, 26.11, 26.01, 26.26, 25.88, 26.09, 26.13, 25.93, 26.16, 25.98, 26.03, 26.24, 26.11, 26.2, 26.1, 26.13, 26.14, 26.18, 26.14], "Apparent_Power": [38.97, 38.94, 38.94, 38.98, 38.97, 38.97, 38.98, 38.99, 38.99, 38.98, 38.99, 38.97, 38.97, 39.01, 38.98, 38.99, 39.01, 38.95, 38.96, 38.97, 38.96, 38.99, 39.0, 38.96, 38.97, 38.98, 38.97, 38.94, 38.96, 38.99, 38.99, 38.97, 38.98, 38.98, 38.98, 38.98, 38.99, 39.08, 39.07, 39.05, 39.05, 39.04, 39.05, 39.05, 39.03], "Apparent_Power_Reactive": [29.08, 28.78, 28.74, 29.02, 28.9, 28.91, 29.0, 28.92, 28.96, 28.61, 28.92, 29.01, 28.86, 29.15, 28.92, 28.89, 29.03, 28.78, 28.9, 28.96, 28.9, 29.09, 28.94, 28.97, 29.01, 28.8, 29.1, 28.88, 29.0, 28.82, 29.16, 28.94, 28.92, 29.1, 28.89, 29.05, 29.02, 28.96, 29.06, 28.95, 29.04, 29.0, 29.01, 28.97, 28.98], "Power_Factor": [0.665, 0.673, 0.674, 0.667, 0.67, 0.67, 0.668, 0.67, 0.669, 0.679, 0.67, 0.667, 0.671, 0.664, 0.67, 0.671, 0.667, 0.673, 0.67, 0.668, 0.67, 0.665, 0.67, 0.668, 0.667, 0.673, 0.664, 0.67, 0.667, 0.673, 0.663, 0.669, 0.67, 0.665, 0.671, 0.666, 0.667, 0.671, 0.668, 0.67, 0.668, 0.669, 0.669, 0.67, 0.669], "Energy": [0.01, 0.02, 0.04, 0.05, 0.07, 0.08, 0.1, 0.11, 0.13, 0.14, 0.16, 0.17, 0.19, 0.2, 0.22, 0.23, 0.24, 0.26, 0.27, 0.29, 0.3, 0.32, 0.33, 0.35, 0.36, 0.38, 0.39, 0.41, 0.42, 0.44, 0.45, 0.47, 0.48, 0.5, 0.51, 0.52, 0.54, 0.55, 0.57, 0.58, 0.6, 0.61, 0.63, 0.64, 0.66], "Frequency": [49.39, 49.4, 49.4, 49.4, 49.39, 49.39, 49.39, 49.39, 49.39, 49.39, 49.39, 49.39, 49.39, 49.39, 49.39, 49.39, 49.38, 49.38, 49.38, 49.39, 49.39, 49.39, 49.39, 49.39, 49.39, 49.4, 49.4, 49.4, 49.41, 49.41, 49.41, 49.39, 49.39, 49.39, 49.41, 49.41, 49.41, 49.41, 49.41, 49.41, 49.41, 49.41, 49.41, 49.41, 49.41], "Temp_env": []}