{"Start_Time": [1755751738.9700682], "Time": [1755751740.97235, 1755751742.9746797, 1755751744.9767542, 1755751746.984324, 1755751748.9867382, 1755751750.9896135, 1755751752.9974046, 1755751754.999869, 1755751757.0026011, 1755751759.0100088, 1755751761.012515, 1755751763.014879, 1755751765.0226817, 1755751767.0249243, 1755751769.0276647, 1755751771.0299842, 1755751773.032685, 1755751775.035003, 1755751777.0426505, 1755751779.0450406, 1755751781.0477178, 1755751783.0556786, 1755751785.0581036, 1755751787.0601592, 1755751789.0678596, 1755751791.0702407, 1755751793.0729065, 1755751795.0750494, 1755751797.0772412, 1755751799.080062, 1755751801.0879743, 1755751803.09031, 1755751805.0928264, 1755751807.095189, 1755751809.0979185, 1755751811.1051807, 1755751813.1072865, 1755751815.1101532, 1755751817.1121826, 1755751819.1142645, 1755751821.116441, 1755751823.1240878, 1755751825.1265066, 1755751827.1290987, 1755751829.1370618], "Voltage": [229.76, 229.92, 229.76, 229.87, 230.03, 229.92, 229.92, 230.08, 230.13, 230.08, 230.03, 229.97, 230.03, 230.03, 229.97, 229.92, 230.03, 230.03, 229.82, 229.97, 229.92, 229.82, 230.03, 229.92, 229.76, 229.87, 229.76, 229.71, 229.82, 229.97, 230.08, 230.18, 230.24, 230.24, 230.24, 230.13, 230.18, 230.03, 230.03, 229.97, 229.82, 229.76, 229.66, 229.66, 229.66], "Current": [0.17, 0.17, 0.17, 0.17, 0.17, 0.17, 0.17, 0.17, 0.17, 0.17, 0.17, 0.17, 0.17, 0.17, 0.17, 0.17, 0.17, 0.17, 0.17, 0.17, 0.17, 0.17, 0.17, 0.17, 0.17, 0.17, 0.17, 0.17, 0.17, 0.17, 0.17, 0.17, 0.17, 0.17, 0.17, 0.17, 0.17, 0.17, 0.17, 0.17, 0.17, 0.17, 0.17, 0.17, 0.17], "Real_Power": [26.2, 26.04, 26.2, 26.18, 26.19, 26.15, 26.21, 26.23, 26.33, 25.95, 26.13, 26.18, 25.99, 26.23, 26.1, 26.16, 26.28, 26.21, 26.17, 26.17, 26.03, 26.19, 26.04, 26.08, 26.28, 26.05, 26.16, 26.17, 26.09, 26.26, 26.21, 26.04, 26.29, 26.06, 26.09, 26.21, 26.2, 26.07, 26.08, 26.24, 25.99, 26.16, 26.08, 26.13, 26.29], "Apparent_Power": [39.05, 39.08, 39.05, 39.07, 39.1, 39.08, 39.08, 39.11, 39.12, 39.11, 39.1, 39.09, 39.1, 39.1, 39.09, 39.08, 39.1, 39.1, 39.06, 39.09, 39.08, 39.06, 39.1, 39.08, 39.05, 39.07, 39.05, 39.05, 39.06, 39.09, 39.11, 39.13, 39.14, 39.14, 39.14, 39.12, 39.13, 39.1, 39.1, 39.09, 39.06, 39.05, 39.04, 39.04, 39.04], "Apparent_Power_Reactive": [28.95, 29.14, 28.95, 29.0, 29.03, 29.04, 28.98, 29.0, 28.93, 29.26, 29.08, 29.02, 29.21, 28.99, 29.1, 29.03, 28.95, 29.01, 28.99, 29.03, 29.14, 28.97, 29.16, 29.1, 28.88, 29.11, 28.99, 28.98, 29.06, 28.95, 29.02, 29.2, 28.99, 29.2, 29.17, 29.04, 29.06, 29.14, 29.13, 28.97, 29.15, 28.99, 29.05, 29.0, 28.86], "Power_Factor": [0.67, 0.666, 0.67, 0.67, 0.669, 0.669, 0.67, 0.67, 0.673, 0.663, 0.668, 0.669, 0.664, 0.67, 0.667, 0.669, 0.672, 0.67, 0.669, 0.669, 0.666, 0.67, 0.665, 0.667, 0.672, 0.666, 0.669, 0.67, 0.667, 0.671, 0.67, 0.665, 0.671, 0.665, 0.666, 0.669, 0.669, 0.666, 0.667, 0.671, 0.665, 0.669, 0.668, 0.669, 0.673], "Energy": [0.01, 0.02, 0.04, 0.05, 0.07, 0.08, 0.1, 0.11, 0.13, 0.14, 0.16, 0.17, 0.19, 0.2, 0.22, 0.23, 0.24, 0.26, 0.27, 0.29, 0.3, 0.32, 0.33, 0.35, 0.36, 0.38, 0.39, 0.41, 0.42, 0.44, 0.45, 0.47, 0.48, 0.49, 0.51, 0.53, 0.54, 0.56, 0.57, 0.58, 0.6, 0.61, 0.63, 0.64, 0.66], "Frequency": [49.4, 49.41, 49.41, 49.41, 49.4, 49.4, 49.4, 49.41, 49.41, 49.41, 49.43, 49.43, 49.43, 49.43, 49.43, 49.43, 49.44, 49.44, 49.44, 49.43, 49.43, 49.43, 49.43, 49.43, 49.43, 49.43, 49.43, 49.43, 49.42, 49.42, 49.42, 49.43, 49.43, 49.43, 49.43, 49.43, 49.43, 49.43, 49.43, 49.43, 49.43, 49.43, 49.43, 49.43, 49.43], "Temp_env": []}