{"Start_Time": [1755324793.918369], "Time": [1755324795.9206889, 1755324797.9228058, 1755324799.924867, 1755324801.9326947, 1755324803.9350405, 1755324805.9371076, 1755324807.9447465, 1755324809.9472435, 1755324811.9497757, 1755324813.9573069, 1755324815.9597607, 1755324817.9619532, 1755324819.969696, 1755324821.971891, 1755324823.9740624, 1755324825.9762564, 1755324827.9788475, 1755324829.981301, 1755324831.9889688, 1755324833.9913168, 1755324835.9939816, 1755324838.001251, 1755324840.0039203, 1755324842.0062656, 1755324844.0140493, 1755324846.0162203, 1755324848.0182958, 1755324850.020466, 1755324852.023131, 1755324854.0254984, 1755324856.0330694, 1755324858.035388, 1755324860.0376627, 1755324862.0451326, 1755324864.0475988, 1755324866.050285, 1755324868.05769, 1755324870.0602088, 1755324872.0625315, 1755324874.0652835, 1755324876.0677302, 1755324878.0702384, 1755324880.0777588, 1755324882.0804105, 1755324884.082552], "Voltage": [230.13, 230.18, 230.13, 229.97, 230.13, 230.08, 230.13, 230.08, 230.13, 230.13, 230.08, 230.13, 230.08, 229.92, 230.03, 230.13, 230.08, 230.13, 230.08, 229.97, 230.08, 230.08, 230.03, 230.03, 229.97, 229.92, 229.97, 229.82, 229.87, 230.03, 230.03, 229.92, 229.82, 230.03, 230.03, 229.97, 229.92, 229.76, 229.82, 229.92, 229.92, 229.97, 229.92, 229.92, 229.97], "Current": [0.17, 0.17, 0.17, 0.17, 0.17, 0.17, 0.17, 0.17, 0.17, 0.17, 0.17, 0.17, 0.17, 0.17, 0.17, 0.17, 0.17, 0.17, 0.17, 0.17, 0.17, 0.17, 0.17, 0.17, 0.17, 0.17, 0.17, 0.17, 0.17, 0.17, 0.17, 0.17, 0.17, 0.17, 0.17, 0.17, 0.17, 0.17, 0.17, 0.17, 0.17, 0.17, 0.17, 0.17, 0.17], "Real_Power": [25.98, 26.07, 25.81, 26.0, 25.91, 25.95, 25.99, 25.88, 26.01, 25.89, 25.88, 26.1, 26.01, 25.95, 25.98, 25.94, 26.04, 26.01, 25.85, 26.11, 25.86, 26.09, 25.92, 25.88, 26.05, 25.89, 25.93, 26.09, 25.81, 25.94, 25.99, 25.83, 26.04, 25.9, 26.0, 25.95, 25.95, 26.0, 26.05, 25.89, 26.04, 26.0, 25.9, 25.93, 25.93], "Apparent_Power": [39.12, 39.13, 39.12, 39.09, 39.12, 39.11, 39.12, 39.11, 39.12, 39.12, 39.11, 39.12, 39.11, 39.08, 39.1, 39.12, 39.11, 39.12, 39.11, 39.09, 39.11, 39.11, 39.1, 39.1, 39.09, 39.08, 39.09, 39.06, 39.07, 39.1, 39.1, 39.08, 39.06, 39.1, 39.1, 39.09, 39.08, 39.05, 39.06, 39.08, 39.08, 39.09, 39.08, 39.08, 39.09], "Apparent_Power_Reactive": [29.24, 29.18, 29.39, 29.18, 29.3, 29.26, 29.23, 29.32, 29.22, 29.32, 29.32, 29.14, 29.2, 29.22, 29.22, 29.28, 29.18, 29.22, 29.34, 29.09, 29.34, 29.13, 29.27, 29.3, 29.14, 29.27, 29.25, 29.06, 29.33, 29.25, 29.21, 29.32, 29.11, 29.29, 29.2, 29.23, 29.22, 29.13, 29.1, 29.27, 29.14, 29.18, 29.26, 29.23, 29.25], "Power_Factor": [0.664, 0.666, 0.659, 0.665, 0.662, 0.663, 0.664, 0.661, 0.664, 0.661, 0.661, 0.667, 0.665, 0.664, 0.664, 0.663, 0.665, 0.664, 0.66, 0.667, 0.661, 0.667, 0.662, 0.661, 0.666, 0.662, 0.663, 0.667, 0.66, 0.663, 0.664, 0.66, 0.666, 0.662, 0.664, 0.663, 0.664, 0.665, 0.666, 0.662, 0.666, 0.665, 0.662, 0.663, 0.663], "Energy": [0.01, 0.02, 0.04, 0.05, 0.07, 0.08, 0.1, 0.11, 0.13, 0.14, 0.16, 0.17, 0.18, 0.2, 0.21, 0.23, 0.24, 0.26, 0.27, 0.29, 0.3, 0.32, 0.33, 0.35, 0.36, 0.37, 0.39, 0.4, 0.42, 0.43, 0.45, 0.46, 0.48, 0.49, 0.51, 0.52, 0.53, 0.55, 0.56, 0.58, 0.59, 0.61, 0.62, 0.64, 0.65], "Frequency": [49.4, 49.4, 49.4, 49.4, 49.4, 49.4, 49.42, 49.42, 49.42, 49.43, 49.43, 49.43, 49.42, 49.42, 49.42, 49.42, 49.42, 49.42, 49.43, 49.43, 49.43, 49.44, 49.44, 49.44, 49.43, 49.43, 49.43, 49.43, 49.43, 49.43, 49.43, 49.43, 49.43, 49.43, 49.43, 49.43, 49.42, 49.42, 49.42, 49.4, 49.4, 49.4, 49.42, 49.42, 49.42], "Temp_env": []}