{"Start_Time": [1755499209.3722208], "Time": [1755499211.37462, 1755499213.3769433, 1755499215.3797452, 1755499217.3818321, 1755499219.3840082, 1755499221.3866627, 1755499223.3890796, 1755499225.3916903, 1755499227.3941207, 1755499229.3967533, 1755499231.399144, 1755499233.4017835, 1755499235.4041808, 1755499237.4068503, 1755499239.4092233, 1755499241.4112723, 1755499243.413992, 1755499245.4161167, 1755499247.4182315, 1755499249.4203362, 1755499251.4230564, 1755499253.4251788, 1755499255.427271, 1755499257.429412, 1755499259.432088, 1755499261.4344535, 1755499263.4370708, 1755499265.4394875, 1755499267.4421184, 1755499269.4444385, 1755499271.4471843, 1755499273.4496138, 1755499275.4522038, 1755499277.4545054, 1755499279.457235, 1755499281.4595678, 1755499283.461689, 1755499285.464326, 1755499287.4667587, 1755499289.469405, 1755499291.471788, 1755499293.4744077, 1755499295.4768195, 1755499297.4794228, 1755499299.481681], "Voltage": [230.24, 230.29, 230.24, 230.29, 230.24, 230.08, 230.29, 230.18, 230.08, 230.24, 230.13, 230.24, 230.29, 230.24, 230.24, 230.34, 230.24, 230.24, 230.34, 230.34, 230.24, 230.24, 230.55, 230.24, 230.39, 230.39, 230.45, 230.39, 230.29, 230.29, 230.18, 230.18, 230.13, 230.13, 230.13, 230.03, 230.13, 230.13, 230.13, 230.18, 230.24, 230.08, 230.18, 230.24, 230.08], "Current": [0.17, 0.17, 0.17, 0.17, 0.17, 0.17, 0.17, 0.17, 0.17, 0.17, 0.17, 0.17, 0.17, 0.17, 0.17, 0.17, 0.17, 0.17, 0.17, 0.17, 0.17, 0.17, 0.17, 0.17, 0.17, 0.17, 0.17, 0.17, 0.17, 0.17, 0.17, 0.17, 0.17, 0.17, 0.17, 0.17, 0.17, 0.17, 0.17, 0.17, 0.17, 0.17, 0.17, 0.17, 0.17], "Real_Power": [26.27, 26.19, 26.26, 26.25, 26.18, 26.21, 26.13, 26.34, 26.28, 26.31, 26.26, 26.13, 26.31, 26.23, 26.19, 26.43, 26.16, 26.27, 26.55, 26.17, 26.29, 26.19, 26.29, 26.28, 26.18, 26.26, 26.26, 26.29, 26.32, 26.17, 26.25, 26.36, 26.24, 26.34, 26.19, 26.29, 26.36, 26.23, 26.33, 26.16, 26.31, 26.28, 26.26, 26.35, 26.36], "Apparent_Power": [39.14, 39.14, 39.14, 39.14, 39.14, 39.11, 39.14, 39.13, 39.11, 39.14, 39.12, 39.14, 39.14, 39.14, 39.14, 39.15, 39.14, 39.14, 39.15, 39.15, 39.14, 39.14, 39.19, 39.14, 39.16, 39.16, 39.17, 39.16, 39.14, 39.14, 39.13, 39.13, 39.12, 39.12, 39.12, 39.1, 39.12, 39.12, 39.12, 39.13, 39.14, 39.11, 39.13, 39.14, 39.11], "Apparent_Power_Reactive": [29.01, 29.08, 29.02, 29.03, 29.09, 29.02, 29.14, 28.93, 28.96, 28.97, 28.99, 29.14, 28.97, 29.05, 29.08, 28.88, 29.11, 29.01, 28.77, 29.11, 28.99, 29.08, 29.06, 29.0, 29.12, 29.05, 29.06, 29.02, 28.96, 29.1, 29.01, 28.91, 29.01, 28.92, 29.05, 28.94, 28.9, 29.02, 28.93, 29.1, 28.97, 28.96, 29.0, 28.94, 28.89], "Power_Factor": [0.671, 0.669, 0.67, 0.67, 0.668, 0.67, 0.667, 0.673, 0.671, 0.672, 0.671, 0.667, 0.672, 0.67, 0.669, 0.675, 0.668, 0.671, 0.678, 0.668, 0.671, 0.669, 0.67, 0.671, 0.668, 0.67, 0.67, 0.671, 0.672, 0.668, 0.67, 0.673, 0.67, 0.673, 0.669, 0.672, 0.673, 0.67, 0.673, 0.668, 0.672, 0.671, 0.671, 0.673, 0.673], "Energy": [0.01, 0.02, 0.04, 0.05, 0.07, 0.08, 0.1, 0.11, 0.13, 0.14, 0.16, 0.17, 0.19, 0.2, 0.22, 0.23, 0.25, 0.26, 0.28, 0.29, 0.3, 0.32, 0.33, 0.35, 0.36, 0.38, 0.39, 0.41, 0.42, 0.44, 0.45, 0.47, 0.48, 0.5, 0.51, 0.53, 0.54, 0.56, 0.57, 0.59, 0.6, 0.61, 0.63, 0.64, 0.66], "Frequency": [49.44, 49.44, 49.44, 49.45, 49.45, 49.45, 49.44, 49.44, 49.44, 49.43, 49.43, 49.43, 49.43, 49.43, 49.43, 49.42, 49.42, 49.42, 49.42, 49.42, 49.42, 49.43, 49.43, 49.43, 49.45, 49.45, 49.45, 49.44, 49.44, 49.44, 49.44, 49.44, 49.44, 49.43, 49.43, 49.43, 49.44, 49.44, 49.44, 49.45, 49.45, 49.45, 49.44, 49.44, 49.44], "Temp_env": []}