{"Start_Time": [1755702932.0307605], "Time": [1755702934.0330603, 1755702936.0355093, 1755702938.0378256, 1755702940.0405512, 1755702942.0430038, 1755702944.045518, 1755702946.0530064, 1755702948.0555372, 1755702950.0579078, 1755702952.065592, 1755702954.0678968, 1755702956.0706408, 1755702958.0785856, 1755702960.0809324, 1755702962.0830183, 1755702964.085704, 1755702966.0878575, 1755702968.0899427, 1755702970.097627, 1755702972.0998867, 1755702974.1027906, 1755702976.1105802, 1755702978.1129832, 1755702980.1157494, 1755702982.117847, 1755702984.1199815, 1755702986.1228654, 1755702988.1249857, 1755702990.1277418, 1755702992.1300278, 1755702994.137736, 1755702996.1400297, 1755702998.1429353, 1755703000.1507947, 1755703002.15321, 1755703004.1557124, 1755703006.158069, 1755703008.1608393, 1755703010.1632152, 1755703012.165742, 1755703014.1680963, 1755703016.1708882, 1755703018.1787775, 1755703020.1811292, 1755703022.1832528], "Voltage": [229.66, 229.76, 229.82, 229.71, 229.71, 229.82, 229.82, 229.82, 229.92, 229.97, 229.66, 229.82, 229.71, 229.76, 229.92, 229.82, 229.97, 229.76, 229.76, 229.76, 229.71, 229.71, 229.61, 229.71, 229.66, 229.71, 229.66, 229.66, 229.55, 229.82, 229.5, 229.82, 229.66, 229.61, 229.71, 229.76, 229.82, 229.82, 229.87, 229.87, 229.92, 229.82, 229.87, 230.03, 229.87], "Current": [0.17, 0.17, 0.17, 0.17, 0.17, 0.17, 0.17, 0.17, 0.17, 0.17, 0.17, 0.17, 0.17, 0.17, 0.17, 0.17, 0.17, 0.17, 0.17, 0.17, 0.17, 0.17, 0.17, 0.17, 0.17, 0.17, 0.17, 0.17, 0.17, 0.17, 0.17, 0.17, 0.17, 0.17, 0.17, 0.17, 0.17, 0.17, 0.17, 0.17, 0.17, 0.17, 0.17, 0.17, 0.17], "Real_Power": [26.12, 26.02, 26.0, 26.09, 25.98, 26.12, 26.1, 25.9, 26.08, 26.18, 26.03, 26.05, 25.99, 26.12, 26.12, 26.02, 26.14, 26.13, 26.12, 26.07, 26.01, 25.97, 26.09, 25.96, 26.05, 26.14, 26.02, 26.06, 26.09, 26.08, 26.15, 26.11, 26.02, 25.88, 26.15, 26.11, 26.04, 26.13, 26.09, 26.09, 26.11, 26.05, 26.15, 26.19, 26.09], "Apparent_Power": [39.04, 39.05, 39.06, 39.05, 39.05, 39.06, 39.06, 39.06, 39.08, 39.09, 39.04, 39.06, 39.05, 39.05, 39.08, 39.06, 39.09, 39.05, 39.05, 39.05, 39.05, 39.05, 39.03, 39.05, 39.04, 39.05, 39.04, 39.04, 39.02, 39.06, 39.01, 39.06, 39.04, 39.03, 39.05, 39.05, 39.06, 39.06, 39.07, 39.07, 39.08, 39.06, 39.07, 39.1, 39.07], "Apparent_Power_Reactive": [29.01, 29.11, 29.14, 29.05, 29.15, 29.04, 29.05, 29.23, 29.1, 29.02, 29.09, 29.1, 29.14, 29.02, 29.06, 29.13, 29.06, 29.01, 29.02, 29.07, 29.12, 29.16, 29.02, 29.17, 29.07, 29.01, 29.1, 29.06, 29.01, 29.07, 28.94, 29.05, 29.1, 29.21, 29.0, 29.03, 29.11, 29.03, 29.08, 29.08, 29.07, 29.1, 29.02, 29.03, 29.08], "Power_Factor": [0.669, 0.666, 0.665, 0.668, 0.665, 0.668, 0.668, 0.663, 0.667, 0.669, 0.666, 0.666, 0.665, 0.668, 0.668, 0.666, 0.668, 0.669, 0.668, 0.667, 0.666, 0.665, 0.668, 0.664, 0.667, 0.669, 0.666, 0.667, 0.668, 0.667, 0.67, 0.668, 0.666, 0.663, 0.669, 0.668, 0.666, 0.668, 0.667, 0.667, 0.668, 0.666, 0.669, 0.669, 0.667], "Energy": [0.01, 0.02, 0.04, 0.05, 0.07, 0.08, 0.1, 0.11, 0.13, 0.14, 0.16, 0.17, 0.19, 0.2, 0.21, 0.23, 0.24, 0.26, 0.27, 0.29, 0.3, 0.32, 0.33, 0.35, 0.36, 0.38, 0.39, 0.41, 0.42, 0.43, 0.45, 0.46, 0.48, 0.49, 0.51, 0.52, 0.54, 0.55, 0.57, 0.58, 0.6, 0.61, 0.63, 0.64, 0.65], "Frequency": [49.39, 49.39, 49.39, 49.39, 49.39, 49.39, 49.39, 49.39, 49.39, 49.39, 49.39, 49.39, 49.39, 49.39, 49.39, 49.39, 49.39, 49.39, 49.39, 49.39, 49.4, 49.4, 49.4, 49.39, 49.39, 49.39, 49.38, 49.38, 49.38, 49.37, 49.37, 49.37, 49.39, 49.39, 49.39, 49.39, 49.39, 49.39, 49.38, 49.38, 49.38, 49.39, 49.39, 49.39, 49.39], "Temp_env": []}