{"Start_Time": [1755723180.0703638], "Time": [1755723182.072424, 1755723184.0751863, 1755723186.0774083, 1755723188.0801842, 1755723190.082361, 1755723192.084424, 1755723194.091716, 1755723196.0942655, 1755723198.09662, 1755723200.104223, 1755723202.1065583, 1755723204.1093578, 1755723206.1117775, 1755723208.114337, 1755723210.11664, 1755723212.1194592, 1755723214.1218011, 1755723216.1243904, 1755723218.1318667, 1755723220.134393, 1755723222.13677, 1755723224.1445618, 1755723226.1466937, 1755723228.1487355, 1755723230.1509025, 1755723232.1535664, 1755723234.155939, 1755723236.1586149, 1755723238.1609302, 1755723240.163594, 1755723242.170918, 1755723244.1735725, 1755723246.1759462, 1755723248.1786425, 1755723250.1809943, 1755723252.183701, 1755723254.1860387, 1755723256.1887245, 1755723258.1910622, 1755723260.1987448, 1755723262.201072, 1755723264.2037768, 1755723266.2110715, 1755723268.213802, 1755723270.2161381], "Voltage": [228.87, 228.87, 228.93, 228.93, 228.93, 229.08, 228.82, 228.87, 228.98, 228.87, 228.98, 228.98, 228.98, 228.87, 228.87, 228.98, 228.82, 229.03, 228.93, 228.87, 228.87, 228.98, 228.93, 228.82, 228.93, 228.87, 228.82, 228.87, 228.98, 228.93, 228.93, 228.87, 228.98, 229.03, 229.08, 229.08, 228.93, 228.98, 228.98, 228.93, 228.98, 229.03, 228.98, 228.98, 228.77], "Current": [0.17, 0.17, 0.17, 0.17, 0.17, 0.17, 0.17, 0.17, 0.17, 0.17, 0.17, 0.17, 0.17, 0.17, 0.17, 0.17, 0.17, 0.17, 0.17, 0.17, 0.17, 0.17, 0.17, 0.17, 0.17, 0.17, 0.17, 0.17, 0.17, 0.17, 0.17, 0.17, 0.17, 0.17, 0.17, 0.17, 0.17, 0.17, 0.17, 0.17, 0.17, 0.17, 0.17, 0.17, 0.17], "Real_Power": [26.3, 26.21, 26.15, 26.4, 26.31, 26.23, 26.51, 26.23, 26.43, 26.28, 26.15, 26.35, 26.31, 26.19, 26.31, 26.31, 26.28, 26.26, 26.34, 26.42, 26.3, 26.35, 26.14, 26.46, 26.18, 26.32, 26.31, 26.17, 26.25, 26.28, 26.16, 26.37, 26.19, 26.2, 26.28, 26.26, 26.35, 26.22, 26.19, 26.31, 26.31, 26.37, 26.29, 26.25, 26.33], "Apparent_Power": [38.9, 38.9, 38.91, 38.91, 38.91, 38.94, 38.89, 38.9, 38.92, 38.9, 38.92, 38.92, 38.92, 38.9, 38.9, 38.92, 38.89, 38.93, 38.91, 38.9, 38.9, 38.92, 38.91, 38.89, 38.91, 38.9, 38.89, 38.9, 38.92, 38.91, 38.91, 38.9, 38.92, 38.93, 38.94, 38.94, 38.91, 38.92, 38.92, 38.91, 38.92, 38.93, 38.92, 38.92, 38.89], "Apparent_Power_Reactive": [28.66, 28.74, 28.81, 28.58, 28.66, 28.78, 28.45, 28.72, 28.56, 28.68, 28.82, 28.64, 28.68, 28.76, 28.65, 28.68, 28.66, 28.73, 28.63, 28.55, 28.66, 28.64, 28.82, 28.5, 28.78, 28.64, 28.63, 28.78, 28.73, 28.69, 28.8, 28.59, 28.78, 28.79, 28.73, 28.75, 28.62, 28.76, 28.78, 28.66, 28.68, 28.63, 28.69, 28.73, 28.62], "Power_Factor": [0.676, 0.673, 0.672, 0.678, 0.676, 0.673, 0.681, 0.674, 0.679, 0.675, 0.671, 0.677, 0.676, 0.673, 0.676, 0.676, 0.675, 0.674, 0.676, 0.679, 0.676, 0.677, 0.671, 0.68, 0.672, 0.676, 0.676, 0.672, 0.674, 0.675, 0.672, 0.677, 0.672, 0.673, 0.674, 0.674, 0.677, 0.673, 0.672, 0.676, 0.676, 0.677, 0.675, 0.674, 0.677], "Energy": [0.01, 0.02, 0.04, 0.05, 0.07, 0.08, 0.1, 0.11, 0.13, 0.14, 0.16, 0.17, 0.19, 0.2, 0.22, 0.23, 0.25, 0.26, 0.28, 0.29, 0.31, 0.32, 0.34, 0.35, 0.37, 0.38, 0.4, 0.41, 0.42, 0.44, 0.45, 0.47, 0.48, 0.5, 0.51, 0.53, 0.54, 0.56, 0.57, 0.59, 0.6, 0.62, 0.63, 0.65, 0.66], "Frequency": [49.42, 49.42, 49.42, 49.43, 49.43, 49.43, 49.46, 49.46, 49.46, 49.47, 49.47, 49.47, 49.46, 49.46, 49.46, 49.46, 49.46, 49.44, 49.44, 49.44, 49.44, 49.44, 49.44, 49.44, 49.44, 49.44, 49.45, 49.45, 49.45, 49.45, 49.45, 49.45, 49.47, 49.47, 49.47, 49.46, 49.46, 49.46, 49.47, 49.47, 49.47, 49.46, 49.46, 49.46, 49.47], "Temp_env": []}