{"Start_Time": [1755625232.8117068], "Time": [1755625234.8137133, 1755625236.8163497, 1755625238.8186, 1755625240.8213353, 1755625242.8236704, 1755625244.82636, 1755625246.828631, 1755625248.831346, 1755625250.8336656, 1755625252.8362978, 1755625254.838528, 1755625256.8405328, 1755625258.8427196, 1755625260.8453908, 1755625262.8477354, 1755625264.8504252, 1755625266.8525722, 1755625268.8546314, 1755625270.8575044, 1755625272.859581, 1755625274.8616917, 1755625276.8643975, 1755625278.8667302, 1755625280.869391, 1755625282.871732, 1755625284.8744206, 1755625286.8767629, 1755625288.8794563, 1755625290.8817887, 1755625292.8844428, 1755625294.886837, 1755625296.8895278, 1755625298.891677, 1755625300.8937013, 1755625302.8958619, 1755625304.8979661, 1755625306.9004486, 1755625308.9028084, 1755625310.9055185, 1755625312.9079373, 1755625314.910665, 1755625316.912757, 1755625318.9205244, 1755625320.9228435, 1755625322.9255507], "Voltage": [227.72, 227.72, 227.77, 227.62, 227.88, 227.83, 227.88, 227.83, 227.98, 227.77, 227.88, 227.98, 227.83, 227.88, 227.98, 227.93, 227.83, 227.83, 227.83, 227.88, 227.98, 227.83, 227.88, 227.72, 227.67, 227.77, 227.72, 227.93, 227.72, 227.62, 227.88, 227.93, 227.77, 227.77, 227.88, 227.77, 227.72, 227.62, 227.67, 227.67, 227.72, 227.72, 227.77, 227.72, 227.67], "Current": [0.17, 0.17, 0.17, 0.17, 0.17, 0.17, 0.17, 0.17, 0.17, 0.17, 0.17, 0.17, 0.17, 0.17, 0.17, 0.17, 0.17, 0.17, 0.17, 0.17, 0.17, 0.17, 0.17, 0.17, 0.17, 0.17, 0.17, 0.17, 0.17, 0.17, 0.17, 0.17, 0.17, 0.17, 0.17, 0.17, 0.17, 0.17, 0.17, 0.17, 0.17, 0.17, 0.17, 0.17, 0.17], "Real_Power": [25.88, 26.07, 25.72, 26.01, 26.02, 25.76, 26.14, 26.02, 25.8, 25.95, 26.1, 25.87, 26.06, 25.89, 25.88, 26.1, 25.76, 26.07, 26.04, 25.65, 25.95, 25.89, 25.85, 26.11, 25.8, 25.96, 25.98, 25.89, 26.0, 25.96, 25.79, 26.09, 25.83, 25.84, 26.0, 25.86, 26.03, 26.01, 25.74, 25.95, 26.05, 25.93, 26.06, 25.72, 25.84], "Apparent_Power": [38.71, 38.71, 38.72, 38.69, 38.73, 38.73, 38.73, 38.73, 38.75, 38.72, 38.73, 38.75, 38.73, 38.73, 38.75, 38.74, 38.73, 38.73, 38.73, 38.73, 38.75, 38.73, 38.73, 38.71, 38.7, 38.72, 38.71, 38.74, 38.71, 38.69, 38.73, 38.74, 38.72, 38.72, 38.73, 38.72, 38.71, 38.69, 38.7, 38.7, 38.71, 38.71, 38.72, 38.71, 38.7], "Apparent_Power_Reactive": [28.78, 28.61, 28.94, 28.64, 28.68, 28.92, 28.57, 28.68, 28.91, 28.73, 28.61, 28.84, 28.65, 28.8, 28.84, 28.62, 28.92, 28.64, 28.66, 29.01, 28.77, 28.8, 28.84, 28.57, 28.84, 28.72, 28.69, 28.81, 28.67, 28.68, 28.89, 28.63, 28.84, 28.83, 28.7, 28.81, 28.65, 28.64, 28.89, 28.71, 28.63, 28.74, 28.63, 28.93, 28.8], "Power_Factor": [0.668, 0.673, 0.664, 0.672, 0.671, 0.665, 0.674, 0.671, 0.665, 0.67, 0.673, 0.667, 0.672, 0.668, 0.667, 0.673, 0.665, 0.673, 0.672, 0.662, 0.669, 0.668, 0.667, 0.674, 0.666, 0.67, 0.671, 0.668, 0.671, 0.67, 0.665, 0.673, 0.667, 0.667, 0.671, 0.667, 0.672, 0.672, 0.665, 0.67, 0.672, 0.669, 0.673, 0.664, 0.667], "Energy": [0.01, 0.02, 0.04, 0.05, 0.07, 0.08, 0.1, 0.11, 0.13, 0.14, 0.16, 0.17, 0.18, 0.2, 0.21, 0.23, 0.24, 0.26, 0.27, 0.29, 0.3, 0.32, 0.33, 0.35, 0.36, 0.37, 0.39, 0.4, 0.42, 0.43, 0.45, 0.46, 0.48, 0.49, 0.51, 0.52, 0.53, 0.55, 0.56, 0.58, 0.59, 0.61, 0.62, 0.64, 0.65], "Frequency": [49.41, 49.41, 49.41, 49.41, 49.41, 49.41, 49.41, 49.41, 49.41, 49.41, 49.41, 49.42, 49.42, 49.42, 49.37, 49.37, 49.37, 49.39, 49.39, 49.39, 49.37, 49.37, 49.37, 49.38, 49.38, 49.38, 49.38, 49.38, 49.38, 49.38, 49.38, 49.38, 49.37, 49.37, 49.37, 49.39, 49.39, 49.39, 49.39, 49.39, 49.39, 49.39, 49.39, 49.39, 49.39], "Temp_env": []}