{"Start_Time": [1755406385.392537], "Time": [1755406387.3952568, 1755406389.3976226, 1755406391.400353, 1755406393.4024954, 1755406395.4051833, 1755406397.4076636, 1755406399.4103675, 1755406401.412501, 1755406403.4145713, 1755406405.4166837, 1755406407.4193058, 1755406409.4215903, 1755406411.4237223, 1755406413.426425, 1755406415.4285848, 1755406417.4306161, 1755406419.43261, 1755406421.4346337, 1755406423.4375546, 1755406425.4396465, 1755406427.4417646, 1755406429.4444685, 1755406431.4467862, 1755406433.4494467, 1755406435.4517777, 1755406437.4545007, 1755406439.4568033, 1755406441.4595003, 1755406443.4618793, 1755406445.4645312, 1755406447.4668992, 1755406449.4695616, 1755406451.4719555, 1755406453.4746625, 1755406455.4769642, 1755406457.4796665, 1755406459.4820137, 1755406461.4846983, 1755406463.4868426, 1755406465.4889326, 1755406467.4916646, 1755406469.4940145, 1755406471.4966965, 1755406473.4989145, 1755406475.5010347], "Voltage": [229.61, 229.66, 229.55, 229.55, 229.66, 229.61, 229.71, 229.71, 229.76, 229.66, 229.61, 229.71, 229.61, 229.66, 229.76, 229.71, 229.66, 229.55, 229.71, 229.66, 229.5, 229.66, 229.55, 229.61, 229.71, 229.61, 229.71, 229.61, 229.71, 229.55, 229.76, 229.66, 229.61, 229.82, 229.71, 229.66, 229.71, 229.66, 229.55, 229.61, 229.66, 229.61, 229.61, 229.66, 229.71], "Current": [0.17, 0.17, 0.17, 0.17, 0.17, 0.17, 0.17, 0.17, 0.17, 0.17, 0.17, 0.17, 0.17, 0.17, 0.17, 0.17, 0.17, 0.17, 0.17, 0.17, 0.17, 0.17, 0.17, 0.17, 0.17, 0.17, 0.17, 0.17, 0.17, 0.17, 0.17, 0.17, 0.17, 0.17, 0.17, 0.17, 0.17, 0.17, 0.17, 0.17, 0.17, 0.17, 0.17, 0.17, 0.17], "Real_Power": [26.01, 26.06, 26.06, 26.08, 26.07, 26.13, 25.98, 26.08, 26.07, 26.07, 25.97, 26.06, 26.15, 26.14, 26.16, 26.11, 26.03, 25.97, 26.09, 26.08, 26.12, 26.02, 26.04, 25.97, 26.15, 25.99, 26.12, 26.1, 26.07, 26.02, 26.02, 26.12, 26.12, 26.19, 26.06, 26.0, 26.03, 26.06, 26.1, 26.11, 26.01, 26.06, 26.17, 26.13, 26.1], "Apparent_Power": [39.03, 39.04, 39.02, 39.02, 39.04, 39.03, 39.05, 39.05, 39.05, 39.04, 39.03, 39.05, 39.03, 39.04, 39.05, 39.05, 39.04, 39.02, 39.05, 39.04, 39.01, 39.04, 39.02, 39.03, 39.05, 39.03, 39.05, 39.03, 39.05, 39.02, 39.05, 39.04, 39.03, 39.06, 39.05, 39.04, 39.05, 39.04, 39.02, 39.03, 39.04, 39.03, 39.03, 39.04, 39.05], "Apparent_Power_Reactive": [29.1, 29.06, 29.04, 29.02, 29.05, 28.99, 29.15, 29.06, 29.07, 29.05, 29.13, 29.08, 28.97, 28.99, 28.99, 29.03, 29.09, 29.12, 29.05, 29.05, 28.97, 29.1, 29.05, 29.13, 29.0, 29.11, 29.02, 29.01, 29.07, 29.07, 29.11, 29.01, 29.0, 28.97, 29.08, 29.12, 29.1, 29.06, 29.0, 29.01, 29.11, 29.05, 28.95, 29.0, 29.04], "Power_Factor": [0.666, 0.667, 0.667, 0.668, 0.667, 0.669, 0.665, 0.667, 0.667, 0.667, 0.665, 0.667, 0.669, 0.669, 0.669, 0.668, 0.666, 0.665, 0.668, 0.668, 0.669, 0.666, 0.667, 0.665, 0.669, 0.665, 0.668, 0.668, 0.667, 0.666, 0.666, 0.669, 0.669, 0.67, 0.667, 0.665, 0.666, 0.667, 0.668, 0.668, 0.666, 0.667, 0.67, 0.669, 0.668], "Energy": [0.01, 0.02, 0.04, 0.05, 0.07, 0.08, 0.1, 0.11, 0.13, 0.14, 0.16, 0.17, 0.19, 0.2, 0.21, 0.23, 0.24, 0.26, 0.27, 0.29, 0.3, 0.32, 0.33, 0.35, 0.36, 0.38, 0.39, 0.41, 0.42, 0.43, 0.45, 0.46, 0.48, 0.49, 0.51, 0.52, 0.54, 0.55, 0.57, 0.58, 0.6, 0.61, 0.62, 0.64, 0.66], "Frequency": [49.42, 49.42, 49.43, 49.43, 49.43, 49.42, 49.42, 49.42, 49.42, 49.42, 49.42, 49.4, 49.4, 49.4, 49.43, 49.43, 49.43, 49.42, 49.42, 49.42, 49.43, 49.43, 49.43, 49.46, 49.46, 49.46, 49.43, 49.43, 49.43, 49.43, 49.43, 49.43, 49.43, 49.43, 49.43, 49.43, 49.43, 49.43, 49.42, 49.42, 49.42, 49.43, 49.43, 49.43, 49.43], "Temp_env": []}