{"Start_Time": [1755585005.8589644], "Time": [1755585007.8611913, 1755585009.863446, 1755585011.865906, 1755585013.868194, 1755585015.8703172, 1755585017.8731897, 1755585019.8753743, 1755585021.8780677, 1755585023.8804042, 1755585025.887953, 1755585027.890333, 1755585029.8932047, 1755585031.9010422, 1755585033.9034553, 1755585035.9062006, 1755585037.9137397, 1755585039.916177, 1755585041.9185472, 1755585043.926128, 1755585045.9285407, 1755585047.9312303, 1755585049.9336753, 1755585051.9364, 1755585053.9385018, 1755585055.947251, 1755585057.9496622, 1755585059.9523978, 1755585061.9603593, 1755585063.9626834, 1755585065.9653766, 1755585067.973619, 1755585069.9756944, 1755585071.9776628, 1755585073.9797328, 1755585075.9818227, 1755585077.9839585, 1755585079.9916291, 1755585081.9939463, 1755585083.9966598, 1755585086.0040936, 1755585088.0066102, 1755585090.0089755, 1755585092.0116773, 1755585094.0140889, 1755585096.0167782], "Voltage": [227.98, 227.83, 227.77, 227.83, 227.93, 227.93, 227.72, 227.77, 227.88, 227.72, 227.72, 227.72, 227.72, 227.77, 227.67, 227.83, 227.56, 227.67, 227.62, 227.62, 227.51, 227.46, 227.62, 227.62, 227.62, 227.46, 227.35, 227.62, 227.62, 227.56, 227.56, 227.56, 227.51, 227.56, 227.72, 227.62, 227.88, 227.88, 227.88, 227.88, 228.09, 228.14, 228.19, 228.14, 228.19], "Current": [0.17, 0.17, 0.17, 0.17, 0.17, 0.17, 0.17, 0.17, 0.17, 0.17, 0.17, 0.17, 0.17, 0.17, 0.17, 0.17, 0.17, 0.17, 0.17, 0.17, 0.17, 0.17, 0.17, 0.17, 0.17, 0.17, 0.17, 0.17, 0.17, 0.17, 0.17, 0.17, 0.17, 0.17, 0.17, 0.17, 0.17, 0.17, 0.17, 0.17, 0.17, 0.17, 0.17, 0.17, 0.17], "Real_Power": [25.98, 25.97, 26.01, 25.92, 26.02, 26.01, 25.98, 25.95, 25.99, 25.83, 26.06, 25.98, 25.95, 26.01, 25.93, 26.05, 25.96, 26.07, 26.02, 25.92, 25.88, 26.09, 26.01, 26.02, 25.95, 25.99, 26.04, 25.95, 25.97, 26.16, 25.94, 25.97, 25.94, 25.87, 25.99, 25.96, 25.94, 25.95, 25.95, 26.03, 25.92, 25.89, 25.98, 25.97, 25.94], "Apparent_Power": [38.75, 38.73, 38.72, 38.73, 38.74, 38.74, 38.71, 38.72, 38.73, 38.71, 38.71, 38.71, 38.71, 38.72, 38.7, 38.73, 38.68, 38.7, 38.69, 38.69, 38.67, 38.66, 38.69, 38.69, 38.69, 38.66, 38.64, 38.69, 38.69, 38.68, 38.68, 38.68, 38.67, 38.68, 38.71, 38.69, 38.73, 38.73, 38.73, 38.73, 38.77, 38.78, 38.79, 38.78, 38.79], "Apparent_Power_Reactive": [28.75, 28.73, 28.68, 28.77, 28.7, 28.71, 28.69, 28.73, 28.71, 28.83, 28.62, 28.69, 28.72, 28.68, 28.72, 28.66, 28.67, 28.6, 28.63, 28.72, 28.73, 28.52, 28.64, 28.63, 28.69, 28.62, 28.54, 28.69, 28.67, 28.49, 28.69, 28.66, 28.67, 28.75, 28.68, 28.68, 28.75, 28.75, 28.75, 28.67, 28.83, 28.87, 28.8, 28.8, 28.84], "Power_Factor": [0.67, 0.67, 0.671, 0.669, 0.671, 0.671, 0.671, 0.67, 0.671, 0.667, 0.673, 0.671, 0.67, 0.671, 0.67, 0.672, 0.671, 0.673, 0.672, 0.669, 0.669, 0.674, 0.672, 0.672, 0.67, 0.672, 0.673, 0.67, 0.671, 0.676, 0.67, 0.671, 0.67, 0.668, 0.671, 0.67, 0.669, 0.67, 0.67, 0.672, 0.668, 0.667, 0.669, 0.669, 0.668], "Energy": [0.01, 0.02, 0.04, 0.05, 0.07, 0.08, 0.1, 0.11, 0.13, 0.14, 0.16, 0.17, 0.18, 0.2, 0.21, 0.23, 0.24, 0.26, 0.27, 0.29, 0.3, 0.32, 0.33, 0.35, 0.36, 0.38, 0.39, 0.41, 0.42, 0.43, 0.45, 0.46, 0.48, 0.49, 0.51, 0.52, 0.54, 0.55, 0.57, 0.58, 0.6, 0.61, 0.62, 0.64, 0.65], "Frequency": [49.42, 49.42, 49.4, 49.4, 49.4, 49.39, 49.39, 49.39, 49.39, 49.39, 49.39, 49.37, 49.37, 49.37, 49.37, 49.37, 49.37, 49.38, 49.38, 49.38, 49.37, 49.37, 49.37, 49.38, 49.38, 49.38, 49.37, 49.37, 49.37, 49.36, 49.36, 49.36, 49.36, 49.36, 49.36, 49.36, 49.36, 49.36, 49.36, 49.36, 49.36, 49.37, 49.37, 49.37, 49.38], "Temp_env": []}