{"Start_Time": [1755727909.1370804], "Time": [1755727911.1396997, 1755727913.1419435, 1755727915.144706, 1755727917.1470754, 1755727919.1497815, 1755727921.1519756, 1755727923.15405, 1755727925.1567783, 1755727927.1593633, 1755727929.161851, 1755727931.16421, 1755727933.1669242, 1755727935.1742249, 1755727937.1769788, 1755727939.17919, 1755727941.1814554, 1755727943.184025, 1755727945.1863706, 1755727947.1890898, 1755727949.1916718, 1755727951.1940756, 1755727953.197188, 1755727955.1993916, 1755727957.2016523, 1755727959.2091339, 1755727961.2115626, 1755727963.2142239, 1755727965.2165887, 1755727967.2192655, 1755727969.221738, 1755727971.2243419, 1755727973.2270572, 1755727975.2294123, 1755727977.2366507, 1755727979.2393663, 1755727981.2417836, 1755727983.2445264, 1755727985.246777, 1755727987.2495134, 1755727989.2518551, 1755727991.2545953, 1755727993.256669, 1755727995.2588596, 1755727997.2609377, 1755727999.2636127], "Voltage": [230.29, 230.18, 229.97, 230.03, 230.18, 230.08, 230.13, 230.18, 230.08, 230.13, 229.97, 229.97, 230.03, 230.08, 230.08, 229.97, 230.03, 230.08, 230.03, 230.03, 229.97, 230.18, 230.13, 230.13, 230.18, 230.29, 230.24, 230.18, 230.18, 230.08, 230.18, 230.29, 230.24, 230.29, 230.08, 230.13, 230.18, 230.08, 230.08, 230.13, 230.03, 230.08, 230.03, 230.08, 230.03], "Current": [0.17, 0.17, 0.17, 0.17, 0.17, 0.17, 0.17, 0.17, 0.17, 0.17, 0.17, 0.17, 0.17, 0.17, 0.17, 0.17, 0.17, 0.17, 0.17, 0.17, 0.17, 0.17, 0.17, 0.17, 0.17, 0.17, 0.17, 0.17, 0.17, 0.17, 0.17, 0.17, 0.17, 0.17, 0.17, 0.17, 0.17, 0.17, 0.17, 0.17, 0.17, 0.17, 0.17, 0.17, 0.17], "Real_Power": [26.05, 26.06, 26.18, 26.11, 26.4, 26.13, 26.1, 26.14, 26.16, 26.42, 26.04, 26.21, 26.04, 25.97, 26.03, 26.26, 26.08, 26.12, 26.06, 26.18, 26.06, 26.2, 26.18, 26.06, 26.11, 26.16, 26.11, 26.17, 26.09, 26.12, 26.11, 26.02, 26.24, 26.12, 26.25, 26.11, 26.17, 26.05, 26.11, 26.34, 26.13, 26.12, 26.17, 26.18, 26.12], "Apparent_Power": [39.14, 39.13, 39.09, 39.1, 39.13, 39.11, 39.12, 39.13, 39.11, 39.12, 39.09, 39.09, 39.1, 39.11, 39.11, 39.09, 39.1, 39.11, 39.1, 39.1, 39.09, 39.13, 39.12, 39.12, 39.13, 39.14, 39.14, 39.13, 39.13, 39.11, 39.13, 39.14, 39.14, 39.14, 39.11, 39.12, 39.13, 39.11, 39.11, 39.12, 39.1, 39.11, 39.1, 39.11, 39.1], "Apparent_Power_Reactive": [29.21, 29.18, 29.02, 29.1, 28.88, 29.1, 29.14, 29.11, 29.07, 28.85, 29.15, 29.0, 29.16, 29.24, 29.18, 28.95, 29.13, 29.1, 29.14, 29.04, 29.13, 29.06, 29.06, 29.17, 29.14, 29.11, 29.15, 29.09, 29.16, 29.1, 29.14, 29.23, 29.04, 29.14, 28.99, 29.13, 29.09, 29.17, 29.11, 28.92, 29.08, 29.1, 29.05, 29.05, 29.09], "Power_Factor": [0.665, 0.665, 0.669, 0.667, 0.674, 0.668, 0.667, 0.668, 0.668, 0.675, 0.666, 0.67, 0.665, 0.664, 0.665, 0.671, 0.667, 0.667, 0.666, 0.669, 0.666, 0.669, 0.669, 0.666, 0.667, 0.668, 0.667, 0.668, 0.666, 0.667, 0.667, 0.664, 0.67, 0.667, 0.671, 0.667, 0.668, 0.666, 0.667, 0.673, 0.668, 0.667, 0.669, 0.669, 0.668], "Energy": [0.01, 0.02, 0.04, 0.05, 0.07, 0.08, 0.1, 0.11, 0.13, 0.14, 0.16, 0.17, 0.19, 0.2, 0.22, 0.23, 0.24, 0.26, 0.27, 0.29, 0.3, 0.32, 0.33, 0.35, 0.36, 0.38, 0.39, 0.41, 0.42, 0.44, 0.45, 0.47, 0.48, 0.5, 0.51, 0.53, 0.54, 0.55, 0.57, 0.58, 0.6, 0.61, 0.63, 0.64, 0.66], "Frequency": [49.4, 49.4, 49.39, 49.39, 49.39, 49.39, 49.39, 49.39, 49.39, 49.39, 49.39, 49.39, 49.39, 49.39, 49.38, 49.38, 49.38, 49.43, 49.43, 49.43, 49.43, 49.43, 49.43, 49.43, 49.43, 49.43, 49.43, 49.43, 49.43, 49.44, 49.44, 49.44, 49.43, 49.43, 49.43, 49.44, 49.44, 49.44, 49.44, 49.44, 49.44, 49.44, 49.44, 49.44, 49.43], "Temp_env": []}