{"Start_Time": [1755742116.6543639], "Time": [1755742118.6568246, 1755742120.6590962, 1755742122.6612191, 1755742124.6633031, 1755742126.665969, 1755742128.6681776, 1755742130.6703053, 1755742132.6730833, 1755742134.675254, 1755742136.6773095, 1755742138.6800025, 1755742140.682354, 1755742142.6850512, 1755742144.6874173, 1755742146.6893923, 1755742148.6921208, 1755742150.6944144, 1755742152.6971192, 1755742154.6995099, 1755742156.7021985, 1755742158.7045043, 1755742160.707201, 1755742162.7095437, 1755742164.7122445, 1755742166.7144902, 1755742168.7164943, 1755742170.7186508, 1755742172.7212863, 1755742174.7237308, 1755742176.726439, 1755742178.7287567, 1755742180.7314494, 1755742182.7339077, 1755742184.7364254, 1755742186.7388127, 1755742188.7415273, 1755742190.7439895, 1755742192.7464895, 1755742194.7489462, 1755742196.7516012, 1755742198.7540214, 1755742200.756718, 1755742202.7589145, 1755742204.76108, 1755742206.7638729], "Voltage": [229.66, 229.71, 229.45, 229.5, 229.61, 229.71, 229.66, 229.61, 229.55, 229.66, 229.61, 229.55, 229.66, 229.66, 229.66, 229.66, 229.55, 229.5, 229.71, 229.55, 229.5, 229.66, 229.55, 229.66, 229.66, 229.55, 229.55, 229.55, 229.5, 229.5, 229.55, 229.66, 229.71, 229.61, 229.71, 229.76, 229.82, 229.82, 229.76, 229.87, 229.66, 229.76, 229.5, 229.76, 229.76], "Current": [0.17, 0.17, 0.17, 0.17, 0.17, 0.17, 0.17, 0.17, 0.17, 0.17, 0.17, 0.17, 0.17, 0.17, 0.17, 0.17, 0.17, 0.17, 0.17, 0.17, 0.17, 0.17, 0.17, 0.17, 0.17, 0.17, 0.17, 0.17, 0.17, 0.17, 0.17, 0.17, 0.17, 0.17, 0.17, 0.17, 0.17, 0.17, 0.17, 0.17, 0.17, 0.17, 0.17, 0.17, 0.17], "Real_Power": [26.08, 26.06, 25.91, 26.3, 26.07, 26.14, 26.19, 26.1, 26.2, 25.97, 25.95, 26.29, 26.0, 26.41, 26.08, 25.95, 26.28, 26.04, 26.04, 26.27, 25.97, 26.14, 26.14, 26.0, 26.22, 25.99, 26.09, 26.12, 25.93, 26.16, 26.11, 26.07, 26.24, 26.04, 26.16, 26.15, 25.98, 26.26, 26.03, 26.3, 26.23, 26.04, 26.21, 26.12, 26.11], "Apparent_Power": [39.04, 39.05, 39.0, 39.01, 39.03, 39.05, 39.04, 39.03, 39.02, 39.04, 39.03, 39.02, 39.04, 39.04, 39.04, 39.04, 39.02, 39.01, 39.05, 39.02, 39.01, 39.04, 39.02, 39.04, 39.04, 39.02, 39.02, 39.02, 39.01, 39.01, 39.02, 39.04, 39.05, 39.03, 39.05, 39.05, 39.06, 39.06, 39.05, 39.07, 39.04, 39.05, 39.01, 39.05, 39.05], "Apparent_Power_Reactive": [29.05, 29.08, 29.14, 28.81, 29.04, 29.01, 28.95, 29.01, 28.91, 29.14, 29.15, 28.83, 29.12, 28.75, 29.05, 29.16, 28.84, 29.04, 29.1, 28.85, 29.1, 28.99, 28.96, 29.12, 28.92, 29.1, 29.01, 28.98, 29.14, 28.93, 28.99, 29.05, 28.91, 29.07, 28.99, 29.0, 29.16, 28.91, 29.1, 28.89, 28.91, 29.1, 28.89, 29.02, 29.03], "Power_Factor": [0.668, 0.667, 0.664, 0.674, 0.667, 0.669, 0.67, 0.668, 0.671, 0.665, 0.664, 0.673, 0.665, 0.676, 0.668, 0.664, 0.673, 0.667, 0.666, 0.673, 0.665, 0.669, 0.669, 0.665, 0.671, 0.666, 0.668, 0.669, 0.664, 0.67, 0.669, 0.667, 0.671, 0.667, 0.669, 0.669, 0.665, 0.672, 0.666, 0.673, 0.671, 0.666, 0.671, 0.668, 0.668], "Energy": [0.01, 0.02, 0.04, 0.05, 0.07, 0.08, 0.1, 0.11, 0.13, 0.14, 0.16, 0.17, 0.19, 0.2, 0.21, 0.23, 0.24, 0.26, 0.27, 0.29, 0.3, 0.32, 0.33, 0.35, 0.36, 0.38, 0.39, 0.41, 0.42, 0.43, 0.45, 0.46, 0.48, 0.49, 0.51, 0.52, 0.54, 0.55, 0.57, 0.58, 0.6, 0.61, 0.63, 0.64, 0.65], "Frequency": [49.39, 49.39, 49.39, 49.43, 49.43, 49.43, 49.43, 49.43, 49.43, 49.44, 49.44, 49.44, 49.45, 49.45, 49.45, 49.46, 49.46, 49.46, 49.46, 49.46, 49.46, 49.44, 49.44, 49.44, 49.45, 49.45, 49.45, 49.47, 49.47, 49.47, 49.45, 49.45, 49.45, 49.45, 49.45, 49.45, 49.45, 49.45, 49.45, 49.47, 49.47, 49.47, 49.47, 49.47, 49.47], "Temp_env": []}