{"Start_Time": [1755670281.6769502], "Time": [1755670283.6795359, 1755670285.6822, 1755670287.6843636, 1755670289.6865468, 1755670291.6893523, 1755670293.6914608, 1755670295.6942062, 1755670297.6964982, 1755670299.6985457, 1755670301.7007213, 1755670303.703397, 1755670305.7057521, 1755670307.7084858, 1755670309.7107203, 1755670311.713473, 1755670313.7158148, 1755670315.718569, 1755670317.7209773, 1755670319.7236948, 1755670321.7258718, 1755670323.7279336, 1755670325.730645, 1755670327.7330024, 1755670329.735134, 1755670331.7378678, 1755670333.7402287, 1755670335.742959, 1755670337.7451549, 1755670339.7479572, 1755670341.7503936, 1755670343.75305, 1755670345.7554116, 1755670347.7581127, 1755670349.7605493, 1755670351.7631826, 1755670353.765449, 1755670355.7675903, 1755670357.7703888, 1755670359.7724912, 1755670361.7746503, 1755670363.777403, 1755670365.7796729, 1755670367.7823567, 1755670369.784738, 1755670371.7875142], "Voltage": [227.04, 227.2, 227.25, 227.3, 227.35, 227.2, 227.3, 227.25, 227.35, 227.46, 227.41, 227.41, 227.35, 227.46, 227.51, 227.51, 227.46, 227.51, 227.51, 227.41, 227.51, 227.35, 227.3, 227.25, 227.25, 227.3, 227.3, 227.35, 227.3, 227.3, 227.2, 227.25, 227.09, 227.25, 227.35, 227.2, 227.83, 228.19, 228.35, 228.35, 228.4, 228.35, 228.24, 228.35, 228.4], "Current": [0.17, 0.17, 0.17, 0.17, 0.17, 0.17, 0.17, 0.17, 0.17, 0.17, 0.17, 0.17, 0.17, 0.17, 0.17, 0.17, 0.17, 0.17, 0.17, 0.17, 0.17, 0.17, 0.17, 0.17, 0.17, 0.17, 0.17, 0.17, 0.17, 0.17, 0.17, 0.17, 0.17, 0.17, 0.17, 0.17, 0.17, 0.17, 0.17, 0.17, 0.17, 0.17, 0.17, 0.17, 0.17], "Real_Power": [26.04, 26.02, 26.03, 26.12, 26.09, 26.07, 25.97, 26.07, 25.98, 26.0, 26.16, 26.11, 26.09, 26.11, 26.05, 26.06, 26.16, 26.06, 26.1, 26.07, 26.07, 26.06, 26.0, 26.14, 26.14, 26.19, 26.06, 26.08, 26.06, 26.21, 26.11, 26.05, 26.13, 26.11, 26.12, 26.01, 26.18, 26.41, 26.14, 26.11, 26.16, 26.0, 26.31, 26.15, 26.13], "Apparent_Power": [38.59, 38.62, 38.63, 38.64, 38.64, 38.62, 38.64, 38.63, 38.64, 38.66, 38.65, 38.65, 38.64, 38.66, 38.67, 38.67, 38.66, 38.67, 38.67, 38.65, 38.67, 38.64, 38.64, 38.63, 38.63, 38.64, 38.64, 38.64, 38.64, 38.64, 38.62, 38.63, 38.6, 38.63, 38.64, 38.62, 38.73, 38.79, 38.81, 38.81, 38.82, 38.81, 38.8, 38.81, 38.82], "Apparent_Power_Reactive": [28.47, 28.53, 28.54, 28.47, 28.5, 28.49, 28.61, 28.5, 28.6, 28.61, 28.45, 28.49, 28.5, 28.51, 28.57, 28.57, 28.46, 28.57, 28.53, 28.53, 28.56, 28.52, 28.58, 28.44, 28.44, 28.41, 28.52, 28.51, 28.52, 28.39, 28.45, 28.52, 28.41, 28.47, 28.47, 28.54, 28.54, 28.41, 28.68, 28.71, 28.68, 28.81, 28.51, 28.67, 28.7], "Power_Factor": [0.674, 0.673, 0.673, 0.675, 0.675, 0.675, 0.672, 0.674, 0.672, 0.672, 0.676, 0.675, 0.675, 0.675, 0.673, 0.673, 0.676, 0.673, 0.674, 0.674, 0.674, 0.674, 0.672, 0.676, 0.676, 0.677, 0.674, 0.674, 0.674, 0.678, 0.676, 0.674, 0.676, 0.675, 0.675, 0.673, 0.675, 0.68, 0.673, 0.672, 0.673, 0.669, 0.678, 0.673, 0.673], "Energy": [0.01, 0.02, 0.04, 0.05, 0.07, 0.08, 0.1, 0.11, 0.13, 0.14, 0.16, 0.17, 0.19, 0.2, 0.22, 0.23, 0.24, 0.26, 0.27, 0.29, 0.3, 0.32, 0.33, 0.35, 0.36, 0.38, 0.39, 0.41, 0.42, 0.44, 0.45, 0.46, 0.48, 0.49, 0.51, 0.52, 0.54, 0.55, 0.57, 0.58, 0.6, 0.61, 0.63, 0.64, 0.66], "Frequency": [49.43, 49.43, 49.43, 49.43, 49.43, 49.41, 49.41, 49.41, 49.43, 49.43, 49.43, 49.41, 49.41, 49.41, 49.42, 49.42, 49.42, 49.42, 49.42, 49.42, 49.41, 49.41, 49.41, 49.41, 49.41, 49.41, 49.42, 49.42, 49.42, 49.43, 49.43, 49.43, 49.42, 49.42, 49.42, 49.41, 49.41, 49.41, 49.41, 49.41, 49.41, 49.41, 49.41, 49.41, 49.4], "Temp_env": []}