{"Start_Time": [1755577526.841231], "Time": [1755577528.8434877, 1755577530.8461094, 1755577532.848515, 1755577534.8512511, 1755577536.8534937, 1755577538.85629, 1755577540.858663, 1755577542.861352, 1755577544.863635, 1755577546.8657706, 1755577548.8684719, 1755577550.8706548, 1755577552.87299, 1755577554.875456, 1755577556.8777995, 1755577558.880522, 1755577560.88303, 1755577562.8855567, 1755577564.8879523, 1755577566.8906732, 1755577568.8930402, 1755577570.895651, 1755577572.897986, 1755577574.900116, 1755577576.9077616, 1755577578.9100442, 1755577580.9129786, 1755577582.915806, 1755577584.918168, 1755577586.9209192, 1755577588.928875, 1755577590.9312482, 1755577592.933952, 1755577594.9419913, 1755577596.944261, 1755577598.9469953, 1755577600.955035, 1755577602.957417, 1755577604.9601116, 1755577606.9662297, 1755577608.9684343, 1755577610.9711373, 1755577612.9792132, 1755577614.9815621, 1755577616.9838383], "Voltage": [229.55, 229.61, 229.5, 229.29, 229.29, 229.24, 229.4, 229.35, 229.45, 229.55, 229.45, 229.55, 229.4, 229.55, 229.55, 229.61, 229.55, 229.5, 229.45, 229.5, 229.5, 229.5, 229.45, 229.4, 229.45, 229.19, 229.4, 229.29, 229.24, 229.24, 229.24, 229.24, 229.19, 229.24, 229.29, 229.29, 229.35, 229.4, 229.29, 229.24, 229.19, 229.24, 229.29, 229.35, 229.35], "Current": [0.17, 0.17, 0.17, 0.17, 0.17, 0.18, 0.17, 0.17, 0.17, 0.17, 0.17, 0.17, 0.17, 0.17, 0.17, 0.17, 0.17, 0.17, 0.17, 0.17, 0.17, 0.17, 0.17, 0.17, 0.17, 0.17, 0.17, 0.17, 0.17, 0.17, 0.17, 0.17, 0.17, 0.17, 0.17, 0.17, 0.17, 0.17, 0.17, 0.17, 0.17, 0.17, 0.17, 0.17, 0.17], "Real_Power": [26.39, 26.21, 26.34, 26.21, 26.21, 26.5, 26.26, 26.29, 26.15, 26.33, 26.19, 26.25, 26.39, 26.14, 26.26, 26.29, 26.26, 26.35, 26.12, 26.24, 26.19, 26.2, 26.32, 26.31, 26.16, 26.29, 26.18, 26.21, 26.35, 26.26, 26.34, 26.28, 26.13, 26.36, 26.18, 26.33, 26.28, 26.22, 26.27, 26.2, 26.18, 26.32, 26.14, 26.25, 26.31], "Apparent_Power": [39.02, 39.03, 39.01, 38.97, 38.97, 41.26, 38.99, 38.98, 39.0, 39.02, 39.0, 39.02, 38.99, 39.02, 39.02, 39.03, 39.02, 39.01, 39.0, 39.01, 39.01, 39.01, 39.0, 38.99, 39.0, 38.96, 38.99, 38.97, 38.97, 38.97, 38.97, 38.97, 38.96, 38.97, 38.97, 38.97, 38.98, 38.99, 38.97, 38.97, 38.96, 38.97, 38.97, 38.98, 38.98], "Apparent_Power_Reactive": [28.74, 28.92, 28.77, 28.83, 28.83, 31.62, 28.82, 28.77, 28.93, 28.79, 28.89, 28.87, 28.7, 28.96, 28.86, 28.84, 28.86, 28.76, 28.96, 28.86, 28.91, 28.9, 28.77, 28.77, 28.92, 28.75, 28.89, 28.83, 28.71, 28.79, 28.72, 28.77, 28.89, 28.7, 28.86, 28.72, 28.78, 28.85, 28.78, 28.84, 28.85, 28.73, 28.9, 28.81, 28.76], "Power_Factor": [0.676, 0.671, 0.675, 0.672, 0.672, 0.642, 0.673, 0.674, 0.67, 0.674, 0.671, 0.672, 0.676, 0.669, 0.672, 0.673, 0.672, 0.675, 0.669, 0.672, 0.671, 0.671, 0.674, 0.674, 0.67, 0.674, 0.671, 0.672, 0.676, 0.673, 0.675, 0.674, 0.67, 0.676, 0.671, 0.675, 0.674, 0.672, 0.674, 0.672, 0.671, 0.675, 0.67, 0.673, 0.674], "Energy": [0.01, 0.02, 0.04, 0.05, 0.07, 0.08, 0.1, 0.11, 0.13, 0.14, 0.16, 0.17, 0.19, 0.2, 0.22, 0.23, 0.25, 0.26, 0.28, 0.29, 0.31, 0.32, 0.34, 0.35, 0.37, 0.38, 0.4, 0.41, 0.42, 0.44, 0.45, 0.47, 0.48, 0.5, 0.51, 0.53, 0.54, 0.56, 0.57, 0.59, 0.6, 0.62, 0.63, 0.65, 0.66], "Frequency": [49.39, 49.39, 49.39, 49.39, 49.39, 49.39, 49.39, 49.4, 49.4, 49.4, 49.41, 49.41, 49.41, 49.41, 49.41, 49.41, 49.42, 49.42, 49.42, 49.4, 49.4, 49.4, 49.4, 49.4, 49.4, 49.39, 49.39, 49.39, 49.4, 49.4, 49.4, 49.4, 49.4, 49.4, 49.4, 49.4, 49.4, 49.41, 49.41, 49.41, 49.39, 49.39, 49.39, 49.4, 49.4], "Temp_env": []}