{"Start_Time": [1755626080.4726589], "Time": [1755626082.474987, 1755626084.477649, 1755626086.479992, 1755626088.4828894, 1755626090.4849596, 1755626092.4876747, 1755626094.4900181, 1755626096.491986, 1755626098.4941363, 1755626100.4961376, 1755626102.498796, 1755626104.501136, 1755626106.503242, 1755626108.5059502, 1755626110.5080636, 1755626112.510114, 1755626114.512254, 1755626116.5149262, 1755626118.5173166, 1755626120.5199993, 1755626122.5221584, 1755626124.5243413, 1755626126.527041, 1755626128.5293689, 1755626130.5320704, 1755626132.5342798, 1755626134.536449, 1755626136.5391243, 1755626138.5413048, 1755626140.543608, 1755626142.5461512, 1755626144.5485256, 1755626146.5512335, 1755626148.553629, 1755626150.5561702, 1755626152.558474, 1755626154.5612187, 1755626156.5636554, 1755626158.566207, 1755626160.568582, 1755626162.5713334, 1755626164.5737257, 1755626166.5763996, 1755626168.578552, 1755626170.5806208], "Voltage": [227.09, 227.3, 227.3, 227.35, 227.35, 227.46, 227.41, 227.41, 227.51, 227.46, 227.46, 227.35, 227.3, 227.25, 227.25, 227.14, 227.2, 227.25, 227.25, 227.25, 227.3, 227.35, 227.25, 227.51, 227.41, 227.51, 227.46, 227.35, 227.3, 227.25, 227.56, 227.35, 227.41, 227.56, 227.51, 227.2, 227.41, 227.35, 227.41, 227.25, 227.2, 227.3, 227.46, 227.2, 227.04], "Current": [0.18, 0.17, 0.17, 0.17, 0.17, 0.17, 0.17, 0.17, 0.18, 0.17, 0.17, 0.18, 0.17, 0.18, 0.18, 0.17, 0.18, 0.18, 0.17, 0.17, 0.17, 0.17, 0.18, 0.17, 0.18, 0.17, 0.17, 0.18, 0.17, 0.18, 0.18, 0.17, 0.18, 0.18, 0.17, 0.18, 0.17, 0.17, 0.18, 0.17, 0.18, 0.17, 0.17, 0.18, 0.17], "Real_Power": [26.02, 25.94, 25.87, 25.99, 25.78, 25.98, 26.07, 25.83, 26.15, 25.87, 25.9, 26.06, 25.9, 26.07, 25.99, 25.8, 26.13, 25.98, 25.86, 26.11, 25.85, 25.96, 26.1, 25.73, 26.0, 25.94, 25.8, 26.17, 25.9, 25.99, 26.01, 25.82, 26.03, 26.15, 25.7, 26.07, 25.9, 25.9, 26.14, 25.79, 26.01, 25.93, 25.8, 26.15, 25.85], "Apparent_Power": [40.87, 38.64, 38.64, 38.64, 38.64, 38.66, 38.65, 38.65, 40.95, 38.66, 38.66, 40.92, 38.64, 40.9, 40.9, 38.61, 40.89, 40.9, 38.63, 38.63, 38.64, 38.64, 40.9, 38.67, 40.93, 38.67, 38.66, 40.92, 38.64, 40.9, 40.96, 38.64, 40.93, 40.96, 38.67, 40.89, 38.65, 38.64, 40.93, 38.63, 40.89, 38.64, 38.66, 40.89, 38.59], "Apparent_Power_Reactive": [31.51, 28.63, 28.7, 28.59, 28.78, 28.62, 28.53, 28.75, 31.51, 28.72, 28.7, 31.54, 28.67, 31.51, 31.58, 28.72, 31.45, 31.58, 28.69, 28.47, 28.71, 28.62, 31.48, 28.86, 31.61, 28.67, 28.79, 31.45, 28.67, 31.58, 31.64, 28.74, 31.58, 31.52, 28.89, 31.5, 28.68, 28.67, 31.49, 28.76, 31.55, 28.64, 28.79, 31.43, 28.65], "Power_Factor": [0.636, 0.671, 0.669, 0.672, 0.667, 0.672, 0.674, 0.668, 0.638, 0.669, 0.669, 0.636, 0.67, 0.637, 0.635, 0.668, 0.639, 0.635, 0.669, 0.675, 0.668, 0.671, 0.638, 0.665, 0.635, 0.67, 0.667, 0.639, 0.67, 0.635, 0.635, 0.668, 0.635, 0.638, 0.664, 0.637, 0.67, 0.67, 0.638, 0.667, 0.636, 0.671, 0.667, 0.639, 0.669], "Energy": [0.01, 0.02, 0.04, 0.05, 0.07, 0.08, 0.1, 0.11, 0.13, 0.14, 0.16, 0.17, 0.18, 0.2, 0.21, 0.23, 0.24, 0.26, 0.27, 0.29, 0.3, 0.32, 0.33, 0.35, 0.36, 0.37, 0.39, 0.4, 0.42, 0.43, 0.45, 0.46, 0.48, 0.49, 0.51, 0.52, 0.53, 0.55, 0.56, 0.58, 0.59, 0.61, 0.62, 0.64, 0.65], "Frequency": [49.39, 49.4, 49.4, 49.4, 49.39, 49.39, 49.39, 49.4, 49.4, 49.4, 49.41, 49.41, 49.41, 49.43, 49.43, 49.43, 49.43, 49.43, 49.43, 49.43, 49.43, 49.43, 49.43, 49.43, 49.43, 49.43, 49.43, 49.43, 49.4, 49.4, 49.4, 49.39, 49.39, 49.39, 49.4, 49.4, 49.4, 49.41, 49.41, 49.41, 49.41, 49.41, 49.41, 49.4, 49.4], "Temp_env": []}