{"Start_Time": [1755772298.9612985], "Time": [1755772300.963749, 1755772302.9659967, 1755772304.9687283, 1755772306.9710486, 1755772308.973162, 1755772310.9758437, 1755772312.9833493, 1755772314.9858046, 1755772316.9881282, 1755772318.9958086, 1755772320.9981766, 1755772323.0008667, 1755772325.0088139, 1755772327.0110037, 1755772329.013361, 1755772331.020979, 1755772333.023399, 1755772335.0260546, 1755772337.0282028, 1755772339.0302868, 1755772341.0324156, 1755772343.0400615, 1755772345.042435, 1755772347.0450776, 1755772349.0524027, 1755772351.0550687, 1755772353.0574212, 1755772355.0652595, 1755772357.0674052, 1755772359.0694487, 1755772361.0722032, 1755772363.0744803, 1755772365.0765939, 1755772367.0843, 1755772369.0866363, 1755772371.0893414, 1755772373.0966132, 1755772375.099345, 1755772377.101654, 1755772379.1037898, 1755772381.1064925, 1755772383.108667, 1755772385.111377, 1755772387.1138813, 1755772389.1165743], "Voltage": [230.81, 230.76, 230.76, 230.76, 230.81, 230.81, 230.97, 231.02, 230.86, 230.86, 230.86, 230.81, 230.81, 229.66, 229.76, 229.66, 229.5, 229.66, 230.03, 230.03, 229.97, 229.82, 229.87, 229.92, 229.76, 229.87, 229.92, 229.87, 229.97, 230.03, 230.08, 229.97, 230.08, 230.08, 230.03, 230.03, 229.92, 230.03, 229.97, 230.03, 230.08, 229.92, 230.03, 230.13, 230.03], "Current": [0.17, 0.17, 0.17, 0.17, 0.17, 0.17, 0.17, 0.17, 0.17, 0.17, 0.17, 0.17, 0.17, 0.17, 0.17, 0.17, 0.17, 0.17, 0.17, 0.17, 0.17, 0.17, 0.17, 0.17, 0.17, 0.17, 0.17, 0.17, 0.17, 0.17, 0.17, 0.17, 0.17, 0.17, 0.17, 0.17, 0.17, 0.17, 0.17, 0.17, 0.17, 0.17, 0.17, 0.17, 0.17], "Real_Power": [26.17, 26.08, 25.86, 26.16, 25.93, 25.89, 26.07, 25.82, 26.08, 26.06, 25.83, 26.14, 25.88, 25.9, 26.1, 25.84, 25.98, 26.28, 25.69, 26.04, 25.99, 25.85, 26.04, 25.93, 26.07, 26.17, 25.84, 26.21, 26.09, 25.88, 26.18, 25.95, 25.93, 26.18, 25.9, 26.0, 26.09, 26.19, 25.96, 26.0, 26.17, 25.83, 26.13, 26.09, 25.9], "Apparent_Power": [39.23, 39.22, 39.22, 39.22, 39.23, 39.23, 39.26, 39.27, 39.24, 39.24, 39.24, 39.23, 39.23, 39.04, 39.05, 39.04, 39.01, 39.04, 39.1, 39.1, 39.09, 39.06, 39.07, 39.08, 39.05, 39.07, 39.08, 39.07, 39.09, 39.1, 39.11, 39.09, 39.11, 39.11, 39.1, 39.1, 39.08, 39.1, 39.09, 39.1, 39.11, 39.08, 39.1, 39.12, 39.1], "Apparent_Power_Reactive": [29.22, 29.29, 29.48, 29.22, 29.43, 29.47, 29.35, 29.58, 29.31, 29.33, 29.53, 29.25, 29.48, 29.21, 29.04, 29.26, 29.1, 28.87, 29.47, 29.16, 29.19, 29.28, 29.12, 29.23, 29.07, 29.01, 29.31, 28.97, 29.1, 29.3, 29.05, 29.23, 29.27, 29.05, 29.29, 29.2, 29.09, 29.03, 29.22, 29.2, 29.06, 29.32, 29.08, 29.14, 29.29], "Power_Factor": [0.667, 0.664, 0.659, 0.667, 0.66, 0.659, 0.664, 0.657, 0.664, 0.664, 0.658, 0.666, 0.659, 0.663, 0.668, 0.661, 0.665, 0.673, 0.657, 0.665, 0.664, 0.661, 0.666, 0.663, 0.667, 0.669, 0.661, 0.67, 0.667, 0.661, 0.669, 0.663, 0.663, 0.669, 0.662, 0.664, 0.667, 0.669, 0.664, 0.664, 0.669, 0.66, 0.668, 0.666, 0.662], "Energy": [0.01, 0.02, 0.04, 0.05, 0.07, 0.08, 0.1, 0.11, 0.13, 0.14, 0.16, 0.17, 0.19, 0.2, 0.21, 0.23, 0.24, 0.26, 0.27, 0.29, 0.3, 0.32, 0.33, 0.35, 0.36, 0.38, 0.39, 0.41, 0.42, 0.43, 0.45, 0.46, 0.48, 0.49, 0.51, 0.52, 0.54, 0.55, 0.57, 0.58, 0.6, 0.61, 0.63, 0.64, 0.66], "Frequency": [49.38, 49.38, 49.38, 49.38, 49.37, 49.37, 49.37, 49.35, 49.35, 49.35, 49.37, 49.37, 49.37, 49.37, 49.37, 49.37, 49.36, 49.36, 49.36, 49.37, 49.37, 49.37, 49.35, 49.35, 49.35, 49.38, 49.38, 49.38, 49.39, 49.39, 49.39, 49.37, 49.37, 49.37, 49.39, 49.39, 49.39, 49.38, 49.38, 49.38, 49.39, 49.39, 49.39, 49.39, 49.39], "Temp_env": []}