{"Start_Time": [1755557073.1468961], "Time": [1755557075.1491973, 1755557077.1514173, 1755557079.1533785, 1755557081.155298, 1755557083.1576478, 1755557085.1601844, 1755557087.1624832, 1755557089.1644769, 1755557091.1665561, 1755557093.169298, 1755557095.1715956, 1755557097.179279, 1755557099.1816356, 1755557101.1835363, 1755557103.185707, 1755557105.1877484, 1755557107.1902826, 1755557109.192419, 1755557111.1945627, 1755557113.1966789, 1755557115.1986725, 1755557117.2007828, 1755557119.208389, 1755557121.2106085, 1755557123.2127926, 1755557125.2147648, 1755557127.2166946, 1755557129.2187963, 1755557131.2207367, 1755557133.2228067, 1755557135.2247803, 1755557137.226838, 1755557139.2289917, 1755557141.2317557, 1755557143.2338474, 1755557145.2358885, 1755557147.2382355, 1755557149.2406294, 1755557151.2429786, 1755557153.2449443, 1755557155.2469943, 1755557157.249113, 1755557159.2518551, 1755557161.259109, 1755557163.2618551], "Voltage": [229.76, 229.66, 229.76, 229.71, 229.71, 229.71, 229.71, 229.66, 229.66, 229.71, 229.82, 229.61, 229.61, 229.76, 229.55, 229.66, 229.71, 229.82, 229.76, 229.5, 229.66, 229.66, 229.66, 229.71, 229.61, 229.76, 229.61, 229.71, 229.71, 229.66, 229.76, 229.71, 229.71, 229.71, 229.66, 229.76, 229.5, 229.55, 229.71, 229.66, 229.76, 229.76, 229.87, 229.71, 229.66], "Current": [0.17, 0.17, 0.17, 0.17, 0.17, 0.17, 0.17, 0.17, 0.17, 0.17, 0.17, 0.17, 0.17, 0.17, 0.17, 0.17, 0.17, 0.17, 0.17, 0.17, 0.17, 0.17, 0.17, 0.17, 0.17, 0.17, 0.17, 0.17, 0.17, 0.17, 0.17, 0.17, 0.17, 0.17, 0.17, 0.17, 0.17, 0.17, 0.17, 0.17, 0.17, 0.17, 0.17, 0.17, 0.17], "Real_Power": [26.02, 26.18, 26.18, 26.06, 26.14, 26.04, 26.05, 26.28, 26.09, 26.17, 26.21, 26.02, 26.21, 26.01, 26.05, 26.18, 26.09, 26.17, 26.21, 25.91, 26.12, 26.15, 26.12, 26.13, 25.95, 26.01, 26.12, 25.99, 26.22, 26.13, 26.07, 26.06, 26.07, 26.12, 25.98, 25.95, 26.19, 26.05, 26.03, 26.11, 26.04, 26.12, 26.14, 26.13, 26.14], "Apparent_Power": [39.05, 39.04, 39.05, 39.05, 39.05, 39.05, 39.05, 39.04, 39.04, 39.05, 39.06, 39.03, 39.03, 39.05, 39.02, 39.04, 39.05, 39.06, 39.05, 39.01, 39.04, 39.04, 39.04, 39.05, 39.03, 39.05, 39.03, 39.05, 39.05, 39.04, 39.05, 39.05, 39.05, 39.05, 39.04, 39.05, 39.01, 39.02, 39.05, 39.04, 39.05, 39.05, 39.07, 39.05, 39.04], "Apparent_Power_Reactive": [29.11, 28.96, 28.97, 29.08, 29.01, 29.1, 29.09, 28.87, 29.04, 28.98, 28.96, 29.09, 28.92, 29.12, 29.05, 28.96, 29.05, 28.99, 28.94, 29.16, 29.01, 28.98, 29.01, 29.01, 29.15, 29.12, 29.0, 29.14, 28.93, 29.0, 29.07, 29.08, 29.07, 29.02, 29.14, 29.18, 28.91, 29.05, 29.1, 29.02, 29.1, 29.02, 29.03, 29.01, 28.99], "Power_Factor": [0.666, 0.67, 0.67, 0.667, 0.669, 0.666, 0.667, 0.673, 0.668, 0.67, 0.671, 0.666, 0.671, 0.666, 0.667, 0.67, 0.668, 0.669, 0.671, 0.664, 0.669, 0.669, 0.669, 0.669, 0.664, 0.666, 0.669, 0.665, 0.671, 0.669, 0.667, 0.667, 0.667, 0.668, 0.665, 0.664, 0.671, 0.667, 0.666, 0.668, 0.666, 0.668, 0.669, 0.669, 0.669], "Energy": [0.01, 0.02, 0.04, 0.05, 0.07, 0.08, 0.1, 0.11, 0.13, 0.14, 0.16, 0.17, 0.19, 0.2, 0.22, 0.23, 0.24, 0.26, 0.27, 0.29, 0.3, 0.32, 0.33, 0.35, 0.36, 0.38, 0.39, 0.41, 0.42, 0.44, 0.45, 0.46, 0.48, 0.49, 0.51, 0.52, 0.54, 0.55, 0.57, 0.58, 0.6, 0.61, 0.63, 0.64, 0.66], "Frequency": [49.4, 49.38, 49.38, 49.38, 49.39, 49.39, 49.39, 49.39, 49.39, 49.39, 49.39, 49.39, 49.39, 49.39, 49.39, 49.39, 49.39, 49.39, 49.39, 49.39, 49.39, 49.39, 49.38, 49.38, 49.38, 49.39, 49.39, 49.39, 49.39, 49.39, 49.39, 49.38, 49.38, 49.38, 49.37, 49.37, 49.37, 49.37, 49.37, 49.37, 49.37, 49.37, 49.37, 49.37, 49.37], "Temp_env": []}