{"Start_Time": [1755524821.5444202], "Time": [1755524823.5470152, 1755524825.5491903, 1755524827.551893, 1755524829.5543182, 1755524831.5569239, 1755524833.5593183, 1755524835.5619526, 1755524837.56436, 1755524839.5669813, 1755524841.5693934, 1755524843.5720413, 1755524845.5744271, 1755524847.5770802, 1755524849.5794573, 1755524851.5821676, 1755524853.584308, 1755524855.5864208, 1755524857.5883737, 1755524859.590541, 1755524861.5932512, 1755524863.5956771, 1755524865.5981598, 1755524867.6004848, 1755524869.6031616, 1755524871.6056352, 1755524873.6083193, 1755524875.6104634, 1755524877.612489, 1755524879.6144578, 1755524881.6165943, 1755524883.6185856, 1755524885.6212983, 1755524887.623617, 1755524889.6262603, 1755524891.6286008, 1755524893.6313171, 1755524895.6336894, 1755524897.635867, 1755524899.6383379, 1755524901.6406357, 1755524903.6427026, 1755524905.6455874, 1755524907.6476853, 1755524909.6498258, 1755524911.6525354], "Voltage": [228.93, 228.77, 228.72, 228.61, 228.61, 228.66, 228.72, 228.72, 228.72, 228.77, 228.82, 228.82, 228.82, 229.03, 228.93, 228.82, 228.87, 228.82, 228.82, 228.77, 228.82, 228.82, 228.93, 228.93, 228.77, 228.87, 228.82, 228.72, 228.82, 228.72, 228.87, 228.87, 228.93, 228.93, 229.03, 228.98, 228.87, 228.77, 228.93, 228.77, 228.61, 228.72, 228.93, 228.77, 228.82], "Current": [0.17, 0.17, 0.17, 0.17, 0.17, 0.17, 0.17, 0.17, 0.17, 0.17, 0.17, 0.17, 0.17, 0.17, 0.17, 0.17, 0.17, 0.17, 0.17, 0.17, 0.17, 0.17, 0.17, 0.17, 0.17, 0.17, 0.17, 0.17, 0.17, 0.17, 0.17, 0.17, 0.17, 0.17, 0.17, 0.17, 0.17, 0.17, 0.17, 0.17, 0.17, 0.17, 0.17, 0.17, 0.17], "Real_Power": [26.13, 26.14, 26.1, 26.14, 26.15, 26.22, 26.19, 26.08, 26.05, 26.09, 26.16, 26.04, 26.07, 26.14, 26.09, 26.06, 26.08, 26.07, 26.03, 26.12, 26.08, 26.13, 26.12, 26.09, 26.12, 26.03, 26.17, 26.04, 26.09, 26.1, 26.1, 26.06, 26.17, 26.12, 26.09, 26.2, 26.19, 26.1, 26.15, 26.15, 26.13, 26.14, 26.03, 26.01, 26.15], "Apparent_Power": [38.91, 38.89, 38.88, 38.86, 38.86, 38.87, 38.88, 38.88, 38.88, 38.89, 38.89, 38.89, 38.89, 38.93, 38.91, 38.89, 38.9, 38.89, 38.89, 38.89, 38.89, 38.89, 38.91, 38.91, 38.89, 38.9, 38.89, 38.88, 38.89, 38.88, 38.9, 38.9, 38.91, 38.91, 38.93, 38.92, 38.9, 38.89, 38.91, 38.89, 38.86, 38.88, 38.91, 38.89, 38.89], "Apparent_Power_Reactive": [28.83, 28.79, 28.81, 28.75, 28.74, 28.69, 28.73, 28.83, 28.86, 28.83, 28.77, 28.88, 28.85, 28.84, 28.86, 28.86, 28.86, 28.85, 28.89, 28.81, 28.84, 28.8, 28.83, 28.86, 28.81, 28.9, 28.76, 28.87, 28.83, 28.81, 28.84, 28.88, 28.79, 28.83, 28.89, 28.78, 28.76, 28.83, 28.81, 28.78, 28.76, 28.78, 28.92, 28.91, 28.78], "Power_Factor": [0.671, 0.672, 0.671, 0.672, 0.672, 0.674, 0.673, 0.67, 0.67, 0.67, 0.672, 0.669, 0.67, 0.671, 0.67, 0.67, 0.67, 0.67, 0.669, 0.671, 0.67, 0.671, 0.671, 0.67, 0.671, 0.669, 0.672, 0.669, 0.67, 0.671, 0.67, 0.669, 0.672, 0.671, 0.67, 0.673, 0.673, 0.671, 0.672, 0.672, 0.672, 0.672, 0.668, 0.668, 0.672], "Energy": [0.01, 0.02, 0.04, 0.05, 0.07, 0.08, 0.1, 0.11, 0.13, 0.14, 0.16, 0.17, 0.19, 0.2, 0.22, 0.23, 0.25, 0.26, 0.28, 0.29, 0.3, 0.32, 0.33, 0.35, 0.36, 0.38, 0.39, 0.41, 0.42, 0.44, 0.45, 0.47, 0.48, 0.5, 0.51, 0.53, 0.54, 0.55, 0.57, 0.58, 0.6, 0.61, 0.63, 0.64, 0.66], "Frequency": [49.39, 49.39, 49.39, 49.39, 49.39, 49.39, 49.39, 49.4, 49.4, 49.4, 49.39, 49.39, 49.39, 49.39, 49.39, 49.39, 49.37, 49.37, 49.37, 49.38, 49.38, 49.38, 49.37, 49.37, 49.37, 49.39, 49.39, 49.39, 49.38, 49.38, 49.38, 49.39, 49.39, 49.39, 49.39, 49.39, 49.39, 49.39, 49.39, 49.39, 49.41, 49.41, 49.41, 49.42, 49.42], "Temp_env": []}