{"Start_Time": [1755553654.4488752], "Time": [1755553656.4510841, 1755553658.4536722, 1755553660.4560344, 1755553662.4580874, 1755553664.4607546, 1755553666.4630516, 1755553668.4657936, 1755553670.468156, 1755553672.4707797, 1755553674.473121, 1755553676.4758303, 1755553678.4781342, 1755553680.4808068, 1755553682.48314, 1755553684.4858265, 1755553686.488197, 1755553688.4908273, 1755553690.493202, 1755553692.4958591, 1755553694.498225, 1755553696.5008054, 1755553698.5031264, 1755553700.5058515, 1755553702.508238, 1755553704.5108526, 1755553706.5131838, 1755553708.5158658, 1755553710.5182495, 1755553712.520902, 1755553714.5233455, 1755553716.5259883, 1755553718.5283651, 1755553720.5309603, 1755553722.5333686, 1755553724.5359373, 1755553726.5383809, 1755553728.540962, 1755553730.5434113, 1755553732.546029, 1755553734.5483527, 1755553736.5510075, 1755553738.5533366, 1755553740.5560212, 1755553742.5583487, 1755553744.5610373], "Voltage": [229.19, 228.98, 229.03, 228.93, 229.03, 229.03, 229.08, 229.08, 229.14, 229.19, 229.19, 229.08, 229.19, 229.14, 229.19, 228.98, 229.14, 229.14, 229.08, 229.03, 229.14, 229.03, 229.03, 228.98, 229.08, 229.08, 228.93, 228.93, 229.08, 229.14, 228.98, 228.93, 228.93, 228.98, 228.93, 228.93, 228.93, 228.93, 229.14, 229.03, 228.93, 229.03, 229.03, 228.87, 228.98], "Current": [0.17, 0.17, 0.17, 0.17, 0.17, 0.17, 0.17, 0.17, 0.17, 0.17, 0.17, 0.17, 0.17, 0.17, 0.17, 0.17, 0.17, 0.17, 0.17, 0.17, 0.17, 0.17, 0.17, 0.17, 0.17, 0.17, 0.17, 0.17, 0.17, 0.17, 0.17, 0.17, 0.17, 0.17, 0.17, 0.17, 0.17, 0.17, 0.17, 0.17, 0.17, 0.17, 0.17, 0.17, 0.17], "Real_Power": [26.04, 25.94, 25.97, 26.09, 26.0, 25.96, 26.1, 25.93, 25.99, 25.96, 25.98, 25.98, 26.09, 25.91, 26.04, 25.91, 26.03, 26.02, 26.1, 26.01, 26.02, 25.97, 26.1, 25.94, 26.08, 26.11, 26.06, 26.07, 26.15, 26.02, 25.9, 26.01, 26.08, 26.03, 25.98, 25.95, 26.04, 26.04, 25.96, 26.02, 26.12, 25.96, 25.99, 26.1, 26.09], "Apparent_Power": [38.96, 38.92, 38.93, 38.91, 38.93, 38.93, 38.94, 38.94, 38.95, 38.96, 38.96, 38.94, 38.96, 38.95, 38.96, 38.92, 38.95, 38.95, 38.94, 38.93, 38.95, 38.93, 38.93, 38.92, 38.94, 38.94, 38.91, 38.91, 38.94, 38.95, 38.92, 38.91, 38.91, 38.92, 38.91, 38.91, 38.91, 38.91, 38.95, 38.93, 38.91, 38.93, 38.93, 38.9, 38.92], "Apparent_Power_Reactive": [28.97, 29.01, 29.0, 28.86, 28.97, 29.01, 28.89, 29.05, 29.01, 29.05, 29.03, 29.0, 28.93, 29.08, 28.97, 29.04, 28.97, 28.98, 28.89, 28.96, 28.98, 29.0, 28.88, 29.01, 28.91, 28.88, 28.89, 28.88, 28.85, 28.98, 29.05, 28.93, 28.87, 28.93, 28.96, 28.99, 28.91, 28.91, 29.03, 28.95, 28.83, 29.01, 28.98, 28.84, 28.88], "Power_Factor": [0.668, 0.666, 0.667, 0.67, 0.667, 0.666, 0.67, 0.665, 0.667, 0.666, 0.666, 0.667, 0.669, 0.665, 0.668, 0.665, 0.668, 0.668, 0.67, 0.668, 0.668, 0.667, 0.67, 0.666, 0.669, 0.67, 0.669, 0.67, 0.671, 0.668, 0.665, 0.668, 0.67, 0.668, 0.667, 0.666, 0.669, 0.669, 0.666, 0.668, 0.671, 0.666, 0.667, 0.67, 0.67], "Energy": [0.01, 0.02, 0.04, 0.05, 0.07, 0.08, 0.1, 0.11, 0.13, 0.14, 0.16, 0.17, 0.19, 0.2, 0.21, 0.23, 0.24, 0.26, 0.27, 0.29, 0.3, 0.32, 0.33, 0.35, 0.36, 0.38, 0.39, 0.4, 0.42, 0.43, 0.45, 0.46, 0.48, 0.49, 0.51, 0.52, 0.54, 0.55, 0.57, 0.58, 0.6, 0.61, 0.62, 0.64, 0.65], "Frequency": [49.45, 49.45, 49.45, 49.43, 49.43, 49.43, 49.41, 49.41, 49.41, 49.42, 49.42, 49.42, 49.43, 49.43, 49.43, 49.45, 49.45, 49.45, 49.44, 49.44, 49.44, 49.41, 49.41, 49.41, 49.41, 49.41, 49.41, 49.4, 49.4, 49.4, 49.41, 49.41, 49.41, 49.41, 49.41, 49.41, 49.41, 49.41, 49.41, 49.42, 49.42, 49.42, 49.43, 49.43, 49.43], "Temp_env": []}