{"Start_Time": [1755078956.2608716], "Time": [1755078958.2632952, 1755078960.2656238, 1755078962.2683182, 1755078964.2705832, 1755078966.2733326, 1755078968.2756848, 1755078970.2783735, 1755078972.2806704, 1755078974.2833905, 1755078976.2906678, 1755078978.2927566, 1755078980.2954955, 1755078982.2978528, 1755078984.3005674, 1755078986.3028197, 1755078988.30554, 1755078990.307915, 1755078992.3106039, 1755078994.3128753, 1755078996.3155732, 1755078998.317964, 1755079000.325631, 1755079002.3279579, 1755079004.3306267, 1755079006.3329263, 1755079008.3350172, 1755079010.3377318, 1755079012.340053, 1755079014.342138, 1755079016.3448942, 1755079018.347026, 1755079020.349088, 1755079022.3520186, 1755079024.3548062, 1755079026.3571787, 1755079028.3598952, 1755079030.3623686, 1755079032.3649147, 1755079034.367263, 1755079036.3699327, 1755079038.372376, 1755079040.3751185, 1755079042.3772933, 1755079044.3801322, 1755079046.382435], "Voltage": [228.45, 228.04, 228.24, 228.04, 228.4, 228.24, 228.51, 228.3, 228.3, 228.3, 228.24, 228.61, 228.45, 228.35, 228.09, 228.35, 228.09, 228.09, 228.3, 227.93, 227.93, 228.09, 227.93, 227.67, 227.77, 227.93, 227.93, 227.77, 227.88, 227.83, 227.77, 227.67, 227.98, 227.88, 228.14, 227.51, 228.14, 227.72, 227.93, 227.77, 228.45, 228.51, 228.66, 228.51, 228.51], "Current": [0.17, 0.17, 0.17, 0.17, 0.17, 0.17, 0.17, 0.17, 0.17, 0.17, 0.17, 0.17, 0.17, 0.17, 0.17, 0.17, 0.17, 0.17, 0.17, 0.17, 0.17, 0.17, 0.17, 0.17, 0.17, 0.17, 0.17, 0.17, 0.17, 0.17, 0.17, 0.17, 0.17, 0.17, 0.17, 0.17, 0.17, 0.17, 0.17, 0.17, 0.17, 0.17, 0.17, 0.17, 0.17], "Real_Power": [26.12, 25.88, 25.94, 25.96, 25.88, 26.03, 26.01, 25.97, 26.22, 25.99, 25.96, 26.03, 25.88, 26.07, 25.9, 26.15, 26.01, 25.98, 26.12, 26.07, 25.91, 26.01, 25.92, 25.94, 26.09, 25.88, 26.01, 26.03, 26.04, 26.07, 26.08, 26.02, 26.1, 26.03, 25.89, 25.94, 25.94, 25.81, 25.97, 25.98, 25.87, 25.93, 25.98, 25.9, 26.0], "Apparent_Power": [38.83, 38.76, 38.8, 38.76, 38.82, 38.8, 38.84, 38.81, 38.81, 38.81, 38.8, 38.86, 38.83, 38.81, 38.77, 38.81, 38.77, 38.77, 38.81, 38.74, 38.74, 38.77, 38.74, 38.7, 38.72, 38.74, 38.74, 38.72, 38.73, 38.73, 38.72, 38.7, 38.75, 38.73, 38.78, 38.67, 38.78, 38.71, 38.74, 38.72, 38.83, 38.84, 38.87, 38.84, 38.84], "Apparent_Power_Reactive": [28.73, 28.85, 28.85, 28.78, 28.93, 28.77, 28.84, 28.84, 28.61, 28.82, 28.83, 28.85, 28.94, 28.75, 28.84, 28.67, 28.75, 28.77, 28.7, 28.65, 28.8, 28.75, 28.79, 28.71, 28.61, 28.82, 28.71, 28.66, 28.66, 28.64, 28.61, 28.64, 28.64, 28.67, 28.87, 28.67, 28.82, 28.84, 28.74, 28.71, 28.95, 28.91, 28.91, 28.94, 28.85], "Power_Factor": [0.672, 0.667, 0.668, 0.669, 0.666, 0.67, 0.669, 0.669, 0.675, 0.669, 0.669, 0.669, 0.666, 0.671, 0.668, 0.673, 0.67, 0.67, 0.673, 0.672, 0.668, 0.67, 0.669, 0.67, 0.673, 0.668, 0.671, 0.672, 0.672, 0.673, 0.673, 0.672, 0.673, 0.672, 0.667, 0.67, 0.668, 0.666, 0.67, 0.67, 0.666, 0.667, 0.668, 0.666, 0.669], "Energy": [0.01, 0.02, 0.04, 0.05, 0.07, 0.08, 0.1, 0.11, 0.13, 0.14, 0.16, 0.17, 0.18, 0.2, 0.21, 0.23, 0.24, 0.26, 0.27, 0.29, 0.3, 0.32, 0.33, 0.35, 0.36, 0.37, 0.39, 0.4, 0.42, 0.43, 0.45, 0.46, 0.48, 0.49, 0.51, 0.52, 0.54, 0.55, 0.57, 0.58, 0.6, 0.61, 0.62, 0.64, 0.65], "Frequency": [49.42, 49.44, 49.44, 49.44, 49.42, 49.42, 49.42, 49.41, 49.41, 49.41, 49.41, 49.41, 49.41, 49.41, 49.41, 49.41, 49.42, 49.42, 49.42, 49.43, 49.43, 49.43, 49.43, 49.43, 49.43, 49.43, 49.43, 49.43, 49.43, 49.43, 49.43, 49.43, 49.43, 49.43, 49.43, 49.43, 49.43, 49.43, 49.43, 49.43, 49.42, 49.42, 49.42, 49.41, 49.41], "Temp_env": []}