{"Start_Time": [1755442523.7470298], "Time": [1755442525.749619, 1755442527.7518044, 1755442529.7539186, 1755442531.7566361, 1755442533.7589366, 1755442535.761081, 1755442537.7638142, 1755442539.7660472, 1755442541.7687714, 1755442543.771091, 1755442545.7737756, 1755442547.7760963, 1755442549.778786, 1755442551.7812479, 1755442553.7837667, 1755442555.7861168, 1755442557.788814, 1755442559.7912812, 1755442561.7938194, 1755442563.796203, 1755442565.798863, 1755442567.8013344, 1755442569.8040113, 1755442571.8061466, 1755442573.808235, 1755442575.8112333, 1755442577.813944, 1755442579.816299, 1755442581.8184204, 1755442583.8213031, 1755442585.8240845, 1755442587.8264215, 1755442589.8291225, 1755442591.8315666, 1755442593.834072, 1755442595.8364408, 1755442597.8391697, 1755442599.8417296, 1755442601.8442867, 1755442603.8465672, 1755442605.8492565, 1755442607.851659, 1755442609.8543806, 1755442611.8566458, 1755442613.8593395], "Voltage": [230.66, 230.6, 230.55, 230.6, 230.45, 230.45, 230.39, 230.29, 230.55, 230.66, 230.55, 230.5, 230.6, 230.66, 230.6, 230.5, 230.55, 230.55, 230.66, 230.6, 230.66, 230.5, 230.45, 230.5, 230.55, 230.45, 230.6, 230.66, 230.5, 230.45, 230.5, 230.5, 230.39, 230.45, 230.45, 230.45, 230.39, 230.39, 230.5, 230.5, 230.45, 230.55, 230.34, 230.29, 230.24], "Current": [0.17, 0.17, 0.17, 0.17, 0.17, 0.17, 0.17, 0.17, 0.17, 0.17, 0.17, 0.17, 0.17, 0.17, 0.17, 0.17, 0.17, 0.17, 0.17, 0.17, 0.17, 0.17, 0.17, 0.17, 0.17, 0.17, 0.17, 0.17, 0.17, 0.17, 0.17, 0.17, 0.17, 0.17, 0.17, 0.17, 0.17, 0.17, 0.17, 0.17, 0.17, 0.17, 0.17, 0.17, 0.17], "Real_Power": [26.03, 25.91, 26.08, 26.09, 25.91, 26.05, 26.04, 25.94, 26.19, 26.06, 26.02, 25.97, 25.92, 26.05, 26.15, 25.94, 26.0, 25.94, 25.89, 26.01, 25.91, 26.04, 26.06, 25.89, 26.12, 25.91, 25.94, 26.07, 25.99, 25.92, 26.06, 25.94, 26.01, 26.01, 25.97, 25.99, 25.97, 25.96, 26.1, 25.91, 26.06, 26.07, 25.79, 26.02, 26.04], "Apparent_Power": [39.21, 39.2, 39.19, 39.2, 39.17, 39.17, 39.16, 39.14, 39.19, 39.21, 39.19, 39.18, 39.2, 39.21, 39.2, 39.18, 39.19, 39.19, 39.21, 39.2, 39.21, 39.18, 39.17, 39.18, 39.19, 39.17, 39.2, 39.21, 39.18, 39.17, 39.18, 39.18, 39.16, 39.17, 39.17, 39.17, 39.16, 39.16, 39.18, 39.18, 39.17, 39.19, 39.15, 39.14, 39.14], "Apparent_Power_Reactive": [29.32, 29.41, 29.25, 29.25, 29.37, 29.25, 29.24, 29.3, 29.15, 29.29, 29.3, 29.33, 29.4, 29.3, 29.2, 29.36, 29.32, 29.37, 29.44, 29.32, 29.42, 29.27, 29.24, 29.4, 29.21, 29.37, 29.38, 29.28, 29.31, 29.36, 29.25, 29.36, 29.27, 29.28, 29.32, 29.3, 29.3, 29.31, 29.22, 29.38, 29.24, 29.26, 29.45, 29.23, 29.22], "Power_Factor": [0.663, 0.66, 0.665, 0.665, 0.661, 0.665, 0.664, 0.662, 0.668, 0.664, 0.663, 0.662, 0.661, 0.664, 0.667, 0.662, 0.663, 0.661, 0.66, 0.663, 0.66, 0.664, 0.665, 0.66, 0.666, 0.661, 0.661, 0.664, 0.663, 0.661, 0.665, 0.662, 0.664, 0.664, 0.663, 0.663, 0.663, 0.662, 0.666, 0.661, 0.665, 0.665, 0.658, 0.664, 0.665], "Energy": [0.01, 0.02, 0.04, 0.05, 0.07, 0.08, 0.1, 0.11, 0.13, 0.14, 0.16, 0.17, 0.19, 0.2, 0.21, 0.23, 0.24, 0.26, 0.27, 0.29, 0.3, 0.32, 0.33, 0.35, 0.36, 0.38, 0.39, 0.4, 0.42, 0.43, 0.45, 0.46, 0.48, 0.49, 0.51, 0.52, 0.54, 0.55, 0.57, 0.58, 0.59, 0.61, 0.62, 0.64, 0.65], "Frequency": [49.37, 49.37, 49.37, 49.36, 49.36, 49.36, 49.37, 49.37, 49.37, 49.36, 49.36, 49.36, 49.37, 49.37, 49.37, 49.38, 49.38, 49.38, 49.39, 49.39, 49.39, 49.37, 49.37, 49.37, 49.37, 49.37, 49.37, 49.38, 49.38, 49.38, 49.38, 49.38, 49.38, 49.37, 49.37, 49.37, 49.39, 49.39, 49.39, 49.37, 49.37, 49.37, 49.39, 49.39, 49.39], "Temp_env": []}