{"Start_Time": [1755587474.8620632], "Time": [1755587476.8643277, 1755587478.8671384, 1755587480.8692918, 1755587482.8712673, 1755587484.8733382, 1755587486.8754942, 1755587488.883092, 1755587490.8855665, 1755587492.888133, 1755587494.8956237, 1755587496.8981526, 1755587498.900448, 1755587500.9081428, 1755587502.910518, 1755587504.9132307, 1755587506.9156888, 1755587508.918231, 1755587510.9206092, 1755587512.9226692, 1755587514.9255483, 1755587516.9275799, 1755587518.9356852, 1755587520.9383786, 1755587522.9407, 1755587524.9433534, 1755587526.9457917, 1755587528.9478157, 1755587530.9556737, 1755587532.957701, 1755587534.9597495, 1755587536.967479, 1755587538.9698377, 1755587540.9725456, 1755587542.9805129, 1755587544.9828963, 1755587546.9858053, 1755587548.9878447, 1755587550.9899325, 1755587552.9926288, 1755587554.9999113, 1755587557.0026286, 1755587559.0049741, 1755587561.0127847, 1755587563.0149357, 1755587565.0170655], "Voltage": [229.35, 229.19, 229.08, 229.24, 229.19, 229.35, 229.14, 229.19, 229.14, 229.03, 229.19, 229.24, 229.29, 228.98, 229.14, 229.35, 229.45, 229.4, 229.45, 229.61, 229.61, 229.66, 229.61, 229.87, 229.55, 229.5, 229.35, 229.45, 229.5, 229.5, 229.45, 229.35, 229.24, 229.08, 229.14, 229.14, 229.08, 229.03, 229.03, 229.14, 229.14, 229.24, 229.4, 229.45, 229.19], "Current": [0.17, 0.17, 0.17, 0.17, 0.17, 0.17, 0.17, 0.17, 0.17, 0.17, 0.17, 0.17, 0.17, 0.17, 0.17, 0.17, 0.17, 0.17, 0.17, 0.17, 0.17, 0.17, 0.17, 0.17, 0.17, 0.17, 0.17, 0.17, 0.17, 0.17, 0.17, 0.17, 0.17, 0.17, 0.17, 0.17, 0.17, 0.17, 0.17, 0.17, 0.17, 0.17, 0.17, 0.17, 0.17], "Real_Power": [26.06, 26.01, 25.96, 26.03, 26.0, 26.09, 25.91, 26.17, 26.02, 25.99, 26.09, 25.85, 26.05, 26.01, 25.99, 26.09, 26.02, 26.09, 26.07, 25.97, 26.0, 25.91, 26.11, 26.06, 26.09, 26.04, 25.91, 26.08, 25.95, 25.89, 26.12, 25.9, 26.2, 26.07, 26.01, 26.12, 25.91, 25.91, 26.02, 26.04, 26.07, 26.01, 26.23, 26.23, 25.99], "Apparent_Power": [38.98, 38.96, 38.94, 38.97, 38.96, 38.98, 38.95, 38.96, 38.95, 38.93, 38.96, 38.97, 38.97, 38.92, 38.95, 38.98, 39.0, 38.99, 39.0, 39.03, 39.03, 39.04, 39.03, 39.07, 39.02, 39.01, 38.98, 39.0, 39.01, 39.01, 39.0, 38.98, 38.97, 38.94, 38.95, 38.95, 38.94, 38.93, 38.93, 38.95, 38.95, 38.97, 38.99, 39.0, 38.96], "Apparent_Power_Reactive": [28.98, 29.0, 29.02, 29.0, 29.01, 28.96, 29.08, 28.86, 28.98, 28.98, 28.93, 29.16, 28.98, 28.95, 29.01, 28.96, 29.05, 28.97, 29.0, 29.13, 29.1, 29.2, 29.01, 29.1, 29.01, 29.04, 29.12, 28.99, 29.12, 29.18, 28.96, 29.13, 28.84, 28.92, 28.99, 28.89, 29.06, 29.05, 28.95, 28.96, 28.93, 29.01, 28.84, 28.86, 29.02], "Power_Factor": [0.668, 0.667, 0.666, 0.667, 0.667, 0.669, 0.665, 0.671, 0.668, 0.667, 0.669, 0.663, 0.668, 0.668, 0.667, 0.669, 0.667, 0.669, 0.668, 0.665, 0.666, 0.663, 0.668, 0.667, 0.668, 0.667, 0.664, 0.668, 0.665, 0.663, 0.669, 0.664, 0.672, 0.669, 0.667, 0.67, 0.665, 0.665, 0.668, 0.668, 0.669, 0.667, 0.672, 0.672, 0.667], "Energy": [0.01, 0.02, 0.04, 0.05, 0.07, 0.08, 0.1, 0.11, 0.13, 0.14, 0.16, 0.17, 0.19, 0.2, 0.21, 0.23, 0.24, 0.26, 0.27, 0.29, 0.3, 0.32, 0.33, 0.35, 0.36, 0.38, 0.39, 0.41, 0.42, 0.44, 0.45, 0.46, 0.48, 0.49, 0.51, 0.52, 0.54, 0.55, 0.57, 0.58, 0.6, 0.61, 0.63, 0.64, 0.65], "Frequency": [49.44, 49.43, 49.43, 49.43, 49.43, 49.43, 49.43, 49.42, 49.42, 49.42, 49.4, 49.4, 49.4, 49.42, 49.42, 49.42, 49.46, 49.46, 49.46, 49.47, 49.47, 49.48, 49.48, 49.48, 49.48, 49.48, 49.48, 49.48, 49.48, 49.48, 49.47, 49.47, 49.47, 49.46, 49.46, 49.46, 49.45, 49.45, 49.45, 49.43, 49.43, 49.43, 49.45, 49.45, 49.45], "Temp_env": []}