{"Start_Time": [1755584899.6099389], "Time": [1755584901.612289, 1755584903.614825, 1755584905.6171842, 1755584907.6198437, 1755584909.6222465, 1755584911.6250324, 1755584913.6271763, 1755584915.6292212, 1755584917.6320798, 1755584919.634444, 1755584921.6370897, 1755584923.639489, 1755584925.6422732, 1755584927.6444097, 1755584929.6471047, 1755584931.649429, 1755584933.6522965, 1755584935.6543653, 1755584937.6564734, 1755584939.6592128, 1755584941.661516, 1755584943.6636815, 1755584945.6663053, 1755584947.6684995, 1755584949.670592, 1755584951.6732316, 1755584953.6756175, 1755584955.6777344, 1755584957.6804066, 1755584959.682893, 1755584961.6853955, 1755584963.6877463, 1755584965.6904287, 1755584967.6929593, 1755584969.6954472, 1755584971.697731, 1755584973.6997936, 1755584975.7026858, 1755584977.7047753, 1755584979.7068462, 1755584981.709596, 1755584983.7118979, 1755584985.7145896, 1755584987.7168803, 1755584989.7190251], "Voltage": [228.19, 228.19, 228.35, 228.19, 228.14, 228.14, 228.19, 228.24, 228.14, 228.04, 228.09, 228.09, 228.09, 228.19, 228.09, 228.19, 228.19, 228.24, 228.14, 228.09, 228.04, 228.04, 228.04, 228.04, 228.19, 228.24, 228.35, 228.14, 227.93, 228.04, 228.19, 228.14, 228.09, 228.19, 228.14, 228.04, 228.04, 227.88, 227.93, 227.93, 227.98, 228.04, 227.98, 227.98, 227.98], "Current": [0.17, 0.17, 0.17, 0.17, 0.17, 0.17, 0.17, 0.17, 0.17, 0.17, 0.17, 0.17, 0.17, 0.17, 0.17, 0.17, 0.17, 0.17, 0.17, 0.17, 0.17, 0.17, 0.17, 0.17, 0.17, 0.17, 0.17, 0.17, 0.17, 0.17, 0.17, 0.17, 0.17, 0.17, 0.17, 0.17, 0.17, 0.17, 0.17, 0.17, 0.17, 0.17, 0.17, 0.17, 0.17], "Real_Power": [26.0, 26.05, 25.96, 25.82, 26.02, 26.08, 25.93, 26.08, 26.02, 25.94, 26.14, 25.9, 25.93, 25.92, 25.95, 25.98, 25.92, 26.07, 26.0, 26.01, 25.97, 25.97, 25.96, 25.98, 25.85, 26.05, 26.01, 25.89, 25.96, 25.96, 26.07, 25.92, 25.95, 26.0, 25.97, 26.1, 25.95, 25.92, 25.96, 25.93, 26.06, 25.91, 25.89, 25.96, 25.89], "Apparent_Power": [38.79, 38.79, 38.81, 38.79, 38.78, 38.78, 38.79, 38.8, 38.78, 38.76, 38.77, 38.77, 38.77, 38.79, 38.77, 38.79, 38.79, 38.8, 38.78, 38.77, 38.76, 38.76, 38.76, 38.76, 38.79, 38.8, 38.81, 38.78, 38.74, 38.76, 38.79, 38.78, 38.77, 38.79, 38.78, 38.76, 38.76, 38.73, 38.74, 38.74, 38.75, 38.76, 38.75, 38.75, 38.75], "Apparent_Power_Reactive": [28.78, 28.74, 28.84, 28.94, 28.75, 28.7, 28.84, 28.72, 28.75, 28.8, 28.63, 28.84, 28.82, 28.85, 28.8, 28.8, 28.85, 28.73, 28.77, 28.75, 28.77, 28.77, 28.78, 28.76, 28.92, 28.75, 28.8, 28.87, 28.75, 28.78, 28.72, 28.84, 28.8, 28.78, 28.8, 28.65, 28.79, 28.77, 28.75, 28.78, 28.67, 28.82, 28.83, 28.76, 28.83], "Power_Factor": [0.67, 0.671, 0.668, 0.665, 0.67, 0.672, 0.668, 0.672, 0.67, 0.669, 0.674, 0.668, 0.668, 0.668, 0.669, 0.669, 0.668, 0.671, 0.67, 0.67, 0.67, 0.67, 0.669, 0.67, 0.666, 0.671, 0.67, 0.667, 0.67, 0.669, 0.672, 0.668, 0.669, 0.67, 0.669, 0.673, 0.669, 0.669, 0.67, 0.669, 0.672, 0.668, 0.668, 0.669, 0.668], "Energy": [0.01, 0.02, 0.04, 0.05, 0.07, 0.08, 0.1, 0.11, 0.13, 0.14, 0.16, 0.17, 0.18, 0.2, 0.21, 0.23, 0.24, 0.26, 0.27, 0.29, 0.3, 0.32, 0.33, 0.35, 0.36, 0.37, 0.39, 0.4, 0.42, 0.43, 0.45, 0.46, 0.48, 0.49, 0.51, 0.52, 0.54, 0.55, 0.56, 0.58, 0.59, 0.61, 0.62, 0.64, 0.65], "Frequency": [49.43, 49.43, 49.43, 49.43, 49.44, 49.44, 49.44, 49.44, 49.44, 49.44, 49.43, 49.43, 49.43, 49.43, 49.43, 49.43, 49.43, 49.43, 49.43, 49.43, 49.43, 49.43, 49.43, 49.43, 49.43, 49.42, 49.42, 49.42, 49.42, 49.42, 49.42, 49.42, 49.42, 49.42, 49.42, 49.42, 49.42, 49.42, 49.42, 49.42, 49.42, 49.42, 49.42, 49.42, 49.42], "Temp_env": []}