{"Start_Time": [1755461357.483033], "Time": [1755461359.4851074, 1755461361.487338, 1755461363.4898, 1755461365.4920843, 1755461367.4942005, 1755461369.4970503, 1755461371.4991791, 1755461373.5018876, 1755461375.5042574, 1755461377.5071082, 1755461379.50922, 1755461381.5119524, 1755461383.5143154, 1755461385.517128, 1755461387.5250618, 1755461389.5273619, 1755461391.5299103, 1755461393.5322113, 1755461395.534326, 1755461397.5372016, 1755461399.53936, 1755461401.5419705, 1755461403.5442905, 1755461405.5471845, 1755461407.5492988, 1755461409.5519814, 1755461411.5542953, 1755461413.5571892, 1755461415.560003, 1755461417.5623348, 1755461419.565056, 1755461421.567513, 1755461423.5700169, 1755461425.5724018, 1755461427.5750897, 1755461429.5774937, 1755461431.5800486, 1755461433.5823588, 1755461435.5850618, 1755461437.5875149, 1755461439.5900657, 1755461441.5923944, 1755461443.595098, 1755461445.597488, 1755461447.600188], "Voltage": [229.24, 229.19, 229.24, 229.08, 229.19, 229.24, 229.19, 229.24, 229.14, 229.29, 229.29, 229.24, 229.4, 229.29, 229.4, 229.35, 229.35, 229.35, 229.24, 229.29, 229.45, 229.29, 229.29, 229.35, 229.35, 229.14, 229.24, 229.29, 229.35, 229.29, 229.4, 229.4, 229.4, 229.24, 229.29, 229.29, 229.14, 229.24, 229.24, 229.35, 229.29, 229.35, 229.45, 229.35, 229.35], "Current": [0.17, 0.17, 0.17, 0.17, 0.17, 0.17, 0.17, 0.17, 0.17, 0.17, 0.17, 0.17, 0.17, 0.17, 0.17, 0.17, 0.17, 0.18, 0.17, 0.17, 0.17, 0.17, 0.17, 0.17, 0.17, 0.17, 0.17, 0.17, 0.17, 0.17, 0.17, 0.17, 0.17, 0.17, 0.17, 0.17, 0.17, 0.17, 0.17, 0.17, 0.18, 0.17, 0.17, 0.17, 0.17], "Real_Power": [26.12, 26.17, 26.05, 26.03, 26.25, 26.3, 26.1, 26.28, 26.17, 26.14, 26.23, 26.06, 26.29, 26.11, 26.23, 26.13, 26.17, 26.4, 26.25, 26.1, 26.21, 26.13, 26.13, 26.33, 26.03, 26.19, 26.22, 26.28, 26.2, 26.12, 26.14, 26.15, 26.27, 26.17, 26.12, 26.21, 26.09, 26.27, 26.24, 26.31, 26.41, 26.16, 26.21, 26.22, 26.04], "Apparent_Power": [38.97, 38.96, 38.97, 38.94, 38.96, 38.97, 38.96, 38.97, 38.95, 38.97, 38.97, 38.97, 38.99, 38.97, 38.99, 38.98, 38.98, 41.28, 38.97, 38.97, 39.0, 38.97, 38.97, 38.98, 38.98, 38.95, 38.97, 38.97, 38.98, 38.97, 38.99, 38.99, 38.99, 38.97, 38.97, 38.97, 38.95, 38.97, 38.97, 38.98, 41.27, 38.98, 39.0, 38.98, 38.98], "Apparent_Power_Reactive": [28.92, 28.86, 28.98, 28.96, 28.78, 28.75, 28.92, 28.77, 28.84, 28.9, 28.82, 28.97, 28.79, 28.92, 28.84, 28.92, 28.88, 31.73, 28.8, 28.93, 28.87, 28.91, 28.91, 28.74, 29.01, 28.83, 28.83, 28.77, 28.86, 28.92, 28.92, 28.92, 28.81, 28.87, 28.92, 28.83, 28.92, 28.78, 28.81, 28.76, 31.71, 28.89, 28.87, 28.84, 29.0], "Power_Factor": [0.67, 0.671, 0.668, 0.668, 0.673, 0.674, 0.669, 0.674, 0.671, 0.67, 0.673, 0.668, 0.674, 0.67, 0.672, 0.67, 0.671, 0.639, 0.673, 0.669, 0.672, 0.67, 0.67, 0.675, 0.667, 0.672, 0.672, 0.674, 0.672, 0.67, 0.67, 0.67, 0.673, 0.671, 0.67, 0.672, 0.669, 0.674, 0.673, 0.674, 0.639, 0.671, 0.672, 0.672, 0.668], "Energy": [0.01, 0.02, 0.04, 0.05, 0.07, 0.08, 0.1, 0.11, 0.13, 0.14, 0.16, 0.17, 0.19, 0.2, 0.22, 0.23, 0.25, 0.26, 0.27, 0.29, 0.3, 0.32, 0.33, 0.35, 0.36, 0.38, 0.39, 0.41, 0.42, 0.44, 0.45, 0.47, 0.48, 0.5, 0.51, 0.53, 0.54, 0.56, 0.57, 0.58, 0.6, 0.61, 0.63, 0.64, 0.66], "Frequency": [49.39, 49.39, 49.39, 49.4, 49.4, 49.4, 49.4, 49.4, 49.4, 49.4, 49.4, 49.4, 49.41, 49.41, 49.41, 49.41, 49.41, 49.41, 49.43, 49.43, 49.43, 49.43, 49.43, 49.43, 49.42, 49.42, 49.42, 49.43, 49.43, 49.43, 49.43, 49.43, 49.43, 49.42, 49.42, 49.42, 49.43, 49.43, 49.43, 49.43, 49.43, 49.43, 49.44, 49.44, 49.44], "Temp_env": []}