{"Start_Time": [1755126852.1872847], "Time": [1755126854.1894987, 1755126856.1917002, 1755126858.1938095, 1755126860.1957843, 1755126862.1984882, 1755126864.2009242, 1755126866.2086535, 1755126868.2111266, 1755126870.213561, 1755126872.221049, 1755126874.2236018, 1755126876.2259014, 1755126878.2280226, 1755126880.23089, 1755126882.2329228, 1755126884.235085, 1755126886.2377646, 1755126888.2399585, 1755126890.2478092, 1755126892.2501345, 1755126894.2528021, 1755126896.2551036, 1755126898.2577865, 1755126900.2601027, 1755126902.2628255, 1755126904.265206, 1755126906.2678769, 1755126908.2702248, 1755126910.272878, 1755126912.2752283, 1755126914.2779224, 1755126916.2802677, 1755126918.2829552, 1755126920.2853384, 1755126922.2879982, 1755126924.2903025, 1755126926.2929907, 1755126928.295346, 1755126930.2974243, 1755126932.3000917, 1755126934.3024075, 1755126936.3051343, 1755126938.3074553, 1755126940.3102112, 1755126942.3130763], "Voltage": [228.66, 228.61, 228.56, 228.61, 228.19, 228.09, 228.09, 228.19, 227.98, 228.14, 228.04, 228.19, 228.09, 228.19, 228.19, 228.3, 228.14, 228.19, 228.24, 228.3, 228.3, 228.3, 228.24, 228.19, 228.14, 228.19, 228.24, 228.24, 228.19, 228.14, 228.19, 228.3, 228.3, 228.35, 228.19, 228.3, 228.09, 228.19, 228.24, 228.3, 228.19, 228.3, 228.14, 228.14, 228.24], "Current": [0.17, 0.17, 0.17, 0.17, 0.17, 0.17, 0.17, 0.17, 0.17, 0.17, 0.17, 0.17, 0.17, 0.17, 0.17, 0.17, 0.17, 0.17, 0.17, 0.17, 0.17, 0.17, 0.17, 0.17, 0.17, 0.17, 0.17, 0.17, 0.17, 0.17, 0.17, 0.17, 0.17, 0.17, 0.17, 0.17, 0.17, 0.17, 0.17, 0.17, 0.17, 0.17, 0.17, 0.17, 0.17], "Real_Power": [25.67, 25.45, 26.04, 25.48, 25.58, 26.08, 25.34, 25.66, 25.8, 25.48, 25.74, 25.62, 25.57, 25.8, 25.65, 25.62, 25.58, 25.66, 25.49, 25.54, 25.92, 25.59, 25.54, 25.82, 25.45, 25.66, 25.85, 25.51, 25.61, 25.91, 25.5, 25.67, 25.73, 25.58, 25.64, 25.78, 25.51, 25.76, 25.8, 25.6, 25.63, 25.8, 25.68, 25.57, 25.81], "Apparent_Power": [38.87, 38.86, 38.85, 38.86, 38.79, 38.77, 38.77, 38.79, 38.75, 38.78, 38.76, 38.79, 38.77, 38.79, 38.79, 38.81, 38.78, 38.79, 38.8, 38.81, 38.81, 38.81, 38.8, 38.79, 38.78, 38.79, 38.8, 38.8, 38.79, 38.78, 38.79, 38.81, 38.81, 38.81, 38.79, 38.81, 38.77, 38.79, 38.8, 38.81, 38.79, 38.81, 38.78, 38.78, 38.8], "Apparent_Power_Reactive": [29.18, 29.36, 28.83, 29.34, 29.16, 28.68, 29.34, 29.09, 28.91, 29.23, 28.97, 29.12, 29.14, 28.96, 29.09, 29.15, 29.14, 29.09, 29.25, 29.22, 28.88, 29.17, 29.2, 28.94, 29.26, 29.09, 28.93, 29.23, 29.13, 28.85, 29.23, 29.1, 29.05, 29.18, 29.1, 29.01, 29.19, 29.0, 28.97, 29.16, 29.11, 28.99, 29.05, 29.15, 28.97], "Power_Factor": [0.66, 0.654, 0.67, 0.655, 0.659, 0.672, 0.653, 0.661, 0.665, 0.657, 0.664, 0.66, 0.659, 0.665, 0.661, 0.66, 0.659, 0.661, 0.656, 0.658, 0.667, 0.659, 0.658, 0.665, 0.656, 0.661, 0.666, 0.657, 0.66, 0.668, 0.657, 0.661, 0.662, 0.659, 0.66, 0.664, 0.657, 0.664, 0.664, 0.659, 0.66, 0.664, 0.662, 0.659, 0.665], "Energy": [0.01, 0.02, 0.04, 0.05, 0.07, 0.08, 0.1, 0.11, 0.13, 0.14, 0.15, 0.17, 0.18, 0.2, 0.21, 0.23, 0.24, 0.25, 0.27, 0.28, 0.3, 0.31, 0.33, 0.34, 0.36, 0.37, 0.38, 0.4, 0.41, 0.43, 0.44, 0.46, 0.47, 0.49, 0.5, 0.51, 0.53, 0.54, 0.56, 0.57, 0.59, 0.6, 0.62, 0.63, 0.64], "Frequency": [49.4, 49.4, 49.4, 49.4, 49.4, 49.4, 49.41, 49.41, 49.41, 49.39, 49.39, 49.39, 49.4, 49.4, 49.4, 49.39, 49.39, 49.39, 49.4, 49.4, 49.4, 49.42, 49.42, 49.42, 49.43, 49.43, 49.43, 49.42, 49.42, 49.42, 49.43, 49.43, 49.43, 49.43, 49.43, 49.43, 49.42, 49.42, 49.42, 49.41, 49.41, 49.41, 49.41, 49.41, 49.41], "Temp_env": []}