{"Start_Time": [1755780461.9093935], "Time": [1755780463.9115472, 1755780465.9143765, 1755780467.9165258, 1755780469.9243731, 1755780471.9266691, 1755780473.9294035, 1755780475.937401, 1755780477.939749, 1755780479.9426446, 1755780481.950447, 1755780483.9528549, 1755780485.9556026, 1755780487.9629927, 1755780489.9655633, 1755780491.9678874, 1755780493.9706054, 1755780495.9730406, 1755780497.9756298, 1755780499.9830325, 1755780501.9855638, 1755780503.9879138, 1755780505.990633, 1755780507.9930835, 1755780509.9957793, 1755780512.0030954, 1755780514.0058105, 1755780516.0079422, 1755780518.0157235, 1755780520.018057, 1755780522.0208907, 1755780524.028764, 1755780526.0310845, 1755780528.033238, 1755780530.035979, 1755780532.0380924, 1755780534.040115, 1755780536.048019, 1755780538.050194, 1755780540.052344, 1755780542.054983, 1755780544.0573366, 1755780546.0649817, 1755780548.0673628, 1755780550.070185, 1755780552.0722983], "Voltage": [227.56, 227.67, 227.77, 227.72, 227.72, 227.77, 227.77, 227.83, 227.67, 227.72, 227.77, 227.77, 227.88, 227.72, 227.72, 227.67, 227.72, 227.62, 227.51, 227.51, 227.35, 227.51, 227.41, 227.51, 227.72, 227.46, 227.67, 227.56, 227.56, 227.46, 227.46, 227.51, 227.56, 227.56, 227.67, 227.41, 227.62, 227.51, 227.67, 227.67, 227.51, 227.51, 227.62, 227.56, 227.56], "Current": [0.17, 0.17, 0.17, 0.17, 0.17, 0.17, 0.17, 0.17, 0.17, 0.17, 0.17, 0.17, 0.17, 0.17, 0.17, 0.17, 0.17, 0.17, 0.17, 0.17, 0.17, 0.17, 0.17, 0.17, 0.17, 0.17, 0.17, 0.17, 0.17, 0.17, 0.17, 0.18, 0.17, 0.17, 0.17, 0.17, 0.17, 0.17, 0.17, 0.17, 0.17, 0.17, 0.17, 0.17, 0.17], "Real_Power": [25.92, 26.18, 26.11, 26.09, 26.14, 26.04, 26.09, 26.15, 25.83, 26.16, 26.17, 26.0, 26.2, 26.1, 26.08, 26.11, 26.02, 26.16, 26.24, 25.92, 26.08, 26.16, 25.95, 26.16, 26.04, 26.06, 26.3, 26.0, 26.16, 26.11, 26.02, 26.43, 26.13, 26.07, 26.17, 26.06, 26.22, 26.11, 26.04, 26.12, 26.06, 26.15, 26.06, 26.0, 26.04], "Apparent_Power": [38.68, 38.7, 38.72, 38.71, 38.71, 38.72, 38.72, 38.73, 38.7, 38.71, 38.72, 38.72, 38.73, 38.71, 38.71, 38.7, 38.71, 38.69, 38.67, 38.67, 38.64, 38.67, 38.65, 38.67, 38.71, 38.66, 38.7, 38.68, 38.68, 38.66, 38.66, 40.95, 38.68, 38.68, 38.7, 38.65, 38.69, 38.67, 38.7, 38.7, 38.67, 38.67, 38.69, 38.68, 38.68], "Apparent_Power_Reactive": [28.71, 28.5, 28.59, 28.59, 28.55, 28.65, 28.61, 28.56, 28.81, 28.53, 28.53, 28.69, 28.52, 28.58, 28.6, 28.56, 28.66, 28.5, 28.4, 28.69, 28.51, 28.47, 28.64, 28.47, 28.64, 28.55, 28.39, 28.63, 28.49, 28.51, 28.59, 31.27, 28.51, 28.57, 28.51, 28.54, 28.45, 28.52, 28.62, 28.55, 28.57, 28.48, 28.59, 28.63, 28.6], "Power_Factor": [0.67, 0.676, 0.674, 0.673, 0.675, 0.672, 0.673, 0.675, 0.667, 0.675, 0.675, 0.671, 0.676, 0.674, 0.673, 0.674, 0.672, 0.676, 0.678, 0.67, 0.674, 0.676, 0.671, 0.676, 0.672, 0.674, 0.679, 0.672, 0.676, 0.675, 0.673, 0.645, 0.675, 0.673, 0.676, 0.674, 0.677, 0.675, 0.672, 0.674, 0.673, 0.676, 0.673, 0.672, 0.673], "Energy": [0.01, 0.02, 0.04, 0.05, 0.07, 0.08, 0.1, 0.11, 0.13, 0.14, 0.16, 0.17, 0.19, 0.2, 0.22, 0.23, 0.24, 0.26, 0.27, 0.29, 0.3, 0.32, 0.33, 0.35, 0.36, 0.38, 0.39, 0.41, 0.42, 0.44, 0.45, 0.46, 0.48, 0.49, 0.51, 0.52, 0.54, 0.55, 0.57, 0.58, 0.6, 0.61, 0.63, 0.64, 0.66], "Frequency": [49.39, 49.39, 49.39, 49.39, 49.39, 49.39, 49.38, 49.38, 49.38, 49.38, 49.38, 49.38, 49.38, 49.38, 49.38, 49.39, 49.39, 49.39, 49.36, 49.36, 49.36, 49.36, 49.36, 49.36, 49.37, 49.37, 49.37, 49.38, 49.38, 49.38, 49.38, 49.38, 49.38, 49.37, 49.37, 49.37, 49.4, 49.4, 49.4, 49.39, 49.39, 49.39, 49.39, 49.39, 49.39], "Temp_env": []}