{"Start_Time": [1755734115.6449971], "Time": [1755734117.647368, 1755734119.6502867, 1755734121.6523535, 1755734123.6550584, 1755734125.657428, 1755734127.6603043, 1755734129.6623764, 1755734131.6645257, 1755734133.6672113, 1755734135.6695929, 1755734137.6722925, 1755734139.6746638, 1755734141.6773946, 1755734143.679537, 1755734145.681667, 1755734147.6843677, 1755734149.6867254, 1755734151.689423, 1755734153.6917048, 1755734155.693742, 1755734157.6958578, 1755734159.6985862, 1755734161.7010348, 1755734163.7037008, 1755734165.7059062, 1755734167.707974, 1755734169.7108874, 1755734171.713009, 1755734173.7150526, 1755734175.7177951, 1755734177.720184, 1755734179.7228632, 1755734181.725288, 1755734183.727954, 1755734185.7302887, 1755734187.732989, 1755734189.7354136, 1755734191.7381325, 1755734193.7403708, 1755734195.7424173, 1755734197.7451258, 1755734199.7474616, 1755734201.7502167, 1755734203.7525997, 1755734205.7553527], "Voltage": [229.92, 229.97, 229.97, 229.92, 229.82, 229.92, 229.87, 229.92, 229.87, 229.87, 230.08, 229.92, 230.03, 229.97, 229.92, 229.97, 229.92, 230.03, 229.87, 229.82, 229.76, 229.82, 229.71, 229.87, 229.76, 229.76, 229.76, 229.87, 229.76, 229.76, 229.66, 229.87, 229.87, 229.87, 229.76, 229.87, 229.87, 229.87, 229.82, 229.87, 229.87, 229.92, 229.97, 230.03, 229.97], "Current": [0.17, 0.17, 0.17, 0.17, 0.17, 0.17, 0.17, 0.17, 0.17, 0.17, 0.17, 0.17, 0.17, 0.17, 0.17, 0.17, 0.17, 0.17, 0.17, 0.17, 0.17, 0.17, 0.17, 0.17, 0.17, 0.17, 0.17, 0.17, 0.17, 0.17, 0.17, 0.17, 0.17, 0.17, 0.17, 0.17, 0.17, 0.17, 0.17, 0.17, 0.17, 0.17, 0.17, 0.17, 0.17], "Real_Power": [26.03, 25.76, 25.9, 26.06, 26.05, 26.02, 25.92, 25.97, 25.97, 25.89, 26.12, 25.95, 25.81, 26.04, 25.9, 26.06, 26.02, 25.92, 25.97, 26.01, 26.06, 25.97, 26.16, 26.05, 25.95, 26.01, 25.9, 26.03, 26.07, 25.95, 26.09, 25.92, 25.96, 25.94, 25.88, 26.01, 26.02, 25.82, 26.08, 25.84, 26.06, 25.89, 25.9, 26.06, 25.98], "Apparent_Power": [39.08, 39.09, 39.09, 39.08, 39.06, 39.08, 39.07, 39.08, 39.07, 39.07, 39.11, 39.08, 39.1, 39.09, 39.08, 39.09, 39.08, 39.1, 39.07, 39.06, 39.05, 39.06, 39.05, 39.07, 39.05, 39.05, 39.05, 39.07, 39.05, 39.05, 39.04, 39.07, 39.07, 39.07, 39.05, 39.07, 39.07, 39.07, 39.06, 39.07, 39.07, 39.08, 39.09, 39.1, 39.09], "Apparent_Power_Reactive": [29.14, 29.4, 29.27, 29.12, 29.1, 29.15, 29.23, 29.2, 29.18, 29.26, 29.1, 29.22, 29.37, 29.15, 29.26, 29.13, 29.15, 29.27, 29.18, 29.14, 29.08, 29.17, 28.99, 29.11, 29.18, 29.12, 29.22, 29.13, 29.07, 29.18, 29.04, 29.23, 29.19, 29.21, 29.24, 29.15, 29.14, 29.32, 29.07, 29.3, 29.1, 29.27, 29.27, 29.14, 29.2], "Power_Factor": [0.666, 0.658, 0.662, 0.666, 0.666, 0.665, 0.663, 0.664, 0.664, 0.662, 0.667, 0.664, 0.66, 0.666, 0.662, 0.666, 0.665, 0.662, 0.664, 0.665, 0.667, 0.664, 0.669, 0.666, 0.664, 0.666, 0.663, 0.666, 0.667, 0.664, 0.668, 0.663, 0.664, 0.663, 0.662, 0.665, 0.665, 0.66, 0.667, 0.661, 0.667, 0.662, 0.662, 0.666, 0.664], "Energy": [0.01, 0.02, 0.04, 0.05, 0.07, 0.08, 0.1, 0.11, 0.13, 0.14, 0.16, 0.17, 0.18, 0.2, 0.21, 0.23, 0.24, 0.26, 0.27, 0.29, 0.3, 0.32, 0.33, 0.35, 0.36, 0.38, 0.39, 0.41, 0.42, 0.43, 0.45, 0.46, 0.48, 0.49, 0.51, 0.52, 0.54, 0.55, 0.57, 0.58, 0.6, 0.61, 0.62, 0.64, 0.65], "Frequency": [49.41, 49.43, 49.43, 49.43, 49.45, 49.45, 49.45, 49.46, 49.46, 49.46, 49.46, 49.46, 49.46, 49.43, 49.43, 49.43, 49.42, 49.42, 49.42, 49.41, 49.41, 49.41, 49.42, 49.42, 49.42, 49.41, 49.41, 49.41, 49.39, 49.39, 49.39, 49.42, 49.42, 49.42, 49.41, 49.41, 49.41, 49.41, 49.41, 49.41, 49.4, 49.4, 49.4, 49.42, 49.42], "Temp_env": []}