{"Start_Time": [1755301453.4832954], "Time": [1755301455.4853015, 1755301457.4879646, 1755301459.4902399, 1755301461.492964, 1755301463.4952748, 1755301465.497979, 1755301467.500183, 1755301469.5022461, 1755301471.5043445, 1755301473.5070958, 1755301475.5094106, 1755301477.5120718, 1755301479.5144129, 1755301481.5171323, 1755301483.5194805, 1755301485.522189, 1755301487.524312, 1755301489.5264018, 1755301491.5293527, 1755301493.5313926, 1755301495.533557, 1755301497.5362158, 1755301499.5383906, 1755301501.5405235, 1755301503.543259, 1755301505.5456114, 1755301507.5482945, 1755301509.5505414, 1755301511.552677, 1755301513.5603216, 1755301515.562672, 1755301517.5653832, 1755301519.567736, 1755301521.5698235, 1755301523.5723624, 1755301525.574669, 1755301527.5773706, 1755301529.5798137, 1755301531.5825427, 1755301533.584677, 1755301535.5867658, 1755301537.589637, 1755301539.591724, 1755301541.594475, 1755301543.5967944], "Voltage": [229.55, 229.61, 229.45, 229.35, 229.55, 229.4, 229.4, 229.24, 229.4, 229.4, 229.45, 229.35, 229.45, 229.45, 229.45, 229.55, 229.5, 229.5, 229.45, 229.45, 229.5, 229.55, 229.29, 229.29, 229.4, 229.35, 229.4, 229.29, 229.4, 229.4, 229.29, 229.29, 229.08, 229.14, 229.45, 229.4, 229.45, 229.35, 229.29, 229.4, 229.35, 229.29, 229.29, 229.24, 229.19], "Current": [0.17, 0.17, 0.17, 0.17, 0.17, 0.17, 0.17, 0.17, 0.17, 0.17, 0.17, 0.17, 0.17, 0.17, 0.17, 0.17, 0.17, 0.17, 0.17, 0.17, 0.17, 0.17, 0.17, 0.17, 0.17, 0.17, 0.17, 0.17, 0.17, 0.17, 0.17, 0.17, 0.17, 0.17, 0.17, 0.17, 0.17, 0.17, 0.17, 0.17, 0.17, 0.17, 0.17, 0.17, 0.17], "Real_Power": [25.9, 26.12, 26.06, 25.79, 26.24, 25.8, 25.98, 26.2, 25.81, 26.2, 25.95, 26.0, 26.12, 26.06, 26.13, 26.17, 26.11, 26.07, 26.05, 26.23, 26.08, 26.22, 26.12, 26.01, 26.16, 26.01, 26.03, 26.21, 25.98, 26.14, 26.05, 25.92, 26.17, 26.04, 26.02, 26.22, 25.95, 26.18, 26.18, 25.9, 26.16, 26.03, 26.0, 26.25, 25.9], "Apparent_Power": [39.02, 39.03, 39.0, 38.98, 39.02, 38.99, 38.99, 38.97, 38.99, 38.99, 39.0, 38.98, 39.0, 39.0, 39.0, 39.02, 39.01, 39.01, 39.0, 39.0, 39.01, 39.02, 38.97, 38.97, 38.99, 38.98, 38.99, 38.97, 38.99, 38.99, 38.97, 38.97, 38.94, 38.95, 39.0, 38.99, 39.0, 38.98, 38.97, 38.99, 38.98, 38.97, 38.97, 38.97, 38.96], "Apparent_Power_Reactive": [29.18, 29.0, 29.01, 29.22, 28.87, 29.23, 29.07, 28.84, 29.22, 28.87, 29.11, 29.04, 28.96, 29.01, 28.95, 28.94, 28.98, 29.01, 29.02, 28.86, 29.01, 28.89, 28.92, 29.01, 28.91, 29.03, 29.02, 28.83, 29.07, 28.92, 28.98, 29.1, 28.83, 28.96, 29.05, 28.85, 29.11, 28.87, 28.86, 29.14, 28.89, 29.0, 29.02, 28.8, 29.1], "Power_Factor": [0.663, 0.669, 0.668, 0.661, 0.672, 0.661, 0.666, 0.672, 0.661, 0.671, 0.665, 0.667, 0.669, 0.668, 0.67, 0.67, 0.669, 0.668, 0.667, 0.672, 0.668, 0.671, 0.67, 0.667, 0.67, 0.667, 0.667, 0.672, 0.666, 0.67, 0.668, 0.665, 0.672, 0.668, 0.667, 0.672, 0.665, 0.671, 0.671, 0.664, 0.671, 0.667, 0.667, 0.673, 0.664], "Energy": [0.01, 0.02, 0.04, 0.05, 0.07, 0.08, 0.1, 0.11, 0.13, 0.14, 0.16, 0.17, 0.19, 0.2, 0.21, 0.23, 0.25, 0.26, 0.27, 0.29, 0.3, 0.32, 0.33, 0.35, 0.36, 0.38, 0.39, 0.41, 0.42, 0.44, 0.45, 0.47, 0.48, 0.49, 0.51, 0.52, 0.54, 0.55, 0.57, 0.58, 0.6, 0.61, 0.63, 0.64, 0.66], "Frequency": [49.42, 49.43, 49.43, 49.43, 49.43, 49.43, 49.43, 49.42, 49.42, 49.42, 49.43, 49.43, 49.43, 49.42, 49.42, 49.42, 49.43, 49.43, 49.41, 49.41, 49.41, 49.41, 49.41, 49.41, 49.41, 49.41, 49.41, 49.4, 49.4, 49.4, 49.39, 49.39, 49.39, 49.39, 49.39, 49.39, 49.38, 49.38, 49.38, 49.39, 49.39, 49.39, 49.39, 49.39, 49.39], "Temp_env": []}