{"Start_Time": [1755832264.7772143], "Time": [1755832266.7793667, 1755832268.7820847, 1755832270.7844577, 1755832272.7865827, 1755832274.7890716, 1755832276.7914538, 1755832278.7941825, 1755832280.7965975, 1755832282.799316, 1755832284.8014028, 1755832286.8035376, 1755832288.8064497, 1755832290.8092532, 1755832292.8115969, 1755832294.8142982, 1755832296.8167834, 1755832298.81932, 1755832300.82164, 1755832302.8243606, 1755832304.8267972, 1755832306.8295257, 1755832308.8316255, 1755832310.8337812, 1755832312.8366408, 1755832314.838734, 1755832316.8414774, 1755832318.843846, 1755832320.846707, 1755832322.8488312, 1755832324.8509402, 1755832326.853684, 1755832328.8558257, 1755832330.8585703, 1755832332.860931, 1755832334.863692, 1755832336.8660574, 1755832338.868782, 1755832340.8716602, 1755832342.8740077, 1755832344.8769672, 1755832346.879744, 1755832348.882139, 1755832350.8897808, 1755832352.8921041, 1755832354.8948476], "Voltage": [228.56, 228.51, 228.51, 228.45, 228.51, 228.51, 228.51, 228.51, 228.61, 228.56, 228.56, 228.4, 228.45, 228.56, 228.56, 228.35, 228.35, 228.35, 228.45, 228.45, 228.45, 228.4, 228.45, 228.51, 228.61, 228.4, 228.45, 228.45, 228.51, 228.45, 228.56, 228.4, 228.51, 228.51, 228.4, 228.45, 228.4, 228.45, 228.35, 228.45, 228.56, 228.45, 228.3, 228.45, 228.35], "Current": [0.17, 0.17, 0.17, 0.17, 0.17, 0.17, 0.17, 0.17, 0.17, 0.17, 0.17, 0.17, 0.17, 0.17, 0.17, 0.17, 0.17, 0.17, 0.17, 0.17, 0.17, 0.17, 0.17, 0.17, 0.17, 0.17, 0.17, 0.17, 0.17, 0.17, 0.17, 0.17, 0.17, 0.17, 0.17, 0.17, 0.17, 0.17, 0.17, 0.17, 0.17, 0.17, 0.17, 0.17, 0.17], "Real_Power": [26.3, 26.15, 26.44, 26.27, 26.27, 26.45, 26.15, 26.4, 26.4, 26.17, 26.38, 26.12, 26.23, 26.52, 26.11, 26.2, 26.19, 26.07, 26.36, 26.22, 26.07, 26.47, 26.08, 26.31, 26.35, 26.27, 26.41, 26.25, 26.3, 26.45, 26.05, 26.18, 26.41, 26.09, 26.41, 26.26, 26.13, 26.33, 26.13, 26.22, 26.36, 26.05, 26.26, 26.24, 26.13], "Apparent_Power": [38.85, 38.84, 38.84, 38.83, 38.84, 38.84, 38.84, 38.84, 38.86, 38.85, 38.85, 38.82, 38.83, 38.85, 38.85, 38.81, 38.81, 38.81, 38.83, 38.83, 38.83, 38.82, 38.83, 38.84, 38.86, 38.82, 38.83, 38.83, 38.84, 38.83, 38.85, 38.82, 38.84, 38.84, 38.82, 38.83, 38.82, 38.83, 38.81, 38.83, 38.85, 38.83, 38.81, 38.83, 38.81], "Apparent_Power_Reactive": [28.59, 28.71, 28.45, 28.59, 28.6, 28.44, 28.71, 28.48, 28.51, 28.71, 28.52, 28.71, 28.63, 28.39, 28.76, 28.63, 28.64, 28.75, 28.51, 28.64, 28.77, 28.39, 28.76, 28.57, 28.56, 28.58, 28.46, 28.61, 28.58, 28.42, 28.82, 28.66, 28.47, 28.77, 28.45, 28.6, 28.7, 28.53, 28.69, 28.64, 28.53, 28.79, 28.57, 28.62, 28.69], "Power_Factor": [0.676, 0.673, 0.68, 0.676, 0.676, 0.68, 0.673, 0.679, 0.679, 0.673, 0.679, 0.672, 0.675, 0.682, 0.672, 0.675, 0.674, 0.671, 0.678, 0.675, 0.671, 0.681, 0.671, 0.677, 0.678, 0.676, 0.68, 0.676, 0.677, 0.681, 0.67, 0.674, 0.679, 0.671, 0.68, 0.676, 0.673, 0.678, 0.673, 0.675, 0.678, 0.67, 0.676, 0.675, 0.673], "Energy": [0.01, 0.02, 0.04, 0.05, 0.07, 0.08, 0.1, 0.11, 0.13, 0.14, 0.16, 0.17, 0.19, 0.2, 0.22, 0.23, 0.25, 0.26, 0.28, 0.29, 0.31, 0.32, 0.33, 0.35, 0.36, 0.38, 0.39, 0.41, 0.42, 0.44, 0.45, 0.47, 0.48, 0.5, 0.51, 0.53, 0.54, 0.56, 0.57, 0.59, 0.6, 0.62, 0.63, 0.64, 0.66], "Frequency": [49.4, 49.4, 49.4, 49.4, 49.4, 49.41, 49.41, 49.41, 49.41, 49.41, 49.41, 49.4, 49.4, 49.4, 49.4, 49.4, 49.4, 49.39, 49.39, 49.39, 49.39, 49.39, 49.39, 49.39, 49.39, 49.39, 49.39, 49.39, 49.39, 49.39, 49.39, 49.39, 49.39, 49.39, 49.39, 49.39, 49.39, 49.39, 49.39, 49.39, 49.39, 49.4, 49.4, 49.4, 49.4], "Temp_env": []}