{"Start_Time": [1755075878.6094503], "Time": [1755075880.6119587, 1755075882.6142673, 1755075884.6169806, 1755075886.6193817, 1755075888.6219988, 1755075890.6243443, 1755075892.627001, 1755075894.6293426, 1755075896.6320214, 1755075898.6343799, 1755075900.6370118, 1755075902.6393569, 1755075904.6420588, 1755075906.6444433, 1755075908.6471329, 1755075910.64946, 1755075912.652143, 1755075914.6544893, 1755075916.6571844, 1755075918.659509, 1755075920.6621928, 1755075922.6645167, 1755075924.666614, 1755075926.669403, 1755075928.6715016, 1755075930.6735947, 1755075932.6757672, 1755075934.6784353, 1755075936.680606, 1755075938.6827226, 1755075940.685584, 1755075942.687683, 1755075944.6904113, 1755075946.692782, 1755075948.6956713, 1755075950.6977406, 1755075952.6998599, 1755075954.7025776, 1755075956.7049022, 1755075958.707535, 1755075960.7098343, 1755075962.7125778, 1755075964.7148526, 1755075966.7169561, 1755075968.719671], "Voltage": [229.4, 229.5, 229.55, 229.61, 229.45, 229.45, 229.45, 229.29, 229.55, 229.45, 229.24, 229.35, 229.4, 229.35, 229.19, 229.24, 229.35, 229.29, 229.19, 228.98, 228.98, 228.98, 229.03, 229.14, 228.98, 229.29, 229.45, 229.4, 229.14, 229.35, 229.5, 229.45, 229.35, 229.55, 229.92, 229.97, 230.03, 229.92, 230.24, 230.08, 230.29, 230.03, 230.08, 229.97, 229.87], "Current": [0.17, 0.17, 0.17, 0.17, 0.17, 0.17, 0.17, 0.17, 0.17, 0.17, 0.17, 0.17, 0.17, 0.17, 0.17, 0.17, 0.17, 0.17, 0.17, 0.17, 0.17, 0.17, 0.17, 0.17, 0.17, 0.17, 0.17, 0.17, 0.17, 0.17, 0.17, 0.17, 0.17, 0.17, 0.17, 0.17, 0.17, 0.17, 0.17, 0.17, 0.17, 0.17, 0.17, 0.17, 0.17], "Real_Power": [25.85, 25.85, 25.98, 25.93, 25.9, 26.0, 25.86, 25.97, 26.02, 26.16, 26.13, 25.83, 26.08, 26.07, 25.8, 26.1, 25.99, 25.91, 26.15, 25.85, 25.94, 25.97, 25.81, 26.01, 25.91, 26.14, 26.2, 25.84, 26.0, 26.02, 25.89, 26.17, 26.0, 25.92, 26.02, 25.94, 26.07, 26.19, 25.83, 26.0, 25.98, 25.85, 26.16, 25.85, 25.98], "Apparent_Power": [38.99, 39.01, 39.02, 39.03, 39.0, 39.0, 39.0, 38.97, 39.02, 39.0, 38.97, 38.98, 38.99, 38.98, 38.96, 38.97, 38.98, 38.97, 38.96, 38.92, 38.92, 38.92, 38.93, 38.95, 38.92, 38.97, 39.0, 38.99, 38.95, 38.98, 39.01, 39.0, 38.98, 39.02, 39.08, 39.09, 39.1, 39.08, 39.14, 39.11, 39.14, 39.1, 39.11, 39.09, 39.07], "Apparent_Power_Reactive": [29.18, 29.21, 29.11, 29.17, 29.15, 29.06, 29.19, 29.05, 29.07, 28.92, 28.91, 29.19, 28.98, 28.97, 29.19, 28.93, 29.05, 29.1, 28.88, 29.09, 29.01, 28.98, 29.14, 28.99, 29.04, 28.9, 28.88, 29.19, 29.0, 29.02, 29.18, 28.91, 29.04, 29.16, 29.15, 29.24, 29.14, 29.0, 29.4, 29.21, 29.27, 29.33, 29.07, 29.32, 29.18], "Power_Factor": [0.662, 0.662, 0.665, 0.664, 0.664, 0.666, 0.663, 0.666, 0.666, 0.67, 0.67, 0.662, 0.668, 0.668, 0.662, 0.669, 0.666, 0.664, 0.671, 0.664, 0.666, 0.667, 0.662, 0.667, 0.665, 0.67, 0.671, 0.662, 0.667, 0.667, 0.663, 0.671, 0.667, 0.664, 0.665, 0.663, 0.666, 0.67, 0.659, 0.664, 0.663, 0.661, 0.668, 0.661, 0.664], "Energy": [0.01, 0.02, 0.04, 0.05, 0.07, 0.08, 0.1, 0.11, 0.13, 0.14, 0.16, 0.17, 0.18, 0.2, 0.21, 0.23, 0.24, 0.26, 0.27, 0.29, 0.3, 0.32, 0.33, 0.35, 0.36, 0.37, 0.39, 0.4, 0.42, 0.43, 0.45, 0.46, 0.48, 0.49, 0.51, 0.52, 0.54, 0.55, 0.56, 0.58, 0.59, 0.61, 0.62, 0.64, 0.65], "Frequency": [49.41, 49.41, 49.41, 49.42, 49.42, 49.42, 49.41, 49.41, 49.41, 49.41, 49.41, 49.41, 49.4, 49.4, 49.4, 49.4, 49.4, 49.4, 49.41, 49.41, 49.41, 49.42, 49.42, 49.42, 49.43, 49.43, 49.43, 49.44, 49.44, 49.44, 49.45, 49.45, 49.45, 49.43, 49.43, 49.43, 49.43, 49.43, 49.43, 49.42, 49.42, 49.42, 49.42, 49.42, 49.42], "Temp_env": []}