{"Start_Time": [1755106086.8188548], "Time": [1755106088.8214293, 1755106090.8236294, 1755106092.826501, 1755106094.8286695, 1755106096.8313715, 1755106098.8336859, 1755106100.8365347, 1755106102.838604, 1755106104.8406754, 1755106106.8427982, 1755106108.8454738, 1755106110.8478122, 1755106112.8505542, 1755106114.8527226, 1755106116.8548987, 1755106118.8569956, 1755106120.8595395, 1755106122.8618877, 1755106124.8645732, 1755106126.8670187, 1755106128.869624, 1755106130.8718655, 1755106132.8740182, 1755106134.8769286, 1755106136.879026, 1755106138.881751, 1755106140.8840802, 1755106142.886886, 1755106144.8889902, 1755106146.8911166, 1755106148.8938227, 1755106150.8961248, 1755106152.8988519, 1755106154.9070323, 1755106156.9091227, 1755106158.9118366, 1755106160.91416, 1755106162.9219558, 1755106164.9241793, 1755106166.926323, 1755106168.934022, 1755106170.9362948, 1755106172.9389884, 1755106174.9472318, 1755106176.9493303], "Voltage": [226.99, 227.04, 226.99, 226.99, 227.04, 226.99, 226.99, 226.99, 226.99, 226.88, 226.93, 226.88, 226.78, 226.99, 226.93, 226.83, 226.88, 226.93, 226.88, 226.93, 226.83, 226.83, 226.88, 226.93, 226.99, 226.99, 227.04, 226.93, 226.99, 226.93, 226.93, 226.88, 226.99, 226.88, 226.99, 226.93, 226.93, 226.99, 226.99, 226.93, 226.93, 226.99, 226.93, 226.93, 227.04], "Current": [0.17, 0.17, 0.17, 0.17, 0.17, 0.17, 0.17, 0.17, 0.17, 0.17, 0.17, 0.17, 0.17, 0.17, 0.17, 0.17, 0.17, 0.17, 0.17, 0.17, 0.17, 0.17, 0.17, 0.17, 0.17, 0.17, 0.17, 0.17, 0.17, 0.17, 0.17, 0.17, 0.17, 0.17, 0.17, 0.17, 0.17, 0.17, 0.17, 0.17, 0.17, 0.17, 0.17, 0.17, 0.17], "Real_Power": [25.74, 26.09, 25.96, 25.99, 25.78, 25.89, 25.99, 25.75, 25.94, 25.9, 25.88, 26.03, 25.87, 25.84, 26.07, 25.86, 26.06, 25.95, 25.82, 26.02, 25.8, 25.86, 26.02, 25.8, 26.01, 26.01, 25.86, 25.88, 25.85, 25.74, 26.07, 25.88, 25.92, 25.92, 25.84, 26.01, 25.98, 25.9, 26.06, 25.89, 25.95, 26.07, 25.8, 25.87, 25.91], "Apparent_Power": [38.58, 38.59, 38.58, 38.58, 38.59, 38.58, 38.58, 38.58, 38.58, 38.56, 38.57, 38.56, 38.55, 38.58, 38.57, 38.56, 38.56, 38.57, 38.56, 38.57, 38.56, 38.56, 38.56, 38.57, 38.58, 38.58, 38.59, 38.57, 38.58, 38.57, 38.57, 38.56, 38.58, 38.56, 38.58, 38.57, 38.57, 38.58, 38.58, 38.57, 38.57, 38.58, 38.57, 38.57, 38.59], "Apparent_Power_Reactive": [28.73, 28.43, 28.53, 28.51, 28.71, 28.6, 28.51, 28.72, 28.55, 28.56, 28.59, 28.44, 28.58, 28.64, 28.42, 28.6, 28.42, 28.53, 28.63, 28.47, 28.65, 28.6, 28.45, 28.67, 28.49, 28.49, 28.64, 28.59, 28.63, 28.72, 28.42, 28.58, 28.57, 28.54, 28.64, 28.48, 28.5, 28.59, 28.44, 28.58, 28.53, 28.43, 28.67, 28.6, 28.59], "Power_Factor": [0.667, 0.676, 0.672, 0.673, 0.668, 0.671, 0.673, 0.667, 0.672, 0.671, 0.67, 0.675, 0.671, 0.669, 0.675, 0.67, 0.675, 0.672, 0.669, 0.674, 0.669, 0.67, 0.674, 0.668, 0.674, 0.674, 0.67, 0.67, 0.67, 0.667, 0.675, 0.671, 0.671, 0.672, 0.669, 0.674, 0.673, 0.671, 0.675, 0.671, 0.672, 0.675, 0.668, 0.67, 0.671], "Energy": [0.01, 0.02, 0.04, 0.05, 0.07, 0.08, 0.1, 0.11, 0.13, 0.14, 0.16, 0.17, 0.19, 0.2, 0.22, 0.23, 0.24, 0.26, 0.27, 0.29, 0.3, 0.32, 0.33, 0.35, 0.36, 0.38, 0.39, 0.4, 0.42, 0.43, 0.45, 0.46, 0.48, 0.49, 0.51, 0.52, 0.54, 0.55, 0.57, 0.58, 0.59, 0.61, 0.62, 0.64, 0.65], "Frequency": [49.38, 49.39, 49.39, 49.39, 49.4, 49.4, 49.4, 49.39, 49.39, 49.39, 49.39, 49.39, 49.39, 49.39, 49.39, 49.39, 49.39, 49.39, 49.39, 49.39, 49.39, 49.39, 49.4, 49.4, 49.4, 49.39, 49.39, 49.39, 49.39, 49.39, 49.39, 49.39, 49.39, 49.39, 49.39, 49.39, 49.39, 49.39, 49.39, 49.39, 49.39, 49.39, 49.39, 49.4, 49.4], "Temp_env": []}