{"Start_Time": [1755406278.889933], "Time": [1755406280.8919067, 1755406282.894665, 1755406284.897097, 1755406286.8996084, 1755406288.901925, 1755406290.9046116, 1755406292.9070625, 1755406294.9098094, 1755406296.9119089, 1755406298.9196684, 1755406300.9220304, 1755406302.9247372, 1755406304.9319618, 1755406306.934097, 1755406308.936954, 1755406310.9447317, 1755406312.9472313, 1755406314.949903, 1755406316.9572976, 1755406318.959779, 1755406320.9621317, 1755406322.9699545, 1755406324.9720871, 1755406326.9742053, 1755406328.981859, 1755406330.9841363, 1755406332.9862802, 1755406334.9938734, 1755406336.9961786, 1755406338.998347, 1755406341.0010173, 1755406343.0033226, 1755406345.006032, 1755406347.0133376, 1755406349.016005, 1755406351.018234, 1755406353.0260503, 1755406355.0283303, 1755406357.0310585, 1755406359.0383368, 1755406361.0410125, 1755406363.0433962, 1755406365.0460734, 1755406367.0483406, 1755406369.0510285], "Voltage": [229.61, 229.76, 229.71, 229.55, 229.66, 229.55, 229.71, 229.71, 229.71, 229.76, 229.76, 229.61, 229.71, 229.55, 229.61, 229.61, 229.66, 229.66, 229.66, 229.71, 229.61, 229.76, 229.76, 229.55, 229.76, 229.76, 229.61, 229.71, 229.71, 229.66, 229.71, 229.76, 229.66, 229.61, 229.71, 229.61, 229.76, 229.71, 229.66, 229.82, 229.55, 229.71, 229.76, 229.71, 229.66], "Current": [0.17, 0.17, 0.17, 0.17, 0.17, 0.17, 0.17, 0.17, 0.17, 0.17, 0.17, 0.17, 0.17, 0.17, 0.17, 0.17, 0.17, 0.17, 0.17, 0.17, 0.17, 0.17, 0.17, 0.17, 0.17, 0.17, 0.17, 0.17, 0.17, 0.17, 0.17, 0.17, 0.17, 0.17, 0.17, 0.17, 0.17, 0.17, 0.17, 0.17, 0.17, 0.17, 0.17, 0.17, 0.17], "Real_Power": [25.97, 26.03, 26.06, 26.0, 26.04, 26.03, 25.89, 26.07, 26.13, 25.94, 26.0, 26.03, 26.09, 26.02, 25.99, 25.95, 25.99, 26.02, 25.89, 25.85, 26.03, 26.01, 26.03, 26.0, 26.16, 25.94, 25.95, 26.12, 26.05, 26.01, 26.05, 26.01, 25.98, 26.03, 26.05, 25.96, 25.96, 26.07, 25.98, 26.19, 25.97, 26.08, 26.05, 26.13, 26.01], "Apparent_Power": [39.03, 39.05, 39.05, 39.02, 39.04, 39.02, 39.05, 39.05, 39.05, 39.05, 39.05, 39.03, 39.05, 39.02, 39.03, 39.03, 39.04, 39.04, 39.04, 39.05, 39.03, 39.05, 39.05, 39.02, 39.05, 39.05, 39.03, 39.05, 39.05, 39.04, 39.05, 39.05, 39.04, 39.03, 39.05, 39.03, 39.05, 39.05, 39.04, 39.06, 39.02, 39.05, 39.05, 39.05, 39.04], "Apparent_Power_Reactive": [29.13, 29.1, 29.08, 29.09, 29.08, 29.06, 29.23, 29.07, 29.01, 29.18, 29.13, 29.08, 29.05, 29.07, 29.11, 29.15, 29.13, 29.1, 29.22, 29.26, 29.08, 29.12, 29.1, 29.09, 28.99, 29.18, 29.15, 29.02, 29.09, 29.11, 29.09, 29.12, 29.14, 29.08, 29.09, 29.14, 29.17, 29.07, 29.14, 28.97, 29.12, 29.06, 29.09, 29.01, 29.11], "Power_Factor": [0.665, 0.666, 0.667, 0.666, 0.667, 0.667, 0.662, 0.667, 0.669, 0.664, 0.665, 0.666, 0.668, 0.666, 0.665, 0.664, 0.665, 0.666, 0.663, 0.661, 0.666, 0.666, 0.666, 0.666, 0.669, 0.664, 0.664, 0.668, 0.667, 0.666, 0.667, 0.666, 0.665, 0.666, 0.667, 0.665, 0.664, 0.667, 0.665, 0.67, 0.665, 0.667, 0.667, 0.669, 0.666], "Energy": [0.01, 0.02, 0.04, 0.05, 0.07, 0.08, 0.1, 0.11, 0.13, 0.14, 0.16, 0.17, 0.19, 0.2, 0.21, 0.23, 0.24, 0.26, 0.27, 0.29, 0.3, 0.32, 0.33, 0.35, 0.36, 0.38, 0.39, 0.41, 0.42, 0.44, 0.45, 0.46, 0.48, 0.49, 0.51, 0.52, 0.54, 0.55, 0.57, 0.58, 0.6, 0.61, 0.63, 0.64, 0.66], "Frequency": [49.46, 49.41, 49.41, 49.41, 49.41, 49.41, 49.41, 49.43, 49.43, 49.43, 49.42, 49.42, 49.42, 49.43, 49.43, 49.43, 49.42, 49.42, 49.42, 49.42, 49.42, 49.42, 49.42, 49.42, 49.42, 49.41, 49.41, 49.41, 49.42, 49.42, 49.42, 49.43, 49.43, 49.43, 49.42, 49.42, 49.42, 49.41, 49.41, 49.41, 49.42, 49.42, 49.42, 49.41, 49.41], "Temp_env": []}