{"Start_Time": [1755543640.9103436], "Time": [1755543642.9125693, 1755543644.9152243, 1755543646.9174378, 1755543648.9253082, 1755543650.9275472, 1755543652.9297125, 1755543654.9375434, 1755543656.9397686, 1755543658.9425216, 1755543660.950526, 1755543662.9527347, 1755543664.9547663, 1755543666.9626393, 1755543668.9648, 1755543670.967085, 1755543672.9747777, 1755543674.9770555, 1755543676.9797235, 1755543678.9872563, 1755543680.9897764, 1755543682.9920633, 1755543684.9948092, 1755543686.9973073, 1755543688.9999003, 1755543691.0079093, 1755543693.0101979, 1755543695.0129886, 1755543697.0210173, 1755543699.0233295, 1755543701.0260453, 1755543703.034009, 1755543705.0364037, 1755543707.0390666, 1755543709.041445, 1755543711.0442326, 1755543713.0465353, 1755543715.0543902, 1755543717.0573993, 1755543719.0602176, 1755543721.0676997, 1755543723.0703807, 1755543725.0725374, 1755543727.0746398, 1755543729.07761, 1755543731.0796893], "Voltage": [230.45, 230.39, 230.45, 230.34, 230.5, 230.55, 230.6, 230.55, 230.5, 230.55, 230.5, 230.55, 230.5, 230.55, 230.6, 230.55, 230.55, 230.55, 230.76, 230.76, 230.81, 230.86, 230.92, 230.86, 230.81, 230.86, 230.86, 230.86, 230.81, 230.76, 230.71, 230.71, 230.76, 230.76, 230.86, 230.81, 230.81, 230.86, 230.55, 230.71, 230.76, 230.81, 230.81, 230.86, 230.92], "Current": [0.17, 0.17, 0.17, 0.17, 0.17, 0.17, 0.17, 0.17, 0.17, 0.17, 0.17, 0.17, 0.17, 0.17, 0.17, 0.17, 0.17, 0.17, 0.17, 0.17, 0.17, 0.17, 0.17, 0.17, 0.17, 0.17, 0.17, 0.17, 0.17, 0.17, 0.17, 0.17, 0.17, 0.17, 0.17, 0.17, 0.17, 0.17, 0.17, 0.17, 0.17, 0.17, 0.17, 0.17, 0.17], "Real_Power": [25.92, 26.13, 26.07, 26.07, 26.15, 26.09, 26.0, 26.27, 26.07, 26.16, 26.25, 26.0, 26.06, 26.16, 26.12, 26.09, 26.16, 25.99, 26.25, 26.09, 26.07, 26.11, 26.09, 26.0, 26.19, 25.97, 26.24, 26.17, 25.97, 25.99, 26.07, 25.97, 26.06, 26.02, 26.08, 26.08, 25.9, 26.19, 26.22, 26.03, 26.18, 26.15, 26.1, 26.27, 26.12], "Apparent_Power": [39.17, 39.16, 39.17, 39.15, 39.18, 39.19, 39.2, 39.19, 39.18, 39.19, 39.18, 39.19, 39.18, 39.19, 39.2, 39.19, 39.19, 39.19, 39.22, 39.22, 39.23, 39.24, 39.25, 39.24, 39.23, 39.24, 39.24, 39.24, 39.23, 39.22, 39.22, 39.22, 39.22, 39.22, 39.24, 39.23, 39.23, 39.24, 39.19, 39.22, 39.22, 39.23, 39.23, 39.24, 39.25], "Apparent_Power_Reactive": [29.36, 29.16, 29.23, 29.2, 29.17, 29.24, 29.33, 29.08, 29.24, 29.18, 29.08, 29.32, 29.25, 29.18, 29.22, 29.24, 29.18, 29.33, 29.14, 29.28, 29.31, 29.29, 29.32, 29.39, 29.2, 29.41, 29.17, 29.23, 29.4, 29.37, 29.3, 29.38, 29.31, 29.34, 29.31, 29.3, 29.46, 29.22, 29.12, 29.33, 29.2, 29.24, 29.28, 29.14, 29.29], "Power_Factor": [0.661, 0.667, 0.665, 0.665, 0.667, 0.665, 0.663, 0.67, 0.665, 0.667, 0.669, 0.663, 0.665, 0.667, 0.666, 0.665, 0.667, 0.663, 0.669, 0.665, 0.664, 0.665, 0.664, 0.662, 0.667, 0.661, 0.668, 0.666, 0.661, 0.662, 0.664, 0.662, 0.664, 0.663, 0.664, 0.664, 0.66, 0.667, 0.669, 0.663, 0.667, 0.666, 0.665, 0.669, 0.665], "Energy": [0.01, 0.02, 0.04, 0.05, 0.07, 0.08, 0.1, 0.11, 0.13, 0.14, 0.16, 0.17, 0.19, 0.2, 0.22, 0.23, 0.24, 0.26, 0.27, 0.29, 0.3, 0.32, 0.33, 0.35, 0.36, 0.38, 0.39, 0.41, 0.42, 0.44, 0.45, 0.47, 0.48, 0.49, 0.51, 0.52, 0.54, 0.55, 0.57, 0.58, 0.6, 0.61, 0.63, 0.64, 0.66], "Frequency": [49.32, 49.32, 49.32, 49.31, 49.31, 49.31, 49.32, 49.32, 49.32, 49.33, 49.33, 49.33, 49.32, 49.32, 49.32, 49.35, 49.35, 49.35, 49.35, 49.35, 49.35, 49.35, 49.35, 49.35, 49.33, 49.33, 49.33, 49.34, 49.34, 49.34, 49.33, 49.33, 49.33, 49.35, 49.35, 49.35, 49.34, 49.34, 49.34, 49.33, 49.33, 49.33, 49.35, 49.35, 49.35], "Temp_env": []}