{"Start_Time": [1755276845.0237386], "Time": [1755276847.0262392, 1755276849.0284579, 1755276851.030646, 1755276853.0383236, 1755276855.0406728, 1755276857.0426419, 1755276859.0504918, 1755276861.0526533, 1755276863.054784, 1755276865.0625322, 1755276867.0648315, 1755276869.0667984, 1755276871.0689673, 1755276873.0709553, 1755276875.0729446, 1755276877.0808055, 1755276879.082988, 1755276881.085082, 1755276883.0870914, 1755276885.0892403, 1755276887.0912175, 1755276889.0989218, 1755276891.1013165, 1755276893.1039817, 1755276895.1063323, 1755276897.108637, 1755276899.1112, 1755276901.1186833, 1755276903.1213183, 1755276905.123655, 1755276907.131291, 1755276909.1336493, 1755276911.1356375, 1755276913.1376457, 1755276915.1398096, 1755276917.1425378, 1755276919.1447186, 1755276921.1467896, 1755276923.149471, 1755276925.1568427, 1755276927.159186, 1755276929.1616368, 1755276931.1692011, 1755276933.1717038, 1755276935.1740847], "Voltage": [227.67, 227.72, 227.83, 227.98, 227.83, 227.83, 227.88, 227.88, 227.88, 227.83, 227.77, 227.88, 227.93, 227.93, 227.83, 227.77, 227.88, 227.88, 227.83, 227.77, 227.83, 227.93, 227.88, 227.83, 227.67, 227.88, 227.77, 227.83, 227.77, 227.88, 227.83, 227.88, 227.93, 227.88, 227.83, 227.72, 227.83, 227.77, 227.88, 227.88, 227.88, 227.83, 227.83, 227.93, 227.93], "Current": [0.17, 0.18, 0.18, 0.18, 0.18, 0.17, 0.18, 0.18, 0.17, 0.18, 0.18, 0.18, 0.18, 0.17, 0.17, 0.18, 0.17, 0.18, 0.17, 0.17, 0.18, 0.17, 0.18, 0.18, 0.17, 0.18, 0.17, 0.17, 0.18, 0.17, 0.18, 0.18, 0.17, 0.18, 0.17, 0.17, 0.18, 0.17, 0.18, 0.17, 0.18, 0.17, 0.18, 0.18, 0.17], "Real_Power": [25.85, 26.18, 26.26, 26.08, 26.2, 26.04, 26.26, 26.18, 25.98, 26.2, 26.07, 26.14, 26.28, 25.98, 26.01, 26.25, 26.0, 26.32, 26.0, 26.04, 26.33, 26.0, 26.09, 26.23, 25.79, 26.19, 26.05, 26.12, 26.23, 25.98, 26.08, 26.21, 25.93, 26.28, 26.07, 25.97, 26.28, 25.97, 26.27, 25.95, 26.17, 26.05, 26.1, 26.17, 25.9], "Apparent_Power": [38.7, 40.98, 41.0, 41.03, 41.0, 38.73, 41.01, 41.01, 38.73, 41.0, 40.99, 41.01, 41.02, 38.74, 38.73, 40.99, 38.73, 41.01, 38.73, 38.72, 41.0, 38.74, 41.01, 41.0, 38.7, 41.01, 38.72, 38.73, 40.99, 38.73, 41.0, 41.01, 38.74, 41.01, 38.73, 38.71, 41.0, 38.72, 41.01, 38.73, 41.01, 38.73, 41.0, 41.02, 38.74], "Apparent_Power_Reactive": [28.8, 31.52, 31.48, 31.67, 31.53, 28.66, 31.49, 31.56, 28.72, 31.53, 31.63, 31.59, 31.49, 28.73, 28.69, 31.48, 28.7, 31.44, 28.7, 28.65, 31.42, 28.71, 31.64, 31.51, 28.85, 31.55, 28.64, 28.59, 31.49, 28.72, 31.63, 31.54, 28.78, 31.48, 28.64, 28.7, 31.47, 28.71, 31.49, 28.75, 31.57, 28.66, 31.61, 31.58, 28.8], "Power_Factor": [0.667, 0.638, 0.64, 0.635, 0.639, 0.672, 0.64, 0.638, 0.67, 0.639, 0.636, 0.637, 0.64, 0.67, 0.671, 0.64, 0.671, 0.641, 0.671, 0.672, 0.642, 0.671, 0.636, 0.639, 0.666, 0.638, 0.672, 0.674, 0.639, 0.67, 0.636, 0.639, 0.669, 0.64, 0.673, 0.67, 0.64, 0.67, 0.64, 0.67, 0.638, 0.672, 0.636, 0.637, 0.668], "Energy": [0.01, 0.02, 0.04, 0.05, 0.07, 0.08, 0.1, 0.11, 0.13, 0.14, 0.16, 0.17, 0.19, 0.2, 0.22, 0.23, 0.24, 0.26, 0.27, 0.29, 0.3, 0.32, 0.33, 0.35, 0.36, 0.38, 0.39, 0.41, 0.42, 0.44, 0.45, 0.46, 0.48, 0.49, 0.51, 0.52, 0.54, 0.55, 0.57, 0.58, 0.6, 0.61, 0.63, 0.64, 0.66], "Frequency": [49.41, 49.41, 49.41, 49.41, 49.41, 49.41, 49.41, 49.41, 49.41, 49.42, 49.42, 49.42, 49.42, 49.42, 49.42, 49.43, 49.43, 49.43, 49.42, 49.42, 49.42, 49.42, 49.42, 49.42, 49.41, 49.41, 49.41, 49.42, 49.42, 49.42, 49.42, 49.42, 49.42, 49.43, 49.43, 49.43, 49.43, 49.43, 49.43, 49.43, 49.43, 49.43, 49.43, 49.43, 49.44], "Temp_env": []}