{"Start_Time": [1755832692.3993056], "Time": [1755832694.4019651, 1755832696.404285, 1755832698.406984, 1755832700.4092054, 1755832702.4113123, 1755832704.4140234, 1755832706.4162226, 1755832708.419051, 1755832710.4212904, 1755832712.4233818, 1755832714.4260764, 1755832716.4284103, 1755832718.4304566, 1755832720.4331539, 1755832722.4354892, 1755832724.4381943, 1755832726.4406025, 1755832728.4431412, 1755832730.4454846, 1755832732.4482448, 1755832734.4506629, 1755832736.4532182, 1755832738.455581, 1755832740.4582894, 1755832742.460682, 1755832744.4643607, 1755832746.4666872, 1755832748.4694126, 1755832750.4717312, 1755832752.4743934, 1755832754.4767797, 1755832756.4793634, 1755832758.4817216, 1755832760.4838028, 1755832762.4865248, 1755832764.4888625, 1755832766.4914882, 1755832768.493884, 1755832770.49655, 1755832772.4988065, 1755832774.5011432, 1755832776.503595, 1755832778.5059986, 1755832780.5087364, 1755832782.5115845], "Voltage": [228.98, 228.93, 228.82, 228.87, 228.93, 228.87, 228.87, 228.93, 228.93, 228.82, 228.87, 228.98, 228.93, 227.88, 227.83, 227.93, 227.93, 227.83, 227.88, 227.98, 227.98, 227.88, 227.88, 227.88, 227.93, 227.83, 227.88, 227.88, 227.88, 227.77, 227.83, 227.83, 227.88, 227.83, 227.88, 228.04, 227.72, 227.77, 227.83, 227.98, 227.83, 227.88, 227.88, 227.88, 228.04], "Current": [0.17, 0.17, 0.17, 0.17, 0.17, 0.17, 0.17, 0.17, 0.17, 0.17, 0.17, 0.17, 0.17, 0.17, 0.17, 0.17, 0.17, 0.17, 0.17, 0.17, 0.17, 0.17, 0.17, 0.17, 0.17, 0.17, 0.17, 0.17, 0.17, 0.17, 0.17, 0.17, 0.17, 0.17, 0.17, 0.17, 0.17, 0.17, 0.17, 0.17, 0.17, 0.17, 0.17, 0.17, 0.17], "Real_Power": [26.21, 26.18, 26.36, 26.1, 26.38, 26.24, 26.14, 26.44, 26.12, 26.18, 26.31, 26.09, 26.38, 26.34, 26.16, 26.36, 26.21, 26.25, 26.44, 26.07, 26.38, 26.22, 26.04, 26.41, 26.21, 26.33, 26.11, 26.31, 26.2, 26.1, 26.39, 26.13, 26.32, 26.35, 26.06, 26.35, 26.14, 26.17, 26.37, 26.12, 26.22, 26.36, 26.14, 26.32, 26.36], "Apparent_Power": [38.92, 38.91, 38.89, 38.9, 38.91, 38.9, 38.9, 38.91, 38.91, 38.89, 38.9, 38.92, 38.91, 38.73, 38.73, 38.74, 38.74, 38.73, 38.73, 38.75, 38.75, 38.73, 38.73, 38.73, 38.74, 38.73, 38.73, 38.73, 38.73, 38.72, 38.73, 38.73, 38.73, 38.73, 38.73, 38.76, 38.71, 38.72, 38.73, 38.75, 38.73, 38.73, 38.73, 38.73, 38.76], "Apparent_Power_Reactive": [28.77, 28.78, 28.59, 28.84, 28.6, 28.71, 28.8, 28.54, 28.83, 28.75, 28.65, 28.88, 28.6, 28.39, 28.55, 28.38, 28.52, 28.47, 28.3, 28.66, 28.38, 28.5, 28.66, 28.32, 28.52, 28.4, 28.6, 28.42, 28.52, 28.6, 28.34, 28.58, 28.41, 28.38, 28.65, 28.42, 28.55, 28.53, 28.36, 28.62, 28.5, 28.37, 28.57, 28.41, 28.41], "Power_Factor": [0.673, 0.672, 0.677, 0.67, 0.677, 0.674, 0.671, 0.679, 0.671, 0.673, 0.676, 0.67, 0.677, 0.68, 0.675, 0.68, 0.676, 0.677, 0.682, 0.672, 0.68, 0.676, 0.672, 0.681, 0.676, 0.679, 0.674, 0.679, 0.676, 0.674, 0.681, 0.674, 0.679, 0.68, 0.672, 0.679, 0.675, 0.675, 0.68, 0.674, 0.676, 0.68, 0.674, 0.679, 0.68], "Energy": [0.01, 0.02, 0.04, 0.05, 0.07, 0.08, 0.1, 0.11, 0.13, 0.14, 0.16, 0.17, 0.19, 0.2, 0.22, 0.23, 0.25, 0.26, 0.28, 0.29, 0.31, 0.32, 0.33, 0.35, 0.36, 0.38, 0.39, 0.41, 0.42, 0.44, 0.45, 0.47, 0.48, 0.5, 0.51, 0.53, 0.54, 0.56, 0.57, 0.59, 0.6, 0.62, 0.63, 0.65, 0.66], "Frequency": [49.4, 49.41, 49.41, 49.41, 49.4, 49.4, 49.4, 49.39, 49.39, 49.39, 49.39, 49.39, 49.39, 49.39, 49.39, 49.39, 49.39, 49.39, 49.39, 49.42, 49.42, 49.42, 49.44, 49.44, 49.44, 49.43, 49.43, 49.43, 49.43, 49.43, 49.43, 49.42, 49.42, 49.42, 49.42, 49.42, 49.42, 49.43, 49.43, 49.43, 49.42, 49.42, 49.42, 49.43, 49.43], "Temp_env": []}