{"Start_Time": [1755744062.2087193], "Time": [1755744064.2113843, 1755744066.2136297, 1755744068.2163754, 1755744070.2185378, 1755744072.2263012, 1755744074.2286668, 1755744076.2307694, 1755744078.2334943, 1755744080.2356768, 1755744082.2378132, 1755744084.2454576, 1755744086.2478135, 1755744088.2505095, 1755744090.2527676, 1755744092.254819, 1755744094.257024, 1755744096.259699, 1755744098.2621593, 1755744100.264677, 1755744102.2670062, 1755744104.2697139, 1755744106.2721982, 1755744108.279846, 1755744110.282328, 1755744112.2848437, 1755744114.2871833, 1755744116.289925, 1755744118.292404, 1755744120.294955, 1755744122.2972858, 1755744124.3000126, 1755744126.3025029, 1755744128.3049664, 1755744130.3072717, 1755744132.3093567, 1755744134.3122542, 1755744136.3143547, 1755744138.3164096, 1755744140.318565, 1755744142.3212667, 1755744144.3235157, 1755744146.3263202, 1755744148.3285718, 1755744150.3313744, 1755744152.3336005], "Voltage": [228.93, 228.98, 229.03, 229.08, 229.14, 229.08, 229.19, 229.03, 229.03, 229.08, 229.08, 229.03, 229.14, 229.03, 229.14, 229.14, 229.08, 228.93, 229.03, 229.14, 229.08, 229.08, 229.14, 229.03, 228.98, 228.93, 229.08, 229.08, 229.14, 229.19, 229.29, 229.19, 229.08, 228.98, 229.19, 229.14, 229.19, 229.08, 229.14, 229.19, 229.08, 229.03, 229.08, 229.08, 228.98], "Current": [0.17, 0.17, 0.17, 0.17, 0.17, 0.17, 0.17, 0.17, 0.17, 0.17, 0.17, 0.17, 0.17, 0.17, 0.17, 0.17, 0.17, 0.17, 0.17, 0.17, 0.17, 0.17, 0.17, 0.17, 0.17, 0.17, 0.17, 0.17, 0.17, 0.17, 0.17, 0.17, 0.17, 0.17, 0.17, 0.17, 0.17, 0.17, 0.17, 0.17, 0.17, 0.17, 0.17, 0.17, 0.17], "Real_Power": [26.17, 26.18, 25.99, 26.23, 26.02, 26.33, 26.39, 26.02, 26.12, 26.13, 26.01, 26.28, 25.89, 26.08, 26.26, 25.87, 26.16, 26.01, 25.96, 26.25, 26.04, 26.1, 26.34, 25.99, 26.15, 26.11, 25.94, 26.19, 25.96, 26.07, 26.34, 26.01, 26.34, 26.14, 25.8, 26.16, 26.05, 26.19, 26.3, 25.95, 26.18, 26.17, 25.91, 26.2, 26.09], "Apparent_Power": [38.91, 38.92, 38.93, 38.94, 38.95, 38.94, 38.96, 38.93, 38.93, 38.94, 38.94, 38.93, 38.95, 38.93, 38.95, 38.95, 38.94, 38.91, 38.93, 38.95, 38.94, 38.94, 38.95, 38.93, 38.92, 38.91, 38.94, 38.94, 38.95, 38.96, 38.97, 38.96, 38.94, 38.92, 38.96, 38.95, 38.96, 38.94, 38.95, 38.96, 38.94, 38.93, 38.94, 38.94, 38.92], "Apparent_Power_Reactive": [28.79, 28.79, 28.98, 28.78, 28.98, 28.68, 28.66, 28.95, 28.86, 28.87, 28.97, 28.72, 29.1, 28.9, 28.76, 29.11, 28.84, 28.93, 29.01, 28.77, 28.95, 28.89, 28.69, 28.98, 28.82, 28.84, 29.04, 28.81, 29.03, 28.95, 28.72, 29.0, 28.67, 28.83, 29.19, 28.85, 28.97, 28.81, 28.72, 29.05, 28.82, 28.82, 29.06, 28.8, 28.88], "Power_Factor": [0.672, 0.672, 0.667, 0.673, 0.668, 0.676, 0.677, 0.668, 0.67, 0.671, 0.667, 0.675, 0.664, 0.669, 0.674, 0.664, 0.671, 0.668, 0.666, 0.673, 0.668, 0.67, 0.676, 0.667, 0.671, 0.671, 0.666, 0.672, 0.666, 0.669, 0.675, 0.667, 0.676, 0.671, 0.662, 0.671, 0.668, 0.672, 0.675, 0.666, 0.672, 0.672, 0.665, 0.672, 0.67], "Energy": [0.01, 0.02, 0.04, 0.05, 0.07, 0.08, 0.1, 0.11, 0.13, 0.14, 0.16, 0.17, 0.19, 0.2, 0.22, 0.23, 0.24, 0.26, 0.27, 0.29, 0.3, 0.32, 0.33, 0.35, 0.36, 0.38, 0.39, 0.41, 0.42, 0.44, 0.45, 0.46, 0.48, 0.49, 0.51, 0.52, 0.54, 0.55, 0.57, 0.58, 0.6, 0.61, 0.63, 0.64, 0.66], "Frequency": [49.38, 49.38, 49.39, 49.39, 49.39, 49.39, 49.39, 49.39, 49.39, 49.39, 49.39, 49.4, 49.4, 49.4, 49.39, 49.39, 49.39, 49.39, 49.39, 49.39, 49.4, 49.4, 49.4, 49.39, 49.39, 49.39, 49.39, 49.39, 49.39, 49.39, 49.39, 49.39, 49.39, 49.39, 49.39, 49.4, 49.4, 49.4, 49.39, 49.39, 49.39, 49.39, 49.39, 49.39, 49.39], "Temp_env": []}