{"Start_Time": [1755318717.1579354], "Time": [1755318719.1600976, 1755318721.1621132, 1755318723.16423, 1755318725.1663342, 1755318727.168269, 1755318729.1702812, 1755318731.1729574, 1755318733.1753812, 1755318735.1773586, 1755318737.1852174, 1755318739.1873004, 1755318741.1893616, 1755318743.197061, 1755318745.1994002, 1755318747.2015393, 1755318749.2042792, 1755318751.2064972, 1755318753.2084606, 1755318755.210581, 1755318757.2125838, 1755318759.2154713, 1755318761.2232325, 1755318763.2257795, 1755318765.228453, 1755318767.2306168, 1755318769.2327456, 1755318771.235655, 1755318773.2377512, 1755318775.2404718, 1755318777.242839, 1755318779.2457263, 1755318781.2478213, 1755318783.250551, 1755318785.2578812, 1755318787.2605586, 1755318789.2629068, 1755318791.2658172, 1755318793.2678754, 1755318795.2699785, 1755318797.2727294, 1755318799.2748332, 1755318801.276949, 1755318803.2796524, 1755318805.2869163, 1755318807.2890658], "Voltage": [228.4, 228.4, 228.3, 228.3, 228.19, 228.3, 228.4, 228.3, 228.4, 228.35, 228.3, 228.4, 228.4, 228.35, 228.3, 228.3, 228.3, 228.3, 228.35, 228.35, 228.4, 228.51, 228.4, 228.3, 228.4, 228.45, 228.45, 228.35, 228.35, 228.3, 228.51, 228.45, 228.24, 228.51, 228.4, 228.4, 228.4, 228.51, 228.45, 228.45, 228.4, 228.4, 228.45, 228.51, 228.4], "Current": [0.17, 0.17, 0.17, 0.17, 0.17, 0.17, 0.17, 0.17, 0.17, 0.17, 0.17, 0.17, 0.17, 0.17, 0.17, 0.17, 0.17, 0.17, 0.17, 0.17, 0.17, 0.17, 0.17, 0.17, 0.17, 0.17, 0.17, 0.17, 0.17, 0.17, 0.17, 0.17, 0.17, 0.17, 0.17, 0.17, 0.17, 0.17, 0.17, 0.17, 0.17, 0.17, 0.17, 0.17, 0.17], "Real_Power": [26.23, 26.15, 26.26, 26.18, 26.36, 26.17, 26.23, 26.27, 26.19, 26.26, 26.29, 26.28, 26.2, 26.36, 26.17, 26.2, 26.13, 26.14, 26.18, 26.18, 26.19, 26.31, 26.15, 26.24, 26.19, 26.3, 26.24, 26.21, 26.22, 26.09, 26.19, 26.22, 26.12, 26.21, 26.21, 26.22, 26.14, 26.19, 26.25, 26.31, 26.19, 26.22, 26.25, 26.25, 26.31], "Apparent_Power": [38.82, 38.82, 38.81, 38.81, 38.79, 38.81, 38.82, 38.81, 38.82, 38.81, 38.81, 38.82, 38.82, 38.81, 38.81, 38.81, 38.81, 38.81, 38.81, 38.81, 38.82, 38.84, 38.82, 38.81, 38.82, 38.83, 38.83, 38.81, 38.81, 38.81, 38.84, 38.83, 38.8, 38.84, 38.82, 38.82, 38.82, 38.84, 38.83, 38.83, 38.82, 38.82, 38.83, 38.84, 38.82], "Apparent_Power_Reactive": [28.61, 28.69, 28.57, 28.65, 28.45, 28.65, 28.61, 28.56, 28.65, 28.57, 28.54, 28.57, 28.64, 28.48, 28.65, 28.63, 28.69, 28.68, 28.65, 28.65, 28.65, 28.57, 28.69, 28.59, 28.65, 28.56, 28.62, 28.62, 28.61, 28.73, 28.68, 28.64, 28.69, 28.66, 28.63, 28.62, 28.7, 28.68, 28.61, 28.55, 28.65, 28.62, 28.61, 28.62, 28.54], "Power_Factor": [0.675, 0.673, 0.676, 0.674, 0.679, 0.674, 0.675, 0.676, 0.674, 0.676, 0.677, 0.676, 0.674, 0.679, 0.674, 0.675, 0.673, 0.673, 0.674, 0.674, 0.674, 0.677, 0.673, 0.676, 0.674, 0.677, 0.675, 0.675, 0.675, 0.672, 0.674, 0.675, 0.673, 0.674, 0.675, 0.675, 0.673, 0.674, 0.676, 0.677, 0.674, 0.675, 0.676, 0.675, 0.677], "Energy": [0.01, 0.02, 0.04, 0.05, 0.07, 0.08, 0.1, 0.11, 0.13, 0.14, 0.16, 0.17, 0.19, 0.2, 0.22, 0.23, 0.25, 0.26, 0.27, 0.29, 0.3, 0.32, 0.33, 0.35, 0.36, 0.38, 0.39, 0.41, 0.42, 0.44, 0.45, 0.47, 0.48, 0.5, 0.51, 0.53, 0.54, 0.56, 0.57, 0.59, 0.6, 0.62, 0.63, 0.64, 0.66], "Frequency": [49.43, 49.43, 49.43, 49.43, 49.43, 49.43, 49.43, 49.43, 49.44, 49.44, 49.44, 49.43, 49.43, 49.43, 49.42, 49.42, 49.42, 49.43, 49.43, 49.43, 49.43, 49.43, 49.43, 49.43, 49.43, 49.43, 49.43, 49.43, 49.43, 49.43, 49.43, 49.43, 49.43, 49.43, 49.43, 49.44, 49.44, 49.44, 49.43, 49.43, 49.43, 49.43, 49.43, 49.43, 49.43], "Temp_env": []}