{"Start_Time": [1755747478.2538884], "Time": [1755747480.2562819, 1755747482.258906, 1755747484.2613304, 1755747486.2640266, 1755747488.2663412, 1755747490.2690508, 1755747492.2713783, 1755747494.274086, 1755747496.2762837, 1755747498.284002, 1755747500.286362, 1755747502.2890677, 1755747504.291512, 1755747506.2942681, 1755747508.2964048, 1755747510.2991881, 1755747512.3015869, 1755747514.3043349, 1755747516.3064706, 1755747518.3085465, 1755747520.3114362, 1755747522.319394, 1755747524.321738, 1755747526.3244615, 1755747528.3266103, 1755747530.3286834, 1755747532.331654, 1755747534.333764, 1755747536.3365533, 1755747538.3388782, 1755747540.3416789, 1755747542.3437233, 1755747544.3458385, 1755747546.3479793, 1755747548.3506856, 1755747550.3528302, 1755747552.3548818, 1755747554.357648, 1755747556.3599753, 1755747558.3620887, 1755747560.3648317, 1755747562.366973, 1755747564.36906, 1755747566.371999, 1755747568.3740883], "Voltage": [227.98, 228.09, 227.98, 228.14, 228.14, 228.14, 228.04, 228.09, 228.19, 228.09, 228.19, 228.14, 228.3, 228.4, 228.24, 228.3, 228.24, 228.3, 228.19, 228.24, 228.09, 228.24, 228.19, 228.19, 228.09, 228.19, 228.14, 228.24, 228.09, 228.19, 228.14, 228.3, 228.14, 228.14, 228.3, 228.19, 228.35, 228.24, 228.19, 228.19, 228.3, 228.3, 228.14, 228.19, 228.04], "Current": [0.17, 0.17, 0.17, 0.17, 0.17, 0.17, 0.17, 0.17, 0.17, 0.17, 0.17, 0.17, 0.17, 0.17, 0.18, 0.17, 0.17, 0.17, 0.17, 0.17, 0.17, 0.17, 0.17, 0.17, 0.17, 0.17, 0.17, 0.17, 0.17, 0.17, 0.17, 0.17, 0.17, 0.17, 0.17, 0.17, 0.17, 0.17, 0.17, 0.17, 0.17, 0.18, 0.17, 0.17, 0.17], "Real_Power": [25.98, 26.16, 26.05, 26.17, 25.97, 26.1, 26.11, 26.0, 26.14, 26.11, 26.1, 26.19, 26.06, 26.15, 26.29, 26.07, 26.14, 26.15, 26.1, 26.21, 26.01, 26.06, 26.21, 25.92, 26.17, 26.06, 26.04, 26.18, 25.98, 26.13, 26.26, 25.92, 26.23, 26.18, 25.96, 26.07, 26.13, 26.13, 26.21, 26.14, 26.25, 26.34, 26.0, 26.17, 26.12], "Apparent_Power": [38.75, 38.77, 38.75, 38.78, 38.78, 38.78, 38.76, 38.77, 38.79, 38.77, 38.79, 38.78, 38.81, 38.82, 41.08, 38.81, 38.8, 38.81, 38.79, 38.8, 38.77, 38.8, 38.79, 38.79, 38.77, 38.79, 38.78, 38.8, 38.77, 38.79, 38.78, 38.81, 38.78, 38.78, 38.81, 38.79, 38.81, 38.8, 38.79, 38.79, 38.81, 41.09, 38.78, 38.79, 38.76], "Apparent_Power_Reactive": [28.75, 28.61, 28.68, 28.61, 28.8, 28.68, 28.64, 28.75, 28.65, 28.65, 28.69, 28.6, 28.75, 28.69, 31.56, 28.75, 28.67, 28.67, 28.69, 28.6, 28.75, 28.74, 28.59, 28.85, 28.6, 28.73, 28.73, 28.63, 28.77, 28.66, 28.53, 28.88, 28.56, 28.6, 28.84, 28.72, 28.69, 28.68, 28.59, 28.65, 28.58, 31.53, 28.77, 28.63, 28.63], "Power_Factor": [0.67, 0.674, 0.672, 0.674, 0.669, 0.673, 0.673, 0.67, 0.673, 0.673, 0.672, 0.675, 0.671, 0.673, 0.639, 0.671, 0.673, 0.673, 0.672, 0.675, 0.67, 0.671, 0.675, 0.668, 0.675, 0.671, 0.671, 0.674, 0.67, 0.673, 0.677, 0.667, 0.676, 0.675, 0.668, 0.672, 0.673, 0.673, 0.675, 0.673, 0.676, 0.641, 0.67, 0.674, 0.673], "Energy": [0.01, 0.02, 0.04, 0.06, 0.07, 0.08, 0.1, 0.11, 0.13, 0.14, 0.16, 0.17, 0.19, 0.2, 0.22, 0.23, 0.25, 0.26, 0.28, 0.29, 0.3, 0.32, 0.33, 0.35, 0.36, 0.38, 0.39, 0.41, 0.42, 0.44, 0.45, 0.47, 0.48, 0.5, 0.51, 0.53, 0.54, 0.55, 0.57, 0.58, 0.6, 0.61, 0.63, 0.64, 0.66], "Frequency": [49.4, 49.4, 49.4, 49.4, 49.39, 49.39, 49.39, 49.41, 49.41, 49.41, 49.4, 49.4, 49.4, 49.41, 49.41, 49.41, 49.4, 49.4, 49.4, 49.39, 49.39, 49.39, 49.39, 49.39, 49.39, 49.39, 49.39, 49.39, 49.39, 49.39, 49.39, 49.38, 49.38, 49.38, 49.39, 49.39, 49.39, 49.39, 49.39, 49.39, 49.39, 49.39, 49.39, 49.39, 49.39], "Temp_env": []}