{"Start_Time": [1755806763.2097447], "Time": [1755806765.212066, 1755806767.214736, 1755806769.2170634, 1755806771.2198026, 1755806773.221997, 1755806775.224114, 1755806777.2268639, 1755806779.2291262, 1755806781.2368376, 1755806783.2391913, 1755806785.2418923, 1755806787.2492425, 1755806789.251986, 1755806791.2543178, 1755806793.256963, 1755806795.2593067, 1755806797.2620237, 1755806799.2643943, 1755806801.2670622, 1755806803.26941, 1755806805.2770534, 1755806807.2794452, 1755806809.2821248, 1755806811.284394, 1755806813.2864718, 1755806815.2891939, 1755806817.2913997, 1755806819.29368, 1755806821.2962058, 1755806823.2985642, 1755806825.3013294, 1755806827.3036344, 1755806829.3112996, 1755806831.3136992, 1755806833.316223, 1755806835.3185668, 1755806837.3213267, 1755806839.3237286, 1755806841.326427, 1755806843.3285732, 1755806845.3314211, 1755806847.333862, 1755806849.3363783, 1755806851.3387318, 1755806853.3414087], "Voltage": [228.66, 228.45, 228.56, 228.51, 228.51, 228.51, 228.61, 228.45, 228.56, 228.56, 228.45, 228.51, 228.51, 228.45, 228.61, 228.72, 228.56, 228.56, 228.66, 228.4, 228.66, 228.72, 228.66, 228.51, 228.66, 228.72, 228.72, 228.72, 228.56, 228.61, 228.61, 228.51, 228.51, 228.56, 228.45, 228.66, 228.56, 228.61, 228.56, 228.51, 228.61, 228.72, 228.61, 228.61, 228.77], "Current": [0.17, 0.17, 0.17, 0.17, 0.17, 0.17, 0.17, 0.17, 0.17, 0.17, 0.17, 0.17, 0.17, 0.17, 0.17, 0.17, 0.17, 0.17, 0.17, 0.17, 0.17, 0.17, 0.17, 0.17, 0.17, 0.17, 0.17, 0.17, 0.17, 0.17, 0.17, 0.17, 0.17, 0.17, 0.17, 0.17, 0.17, 0.17, 0.17, 0.17, 0.17, 0.17, 0.17, 0.17, 0.17], "Real_Power": [25.95, 25.93, 26.17, 25.81, 26.1, 26.06, 25.91, 26.04, 26.04, 25.91, 26.08, 25.92, 25.91, 26.17, 25.84, 26.04, 25.99, 25.88, 26.18, 25.99, 25.97, 26.12, 25.86, 26.06, 26.0, 25.84, 26.1, 25.89, 26.03, 26.06, 26.0, 25.9, 26.06, 25.85, 26.02, 26.06, 25.96, 26.12, 25.89, 25.94, 26.15, 25.82, 26.09, 26.07, 25.87], "Apparent_Power": [38.87, 38.83, 38.85, 38.84, 38.84, 38.84, 38.86, 38.83, 38.85, 38.85, 38.83, 38.84, 38.84, 38.83, 38.86, 38.88, 38.85, 38.85, 38.87, 38.82, 38.87, 38.88, 38.87, 38.84, 38.87, 38.88, 38.88, 38.88, 38.85, 38.86, 38.86, 38.84, 38.84, 38.85, 38.83, 38.87, 38.85, 38.86, 38.85, 38.84, 38.86, 38.88, 38.86, 38.86, 38.89], "Apparent_Power_Reactive": [28.93, 28.9, 28.71, 29.02, 28.76, 28.79, 28.96, 28.8, 28.83, 28.94, 28.76, 28.92, 28.93, 28.68, 29.02, 28.87, 28.87, 28.97, 28.73, 28.83, 28.92, 28.79, 29.01, 28.79, 28.89, 29.05, 28.81, 29.0, 28.84, 28.82, 28.88, 28.94, 28.79, 29.0, 28.82, 28.84, 28.9, 28.77, 28.96, 28.9, 28.74, 29.06, 28.79, 28.81, 29.03], "Power_Factor": [0.667, 0.667, 0.673, 0.664, 0.671, 0.67, 0.666, 0.67, 0.67, 0.666, 0.671, 0.667, 0.667, 0.673, 0.664, 0.669, 0.668, 0.666, 0.673, 0.669, 0.668, 0.671, 0.665, 0.67, 0.668, 0.664, 0.671, 0.665, 0.67, 0.67, 0.669, 0.666, 0.67, 0.665, 0.67, 0.67, 0.668, 0.672, 0.666, 0.667, 0.672, 0.664, 0.671, 0.67, 0.665], "Energy": [0.01, 0.02, 0.04, 0.05, 0.07, 0.08, 0.1, 0.11, 0.13, 0.14, 0.16, 0.17, 0.19, 0.2, 0.21, 0.23, 0.24, 0.26, 0.27, 0.29, 0.3, 0.32, 0.33, 0.35, 0.36, 0.38, 0.39, 0.4, 0.42, 0.43, 0.45, 0.46, 0.48, 0.49, 0.51, 0.52, 0.54, 0.55, 0.57, 0.58, 0.59, 0.61, 0.62, 0.64, 0.65], "Frequency": [49.39, 49.39, 49.39, 49.39, 49.39, 49.38, 49.38, 49.38, 49.38, 49.38, 49.38, 49.4, 49.4, 49.4, 49.41, 49.41, 49.41, 49.41, 49.41, 49.41, 49.41, 49.41, 49.41, 49.39, 49.39, 49.39, 49.39, 49.39, 49.39, 49.39, 49.39, 49.39, 49.37, 49.37, 49.37, 49.37, 49.37, 49.37, 49.39, 49.39, 49.39, 49.4, 49.4, 49.4, 49.39], "Temp_env": []}