{"Start_Time": [1755637067.2730498], "Time": [1755637069.275942, 1755637071.2787418, 1755637073.2810802, 1755637075.2837946, 1755637077.2860837, 1755637079.2938273, 1755637081.2962444, 1755637083.298791, 1755637085.301138, 1755637087.303847, 1755637089.3063405, 1755637091.3088346, 1755637093.3111975, 1755637095.3138912, 1755637097.3164067, 1755637099.3190193, 1755637101.3212676, 1755637103.323263, 1755637105.3261707, 1755637107.3282394, 1755637109.3303492, 1755637111.3330286, 1755637113.3352463, 1755637115.3373342, 1755637117.3400185, 1755637119.3423378, 1755637121.3450575, 1755637123.3473198, 1755637125.3493512, 1755637127.3514762, 1755637129.3541446, 1755637131.356588, 1755637133.35911, 1755637135.361437, 1755637137.3635406, 1755637139.3663974, 1755637141.3684518, 1755637143.3712022, 1755637145.378483, 1755637147.3812408, 1755637149.3835592, 1755637151.3864374, 1755637153.3884864, 1755637155.3905687, 1755637157.39327], "Voltage": [228.45, 228.56, 228.56, 228.56, 228.51, 228.56, 228.4, 228.4, 228.4, 228.4, 228.45, 228.4, 228.4, 228.45, 228.3, 228.4, 228.4, 228.35, 228.3, 228.3, 228.24, 228.14, 228.3, 228.24, 228.35, 228.3, 228.24, 228.35, 228.3, 228.19, 228.35, 228.35, 228.35, 228.3, 228.24, 228.19, 228.14, 228.14, 228.19, 228.14, 228.24, 228.24, 228.19, 228.24, 228.04], "Current": [0.17, 0.17, 0.17, 0.17, 0.17, 0.17, 0.17, 0.17, 0.17, 0.17, 0.17, 0.17, 0.17, 0.17, 0.17, 0.17, 0.17, 0.17, 0.17, 0.17, 0.17, 0.17, 0.18, 0.17, 0.17, 0.18, 0.17, 0.17, 0.18, 0.17, 0.17, 0.18, 0.17, 0.18, 0.17, 0.17, 0.17, 0.17, 0.18, 0.17, 0.17, 0.18, 0.18, 0.18, 0.17], "Real_Power": [26.14, 26.06, 26.22, 26.14, 26.15, 26.06, 26.08, 26.2, 26.09, 26.11, 26.08, 26.11, 26.03, 26.02, 26.14, 26.1, 26.1, 26.22, 26.07, 26.15, 26.17, 26.06, 26.12, 26.14, 26.09, 26.24, 26.12, 26.21, 26.17, 26.11, 26.1, 26.14, 26.02, 26.22, 26.02, 26.12, 26.2, 26.11, 26.17, 26.14, 26.11, 26.17, 26.12, 26.14, 26.15], "Apparent_Power": [38.83, 38.85, 38.85, 38.85, 38.84, 38.85, 38.82, 38.82, 38.82, 38.82, 38.83, 38.82, 38.82, 38.83, 38.81, 38.82, 38.82, 38.81, 38.81, 38.81, 38.8, 38.78, 41.09, 38.8, 38.81, 41.09, 38.8, 38.81, 41.09, 38.79, 38.81, 41.1, 38.81, 41.09, 38.8, 38.79, 38.78, 38.78, 41.07, 38.78, 38.8, 41.08, 41.07, 41.08, 38.76], "Apparent_Power_Reactive": [28.71, 28.81, 28.66, 28.74, 28.71, 28.81, 28.75, 28.64, 28.74, 28.72, 28.76, 28.72, 28.79, 28.82, 28.68, 28.73, 28.73, 28.61, 28.75, 28.67, 28.64, 28.71, 31.71, 28.67, 28.73, 31.62, 28.69, 28.62, 31.67, 28.68, 28.72, 31.71, 28.79, 31.63, 28.78, 28.67, 28.59, 28.67, 31.65, 28.64, 28.7, 31.66, 31.69, 31.69, 28.6], "Power_Factor": [0.673, 0.67, 0.674, 0.672, 0.673, 0.67, 0.671, 0.674, 0.672, 0.672, 0.671, 0.672, 0.67, 0.67, 0.673, 0.672, 0.672, 0.675, 0.671, 0.673, 0.674, 0.671, 0.635, 0.673, 0.672, 0.638, 0.673, 0.675, 0.636, 0.673, 0.672, 0.636, 0.67, 0.638, 0.67, 0.673, 0.675, 0.673, 0.637, 0.674, 0.672, 0.637, 0.635, 0.636, 0.674], "Energy": [0.01, 0.02, 0.04, 0.05, 0.07, 0.08, 0.1, 0.11, 0.13, 0.14, 0.16, 0.17, 0.19, 0.2, 0.22, 0.23, 0.25, 0.26, 0.28, 0.29, 0.3, 0.32, 0.33, 0.35, 0.36, 0.38, 0.39, 0.41, 0.42, 0.44, 0.45, 0.47, 0.48, 0.5, 0.51, 0.53, 0.54, 0.55, 0.57, 0.58, 0.6, 0.61, 0.63, 0.64, 0.66], "Frequency": [49.42, 49.41, 49.41, 49.41, 49.4, 49.4, 49.4, 49.42, 49.42, 49.42, 49.42, 49.42, 49.42, 49.43, 49.43, 49.42, 49.42, 49.42, 49.42, 49.42, 49.42, 49.42, 49.42, 49.42, 49.43, 49.43, 49.43, 49.43, 49.43, 49.43, 49.43, 49.43, 49.43, 49.42, 49.42, 49.42, 49.42, 49.42, 49.42, 49.43, 49.43, 49.43, 49.43, 49.43, 49.43], "Temp_env": []}