{"Start_Time": [1755381928.2300787], "Time": [1755381930.2326748, 1755381932.234899, 1755381934.2375937, 1755381936.2397316, 1755381938.241777, 1755381940.2441387, 1755381942.2466087, 1755381944.248891, 1755381946.2516224, 1755381948.2539477, 1755381950.256652, 1755381952.2587512, 1755381954.2665157, 1755381956.2688599, 1755381958.2715464, 1755381960.2740023, 1755381962.2765076, 1755381964.278867, 1755381966.2815788, 1755381968.283985, 1755381970.2864912, 1755381972.2888412, 1755381974.2915218, 1755381976.293951, 1755381978.2966485, 1755381980.2987936, 1755381982.3015351, 1755381984.3039434, 1755381986.306646, 1755381988.3095407, 1755381990.311893, 1755381992.3145616, 1755381994.3168862, 1755381996.324713, 1755381998.3275216, 1755382000.3299098, 1755382002.3326175, 1755382004.3355875, 1755382006.3379202, 1755382008.3406234, 1755382010.3429751, 1755382012.345684, 1755382014.3479414, 1755382016.3506243, 1755382018.3529372], "Voltage": [229.76, 229.61, 229.55, 229.5, 229.55, 229.55, 229.71, 229.61, 229.87, 229.76, 229.61, 229.71, 229.55, 229.66, 229.61, 229.66, 229.71, 229.66, 229.66, 229.76, 229.66, 229.76, 229.66, 229.66, 229.76, 229.55, 229.55, 229.61, 229.61, 229.71, 229.55, 229.61, 229.4, 229.45, 229.66, 229.45, 229.45, 229.45, 229.66, 229.45, 229.71, 229.66, 229.55, 229.66, 229.66], "Current": [0.17, 0.17, 0.17, 0.17, 0.17, 0.17, 0.17, 0.17, 0.17, 0.17, 0.17, 0.17, 0.17, 0.17, 0.17, 0.17, 0.17, 0.17, 0.17, 0.17, 0.17, 0.17, 0.17, 0.17, 0.17, 0.17, 0.17, 0.17, 0.17, 0.17, 0.17, 0.17, 0.17, 0.17, 0.17, 0.17, 0.17, 0.17, 0.17, 0.17, 0.17, 0.17, 0.17, 0.17, 0.17], "Real_Power": [26.07, 26.09, 26.23, 25.95, 26.19, 26.2, 26.1, 26.17, 26.06, 26.12, 26.29, 26.0, 26.32, 26.17, 26.12, 26.19, 26.02, 26.09, 26.21, 26.14, 26.12, 26.2, 26.02, 26.13, 26.19, 26.18, 26.14, 26.11, 26.09, 26.16, 26.03, 26.13, 26.12, 26.03, 26.22, 26.07, 26.22, 26.19, 26.15, 26.04, 26.29, 26.08, 26.2, 26.12, 26.1], "Apparent_Power": [39.05, 39.03, 39.02, 39.01, 39.02, 39.02, 39.05, 39.03, 39.07, 39.05, 39.03, 39.05, 39.02, 39.04, 39.03, 39.04, 39.05, 39.04, 39.04, 39.05, 39.04, 39.05, 39.04, 39.04, 39.05, 39.02, 39.02, 39.03, 39.03, 39.05, 39.02, 39.03, 38.99, 39.0, 39.04, 39.0, 39.0, 39.0, 39.04, 39.0, 39.05, 39.04, 39.02, 39.04, 39.04], "Apparent_Power_Reactive": [29.07, 29.02, 28.88, 29.12, 28.92, 28.91, 29.04, 28.95, 29.1, 29.02, 28.84, 29.13, 28.8, 28.96, 29.0, 28.95, 29.11, 29.04, 28.93, 29.01, 29.01, 28.95, 29.1, 29.0, 28.96, 28.93, 28.96, 29.01, 29.02, 28.99, 29.06, 28.99, 28.94, 29.04, 28.92, 29.0, 28.87, 28.89, 28.98, 29.03, 28.87, 29.05, 28.91, 29.01, 29.03], "Power_Factor": [0.667, 0.668, 0.672, 0.665, 0.671, 0.671, 0.668, 0.67, 0.667, 0.668, 0.673, 0.665, 0.674, 0.67, 0.669, 0.67, 0.666, 0.668, 0.671, 0.669, 0.669, 0.67, 0.666, 0.669, 0.67, 0.67, 0.669, 0.668, 0.668, 0.669, 0.667, 0.669, 0.669, 0.667, 0.671, 0.668, 0.672, 0.671, 0.669, 0.667, 0.673, 0.668, 0.671, 0.669, 0.668], "Energy": [0.01, 0.02, 0.04, 0.05, 0.07, 0.08, 0.1, 0.11, 0.13, 0.14, 0.16, 0.17, 0.19, 0.2, 0.22, 0.23, 0.24, 0.26, 0.27, 0.29, 0.3, 0.32, 0.33, 0.35, 0.36, 0.38, 0.39, 0.41, 0.42, 0.44, 0.45, 0.47, 0.48, 0.49, 0.51, 0.52, 0.54, 0.55, 0.57, 0.58, 0.6, 0.61, 0.63, 0.64, 0.66], "Frequency": [49.39, 49.39, 49.39, 49.39, 49.39, 49.39, 49.4, 49.4, 49.4, 49.4, 49.4, 49.4, 49.4, 49.4, 49.4, 49.39, 49.39, 49.39, 49.39, 49.39, 49.39, 49.39, 49.39, 49.39, 49.39, 49.39, 49.39, 49.39, 49.39, 49.39, 49.38, 49.38, 49.38, 49.39, 49.39, 49.39, 49.39, 49.39, 49.39, 49.39, 49.39, 49.39, 49.39, 49.39, 49.39], "Temp_env": []}