{"Start_Time": [1755311845.4193034], "Time": [1755311847.421354, 1755311849.4241126, 1755311851.4264958, 1755311853.4285955, 1755311855.4311578, 1755311857.4335237, 1755311859.435456, 1755311861.4375288, 1755311863.4396505, 1755311865.4423852, 1755311867.4447112, 1755311869.4474127, 1755311871.4496367, 1755311873.4516342, 1755311875.4536912, 1755311877.4564414, 1755311879.458873, 1755311881.4615989, 1755311883.4637814, 1755311885.4659293, 1755311887.4688318, 1755311889.4709103, 1755311891.4736466, 1755311893.475995, 1755311895.4788709, 1755311897.480945, 1755311899.4830947, 1755311901.4858136, 1755311903.4881823, 1755311905.4908538, 1755311907.4931912, 1755311909.4958804, 1755311911.4982615, 1755311913.500934, 1755311915.5032911, 1755311917.506, 1755311919.5081537, 1755311921.5103154, 1755311923.5130286, 1755311925.5154254, 1755311927.518093, 1755311929.5203788, 1755311931.5225039, 1755311933.5252016, 1755311935.5275395], "Voltage": [229.66, 229.76, 229.76, 229.71, 229.71, 229.76, 229.66, 229.76, 229.87, 229.87, 229.87, 229.76, 229.82, 229.92, 229.87, 229.87, 229.76, 229.76, 229.82, 229.71, 229.66, 229.66, 229.61, 229.66, 229.61, 229.61, 229.5, 229.71, 229.55, 229.61, 229.55, 229.55, 229.66, 229.55, 229.71, 229.66, 229.61, 229.5, 229.61, 229.55, 229.55, 229.55, 229.55, 229.66, 229.55], "Current": [0.17, 0.17, 0.17, 0.17, 0.17, 0.17, 0.17, 0.17, 0.17, 0.17, 0.17, 0.17, 0.17, 0.17, 0.17, 0.17, 0.17, 0.17, 0.17, 0.17, 0.17, 0.17, 0.17, 0.17, 0.17, 0.17, 0.17, 0.17, 0.17, 0.17, 0.17, 0.17, 0.17, 0.17, 0.17, 0.17, 0.17, 0.17, 0.17, 0.17, 0.17, 0.17, 0.17, 0.17, 0.17], "Real_Power": [26.0, 26.05, 26.27, 25.99, 26.24, 26.16, 26.06, 26.3, 26.03, 26.16, 26.1, 26.07, 26.34, 26.12, 26.11, 26.28, 26.05, 26.11, 26.19, 26.09, 26.31, 26.14, 26.09, 26.19, 26.2, 26.19, 26.1, 26.26, 26.05, 26.38, 26.09, 26.07, 26.27, 26.08, 26.16, 26.21, 26.0, 26.17, 26.13, 26.03, 26.16, 26.04, 26.07, 26.36, 26.03], "Apparent_Power": [39.04, 39.05, 39.05, 39.05, 39.05, 39.05, 39.04, 39.05, 39.07, 39.07, 39.07, 39.05, 39.06, 39.08, 39.07, 39.07, 39.05, 39.05, 39.06, 39.05, 39.04, 39.04, 39.03, 39.04, 39.03, 39.03, 39.01, 39.05, 39.02, 39.03, 39.02, 39.02, 39.04, 39.02, 39.05, 39.04, 39.03, 39.01, 39.03, 39.02, 39.02, 39.02, 39.02, 39.04, 39.02], "Apparent_Power_Reactive": [29.12, 29.09, 28.89, 29.14, 28.91, 28.99, 29.06, 28.86, 29.13, 29.01, 29.07, 29.07, 28.84, 29.06, 29.06, 28.91, 29.09, 29.03, 28.97, 29.05, 28.84, 28.99, 29.02, 28.95, 28.92, 28.93, 28.99, 28.9, 29.05, 28.76, 29.01, 29.03, 28.87, 29.02, 28.99, 28.93, 29.1, 28.92, 28.99, 29.06, 28.95, 29.05, 29.03, 28.79, 29.06], "Power_Factor": [0.665, 0.667, 0.672, 0.665, 0.671, 0.669, 0.667, 0.673, 0.666, 0.669, 0.668, 0.667, 0.674, 0.668, 0.668, 0.672, 0.667, 0.668, 0.67, 0.668, 0.673, 0.669, 0.668, 0.67, 0.671, 0.671, 0.669, 0.672, 0.667, 0.675, 0.668, 0.668, 0.672, 0.668, 0.669, 0.671, 0.666, 0.67, 0.669, 0.667, 0.67, 0.667, 0.668, 0.675, 0.667], "Energy": [0.01, 0.02, 0.04, 0.05, 0.07, 0.08, 0.1, 0.11, 0.13, 0.14, 0.16, 0.17, 0.19, 0.2, 0.22, 0.23, 0.24, 0.26, 0.27, 0.29, 0.3, 0.32, 0.33, 0.35, 0.36, 0.38, 0.39, 0.41, 0.42, 0.44, 0.45, 0.47, 0.48, 0.5, 0.51, 0.53, 0.54, 0.55, 0.57, 0.58, 0.6, 0.61, 0.63, 0.64, 0.66], "Frequency": [49.43, 49.43, 49.43, 49.43, 49.42, 49.42, 49.42, 49.43, 49.43, 49.43, 49.43, 49.43, 49.43, 49.42, 49.42, 49.42, 49.41, 49.41, 49.41, 49.41, 49.41, 49.41, 49.42, 49.42, 49.42, 49.42, 49.42, 49.42, 49.42, 49.42, 49.41, 49.41, 49.41, 49.43, 49.43, 49.43, 49.46, 49.46, 49.46, 49.46, 49.46, 49.46, 49.47, 49.47, 49.47], "Temp_env": []}