{"Start_Time": [1755242027.1956167], "Time": [1755242029.1976526, 1755242031.2003424, 1755242033.2028146, 1755242035.205236, 1755242037.2076473, 1755242039.2103298, 1755242041.212778, 1755242043.2153013, 1755242045.2176085, 1755242047.2197392, 1755242049.2226377, 1755242051.224787, 1755242053.2274692, 1755242055.229777, 1755242057.2326853, 1755242059.2348, 1755242061.2374804, 1755242063.2397847, 1755242065.2426913, 1755242067.244748, 1755242069.2468774, 1755242071.2495613, 1755242073.2517452, 1755242075.2538078, 1755242077.2565317, 1755242079.2588556, 1755242081.260794, 1755242083.2630696, 1755242085.265572, 1755242087.267911, 1755242089.2705789, 1755242091.2731824, 1755242093.2757099, 1755242095.2780356, 1755242097.2807763, 1755242099.2833068, 1755242101.28575, 1755242103.2880905, 1755242105.2907815, 1755242107.2932448, 1755242109.2957194, 1755242111.298097, 1755242113.3008397, 1755242115.3033078, 1755242117.3109493], "Voltage": [228.14, 228.19, 228.09, 228.09, 228.09, 228.3, 228.19, 228.24, 228.09, 228.19, 228.19, 228.09, 228.09, 228.04, 228.19, 228.19, 227.98, 227.98, 227.93, 227.98, 227.72, 227.93, 227.88, 227.98, 227.98, 228.04, 227.88, 227.88, 228.04, 227.93, 227.72, 227.72, 227.72, 227.67, 227.62, 227.67, 227.62, 227.56, 227.67, 227.62, 227.46, 227.56, 227.51, 227.46, 227.51], "Current": [0.17, 0.17, 0.17, 0.17, 0.17, 0.17, 0.17, 0.17, 0.17, 0.17, 0.17, 0.17, 0.17, 0.17, 0.17, 0.17, 0.17, 0.17, 0.18, 0.17, 0.17, 0.17, 0.17, 0.17, 0.17, 0.17, 0.17, 0.17, 0.17, 0.17, 0.17, 0.17, 0.17, 0.17, 0.17, 0.17, 0.17, 0.17, 0.17, 0.17, 0.17, 0.17, 0.17, 0.17, 0.17], "Real_Power": [26.01, 25.96, 25.72, 26.16, 25.97, 26.07, 25.73, 25.96, 25.89, 25.92, 25.95, 25.85, 26.03, 25.92, 25.82, 26.0, 25.67, 25.91, 26.18, 25.7, 26.01, 25.95, 25.67, 26.01, 25.95, 25.8, 26.08, 25.87, 25.95, 26.07, 25.88, 25.93, 25.85, 25.99, 25.95, 25.89, 25.97, 26.05, 25.83, 26.11, 25.73, 25.87, 26.14, 25.7, 25.92], "Apparent_Power": [38.78, 38.79, 38.77, 38.77, 38.77, 38.81, 38.79, 38.8, 38.77, 38.79, 38.79, 38.77, 38.77, 38.76, 38.79, 38.79, 38.75, 38.75, 41.02, 38.75, 38.71, 38.74, 38.73, 38.75, 38.75, 38.76, 38.73, 38.73, 38.76, 38.74, 38.71, 38.71, 38.71, 38.7, 38.69, 38.7, 38.69, 38.68, 38.7, 38.69, 38.66, 38.68, 38.67, 38.66, 38.67], "Apparent_Power_Reactive": [28.76, 28.82, 29.01, 28.61, 28.78, 28.75, 29.02, 28.83, 28.85, 28.85, 28.83, 28.89, 28.73, 28.81, 28.94, 28.78, 29.02, 28.81, 31.57, 29.0, 28.66, 28.76, 29.0, 28.72, 28.77, 28.92, 28.63, 28.82, 28.79, 28.65, 28.78, 28.74, 28.81, 28.67, 28.69, 28.76, 28.67, 28.59, 28.81, 28.55, 28.85, 28.75, 28.49, 28.88, 28.69], "Power_Factor": [0.67, 0.669, 0.663, 0.674, 0.669, 0.671, 0.663, 0.669, 0.667, 0.668, 0.668, 0.666, 0.671, 0.668, 0.665, 0.67, 0.662, 0.668, 0.638, 0.663, 0.671, 0.669, 0.662, 0.671, 0.669, 0.665, 0.673, 0.667, 0.669, 0.672, 0.668, 0.669, 0.667, 0.671, 0.67, 0.668, 0.671, 0.673, 0.667, 0.674, 0.665, 0.668, 0.675, 0.664, 0.67], "Energy": [0.01, 0.02, 0.04, 0.05, 0.07, 0.08, 0.1, 0.11, 0.13, 0.14, 0.16, 0.17, 0.19, 0.2, 0.21, 0.23, 0.24, 0.26, 0.27, 0.29, 0.3, 0.32, 0.33, 0.35, 0.36, 0.37, 0.39, 0.4, 0.42, 0.43, 0.45, 0.46, 0.48, 0.49, 0.51, 0.52, 0.54, 0.55, 0.56, 0.58, 0.59, 0.61, 0.62, 0.64, 0.65], "Frequency": [49.39, 49.4, 49.4, 49.4, 49.45, 49.45, 49.45, 49.45, 49.45, 49.45, 49.46, 49.46, 49.46, 49.47, 49.47, 49.47, 49.45, 49.45, 49.45, 49.46, 49.46, 49.46, 49.45, 49.45, 49.45, 49.44, 49.44, 49.44, 49.43, 49.43, 49.43, 49.4, 49.4, 49.4, 49.39, 49.39, 49.39, 49.4, 49.4, 49.4, 49.39, 49.39, 49.39, 49.39, 49.39], "Temp_env": []}