{"Start_Time": [1755433860.8104079], "Time": [1755433862.8127224, 1755433864.8149543, 1755433866.8174396, 1755433868.819614, 1755433870.8217056, 1755433872.8237736, 1755433874.8259687, 1755433876.8285923, 1755433878.8308835, 1755433880.8328538, 1755433882.8351293, 1755433884.8376167, 1755433886.839955, 1755433888.8426533, 1755433890.8451197, 1755433892.8476443, 1755433894.8499904, 1755433896.852688, 1755433898.8551965, 1755433900.857829, 1755433902.8599925, 1755433904.8620942, 1755433906.8650467, 1755433908.8671467, 1755433910.8698294, 1755433912.872196, 1755433914.875086, 1755433916.877147, 1755433918.879854, 1755433920.882198, 1755433922.8850915, 1755433924.8871367, 1755433926.8891916, 1755433928.8913307, 1755433930.8940122, 1755433932.8963141, 1755433934.898999, 1755433936.901325, 1755433938.904042, 1755433940.9063067, 1755433942.908429, 1755433944.911118, 1755433946.9183936, 1755433948.921094, 1755433950.9233818], "Voltage": [230.18, 230.18, 230.18, 230.29, 230.13, 230.18, 230.29, 230.24, 230.18, 230.13, 230.24, 230.08, 230.18, 230.13, 230.03, 230.08, 230.08, 230.08, 229.97, 230.03, 229.97, 230.08, 229.97, 229.97, 230.08, 230.13, 230.03, 229.92, 230.13, 229.97, 229.97, 229.97, 229.92, 229.92, 229.97, 229.97, 229.97, 230.03, 230.03, 229.97, 229.97, 230.13, 230.08, 230.08, 230.13], "Current": [0.17, 0.17, 0.17, 0.17, 0.17, 0.17, 0.17, 0.17, 0.17, 0.17, 0.17, 0.17, 0.17, 0.17, 0.17, 0.17, 0.17, 0.17, 0.17, 0.17, 0.17, 0.17, 0.17, 0.17, 0.17, 0.17, 0.17, 0.17, 0.17, 0.17, 0.17, 0.17, 0.17, 0.17, 0.17, 0.17, 0.17, 0.17, 0.17, 0.17, 0.17, 0.17, 0.17, 0.17, 0.17], "Real_Power": [25.99, 26.06, 26.06, 26.04, 25.95, 26.02, 26.07, 25.97, 26.01, 26.05, 25.88, 25.95, 26.02, 26.0, 26.17, 25.99, 25.98, 26.11, 25.98, 26.13, 25.9, 26.05, 25.98, 26.1, 25.94, 26.21, 25.92, 26.12, 25.99, 26.02, 26.06, 25.86, 25.99, 26.07, 25.99, 25.95, 26.08, 25.95, 26.03, 26.05, 26.08, 26.11, 26.06, 26.18, 26.17], "Apparent_Power": [39.13, 39.13, 39.13, 39.14, 39.12, 39.13, 39.14, 39.14, 39.13, 39.12, 39.14, 39.11, 39.13, 39.12, 39.1, 39.11, 39.11, 39.11, 39.09, 39.1, 39.09, 39.11, 39.09, 39.09, 39.11, 39.12, 39.1, 39.08, 39.12, 39.09, 39.09, 39.09, 39.08, 39.08, 39.09, 39.09, 39.09, 39.1, 39.1, 39.09, 39.09, 39.12, 39.11, 39.11, 39.12], "Apparent_Power_Reactive": [29.25, 29.18, 29.18, 29.22, 29.27, 29.22, 29.19, 29.28, 29.23, 29.18, 29.36, 29.26, 29.22, 29.22, 29.05, 29.22, 29.23, 29.11, 29.2, 29.08, 29.27, 29.17, 29.2, 29.1, 29.26, 29.04, 29.27, 29.06, 29.23, 29.17, 29.13, 29.31, 29.18, 29.11, 29.19, 29.23, 29.11, 29.24, 29.17, 29.14, 29.11, 29.13, 29.16, 29.05, 29.07], "Power_Factor": [0.664, 0.665, 0.665, 0.665, 0.663, 0.664, 0.666, 0.663, 0.664, 0.665, 0.661, 0.663, 0.664, 0.664, 0.669, 0.664, 0.664, 0.667, 0.664, 0.668, 0.662, 0.666, 0.664, 0.667, 0.663, 0.669, 0.662, 0.668, 0.664, 0.665, 0.666, 0.661, 0.665, 0.667, 0.664, 0.663, 0.667, 0.663, 0.665, 0.666, 0.667, 0.667, 0.666, 0.669, 0.668], "Energy": [0.01, 0.02, 0.04, 0.05, 0.07, 0.08, 0.1, 0.11, 0.13, 0.14, 0.16, 0.17, 0.19, 0.2, 0.21, 0.23, 0.24, 0.26, 0.27, 0.29, 0.3, 0.32, 0.33, 0.35, 0.36, 0.38, 0.39, 0.4, 0.42, 0.43, 0.45, 0.46, 0.48, 0.49, 0.51, 0.52, 0.54, 0.55, 0.57, 0.58, 0.6, 0.61, 0.62, 0.64, 0.65], "Frequency": [49.38, 49.38, 49.39, 49.39, 49.39, 49.39, 49.39, 49.39, 49.38, 49.38, 49.38, 49.39, 49.39, 49.39, 49.39, 49.39, 49.39, 49.39, 49.39, 49.39, 49.39, 49.39, 49.39, 49.4, 49.4, 49.4, 49.4, 49.4, 49.4, 49.4, 49.4, 49.4, 49.39, 49.39, 49.39, 49.39, 49.39, 49.39, 49.39, 49.39, 49.39, 49.39, 49.39, 49.39, 49.39], "Temp_env": []}