{"Start_Time": [1755597519.2622375], "Time": [1755597521.2646003, 1755597523.267399, 1755597525.2697809, 1755597527.2774315, 1755597529.2798097, 1755597531.2817898, 1755597533.2839146, 1755597535.2866483, 1755597537.2888665, 1755597539.291607, 1755597541.2940633, 1755597543.2966208, 1755597545.2989917, 1755597547.3017094, 1755597549.304185, 1755597551.3067305, 1755597553.3090851, 1755597555.3117676, 1755597557.3142724, 1755597559.3169699, 1755597561.3191466, 1755597563.3213005, 1755597565.3241293, 1755597567.3262408, 1755597569.3341155, 1755597571.3362298, 1755597573.3383284, 1755597575.341045, 1755597577.3434215, 1755597579.3461406, 1755597581.348501, 1755597583.3512225, 1755597585.353552, 1755597587.3562803, 1755597589.3586695, 1755597591.36139, 1755597593.368697, 1755597595.3714297, 1755597597.3735883, 1755597599.375711, 1755597601.3784442, 1755597603.3808494, 1755597605.3835428, 1755597607.3857255, 1755597609.3877795], "Voltage": [228.77, 228.72, 228.82, 228.82, 228.66, 228.98, 229.08, 228.87, 229.14, 229.03, 229.29, 229.55, 229.19, 229.29, 229.19, 229.08, 229.24, 229.24, 229.19, 229.03, 229.14, 228.98, 229.14, 229.29, 229.08, 229.35, 229.24, 229.45, 229.55, 229.35, 229.29, 229.19, 229.19, 229.45, 229.29, 229.19, 229.29, 229.24, 229.35, 229.29, 229.03, 229.08, 229.14, 228.98, 229.08], "Current": [0.17, 0.17, 0.17, 0.17, 0.17, 0.17, 0.17, 0.17, 0.17, 0.17, 0.17, 0.17, 0.17, 0.17, 0.17, 0.17, 0.17, 0.17, 0.17, 0.17, 0.17, 0.17, 0.17, 0.17, 0.17, 0.17, 0.17, 0.17, 0.17, 0.17, 0.17, 0.17, 0.17, 0.17, 0.17, 0.17, 0.17, 0.17, 0.17, 0.17, 0.17, 0.17, 0.17, 0.17, 0.17], "Real_Power": [26.25, 26.07, 26.02, 26.21, 26.07, 26.16, 26.22, 26.06, 26.27, 26.08, 26.1, 26.32, 25.94, 26.16, 26.26, 26.03, 26.2, 26.0, 26.16, 26.24, 25.94, 26.23, 26.09, 26.0, 26.22, 26.0, 26.14, 26.15, 26.0, 26.23, 26.21, 25.99, 26.23, 25.94, 26.16, 26.25, 26.01, 26.34, 25.96, 26.23, 26.09, 26.26, 26.17, 26.08, 26.22], "Apparent_Power": [38.89, 38.88, 38.89, 38.89, 38.87, 38.92, 38.94, 38.9, 38.95, 38.93, 38.97, 39.02, 38.96, 38.97, 38.96, 38.94, 38.97, 38.97, 38.96, 38.93, 38.95, 38.92, 38.95, 38.97, 38.94, 38.98, 38.97, 39.0, 39.02, 38.98, 38.97, 38.96, 38.96, 39.0, 38.97, 38.96, 38.97, 38.97, 38.98, 38.97, 38.93, 38.94, 38.95, 38.92, 38.94], "Apparent_Power_Reactive": [28.69, 28.84, 28.9, 28.73, 28.83, 28.81, 28.78, 28.88, 28.75, 28.9, 28.93, 28.8, 29.06, 28.88, 28.78, 28.96, 28.84, 29.02, 28.87, 28.75, 29.05, 28.75, 28.92, 29.02, 28.78, 29.04, 28.9, 28.93, 29.09, 28.83, 28.83, 29.02, 28.8, 29.12, 28.88, 28.78, 29.01, 28.72, 29.07, 28.82, 28.89, 28.75, 28.84, 28.88, 28.78], "Power_Factor": [0.674, 0.67, 0.669, 0.673, 0.67, 0.672, 0.673, 0.669, 0.674, 0.669, 0.669, 0.674, 0.665, 0.671, 0.674, 0.668, 0.672, 0.667, 0.671, 0.674, 0.665, 0.673, 0.669, 0.667, 0.673, 0.667, 0.67, 0.67, 0.666, 0.672, 0.672, 0.667, 0.673, 0.665, 0.671, 0.673, 0.667, 0.675, 0.665, 0.673, 0.67, 0.674, 0.671, 0.67, 0.673], "Energy": [0.01, 0.02, 0.04, 0.05, 0.07, 0.08, 0.1, 0.11, 0.13, 0.14, 0.16, 0.17, 0.19, 0.2, 0.22, 0.23, 0.24, 0.26, 0.27, 0.29, 0.3, 0.32, 0.33, 0.35, 0.36, 0.38, 0.39, 0.41, 0.42, 0.44, 0.45, 0.47, 0.48, 0.49, 0.51, 0.52, 0.54, 0.55, 0.57, 0.58, 0.6, 0.61, 0.63, 0.64, 0.66], "Frequency": [49.45, 49.45, 49.45, 49.45, 49.45, 49.45, 49.4, 49.4, 49.4, 49.39, 49.39, 49.39, 49.41, 49.41, 49.41, 49.42, 49.42, 49.42, 49.42, 49.42, 49.42, 49.42, 49.42, 49.42, 49.41, 49.41, 49.41, 49.4, 49.4, 49.4, 49.43, 49.43, 49.43, 49.42, 49.42, 49.42, 49.43, 49.43, 49.43, 49.43, 49.43, 49.43, 49.4, 49.4, 49.4], "Temp_env": []}