{"Start_Time": [1755671133.211157], "Time": [1755671135.2131438, 1755671137.215852, 1755671139.2180016, 1755671141.2203012, 1755671143.2227712, 1755671145.230254, 1755671147.2322361, 1755671149.234899, 1755671151.2372394, 1755671153.2392366, 1755671155.2413015, 1755671157.2432718, 1755671159.245948, 1755671161.2482896, 1755671163.2504067, 1755671165.2523534, 1755671167.2550626, 1755671169.2623217, 1755671171.2643077, 1755671173.266333, 1755671175.2683976, 1755671177.2710614, 1755671179.2734513, 1755671181.275407, 1755671183.2774646, 1755671185.2794518, 1755671187.2815535, 1755671189.283508, 1755671191.285558, 1755671193.2926989, 1755671195.2946713, 1755671197.2966704, 1755671199.2993672, 1755671201.3015983, 1755671203.3036592, 1755671205.3058395, 1755671207.30854, 1755671209.3110356, 1755671211.3135335, 1755671213.3158758, 1755671215.3185594, 1755671217.321005, 1755671219.323575, 1755671221.325921, 1755671223.3286462], "Voltage": [227.51, 227.46, 227.41, 227.46, 227.46, 227.41, 227.41, 227.56, 227.35, 227.35, 227.14, 227.25, 227.14, 227.41, 227.3, 227.35, 227.41, 227.41, 227.25, 227.3, 227.46, 227.41, 227.3, 227.51, 227.62, 227.46, 227.46, 227.67, 227.67, 227.67, 227.56, 227.62, 227.67, 227.56, 227.62, 227.41, 227.56, 227.46, 227.35, 227.51, 227.3, 227.46, 227.35, 227.3, 227.3], "Current": [0.17, 0.17, 0.17, 0.17, 0.17, 0.17, 0.17, 0.17, 0.17, 0.17, 0.17, 0.17, 0.17, 0.17, 0.17, 0.17, 0.17, 0.17, 0.17, 0.17, 0.17, 0.17, 0.17, 0.17, 0.17, 0.17, 0.17, 0.17, 0.17, 0.17, 0.17, 0.17, 0.17, 0.17, 0.17, 0.17, 0.17, 0.17, 0.17, 0.17, 0.17, 0.17, 0.17, 0.17, 0.17], "Real_Power": [26.15, 26.06, 26.02, 26.08, 26.13, 26.25, 26.13, 26.11, 26.07, 26.15, 26.05, 26.14, 26.05, 26.13, 26.08, 26.04, 26.32, 26.06, 26.15, 26.16, 26.02, 26.05, 26.1, 26.14, 26.15, 26.08, 26.21, 26.13, 26.2, 26.22, 26.15, 26.12, 26.07, 26.08, 26.15, 26.1, 26.05, 26.08, 26.14, 26.05, 26.13, 26.11, 26.03, 26.16, 26.07], "Apparent_Power": [38.67, 38.66, 38.65, 38.66, 38.66, 38.65, 38.65, 38.68, 38.64, 38.64, 38.61, 38.63, 38.61, 38.65, 38.64, 38.64, 38.65, 38.65, 38.63, 38.64, 38.66, 38.65, 38.64, 38.67, 38.69, 38.66, 38.66, 38.7, 38.7, 38.7, 38.68, 38.69, 38.7, 38.68, 38.69, 38.65, 38.68, 38.66, 38.64, 38.67, 38.64, 38.66, 38.64, 38.64, 38.64], "Apparent_Power_Reactive": [28.48, 28.55, 28.57, 28.53, 28.49, 28.36, 28.47, 28.53, 28.52, 28.44, 28.49, 28.44, 28.49, 28.47, 28.51, 28.54, 28.3, 28.54, 28.43, 28.43, 28.59, 28.55, 28.49, 28.49, 28.51, 28.53, 28.41, 28.54, 28.48, 28.46, 28.5, 28.54, 28.6, 28.56, 28.51, 28.5, 28.59, 28.53, 28.45, 28.57, 28.46, 28.51, 28.55, 28.43, 28.52], "Power_Factor": [0.676, 0.674, 0.673, 0.674, 0.675, 0.679, 0.676, 0.675, 0.674, 0.676, 0.674, 0.676, 0.674, 0.676, 0.674, 0.673, 0.68, 0.674, 0.676, 0.677, 0.673, 0.673, 0.675, 0.675, 0.675, 0.674, 0.677, 0.675, 0.677, 0.677, 0.676, 0.675, 0.673, 0.674, 0.675, 0.675, 0.673, 0.674, 0.676, 0.673, 0.676, 0.675, 0.673, 0.677, 0.674], "Energy": [0.01, 0.03, 0.04, 0.06, 0.07, 0.08, 0.1, 0.11, 0.13, 0.14, 0.16, 0.17, 0.19, 0.2, 0.22, 0.23, 0.25, 0.26, 0.28, 0.29, 0.3, 0.32, 0.33, 0.35, 0.36, 0.38, 0.39, 0.41, 0.42, 0.44, 0.45, 0.47, 0.48, 0.5, 0.51, 0.52, 0.54, 0.55, 0.57, 0.58, 0.6, 0.61, 0.63, 0.64, 0.66], "Frequency": [49.42, 49.42, 49.43, 49.43, 49.43, 49.43, 49.43, 49.43, 49.43, 49.43, 49.43, 49.43, 49.43, 49.43, 49.43, 49.43, 49.43, 49.43, 49.43, 49.43, 49.43, 49.43, 49.43, 49.43, 49.43, 49.43, 49.43, 49.43, 49.43, 49.44, 49.44, 49.44, 49.44, 49.44, 49.44, 49.42, 49.42, 49.42, 49.39, 49.39, 49.39, 49.41, 49.41, 49.41, 49.39], "Temp_env": []}