{"Start_Time": [1755674330.2115538], "Time": [1755674332.2139313, 1755674334.2162368, 1755674336.2189054, 1755674338.2211738, 1755674340.2231348, 1755674342.2259505, 1755674344.2337294, 1755674346.2362697, 1755674348.238736, 1755674350.246219, 1755674352.248628, 1755674354.2509105, 1755674356.2535934, 1755674358.2559738, 1755674360.2579525, 1755674362.2606318, 1755674364.262888, 1755674366.2657778, 1755674368.2735982, 1755674370.2759244, 1755674372.278424, 1755674374.2807517, 1755674376.2834141, 1755674378.2858157, 1755674380.2883322, 1755674382.2906318, 1755674384.2932842, 1755674386.2956889, 1755674388.2983916, 1755674390.3006682, 1755674392.3082647, 1755674394.3105402, 1755674396.313215, 1755674398.3155897, 1755674400.3183255, 1755674402.3204222, 1755674404.323169, 1755674406.3255732, 1755674408.3282645, 1755674410.3304758, 1755674412.3331091, 1755674414.33554, 1755674416.3380222, 1755674418.3403456, 1755674420.3430085], "Voltage": [230.45, 230.39, 230.24, 230.24, 230.5, 230.5, 230.45, 230.34, 230.29, 230.34, 230.39, 230.39, 230.39, 230.39, 230.45, 230.39, 230.39, 230.45, 230.39, 230.24, 230.24, 230.45, 230.13, 230.24, 229.97, 230.29, 230.29, 230.08, 230.08, 230.03, 229.92, 230.13, 230.03, 229.92, 230.08, 229.92, 230.13, 230.03, 230.08, 229.92, 230.03, 230.13, 229.97, 229.82, 229.87], "Current": [0.17, 0.17, 0.17, 0.17, 0.17, 0.17, 0.17, 0.17, 0.17, 0.17, 0.17, 0.17, 0.17, 0.17, 0.17, 0.17, 0.17, 0.17, 0.17, 0.17, 0.17, 0.17, 0.17, 0.17, 0.17, 0.17, 0.17, 0.17, 0.17, 0.17, 0.17, 0.17, 0.17, 0.17, 0.17, 0.17, 0.17, 0.17, 0.17, 0.17, 0.17, 0.17, 0.17, 0.17, 0.17], "Real_Power": [26.23, 26.09, 26.25, 26.09, 26.3, 26.42, 26.17, 26.2, 26.29, 26.12, 26.3, 26.2, 26.31, 26.35, 26.24, 26.24, 26.03, 26.22, 26.2, 26.11, 26.23, 26.12, 26.3, 26.09, 26.04, 26.18, 26.25, 26.13, 26.27, 26.08, 26.16, 26.38, 26.07, 26.37, 26.33, 26.04, 26.17, 26.2, 26.11, 26.26, 26.05, 26.26, 26.22, 26.15, 26.19], "Apparent_Power": [39.17, 39.16, 39.14, 39.14, 39.18, 39.18, 39.17, 39.15, 39.14, 39.15, 39.16, 39.16, 39.16, 39.16, 39.17, 39.16, 39.16, 39.17, 39.16, 39.14, 39.14, 39.17, 39.12, 39.14, 39.09, 39.14, 39.14, 39.11, 39.11, 39.1, 39.08, 39.12, 39.1, 39.08, 39.11, 39.08, 39.12, 39.1, 39.11, 39.08, 39.1, 39.12, 39.09, 39.06, 39.07], "Apparent_Power_Reactive": [29.09, 29.2, 29.03, 29.17, 29.04, 28.93, 29.14, 29.09, 28.99, 29.16, 29.01, 29.1, 29.0, 28.96, 29.08, 29.06, 29.25, 29.09, 29.1, 29.15, 29.05, 29.18, 28.96, 29.17, 29.15, 29.09, 29.03, 29.1, 28.97, 29.13, 29.03, 28.88, 29.14, 28.84, 28.91, 29.14, 29.07, 29.02, 29.11, 28.94, 29.15, 28.99, 28.99, 29.01, 28.99], "Power_Factor": [0.669, 0.666, 0.67, 0.666, 0.671, 0.674, 0.668, 0.669, 0.671, 0.667, 0.671, 0.669, 0.671, 0.672, 0.669, 0.67, 0.664, 0.669, 0.669, 0.667, 0.67, 0.666, 0.672, 0.666, 0.666, 0.668, 0.67, 0.668, 0.671, 0.667, 0.669, 0.674, 0.666, 0.674, 0.673, 0.666, 0.668, 0.67, 0.667, 0.671, 0.666, 0.671, 0.67, 0.669, 0.67], "Energy": [0.01, 0.02, 0.04, 0.05, 0.07, 0.08, 0.1, 0.11, 0.13, 0.14, 0.16, 0.17, 0.19, 0.2, 0.22, 0.23, 0.25, 0.26, 0.28, 0.29, 0.31, 0.32, 0.34, 0.35, 0.36, 0.38, 0.39, 0.41, 0.42, 0.44, 0.45, 0.47, 0.48, 0.5, 0.51, 0.53, 0.54, 0.56, 0.57, 0.59, 0.6, 0.62, 0.63, 0.64, 0.66], "Frequency": [49.39, 49.39, 49.39, 49.39, 49.39, 49.38, 49.38, 49.38, 49.38, 49.38, 49.38, 49.38, 49.38, 49.38, 49.37, 49.37, 49.37, 49.38, 49.38, 49.38, 49.38, 49.38, 49.38, 49.38, 49.38, 49.38, 49.37, 49.37, 49.37, 49.36, 49.36, 49.36, 49.36, 49.36, 49.36, 49.36, 49.36, 49.36, 49.38, 49.38, 49.38, 49.37, 49.37, 49.37, 49.36], "Temp_env": []}