{"Start_Time": [1755575329.4015672], "Time": [1755575331.4036145, 1755575333.406565, 1755575335.4086227, 1755575337.4106867, 1755575339.4128778, 1755575341.4156027, 1755575343.417882, 1755575345.420612, 1755575347.42289, 1755575349.4256427, 1755575351.427787, 1755575353.4299512, 1755575355.4326854, 1755575357.4348512, 1755575359.4371312, 1755575361.4396038, 1755575363.441966, 1755575365.444629, 1755575367.4470398, 1755575369.4498005, 1755575371.4520776, 1755575373.454858, 1755575375.4572613, 1755575377.459757, 1755575379.4621572, 1755575381.4648175, 1755575383.4673507, 1755575385.4698448, 1755575387.4721956, 1755575389.474874, 1755575391.4774125, 1755575393.4798741, 1755575395.4822462, 1755575397.484987, 1755575399.4873064, 1755575401.4899557, 1755575403.492283, 1755575405.4949996, 1755575407.4973416, 1755575409.5000753, 1755575411.5023956, 1755575413.505071, 1755575415.5074267, 1755575417.5101297, 1755575419.5123043], "Voltage": [228.61, 228.72, 228.72, 228.72, 228.72, 228.77, 228.77, 228.72, 228.77, 228.72, 228.72, 228.87, 228.82, 228.72, 228.77, 228.66, 228.72, 228.61, 228.66, 228.66, 228.66, 228.66, 228.66, 228.77, 228.72, 228.82, 228.87, 228.82, 228.61, 228.82, 228.77, 228.66, 228.77, 228.72, 228.82, 228.72, 228.82, 228.82, 228.82, 228.72, 228.72, 228.66, 228.72, 228.61, 228.66], "Current": [0.17, 0.17, 0.17, 0.17, 0.17, 0.17, 0.17, 0.17, 0.18, 0.17, 0.17, 0.17, 0.17, 0.17, 0.17, 0.17, 0.17, 0.17, 0.17, 0.17, 0.17, 0.17, 0.17, 0.18, 0.17, 0.17, 0.17, 0.17, 0.17, 0.17, 0.17, 0.17, 0.17, 0.17, 0.17, 0.17, 0.17, 0.18, 0.17, 0.17, 0.17, 0.17, 0.17, 0.17, 0.17], "Real_Power": [26.38, 26.15, 26.27, 26.41, 26.12, 26.37, 26.13, 26.2, 26.38, 26.22, 26.3, 26.19, 26.19, 26.26, 26.23, 26.21, 26.35, 26.19, 26.2, 26.31, 26.15, 26.29, 26.34, 26.39, 26.32, 26.23, 26.24, 26.26, 26.09, 26.42, 26.28, 26.18, 26.38, 26.21, 26.25, 26.25, 26.22, 26.48, 26.21, 26.2, 26.33, 26.2, 26.4, 26.41, 26.13], "Apparent_Power": [38.86, 38.88, 38.88, 38.88, 38.88, 38.89, 38.89, 38.88, 41.17, 38.88, 38.88, 38.9, 38.89, 38.88, 38.89, 38.87, 38.88, 38.86, 38.87, 38.87, 38.87, 38.87, 38.87, 41.17, 38.88, 38.89, 38.9, 38.89, 38.86, 38.89, 38.89, 38.87, 38.89, 38.88, 38.89, 38.88, 38.89, 41.18, 38.89, 38.88, 38.88, 38.87, 38.88, 38.86, 38.87], "Apparent_Power_Reactive": [28.53, 28.77, 28.66, 28.53, 28.79, 28.58, 28.8, 28.72, 31.6, 28.7, 28.63, 28.76, 28.74, 28.67, 28.71, 28.7, 28.58, 28.7, 28.71, 28.61, 28.75, 28.63, 28.58, 31.59, 28.61, 28.71, 28.71, 28.68, 28.79, 28.53, 28.66, 28.73, 28.57, 28.71, 28.69, 28.68, 28.72, 31.53, 28.73, 28.72, 28.6, 28.71, 28.54, 28.5, 28.77], "Power_Factor": [0.678, 0.672, 0.675, 0.679, 0.671, 0.678, 0.671, 0.673, 0.64, 0.674, 0.676, 0.673, 0.673, 0.675, 0.674, 0.674, 0.677, 0.673, 0.674, 0.676, 0.672, 0.676, 0.677, 0.641, 0.676, 0.674, 0.674, 0.675, 0.671, 0.679, 0.675, 0.673, 0.678, 0.674, 0.674, 0.675, 0.674, 0.643, 0.673, 0.673, 0.677, 0.674, 0.679, 0.679, 0.672], "Energy": [0.01, 0.02, 0.04, 0.05, 0.07, 0.08, 0.1, 0.11, 0.13, 0.14, 0.16, 0.17, 0.19, 0.2, 0.22, 0.23, 0.25, 0.26, 0.28, 0.29, 0.3, 0.32, 0.33, 0.35, 0.36, 0.38, 0.39, 0.41, 0.42, 0.44, 0.45, 0.47, 0.48, 0.5, 0.51, 0.53, 0.54, 0.56, 0.57, 0.58, 0.6, 0.61, 0.63, 0.64, 0.66], "Frequency": [49.4, 49.4, 49.4, 49.4, 49.4, 49.41, 49.41, 49.41, 49.42, 49.42, 49.42, 49.4, 49.4, 49.4, 49.41, 49.41, 49.41, 49.39, 49.39, 49.39, 49.41, 49.41, 49.41, 49.41, 49.41, 49.41, 49.42, 49.42, 49.42, 49.43, 49.43, 49.43, 49.42, 49.42, 49.42, 49.42, 49.42, 49.42, 49.42, 49.42, 49.42, 49.41, 49.41, 49.41, 49.41], "Temp_env": []}