{"Start_Time": [1755739549.462856], "Time": [1755739551.4651048, 1755739553.467916, 1755739555.4701166, 1755739557.4722073, 1755739559.4741561, 1755739561.4762003, 1755739563.478283, 1755739565.4809315, 1755739567.4830494, 1755739569.4852521, 1755739571.487274, 1755739573.4895847, 1755739575.4920738, 1755739577.4943407, 1755739579.496351, 1755739581.4984474, 1755739583.5005887, 1755739585.503301, 1755739587.505474, 1755739589.5076137, 1755739591.5096297, 1755739593.5123475, 1755739595.5145226, 1755739597.5166533, 1755739599.5195336, 1755739601.5215764, 1755739603.5243056, 1755739605.526637, 1755739607.52953, 1755739609.5315669, 1755739611.5336373, 1755739613.536332, 1755739615.5387452, 1755739617.5414507, 1755739619.5438106, 1755739621.5465412, 1755739623.5487385, 1755739625.5508788, 1755739627.553583, 1755739629.5557506, 1755739631.5577853, 1755739633.5599625, 1755739635.5626357, 1755739637.5649612, 1755739639.567654], "Voltage": [230.24, 230.18, 230.24, 230.18, 230.18, 230.13, 230.18, 230.13, 230.13, 230.24, 230.13, 230.29, 230.18, 230.24, 230.18, 230.08, 230.34, 230.13, 230.24, 230.13, 230.13, 230.18, 230.18, 230.13, 230.13, 230.29, 230.24, 230.34, 230.34, 230.34, 230.24, 230.34, 230.45, 230.24, 230.29, 230.13, 230.29, 230.24, 230.13, 230.29, 230.18, 230.18, 230.29, 230.34, 230.24], "Current": [0.17, 0.17, 0.17, 0.17, 0.17, 0.17, 0.17, 0.17, 0.17, 0.17, 0.17, 0.17, 0.17, 0.17, 0.17, 0.17, 0.17, 0.17, 0.17, 0.17, 0.17, 0.17, 0.17, 0.17, 0.17, 0.17, 0.17, 0.17, 0.17, 0.17, 0.17, 0.17, 0.17, 0.17, 0.17, 0.17, 0.17, 0.17, 0.17, 0.17, 0.17, 0.17, 0.17, 0.17, 0.17], "Real_Power": [25.98, 26.12, 26.25, 25.95, 26.21, 26.06, 26.07, 26.01, 26.15, 26.24, 25.93, 26.22, 26.1, 26.07, 26.22, 26.06, 25.98, 26.2, 25.95, 26.24, 26.34, 26.03, 26.14, 26.06, 26.08, 26.16, 25.94, 26.2, 26.05, 26.01, 26.09, 26.1, 26.09, 26.11, 25.97, 26.11, 26.25, 25.99, 26.14, 26.09, 26.08, 26.25, 26.0, 26.12, 26.0], "Apparent_Power": [39.14, 39.13, 39.14, 39.13, 39.13, 39.12, 39.13, 39.12, 39.12, 39.14, 39.12, 39.14, 39.13, 39.14, 39.13, 39.11, 39.15, 39.12, 39.14, 39.12, 39.12, 39.13, 39.13, 39.12, 39.12, 39.14, 39.14, 39.15, 39.15, 39.15, 39.14, 39.15, 39.17, 39.14, 39.14, 39.12, 39.14, 39.14, 39.12, 39.14, 39.13, 39.13, 39.14, 39.15, 39.14], "Apparent_Power_Reactive": [29.27, 29.13, 29.03, 29.28, 29.05, 29.17, 29.18, 29.22, 29.09, 29.04, 29.29, 29.05, 29.15, 29.19, 29.04, 29.16, 29.28, 29.05, 29.3, 29.01, 28.92, 29.21, 29.11, 29.17, 29.15, 29.11, 29.3, 29.09, 29.22, 29.26, 29.17, 29.18, 29.21, 29.15, 29.28, 29.13, 29.03, 29.26, 29.1, 29.17, 29.17, 29.01, 29.25, 29.16, 29.25], "Power_Factor": [0.663, 0.667, 0.67, 0.663, 0.669, 0.666, 0.666, 0.664, 0.668, 0.67, 0.662, 0.669, 0.667, 0.666, 0.67, 0.666, 0.663, 0.669, 0.663, 0.67, 0.673, 0.665, 0.668, 0.666, 0.666, 0.668, 0.662, 0.669, 0.665, 0.664, 0.666, 0.666, 0.666, 0.667, 0.663, 0.667, 0.67, 0.664, 0.668, 0.666, 0.666, 0.67, 0.664, 0.667, 0.664], "Energy": [0.01, 0.02, 0.04, 0.05, 0.07, 0.08, 0.1, 0.11, 0.13, 0.14, 0.16, 0.17, 0.19, 0.2, 0.22, 0.23, 0.25, 0.26, 0.28, 0.29, 0.3, 0.32, 0.33, 0.35, 0.36, 0.38, 0.39, 0.41, 0.42, 0.44, 0.45, 0.47, 0.48, 0.5, 0.51, 0.52, 0.54, 0.55, 0.57, 0.58, 0.6, 0.61, 0.63, 0.64, 0.66], "Frequency": [49.39, 49.39, 49.4, 49.4, 49.4, 49.39, 49.39, 49.39, 49.39, 49.39, 49.39, 49.4, 49.4, 49.4, 49.39, 49.39, 49.39, 49.39, 49.39, 49.39, 49.39, 49.39, 49.39, 49.38, 49.38, 49.38, 49.39, 49.39, 49.39, 49.4, 49.4, 49.4, 49.4, 49.4, 49.4, 49.4, 49.4, 49.4, 49.39, 49.39, 49.39, 49.39, 49.39, 49.39, 49.39], "Temp_env": []}