{"Start_Time": [1755472102.4959416], "Time": [1755472104.4983258, 1755472106.5006495, 1755472108.5027108, 1755472110.5054207, 1755472112.5077717, 1755472114.510497, 1755472116.5127451, 1755472118.5147438, 1755472120.5168169, 1755472122.5187929, 1755472124.520931, 1755472126.5236306, 1755472128.5260155, 1755472130.5286825, 1755472132.5310197, 1755472134.5336945, 1755472136.5360296, 1755472138.5387673, 1755472140.5410967, 1755472142.5437663, 1755472144.5461426, 1755472146.5488248, 1755472148.5511827, 1755472150.553855, 1755472152.5561779, 1755472154.5582993, 1755472156.560998, 1755472158.5633402, 1755472160.5653741, 1755472162.5680835, 1755472164.5704343, 1755472166.5725107, 1755472168.5752215, 1755472170.57733, 1755472172.5800903, 1755472174.5826197, 1755472176.5851064, 1755472178.5874178, 1755472180.5902526, 1755472182.5927231, 1755472184.5952342, 1755472186.597579, 1755472188.6002967, 1755472190.602763, 1755472192.6054742], "Voltage": [230.08, 230.03, 230.03, 229.97, 229.87, 230.03, 230.03, 229.92, 229.97, 229.92, 229.82, 230.03, 230.03, 230.08, 230.08, 230.03, 230.03, 230.08, 229.92, 229.97, 230.03, 229.92, 229.97, 229.97, 230.08, 230.08, 229.97, 229.97, 230.08, 229.97, 230.03, 230.03, 229.87, 230.13, 230.08, 230.08, 229.97, 229.87, 229.92, 230.08, 230.03, 229.97, 229.97, 230.03, 230.03], "Current": [0.17, 0.17, 0.17, 0.17, 0.17, 0.17, 0.17, 0.17, 0.17, 0.17, 0.17, 0.17, 0.17, 0.17, 0.17, 0.17, 0.17, 0.17, 0.17, 0.17, 0.17, 0.17, 0.17, 0.17, 0.17, 0.17, 0.17, 0.17, 0.17, 0.17, 0.17, 0.17, 0.17, 0.17, 0.17, 0.17, 0.17, 0.17, 0.17, 0.17, 0.17, 0.17, 0.17, 0.17, 0.17], "Real_Power": [26.02, 25.78, 25.98, 25.97, 25.85, 26.07, 25.93, 26.08, 26.1, 25.97, 26.02, 26.11, 26.13, 25.91, 25.94, 25.94, 25.79, 25.97, 26.03, 25.84, 26.03, 26.13, 25.95, 26.14, 25.92, 26.05, 26.04, 25.97, 26.11, 26.06, 25.83, 26.09, 25.89, 26.03, 26.01, 25.93, 26.07, 25.95, 25.79, 26.15, 25.99, 25.95, 26.12, 25.97, 26.01], "Apparent_Power": [39.11, 39.1, 39.1, 39.09, 39.07, 39.1, 39.1, 39.08, 39.09, 39.08, 39.06, 39.1, 39.1, 39.11, 39.11, 39.1, 39.1, 39.11, 39.08, 39.09, 39.1, 39.08, 39.09, 39.09, 39.11, 39.11, 39.09, 39.09, 39.11, 39.09, 39.1, 39.1, 39.07, 39.12, 39.11, 39.11, 39.09, 39.07, 39.08, 39.11, 39.1, 39.09, 39.09, 39.1, 39.1], "Apparent_Power_Reactive": [29.19, 29.39, 29.22, 29.21, 29.29, 29.14, 29.26, 29.1, 29.1, 29.2, 29.13, 29.1, 29.08, 29.29, 29.26, 29.25, 29.38, 29.24, 29.14, 29.33, 29.17, 29.05, 29.23, 29.06, 29.28, 29.17, 29.15, 29.21, 29.11, 29.13, 29.35, 29.12, 29.26, 29.2, 29.2, 29.27, 29.12, 29.2, 29.36, 29.08, 29.21, 29.23, 29.08, 29.22, 29.19], "Power_Factor": [0.665, 0.659, 0.664, 0.664, 0.661, 0.666, 0.663, 0.667, 0.667, 0.664, 0.666, 0.667, 0.668, 0.662, 0.663, 0.663, 0.659, 0.664, 0.666, 0.661, 0.665, 0.668, 0.663, 0.668, 0.662, 0.666, 0.666, 0.664, 0.667, 0.666, 0.66, 0.667, 0.662, 0.665, 0.665, 0.663, 0.666, 0.664, 0.659, 0.668, 0.664, 0.663, 0.668, 0.664, 0.665], "Energy": [0.01, 0.02, 0.04, 0.05, 0.07, 0.08, 0.1, 0.11, 0.13, 0.14, 0.16, 0.17, 0.19, 0.2, 0.22, 0.23, 0.24, 0.26, 0.27, 0.29, 0.3, 0.32, 0.33, 0.35, 0.36, 0.38, 0.39, 0.41, 0.42, 0.43, 0.45, 0.46, 0.48, 0.49, 0.51, 0.52, 0.54, 0.55, 0.57, 0.58, 0.6, 0.61, 0.62, 0.64, 0.65], "Frequency": [49.38, 49.38, 49.38, 49.37, 49.37, 49.37, 49.38, 49.38, 49.38, 49.38, 49.38, 49.38, 49.39, 49.39, 49.39, 49.4, 49.4, 49.4, 49.4, 49.4, 49.4, 49.38, 49.38, 49.38, 49.39, 49.39, 49.39, 49.39, 49.39, 49.39, 49.39, 49.39, 49.39, 49.39, 49.39, 49.39, 49.39, 49.39, 49.39, 49.39, 49.39, 49.39, 49.39, 49.39, 49.39], "Temp_env": []}