{"Start_Time": [1755827618.5745916], "Time": [1755827620.5773988, 1755827622.580154, 1755827624.5823781, 1755827626.584405, 1755827628.5865502, 1755827630.5892615, 1755827632.5915434, 1755827634.5942686, 1755827636.5965955, 1755827638.5993533, 1755827640.6016374, 1755827642.6036093, 1755827644.6063552, 1755827646.6086178, 1755827648.6106455, 1755827650.6127799, 1755827652.6154978, 1755827654.6178434, 1755827656.6205611, 1755827658.6227574, 1755827660.6248596, 1755827662.627804, 1755827664.6298234, 1755827666.6325486, 1755827668.6348991, 1755827670.6368897, 1755827672.6389942, 1755827674.6416852, 1755827676.6440384, 1755827678.646004, 1755827680.6481225, 1755827682.6506498, 1755827684.6530378, 1755827686.6551454, 1755827688.6579492, 1755827690.6600056, 1755827692.6621835, 1755827694.664906, 1755827696.6670763, 1755827698.6691983, 1755827700.671882, 1755827702.6742964, 1755827704.6769435, 1755827706.6793244, 1755827708.6869237], "Voltage": [230.08, 230.18, 230.08, 230.13, 230.18, 230.18, 230.18, 230.13, 230.13, 230.13, 230.03, 230.08, 230.18, 230.13, 230.03, 230.08, 230.13, 230.03, 230.03, 230.13, 229.92, 230.13, 230.08, 230.08, 229.97, 230.13, 230.03, 230.03, 230.08, 230.08, 230.18, 230.08, 230.13, 230.13, 230.03, 230.13, 230.18, 230.08, 230.24, 230.03, 230.18, 230.03, 230.08, 230.03, 230.18], "Current": [0.17, 0.17, 0.17, 0.17, 0.17, 0.17, 0.17, 0.17, 0.17, 0.17, 0.17, 0.17, 0.17, 0.17, 0.17, 0.17, 0.17, 0.17, 0.17, 0.17, 0.17, 0.17, 0.17, 0.17, 0.17, 0.17, 0.17, 0.17, 0.17, 0.17, 0.17, 0.17, 0.17, 0.17, 0.17, 0.17, 0.17, 0.17, 0.17, 0.17, 0.17, 0.17, 0.17, 0.17, 0.17], "Real_Power": [26.12, 26.29, 26.39, 26.14, 26.39, 26.23, 26.3, 26.26, 26.1, 26.27, 26.17, 26.37, 26.11, 26.22, 26.28, 26.11, 26.26, 26.23, 26.11, 26.32, 26.14, 26.17, 26.25, 25.93, 26.3, 26.2, 26.13, 26.31, 26.11, 26.22, 26.27, 26.16, 26.21, 26.3, 26.06, 26.39, 26.13, 26.24, 26.32, 26.14, 26.35, 26.27, 26.16, 26.22, 26.05], "Apparent_Power": [39.11, 39.13, 39.11, 39.12, 39.13, 39.13, 39.13, 39.12, 39.12, 39.12, 39.1, 39.11, 39.13, 39.12, 39.1, 39.11, 39.12, 39.1, 39.1, 39.12, 39.08, 39.12, 39.11, 39.11, 39.09, 39.12, 39.1, 39.1, 39.11, 39.11, 39.13, 39.11, 39.12, 39.12, 39.1, 39.12, 39.13, 39.11, 39.14, 39.1, 39.13, 39.1, 39.11, 39.1, 39.13], "Apparent_Power_Reactive": [29.1, 28.98, 28.86, 29.1, 28.89, 29.03, 28.97, 28.99, 29.14, 28.98, 29.05, 28.88, 29.14, 29.03, 28.95, 29.11, 28.99, 28.99, 29.1, 28.94, 29.05, 29.07, 28.99, 29.27, 28.91, 29.05, 29.08, 28.92, 29.11, 29.01, 29.0, 29.07, 29.04, 28.96, 29.14, 28.87, 29.12, 29.0, 28.96, 29.07, 28.92, 28.96, 29.07, 29.0, 29.19], "Power_Factor": [0.667, 0.671, 0.674, 0.668, 0.674, 0.67, 0.672, 0.671, 0.667, 0.671, 0.669, 0.674, 0.667, 0.67, 0.672, 0.667, 0.671, 0.67, 0.667, 0.672, 0.668, 0.668, 0.671, 0.663, 0.672, 0.669, 0.668, 0.672, 0.667, 0.67, 0.671, 0.668, 0.669, 0.672, 0.666, 0.674, 0.667, 0.67, 0.672, 0.668, 0.673, 0.671, 0.668, 0.67, 0.665], "Energy": [0.01, 0.02, 0.04, 0.05, 0.07, 0.08, 0.1, 0.11, 0.13, 0.14, 0.16, 0.17, 0.19, 0.2, 0.22, 0.23, 0.25, 0.26, 0.28, 0.29, 0.31, 0.32, 0.34, 0.35, 0.37, 0.38, 0.39, 0.41, 0.42, 0.44, 0.45, 0.47, 0.48, 0.5, 0.51, 0.53, 0.54, 0.56, 0.57, 0.59, 0.6, 0.62, 0.63, 0.65, 0.66], "Frequency": [49.42, 49.42, 49.42, 49.43, 49.43, 49.43, 49.42, 49.42, 49.42, 49.43, 49.43, 49.43, 49.43, 49.43, 49.43, 49.41, 49.41, 49.41, 49.41, 49.41, 49.41, 49.38, 49.38, 49.38, 49.37, 49.37, 49.37, 49.37, 49.37, 49.37, 49.39, 49.39, 49.39, 49.4, 49.4, 49.4, 49.39, 49.39, 49.39, 49.4, 49.4, 49.4, 49.39, 49.39, 49.39], "Temp_env": []}