{"Start_Time": [1755193679.6549194], "Time": [1755193681.657274, 1755193683.6601691, 1755193685.6622634, 1755193687.6643686, 1755193689.6670926, 1755193691.669426, 1755193693.6721091, 1755193695.6744654, 1755193697.67723, 1755193699.679345, 1755193701.6814172, 1755193703.6840754, 1755193705.6864438, 1755193707.689157, 1755193709.6913648, 1755193711.6934726, 1755193713.696184, 1755193715.6985328, 1755193717.7006474, 1755193719.703463, 1755193721.7056754, 1755193723.708388, 1755193725.7108936, 1755193727.713408, 1755193729.7157443, 1755193731.718471, 1755193733.7209089, 1755193735.7233746, 1755193737.7257643, 1755193739.728461, 1755193741.7309115, 1755193743.733402, 1755193745.735737, 1755193747.7379065, 1755193749.740706, 1755193751.7435184, 1755193753.7458935, 1755193755.7486005, 1755193757.7510214, 1755193759.7536016, 1755193761.7559288, 1755193763.7586246, 1755193765.761073, 1755193767.763722, 1755193769.7659957], "Voltage": [227.88, 228.19, 227.98, 228.14, 228.04, 227.88, 228.09, 228.04, 227.98, 228.14, 227.98, 227.98, 228.09, 228.19, 228.09, 228.14, 228.04, 228.19, 228.14, 228.04, 228.14, 228.14, 228.14, 228.14, 228.09, 228.24, 228.14, 228.14, 228.19, 228.24, 228.19, 228.24, 228.14, 228.19, 228.09, 228.09, 228.04, 228.09, 228.09, 227.98, 228.04, 228.09, 228.24, 228.09, 228.14], "Current": [0.17, 0.17, 0.17, 0.17, 0.17, 0.17, 0.17, 0.17, 0.17, 0.17, 0.17, 0.17, 0.17, 0.17, 0.17, 0.17, 0.17, 0.17, 0.17, 0.17, 0.17, 0.17, 0.17, 0.17, 0.17, 0.17, 0.17, 0.17, 0.17, 0.17, 0.17, 0.17, 0.17, 0.17, 0.17, 0.17, 0.17, 0.17, 0.17, 0.17, 0.17, 0.17, 0.17, 0.17, 0.17], "Real_Power": [25.95, 25.99, 25.98, 26.17, 25.83, 26.07, 26.11, 25.95, 26.12, 26.06, 25.91, 26.11, 25.86, 26.07, 26.04, 25.92, 26.08, 25.92, 25.91, 26.23, 25.79, 26.11, 26.02, 25.88, 26.09, 25.93, 26.0, 26.1, 25.93, 26.01, 26.08, 26.01, 26.13, 25.77, 25.98, 26.0, 25.86, 26.1, 26.0, 26.03, 26.13, 25.89, 25.99, 26.01, 25.93], "Apparent_Power": [38.73, 38.79, 38.75, 38.78, 38.76, 38.73, 38.77, 38.76, 38.75, 38.78, 38.75, 38.75, 38.77, 38.79, 38.77, 38.78, 38.76, 38.79, 38.78, 38.76, 38.78, 38.78, 38.78, 38.78, 38.77, 38.8, 38.78, 38.78, 38.79, 38.8, 38.79, 38.8, 38.78, 38.79, 38.77, 38.77, 38.76, 38.77, 38.77, 38.75, 38.76, 38.77, 38.8, 38.77, 38.78], "Apparent_Power_Reactive": [28.75, 28.79, 28.75, 28.61, 28.89, 28.64, 28.65, 28.79, 28.62, 28.71, 28.81, 28.63, 28.88, 28.72, 28.72, 28.84, 28.67, 28.85, 28.85, 28.53, 28.96, 28.67, 28.75, 28.88, 28.67, 28.86, 28.77, 28.68, 28.84, 28.79, 28.71, 28.79, 28.65, 28.99, 28.77, 28.75, 28.87, 28.66, 28.75, 28.7, 28.62, 28.85, 28.8, 28.75, 28.83], "Power_Factor": [0.67, 0.67, 0.67, 0.674, 0.666, 0.673, 0.673, 0.669, 0.674, 0.671, 0.668, 0.673, 0.667, 0.672, 0.671, 0.668, 0.672, 0.668, 0.668, 0.676, 0.665, 0.673, 0.67, 0.667, 0.672, 0.668, 0.67, 0.673, 0.668, 0.67, 0.672, 0.67, 0.673, 0.664, 0.67, 0.67, 0.667, 0.673, 0.67, 0.671, 0.674, 0.667, 0.669, 0.67, 0.668], "Energy": [0.01, 0.03, 0.04, 0.05, 0.07, 0.08, 0.1, 0.11, 0.13, 0.14, 0.16, 0.17, 0.19, 0.2, 0.22, 0.23, 0.24, 0.26, 0.27, 0.29, 0.3, 0.32, 0.33, 0.35, 0.36, 0.38, 0.39, 0.41, 0.42, 0.43, 0.45, 0.46, 0.48, 0.49, 0.51, 0.52, 0.54, 0.55, 0.57, 0.58, 0.6, 0.61, 0.62, 0.64, 0.65], "Frequency": [49.43, 49.43, 49.43, 49.43, 49.43, 49.43, 49.43, 49.44, 49.44, 49.44, 49.43, 49.43, 49.43, 49.43, 49.43, 49.43, 49.44, 49.44, 49.44, 49.43, 49.43, 49.43, 49.44, 49.44, 49.44, 49.43, 49.43, 49.43, 49.43, 49.43, 49.43, 49.43, 49.43, 49.43, 49.43, 49.43, 49.43, 49.43, 49.43, 49.43, 49.44, 49.44, 49.44, 49.43, 49.43], "Temp_env": []}