{"Start_Time": [1755414004.8410113], "Time": [1755414006.8430696, 1755414008.8457623, 1755414010.8480234, 1755414012.8500183, 1755414014.852051, 1755414016.8540492, 1755414018.8561172, 1755414020.858276, 1755414022.8609457, 1755414024.8633125, 1755414026.8659909, 1755414028.8682718, 1755414030.870948, 1755414032.8733194, 1755414034.8759909, 1755414036.8782723, 1755414038.880307, 1755414040.8822803, 1755414042.8843474, 1755414044.8922143, 1755414046.8943279, 1755414048.8963742, 1755414050.90408, 1755414052.9064271, 1755414054.9085033, 1755414056.9161537, 1755414058.9183939, 1755414060.9204147, 1755414062.922536, 1755414064.924528, 1755414066.9266343, 1755414068.9342763, 1755414070.9366064, 1755414072.9386039, 1755414074.9465058, 1755414076.9486115, 1755414078.9506927, 1755414080.957987, 1755414082.960473, 1755414084.9628174, 1755414086.9657469, 1755414088.9680934, 1755414090.970581, 1755414092.978055, 1755414094.980735], "Voltage": [230.39, 230.29, 230.34, 230.45, 230.39, 230.39, 230.6, 230.5, 230.45, 230.6, 230.55, 230.6, 230.66, 230.76, 230.81, 230.6, 230.81, 230.71, 230.81, 230.76, 230.97, 230.86, 230.97, 230.92, 230.97, 230.86, 230.92, 230.76, 230.97, 230.92, 230.86, 230.92, 230.81, 230.81, 230.76, 230.71, 230.71, 230.66, 230.66, 230.76, 230.71, 230.76, 230.66, 230.76, 230.6], "Current": [0.17, 0.17, 0.17, 0.17, 0.17, 0.17, 0.17, 0.17, 0.17, 0.17, 0.17, 0.17, 0.17, 0.17, 0.17, 0.17, 0.17, 0.17, 0.17, 0.17, 0.17, 0.17, 0.17, 0.17, 0.17, 0.17, 0.17, 0.17, 0.17, 0.17, 0.17, 0.17, 0.17, 0.17, 0.17, 0.17, 0.17, 0.17, 0.17, 0.17, 0.17, 0.17, 0.17, 0.17, 0.17], "Real_Power": [26.2, 25.98, 26.13, 26.03, 26.02, 26.35, 26.11, 26.05, 26.18, 26.01, 26.17, 26.19, 25.96, 26.14, 26.1, 25.97, 26.25, 25.97, 26.08, 26.21, 26.05, 26.17, 26.09, 26.01, 26.09, 26.15, 26.0, 26.23, 26.13, 26.04, 26.22, 26.04, 26.14, 26.17, 26.02, 26.13, 26.13, 26.05, 26.11, 26.0, 26.06, 26.25, 26.09, 26.08, 26.12], "Apparent_Power": [39.16, 39.14, 39.15, 39.17, 39.16, 39.16, 39.2, 39.18, 39.17, 39.2, 39.19, 39.2, 39.21, 39.22, 39.23, 39.2, 39.23, 39.22, 39.23, 39.22, 39.26, 39.24, 39.26, 39.25, 39.26, 39.24, 39.25, 39.22, 39.26, 39.25, 39.24, 39.25, 39.23, 39.23, 39.22, 39.22, 39.22, 39.21, 39.21, 39.22, 39.22, 39.22, 39.21, 39.22, 39.2], "Apparent_Power_Reactive": [29.1, 29.27, 29.15, 29.26, 29.26, 28.96, 29.23, 29.26, 29.13, 29.32, 29.17, 29.16, 29.38, 29.23, 29.28, 29.36, 29.15, 29.38, 29.3, 29.17, 29.37, 29.23, 29.33, 29.39, 29.33, 29.25, 29.4, 29.15, 29.3, 29.36, 29.19, 29.36, 29.25, 29.22, 29.34, 29.24, 29.24, 29.3, 29.25, 29.36, 29.31, 29.14, 29.27, 29.29, 29.22], "Power_Factor": [0.669, 0.663, 0.667, 0.664, 0.664, 0.672, 0.666, 0.664, 0.668, 0.663, 0.667, 0.668, 0.662, 0.666, 0.665, 0.662, 0.669, 0.662, 0.664, 0.668, 0.663, 0.666, 0.664, 0.662, 0.664, 0.666, 0.662, 0.668, 0.665, 0.663, 0.668, 0.663, 0.666, 0.667, 0.663, 0.666, 0.666, 0.664, 0.665, 0.662, 0.664, 0.669, 0.665, 0.664, 0.666], "Energy": [0.01, 0.02, 0.04, 0.05, 0.07, 0.08, 0.1, 0.11, 0.13, 0.14, 0.16, 0.17, 0.19, 0.2, 0.22, 0.23, 0.24, 0.26, 0.27, 0.29, 0.3, 0.32, 0.33, 0.35, 0.36, 0.38, 0.39, 0.41, 0.42, 0.44, 0.45, 0.47, 0.48, 0.49, 0.51, 0.52, 0.54, 0.55, 0.57, 0.58, 0.6, 0.61, 0.63, 0.64, 0.66], "Frequency": [49.4, 49.38, 49.38, 49.38, 49.37, 49.37, 49.37, 49.38, 49.38, 49.38, 49.36, 49.36, 49.36, 49.39, 49.39, 49.39, 49.37, 49.37, 49.37, 49.36, 49.36, 49.36, 49.37, 49.37, 49.37, 49.37, 49.37, 49.37, 49.36, 49.36, 49.36, 49.36, 49.36, 49.36, 49.35, 49.35, 49.35, 49.35, 49.35, 49.35, 49.35, 49.35, 49.35, 49.35, 49.35], "Temp_env": []}