{"Start_Time": [1755770356.149665], "Time": [1755770358.1522536, 1755770360.1544814, 1755770362.1566317, 1755770364.1593251, 1755770366.1616695, 1755770368.169218, 1755770370.1715882, 1755770372.1742482, 1755770374.1765943, 1755770376.1786656, 1755770378.1813967, 1755770380.1838157, 1755770382.18652, 1755770384.1886718, 1755770386.1964433, 1755770388.198782, 1755770390.2007587, 1755770392.208579, 1755770394.2107465, 1755770396.2128096, 1755770398.2149348, 1755770400.2176054, 1755770402.2199514, 1755770404.2226517, 1755770406.2248702, 1755770408.2270086, 1755770410.234641, 1755770412.2369905, 1755770414.2396753, 1755770416.2420266, 1755770418.2441292, 1755770420.2468362, 1755770422.2489822, 1755770424.2510295, 1755770426.2530072, 1755770428.2550912, 1755770430.2572165, 1755770432.2599237, 1755770434.2672098, 1755770436.2699254, 1755770438.2723386, 1755770440.2743933, 1755770442.2769036, 1755770444.2792523, 1755770446.2819858], "Voltage": [229.55, 229.61, 229.71, 229.76, 229.66, 229.71, 229.55, 229.61, 229.82, 229.71, 229.87, 229.82, 229.71, 229.76, 229.82, 229.76, 229.71, 229.61, 229.61, 229.61, 229.61, 229.55, 229.61, 229.55, 229.55, 229.45, 229.4, 229.4, 229.55, 229.61, 229.35, 229.24, 229.29, 229.35, 229.24, 229.29, 229.24, 229.24, 229.24, 229.29, 229.14, 229.24, 229.29, 229.19, 229.29], "Current": [0.17, 0.17, 0.17, 0.17, 0.17, 0.17, 0.17, 0.17, 0.17, 0.17, 0.17, 0.17, 0.17, 0.17, 0.17, 0.17, 0.17, 0.17, 0.17, 0.17, 0.17, 0.17, 0.17, 0.17, 0.17, 0.17, 0.17, 0.17, 0.17, 0.17, 0.17, 0.17, 0.17, 0.17, 0.17, 0.17, 0.17, 0.17, 0.17, 0.17, 0.17, 0.17, 0.17, 0.17, 0.17], "Real_Power": [26.15, 25.81, 26.1, 26.11, 25.96, 26.16, 26.03, 25.98, 26.06, 25.97, 26.21, 26.07, 25.86, 26.22, 25.93, 26.13, 26.15, 25.85, 26.17, 25.89, 25.96, 26.09, 25.95, 26.13, 25.97, 25.96, 26.13, 25.85, 25.96, 25.93, 25.91, 26.08, 25.94, 25.94, 26.23, 25.95, 26.0, 26.02, 25.75, 26.2, 25.96, 25.99, 26.1, 25.85, 26.08], "Apparent_Power": [39.02, 39.03, 39.05, 39.05, 39.04, 39.05, 39.02, 39.03, 39.06, 39.05, 39.07, 39.06, 39.05, 39.05, 39.06, 39.05, 39.05, 39.03, 39.03, 39.03, 39.03, 39.02, 39.03, 39.02, 39.02, 39.0, 38.99, 38.99, 39.02, 39.03, 38.98, 38.97, 38.97, 38.98, 38.97, 38.97, 38.97, 38.97, 38.97, 38.97, 38.95, 38.97, 38.97, 38.96, 38.97], "Apparent_Power_Reactive": [28.96, 29.27, 29.04, 29.03, 29.15, 28.99, 29.06, 29.12, 29.09, 29.16, 28.97, 29.08, 29.26, 28.93, 29.21, 29.01, 29.0, 29.24, 28.95, 29.2, 29.14, 29.01, 29.15, 28.97, 29.12, 29.1, 28.93, 29.18, 29.13, 29.17, 29.12, 28.95, 29.08, 29.09, 28.82, 29.07, 29.02, 29.01, 29.25, 28.84, 29.03, 29.03, 28.93, 29.14, 28.95], "Power_Factor": [0.67, 0.661, 0.668, 0.668, 0.664, 0.669, 0.667, 0.665, 0.667, 0.665, 0.67, 0.667, 0.662, 0.671, 0.663, 0.669, 0.669, 0.662, 0.67, 0.663, 0.665, 0.668, 0.664, 0.669, 0.665, 0.665, 0.67, 0.662, 0.665, 0.664, 0.664, 0.669, 0.665, 0.665, 0.673, 0.665, 0.667, 0.667, 0.66, 0.672, 0.666, 0.666, 0.669, 0.663, 0.669], "Energy": [0.01, 0.02, 0.04, 0.05, 0.07, 0.08, 0.1, 0.11, 0.13, 0.14, 0.16, 0.17, 0.19, 0.2, 0.21, 0.23, 0.24, 0.26, 0.27, 0.29, 0.3, 0.32, 0.33, 0.35, 0.36, 0.38, 0.39, 0.4, 0.42, 0.43, 0.45, 0.46, 0.48, 0.49, 0.51, 0.52, 0.54, 0.55, 0.57, 0.58, 0.6, 0.61, 0.62, 0.64, 0.65], "Frequency": [49.43, 49.42, 49.42, 49.42, 49.43, 49.43, 49.43, 49.39, 49.39, 49.39, 49.39, 49.39, 49.39, 49.39, 49.39, 49.39, 49.41, 49.41, 49.41, 49.42, 49.42, 49.42, 49.42, 49.42, 49.42, 49.4, 49.4, 49.4, 49.4, 49.4, 49.4, 49.39, 49.39, 49.39, 49.39, 49.39, 49.39, 49.4, 49.4, 49.4, 49.39, 49.39, 49.39, 49.41, 49.41], "Temp_env": []}