{"Start_Time": [1755099636.6257734], "Time": [1755099638.6283445, 1755099640.6305141, 1755099642.632635, 1755099644.6353447, 1755099646.6375027, 1755099648.6395948, 1755099650.6417415, 1755099652.6444325, 1755099654.646628, 1755099656.6487288, 1755099658.6516175, 1755099660.6537066, 1755099662.656478, 1755099664.6587784, 1755099666.6616864, 1755099668.6637437, 1755099670.6665602, 1755099672.6688528, 1755099674.6717017, 1755099676.6737652, 1755099678.6758406, 1755099680.6786509, 1755099682.6809115, 1755099684.6836925, 1755099686.685999, 1755099688.6887357, 1755099690.6908636, 1755099692.6930068, 1755099694.695672, 1755099696.6980386, 1755099698.7008517, 1755099700.702969, 1755099702.7050583, 1755099704.7077506, 1755099706.7100692, 1755099708.7123795, 1755099710.7148304, 1755099712.7172585, 1755099714.7198868, 1755099716.7223563, 1755099718.7248824, 1755099720.727193, 1755099722.7299156, 1755099724.732384, 1755099726.734926], "Voltage": [229.14, 229.19, 229.08, 229.14, 229.03, 229.14, 229.19, 229.08, 229.19, 229.08, 229.14, 229.14, 229.08, 229.19, 229.08, 229.19, 229.08, 229.08, 229.19, 228.98, 228.98, 228.93, 228.87, 228.82, 228.93, 228.87, 228.87, 228.87, 228.98, 228.98, 228.98, 229.03, 228.98, 228.93, 228.98, 228.98, 228.98, 228.82, 228.93, 228.93, 228.98, 228.98, 228.87, 228.87, 228.87], "Current": [0.17, 0.17, 0.17, 0.17, 0.17, 0.17, 0.17, 0.17, 0.17, 0.17, 0.17, 0.17, 0.17, 0.17, 0.17, 0.17, 0.17, 0.17, 0.17, 0.17, 0.17, 0.17, 0.17, 0.17, 0.17, 0.17, 0.17, 0.17, 0.17, 0.17, 0.17, 0.17, 0.17, 0.17, 0.17, 0.17, 0.17, 0.17, 0.17, 0.17, 0.17, 0.17, 0.17, 0.17, 0.17], "Real_Power": [25.9, 25.68, 26.03, 25.81, 26.19, 26.09, 25.76, 26.0, 25.95, 25.9, 26.1, 25.84, 26.0, 26.2, 25.86, 25.89, 26.06, 25.77, 26.0, 25.91, 25.8, 26.1, 25.85, 25.94, 26.09, 25.77, 25.9, 25.8, 25.86, 26.03, 25.86, 25.89, 26.15, 25.84, 25.99, 26.1, 25.86, 25.89, 25.89, 25.78, 26.1, 25.73, 26.02, 26.08, 25.63], "Apparent_Power": [38.95, 38.96, 38.94, 38.95, 38.93, 38.95, 38.96, 38.94, 38.96, 38.94, 38.95, 38.95, 38.94, 38.96, 38.94, 38.96, 38.94, 38.94, 38.96, 38.92, 38.92, 38.91, 38.9, 38.89, 38.91, 38.9, 38.9, 38.9, 38.92, 38.92, 38.92, 38.93, 38.92, 38.91, 38.92, 38.92, 38.92, 38.89, 38.91, 38.91, 38.92, 38.92, 38.9, 38.9, 38.9], "Apparent_Power_Reactive": [29.09, 29.29, 28.96, 29.17, 28.8, 28.92, 29.22, 28.98, 29.05, 29.07, 28.91, 29.14, 28.98, 28.83, 29.11, 29.11, 28.93, 29.19, 29.01, 29.04, 29.13, 28.85, 29.06, 28.97, 28.86, 29.13, 29.02, 29.11, 29.08, 28.93, 29.08, 29.07, 28.82, 29.09, 28.97, 28.87, 29.08, 29.01, 29.04, 29.14, 28.87, 29.2, 28.91, 28.86, 29.26], "Power_Factor": [0.664, 0.659, 0.668, 0.662, 0.672, 0.669, 0.661, 0.667, 0.666, 0.665, 0.67, 0.663, 0.667, 0.672, 0.664, 0.664, 0.669, 0.661, 0.667, 0.665, 0.662, 0.67, 0.664, 0.667, 0.67, 0.662, 0.665, 0.663, 0.664, 0.668, 0.664, 0.665, 0.671, 0.664, 0.667, 0.67, 0.664, 0.665, 0.665, 0.662, 0.67, 0.661, 0.668, 0.67, 0.658], "Energy": [0.01, 0.02, 0.04, 0.05, 0.07, 0.08, 0.1, 0.11, 0.13, 0.14, 0.16, 0.17, 0.18, 0.2, 0.21, 0.23, 0.24, 0.26, 0.27, 0.29, 0.3, 0.32, 0.33, 0.35, 0.36, 0.37, 0.39, 0.4, 0.42, 0.43, 0.45, 0.46, 0.48, 0.49, 0.51, 0.52, 0.53, 0.55, 0.56, 0.58, 0.59, 0.61, 0.62, 0.64, 0.65], "Frequency": [49.39, 49.4, 49.4, 49.4, 49.4, 49.4, 49.4, 49.41, 49.41, 49.41, 49.4, 49.4, 49.4, 49.4, 49.4, 49.4, 49.39, 49.39, 49.39, 49.41, 49.41, 49.41, 49.4, 49.4, 49.4, 49.39, 49.39, 49.39, 49.41, 49.41, 49.41, 49.41, 49.41, 49.41, 49.4, 49.4, 49.4, 49.41, 49.41, 49.41, 49.41, 49.41, 49.41, 49.41, 49.41], "Temp_env": []}