{"Start_Time": [1755663227.217089], "Time": [1755663229.2192328, 1755663231.222023, 1755663233.2243905, 1755663235.227092, 1755663237.2294095, 1755663239.2321072, 1755663241.2344027, 1755663243.2371233, 1755663245.2393262, 1755663247.2413926, 1755663249.243556, 1755663251.2512016, 1755663253.2535605, 1755663255.2562377, 1755663257.2641437, 1755663259.2665014, 1755663261.268843, 1755663263.271351, 1755663265.2736735, 1755663267.2763865, 1755663269.2788868, 1755663271.2814214, 1755663273.2837675, 1755663275.2913945, 1755663277.2937744, 1755663279.2964852, 1755663281.2988849, 1755663283.3014297, 1755663285.3037755, 1755663287.3064675, 1755663289.3089302, 1755663291.311622, 1755663293.3138032, 1755663295.3159585, 1755663297.318822, 1755663299.3266056, 1755663301.3290803, 1755663303.3315945, 1755663305.3339026, 1755663307.3367121, 1755663309.3391757, 1755663311.3416767, 1755663313.3440511, 1755663315.3467505, 1755663317.3492544], "Voltage": [230.34, 230.29, 230.24, 230.29, 230.34, 230.34, 230.29, 230.39, 230.34, 230.34, 229.66, 229.66, 229.66, 229.61, 229.61, 229.66, 229.61, 229.66, 229.61, 229.55, 229.55, 229.5, 229.55, 229.61, 229.55, 229.5, 229.4, 229.5, 229.5, 229.55, 229.5, 229.55, 229.82, 229.82, 229.82, 229.82, 229.71, 229.66, 229.66, 229.61, 229.66, 229.61, 229.61, 229.66, 229.71], "Current": [0.17, 0.17, 0.17, 0.17, 0.17, 0.17, 0.17, 0.17, 0.17, 0.17, 0.17, 0.17, 0.17, 0.17, 0.17, 0.17, 0.17, 0.17, 0.17, 0.17, 0.17, 0.17, 0.17, 0.17, 0.17, 0.17, 0.17, 0.17, 0.17, 0.17, 0.17, 0.17, 0.17, 0.17, 0.17, 0.17, 0.17, 0.17, 0.17, 0.17, 0.17, 0.17, 0.17, 0.17, 0.17], "Real_Power": [26.11, 25.98, 26.07, 26.04, 25.99, 26.04, 26.06, 25.98, 26.01, 26.0, 26.11, 26.1, 25.92, 26.12, 26.05, 26.06, 26.03, 25.85, 25.91, 26.03, 25.81, 25.95, 25.98, 25.96, 26.14, 26.01, 26.02, 26.11, 25.98, 26.2, 26.06, 25.85, 26.02, 25.95, 26.0, 25.99, 25.98, 26.06, 26.05, 25.93, 25.84, 26.01, 26.08, 25.91, 26.11], "Apparent_Power": [39.15, 39.14, 39.14, 39.14, 39.15, 39.15, 39.14, 39.16, 39.15, 39.15, 39.04, 39.04, 39.04, 39.03, 39.03, 39.04, 39.03, 39.04, 39.03, 39.02, 39.02, 39.01, 39.02, 39.03, 39.02, 39.01, 38.99, 39.01, 39.01, 39.02, 39.01, 39.02, 39.06, 39.06, 39.06, 39.06, 39.05, 39.04, 39.04, 39.03, 39.04, 39.03, 39.03, 39.04, 39.05], "Apparent_Power_Reactive": [29.17, 29.27, 29.19, 29.22, 29.27, 29.23, 29.2, 29.3, 29.26, 29.26, 29.02, 29.03, 29.19, 29.0, 29.06, 29.06, 29.08, 29.25, 29.18, 29.06, 29.26, 29.12, 29.11, 29.14, 28.96, 29.07, 29.03, 28.98, 29.1, 28.91, 29.02, 29.22, 29.13, 29.19, 29.14, 29.15, 29.15, 29.06, 29.07, 29.17, 29.26, 29.1, 29.03, 29.2, 29.03], "Power_Factor": [0.666, 0.663, 0.666, 0.665, 0.663, 0.665, 0.665, 0.663, 0.664, 0.664, 0.668, 0.668, 0.663, 0.669, 0.667, 0.667, 0.666, 0.662, 0.663, 0.667, 0.661, 0.665, 0.665, 0.665, 0.669, 0.666, 0.667, 0.669, 0.665, 0.671, 0.668, 0.662, 0.666, 0.664, 0.665, 0.665, 0.665, 0.667, 0.667, 0.664, 0.661, 0.666, 0.668, 0.663, 0.668], "Energy": [0.01, 0.02, 0.04, 0.05, 0.07, 0.08, 0.1, 0.11, 0.13, 0.14, 0.16, 0.17, 0.19, 0.2, 0.21, 0.23, 0.24, 0.26, 0.27, 0.29, 0.3, 0.32, 0.33, 0.35, 0.36, 0.38, 0.39, 0.4, 0.42, 0.43, 0.45, 0.46, 0.48, 0.49, 0.51, 0.52, 0.54, 0.55, 0.57, 0.58, 0.6, 0.61, 0.63, 0.64, 0.65], "Frequency": [49.41, 49.44, 49.44, 49.44, 49.41, 49.41, 49.41, 49.42, 49.42, 49.42, 49.41, 49.41, 49.41, 49.39, 49.39, 49.39, 49.4, 49.4, 49.4, 49.39, 49.39, 49.39, 49.4, 49.4, 49.4, 49.39, 49.39, 49.39, 49.4, 49.4, 49.4, 49.4, 49.4, 49.4, 49.42, 49.42, 49.42, 49.41, 49.41, 49.41, 49.41, 49.41, 49.41, 49.4, 49.4], "Temp_env": []}