{"Start_Time": [1755759827.9464686], "Time": [1755759829.9485972, 1755759831.9514818, 1755759833.9535975, 1755759835.9583025, 1755759837.9605618, 1755759839.9626474, 1755759841.9699767, 1755759843.9724932, 1755759845.974816, 1755759847.9825203, 1755759849.984811, 1755759851.9875724, 1755759853.9956057, 1755759855.9978812, 1755759857.9999642, 1755759860.007644, 1755759862.0100641, 1755759864.0126004, 1755759866.0205715, 1755759868.0228758, 1755759870.0249417, 1755759872.0327528, 1755759874.0350728, 1755759876.0377831, 1755759878.0401893, 1755759880.0426722, 1755759882.0450478, 1755759884.0528615, 1755759886.0550478, 1755759888.0577455, 1755759890.065157, 1755759892.067966, 1755759894.070389, 1755759896.0780098, 1755759898.0803366, 1755759900.0828693, 1755759902.0852695, 1755759904.0879662, 1755759906.0903666, 1755759908.0981174, 1755759910.10043, 1755759912.103034, 1755759914.110476, 1755759916.1129673, 1755759918.1153212], "Voltage": [226.93, 226.88, 226.88, 226.88, 226.88, 226.93, 226.88, 227.04, 226.93, 226.83, 226.83, 226.93, 226.83, 226.88, 226.83, 226.67, 226.46, 226.62, 226.57, 226.62, 226.57, 226.52, 226.67, 227.77, 227.72, 227.77, 227.88, 227.83, 227.77, 227.77, 227.77, 227.56, 227.67, 227.83, 227.83, 227.83, 227.72, 227.72, 227.72, 227.67, 227.62, 227.72, 227.67, 227.72, 227.77], "Current": [0.17, 0.17, 0.18, 0.18, 0.17, 0.18, 0.17, 0.17, 0.18, 0.17, 0.18, 0.18, 0.17, 0.17, 0.18, 0.18, 0.18, 0.17, 0.18, 0.18, 0.17, 0.17, 0.18, 0.17, 0.17, 0.17, 0.17, 0.17, 0.17, 0.17, 0.17, 0.17, 0.17, 0.17, 0.18, 0.17, 0.17, 0.17, 0.17, 0.17, 0.17, 0.17, 0.17, 0.17, 0.17], "Real_Power": [26.19, 26.14, 26.26, 26.42, 26.03, 26.22, 26.2, 26.2, 26.3, 26.2, 26.29, 26.37, 26.13, 26.19, 26.23, 26.19, 26.24, 26.2, 26.16, 26.32, 26.27, 26.17, 26.29, 26.13, 26.27, 26.29, 26.21, 26.36, 26.23, 26.19, 26.26, 26.19, 26.26, 26.31, 26.3, 26.25, 26.25, 26.17, 26.25, 26.24, 26.22, 26.25, 26.18, 26.27, 26.28], "Apparent_Power": [38.57, 38.56, 40.83, 40.83, 38.56, 40.84, 38.56, 38.59, 40.84, 38.56, 40.82, 40.84, 38.56, 38.56, 40.82, 40.8, 40.76, 38.52, 40.78, 40.79, 38.51, 38.5, 40.8, 38.72, 38.71, 38.72, 38.73, 38.73, 38.72, 38.72, 38.72, 38.68, 38.7, 38.73, 41.0, 38.73, 38.71, 38.71, 38.71, 38.7, 38.69, 38.71, 38.7, 38.71, 38.72], "Apparent_Power_Reactive": [28.31, 28.34, 31.26, 31.12, 28.44, 31.31, 28.29, 28.33, 31.24, 28.29, 31.22, 31.18, 28.35, 28.3, 31.27, 31.28, 31.19, 28.23, 31.28, 31.16, 28.15, 28.23, 31.2, 28.57, 28.43, 28.42, 28.51, 28.37, 28.48, 28.51, 28.45, 28.46, 28.42, 28.42, 31.45, 28.47, 28.44, 28.52, 28.44, 28.44, 28.45, 28.44, 28.5, 28.43, 28.43], "Power_Factor": [0.679, 0.677, 0.643, 0.647, 0.675, 0.642, 0.679, 0.678, 0.643, 0.679, 0.644, 0.645, 0.677, 0.679, 0.642, 0.641, 0.643, 0.68, 0.641, 0.645, 0.682, 0.679, 0.644, 0.674, 0.678, 0.678, 0.676, 0.68, 0.677, 0.676, 0.678, 0.677, 0.678, 0.679, 0.641, 0.677, 0.678, 0.676, 0.678, 0.678, 0.677, 0.678, 0.676, 0.678, 0.678], "Energy": [0.01, 0.02, 0.04, 0.05, 0.07, 0.08, 0.1, 0.11, 0.13, 0.14, 0.16, 0.17, 0.19, 0.2, 0.22, 0.23, 0.25, 0.26, 0.28, 0.29, 0.31, 0.32, 0.33, 0.35, 0.36, 0.38, 0.39, 0.41, 0.42, 0.44, 0.45, 0.47, 0.48, 0.5, 0.51, 0.53, 0.54, 0.56, 0.57, 0.59, 0.6, 0.62, 0.63, 0.64, 0.66], "Frequency": [49.35, 49.35, 49.35, 49.37, 49.37, 49.37, 49.35, 49.35, 49.35, 49.38, 49.38, 49.38, 49.37, 49.37, 49.37, 49.36, 49.36, 49.36, 49.36, 49.36, 49.36, 49.36, 49.36, 49.36, 49.36, 49.36, 49.36, 49.37, 49.37, 49.37, 49.37, 49.37, 49.37, 49.38, 49.38, 49.38, 49.39, 49.39, 49.39, 49.38, 49.38, 49.38, 49.37, 49.37, 49.37], "Temp_env": []}