{"Start_Time": [1755791346.822354], "Time": [1755791348.8245165, 1755791350.8271356, 1755791352.8294969, 1755791354.8315592, 1755791356.8340983, 1755791358.8363538, 1755791360.8384867, 1755791362.8412335, 1755791364.8433075, 1755791366.8454242, 1755791368.8481164, 1755791370.8504503, 1755791372.8525922, 1755791374.8552253, 1755791376.8576198, 1755791378.860294, 1755791380.8632483, 1755791382.865493, 1755791384.8682005, 1755791386.8705444, 1755791388.8732002, 1755791390.8754992, 1755791392.8777235, 1755791394.880325, 1755791396.8827715, 1755791398.885351, 1755791400.8875418, 1755791402.89033, 1755791404.8925877, 1755791406.8953557, 1755791408.8976572, 1755791410.9053156, 1755791412.9076712, 1755791414.9103577, 1755791416.9183793, 1755791418.9206378, 1755791420.9233139, 1755791422.9306118, 1755791424.9333181, 1755791426.9356718, 1755791428.9383492, 1755791430.9406722, 1755791432.9428144, 1755791434.9504187, 1755791436.9526815], "Voltage": [229.87, 229.97, 229.92, 229.87, 229.87, 229.92, 229.87, 229.87, 229.87, 229.82, 229.76, 229.71, 229.82, 229.76, 229.82, 229.71, 229.87, 230.08, 230.08, 230.03, 230.03, 230.13, 230.08, 229.92, 230.08, 229.97, 229.92, 230.03, 230.03, 230.13, 230.08, 230.03, 230.13, 229.97, 230.03, 229.97, 230.08, 230.03, 229.87, 229.76, 229.61, 229.61, 229.66, 229.61, 229.76], "Current": [0.17, 0.17, 0.17, 0.17, 0.17, 0.17, 0.17, 0.17, 0.17, 0.17, 0.17, 0.17, 0.17, 0.17, 0.17, 0.17, 0.17, 0.17, 0.17, 0.17, 0.17, 0.17, 0.17, 0.17, 0.17, 0.17, 0.17, 0.17, 0.17, 0.17, 0.17, 0.17, 0.17, 0.17, 0.17, 0.17, 0.17, 0.17, 0.17, 0.17, 0.17, 0.17, 0.17, 0.17, 0.17], "Real_Power": [26.26, 26.26, 26.39, 26.1, 26.33, 26.21, 26.24, 26.4, 26.26, 26.16, 26.31, 26.14, 26.31, 26.3, 26.19, 26.35, 26.27, 26.21, 26.1, 26.26, 26.2, 26.26, 26.12, 26.17, 26.21, 26.23, 26.12, 26.36, 26.18, 26.14, 26.3, 26.08, 26.24, 26.31, 26.17, 26.24, 26.23, 26.16, 26.23, 26.27, 26.18, 26.37, 26.13, 26.25, 26.15], "Apparent_Power": [39.07, 39.09, 39.08, 39.07, 39.07, 39.08, 39.07, 39.07, 39.07, 39.06, 39.05, 39.05, 39.06, 39.05, 39.06, 39.05, 39.07, 39.11, 39.11, 39.1, 39.1, 39.12, 39.11, 39.08, 39.11, 39.09, 39.08, 39.1, 39.1, 39.12, 39.11, 39.1, 39.12, 39.09, 39.1, 39.09, 39.11, 39.1, 39.07, 39.05, 39.03, 39.03, 39.04, 39.03, 39.05], "Apparent_Power_Reactive": [28.92, 28.95, 28.82, 29.07, 28.86, 28.98, 28.94, 28.8, 28.92, 29.0, 28.85, 29.01, 28.86, 28.86, 28.97, 28.81, 28.91, 29.02, 29.12, 28.96, 29.02, 28.99, 29.1, 29.02, 29.02, 28.98, 29.06, 28.87, 29.04, 29.1, 28.94, 29.13, 29.01, 28.91, 29.05, 28.97, 29.0, 29.05, 28.95, 28.89, 28.94, 28.77, 29.0, 28.88, 29.0], "Power_Factor": [0.672, 0.671, 0.675, 0.668, 0.673, 0.67, 0.671, 0.675, 0.672, 0.669, 0.673, 0.669, 0.673, 0.673, 0.67, 0.674, 0.672, 0.67, 0.667, 0.671, 0.67, 0.671, 0.667, 0.669, 0.67, 0.671, 0.668, 0.674, 0.669, 0.668, 0.672, 0.667, 0.67, 0.673, 0.669, 0.671, 0.67, 0.669, 0.671, 0.672, 0.67, 0.675, 0.669, 0.672, 0.669], "Energy": [0.01, 0.02, 0.04, 0.05, 0.07, 0.08, 0.1, 0.11, 0.13, 0.14, 0.16, 0.17, 0.19, 0.2, 0.22, 0.23, 0.25, 0.26, 0.28, 0.29, 0.31, 0.32, 0.34, 0.35, 0.37, 0.38, 0.39, 0.41, 0.42, 0.44, 0.45, 0.47, 0.48, 0.5, 0.51, 0.53, 0.54, 0.56, 0.57, 0.59, 0.6, 0.62, 0.63, 0.65, 0.66], "Frequency": [49.41, 49.41, 49.41, 49.39, 49.39, 49.39, 49.39, 49.39, 49.39, 49.39, 49.39, 49.39, 49.4, 49.4, 49.4, 49.41, 49.41, 49.41, 49.41, 49.41, 49.41, 49.39, 49.39, 49.39, 49.41, 49.41, 49.41, 49.39, 49.39, 49.39, 49.4, 49.4, 49.4, 49.42, 49.42, 49.42, 49.42, 49.42, 49.42, 49.39, 49.39, 49.39, 49.39, 49.39, 49.39], "Temp_env": []}