{"Start_Time": [1755390147.0152], "Time": [1755390149.0175154, 1755390151.0205016, 1755390153.0225673, 1755390155.0305903, 1755390157.0327368, 1755390159.035387, 1755390161.0426772, 1755390163.0454276, 1755390165.0477128, 1755390167.055451, 1755390169.0577533, 1755390171.0605922, 1755390173.0628202, 1755390175.0655212, 1755390177.0678418, 1755390179.0754123, 1755390181.0777504, 1755390183.0806437, 1755390185.0878608, 1755390187.0907762, 1755390189.0936525, 1755390191.0958972, 1755390193.098658, 1755390195.1010478, 1755390197.1035714, 1755390199.105881, 1755390201.1087484, 1755390203.1166282, 1755390205.1189961, 1755390207.1217096, 1755390209.129001, 1755390211.1316943, 1755390213.1339648, 1755390215.1368542, 1755390217.1390135, 1755390219.1413722, 1755390221.1439161, 1755390223.146212, 1755390225.1538413, 1755390227.1561716, 1755390229.1588035, 1755390231.166277, 1755390233.1690092, 1755390235.1713653, 1755390237.173863], "Voltage": [230.13, 230.08, 230.18, 230.13, 230.24, 230.18, 230.13, 230.18, 230.08, 230.13, 230.13, 230.03, 230.13, 229.92, 230.08, 230.03, 229.97, 230.08, 230.08, 230.08, 230.18, 230.08, 230.18, 230.13, 230.13, 230.13, 230.13, 230.13, 230.18, 230.18, 230.03, 230.13, 230.08, 230.08, 230.13, 230.08, 230.08, 230.08, 230.13, 229.97, 229.97, 229.97, 230.08, 229.97, 230.03], "Current": [0.17, 0.17, 0.17, 0.17, 0.17, 0.17, 0.17, 0.17, 0.17, 0.17, 0.17, 0.17, 0.17, 0.17, 0.17, 0.17, 0.17, 0.17, 0.17, 0.17, 0.17, 0.17, 0.17, 0.17, 0.17, 0.17, 0.17, 0.17, 0.17, 0.17, 0.17, 0.17, 0.17, 0.17, 0.17, 0.17, 0.17, 0.17, 0.17, 0.17, 0.17, 0.17, 0.17, 0.17, 0.17], "Real_Power": [26.42, 26.11, 26.37, 26.26, 26.1, 26.26, 26.32, 26.31, 26.33, 26.2, 26.27, 26.3, 26.19, 26.42, 26.19, 26.26, 26.4, 26.17, 26.31, 26.22, 26.15, 26.49, 26.24, 26.26, 26.33, 26.34, 26.08, 26.23, 26.34, 26.13, 26.32, 26.26, 26.21, 26.33, 26.1, 26.3, 26.43, 26.11, 26.48, 26.17, 26.24, 26.31, 26.13, 26.3, 26.32], "Apparent_Power": [39.12, 39.11, 39.13, 39.12, 39.14, 39.13, 39.12, 39.13, 39.11, 39.12, 39.12, 39.1, 39.12, 39.08, 39.11, 39.1, 39.09, 39.11, 39.11, 39.11, 39.13, 39.11, 39.13, 39.12, 39.12, 39.12, 39.12, 39.12, 39.13, 39.13, 39.1, 39.12, 39.11, 39.11, 39.12, 39.11, 39.11, 39.11, 39.12, 39.09, 39.09, 39.09, 39.11, 39.09, 39.1], "Apparent_Power_Reactive": [28.85, 29.11, 28.9, 28.99, 29.16, 29.0, 28.94, 28.96, 28.91, 29.05, 28.98, 28.93, 29.05, 28.79, 29.04, 28.96, 28.82, 29.06, 28.93, 29.01, 29.1, 28.77, 29.02, 28.99, 28.93, 28.92, 29.15, 29.02, 28.93, 29.12, 28.91, 28.99, 29.02, 28.91, 29.14, 28.94, 28.82, 29.11, 28.79, 29.03, 28.97, 28.91, 29.1, 28.91, 28.91], "Power_Factor": [0.675, 0.667, 0.673, 0.671, 0.666, 0.671, 0.672, 0.672, 0.673, 0.669, 0.671, 0.672, 0.669, 0.676, 0.669, 0.671, 0.675, 0.669, 0.672, 0.67, 0.668, 0.677, 0.67, 0.671, 0.673, 0.673, 0.666, 0.67, 0.673, 0.667, 0.673, 0.671, 0.67, 0.673, 0.667, 0.672, 0.675, 0.667, 0.676, 0.669, 0.671, 0.673, 0.668, 0.672, 0.673], "Energy": [0.01, 0.02, 0.04, 0.05, 0.07, 0.08, 0.1, 0.11, 0.13, 0.14, 0.16, 0.17, 0.19, 0.2, 0.22, 0.23, 0.25, 0.26, 0.28, 0.29, 0.3, 0.32, 0.33, 0.35, 0.36, 0.38, 0.4, 0.41, 0.42, 0.44, 0.45, 0.47, 0.48, 0.5, 0.51, 0.53, 0.54, 0.56, 0.57, 0.59, 0.6, 0.62, 0.63, 0.65, 0.66], "Frequency": [49.39, 49.39, 49.39, 49.39, 49.41, 49.41, 49.41, 49.42, 49.42, 49.42, 49.42, 49.42, 49.42, 49.41, 49.41, 49.41, 49.42, 49.42, 49.42, 49.41, 49.41, 49.41, 49.4, 49.4, 49.4, 49.4, 49.4, 49.4, 49.4, 49.4, 49.42, 49.42, 49.42, 49.42, 49.42, 49.42, 49.41, 49.41, 49.41, 49.41, 49.41, 49.41, 49.41, 49.41, 49.41], "Temp_env": []}