{"Start_Time": [1755223532.2136185], "Time": [1755223534.2160313, 1755223536.2180886, 1755223538.2202249, 1755223540.2223444, 1755223542.2243483, 1755223544.226325, 1755223546.2290215, 1755223548.2313688, 1755223550.233339, 1755223552.2411172, 1755223554.2432694, 1755223556.2452574, 1755223558.2472894, 1755223560.2492537, 1755223562.2513351, 1755223564.2534597, 1755223566.2561617, 1755223568.258275, 1755223570.260356, 1755223572.2624924, 1755223574.2651546, 1755223576.272493, 1755223578.275203, 1755223580.2773163, 1755223582.2795336, 1755223584.2823195, 1755223586.2845612, 1755223588.2872608, 1755223590.289332, 1755223592.291387, 1755223594.2935722, 1755223596.2962615, 1755223598.2983792, 1755223600.3004863, 1755223602.302628, 1755223604.3051434, 1755223606.307425, 1755223608.3101408, 1755223610.312651, 1755223612.3153324, 1755223614.3174367, 1755223616.3195522, 1755223618.327247, 1755223620.3295696, 1755223622.3324826], "Voltage": [230.55, 230.6, 230.55, 230.6, 230.6, 230.55, 230.6, 230.66, 230.5, 230.6, 230.66, 230.55, 230.66, 230.6, 230.5, 230.66, 230.55, 230.5, 230.45, 230.55, 230.6, 230.76, 230.66, 230.6, 230.5, 230.66, 230.66, 230.6, 230.6, 230.55, 230.6, 230.45, 230.5, 230.45, 230.55, 230.5, 230.5, 230.55, 230.45, 230.55, 230.55, 230.66, 230.6, 230.66, 230.71], "Current": [0.17, 0.17, 0.17, 0.17, 0.17, 0.17, 0.17, 0.17, 0.17, 0.17, 0.17, 0.17, 0.17, 0.17, 0.17, 0.17, 0.17, 0.17, 0.17, 0.17, 0.17, 0.17, 0.17, 0.17, 0.17, 0.17, 0.17, 0.17, 0.17, 0.17, 0.17, 0.17, 0.17, 0.17, 0.17, 0.17, 0.17, 0.17, 0.17, 0.17, 0.17, 0.17, 0.17, 0.17, 0.17], "Real_Power": [26.15, 26.15, 26.13, 25.91, 26.11, 26.21, 25.97, 26.05, 26.14, 26.11, 26.12, 25.93, 25.95, 26.16, 25.98, 26.13, 26.04, 25.81, 26.06, 26.0, 26.1, 26.07, 25.89, 26.05, 26.02, 25.94, 26.07, 25.91, 25.9, 26.11, 25.98, 26.02, 26.12, 25.84, 26.07, 25.92, 26.06, 26.17, 25.95, 26.06, 26.06, 25.9, 26.07, 25.96, 25.87], "Apparent_Power": [39.19, 39.2, 39.19, 39.2, 39.2, 39.19, 39.2, 39.21, 39.18, 39.2, 39.21, 39.19, 39.21, 39.2, 39.18, 39.21, 39.19, 39.18, 39.17, 39.19, 39.2, 39.22, 39.21, 39.2, 39.18, 39.21, 39.21, 39.2, 39.2, 39.19, 39.2, 39.17, 39.18, 39.17, 39.19, 39.18, 39.18, 39.19, 39.17, 39.19, 39.19, 39.21, 39.2, 39.21, 39.22], "Apparent_Power_Reactive": [29.18, 29.2, 29.2, 29.41, 29.23, 29.13, 29.36, 29.3, 29.18, 29.23, 29.24, 29.38, 29.39, 29.19, 29.32, 29.23, 29.28, 29.47, 29.24, 29.32, 29.24, 29.3, 29.44, 29.29, 29.29, 29.4, 29.28, 29.41, 29.42, 29.22, 29.35, 29.27, 29.2, 29.43, 29.26, 29.38, 29.25, 29.17, 29.34, 29.26, 29.26, 29.43, 29.27, 29.38, 29.47], "Power_Factor": [0.667, 0.667, 0.666, 0.66, 0.666, 0.668, 0.662, 0.664, 0.667, 0.666, 0.666, 0.661, 0.661, 0.667, 0.663, 0.666, 0.664, 0.658, 0.665, 0.663, 0.665, 0.664, 0.66, 0.664, 0.664, 0.661, 0.664, 0.66, 0.66, 0.666, 0.662, 0.664, 0.666, 0.659, 0.665, 0.661, 0.665, 0.667, 0.662, 0.664, 0.664, 0.66, 0.665, 0.662, 0.659], "Energy": [0.01, 0.02, 0.04, 0.05, 0.07, 0.08, 0.1, 0.11, 0.13, 0.14, 0.16, 0.17, 0.19, 0.2, 0.22, 0.23, 0.25, 0.26, 0.27, 0.29, 0.3, 0.32, 0.33, 0.35, 0.36, 0.38, 0.39, 0.41, 0.42, 0.44, 0.45, 0.46, 0.48, 0.49, 0.51, 0.52, 0.54, 0.55, 0.57, 0.58, 0.6, 0.61, 0.63, 0.64, 0.65], "Frequency": [49.4, 49.4, 49.41, 49.41, 49.41, 49.42, 49.42, 49.42, 49.41, 49.41, 49.41, 49.42, 49.42, 49.42, 49.43, 49.43, 49.43, 49.42, 49.42, 49.42, 49.42, 49.42, 49.42, 49.42, 49.42, 49.42, 49.42, 49.42, 49.42, 49.41, 49.41, 49.41, 49.41, 49.41, 49.41, 49.4, 49.4, 49.4, 49.41, 49.41, 49.41, 49.41, 49.41, 49.41, 49.42], "Temp_env": []}