{"Start_Time": [1755157941.4158313], "Time": [1755157943.4182405, 1755157945.4206004, 1755157947.423167, 1755157949.4254682, 1755157951.4282997, 1755157953.4306514, 1755157955.4332366, 1755157957.435518, 1755157959.4375582, 1755157961.4397137, 1755157963.4423976, 1755157965.44474, 1755157967.4474545, 1755157969.4496222, 1755157971.4517288, 1755157973.4544485, 1755157975.4567335, 1755157977.4594395, 1755157979.4617279, 1755157981.4638767, 1755157983.4665916, 1755157985.468755, 1755157987.47109, 1755157989.473573, 1755157991.4759307, 1755157993.4786437, 1755157995.481027, 1755157997.4837282, 1755157999.4860566, 1755158001.4887967, 1755158003.4910848, 1755158005.493812, 1755158007.4959733, 1755158009.498767, 1755158011.5012412, 1755158013.5037322, 1755158015.5060594, 1755158017.5082068, 1755158019.511073, 1755158021.5131335, 1755158023.5158987, 1755158025.5182745, 1755158027.5211334, 1755158029.523936, 1755158031.526294], "Voltage": [227.88, 227.93, 227.93, 227.98, 228.04, 228.14, 228.04, 228.04, 228.04, 227.83, 227.88, 227.83, 228.04, 227.98, 228.3, 228.14, 228.19, 228.14, 228.04, 228.09, 228.19, 228.14, 228.14, 227.98, 228.19, 228.24, 228.24, 228.19, 228.14, 228.04, 228.04, 228.04, 228.24, 228.24, 227.98, 227.93, 228.14, 228.14, 227.93, 227.88, 228.04, 228.14, 228.09, 227.98, 227.98], "Current": [0.17, 0.17, 0.17, 0.17, 0.17, 0.17, 0.17, 0.17, 0.17, 0.17, 0.17, 0.17, 0.17, 0.17, 0.17, 0.17, 0.17, 0.17, 0.17, 0.17, 0.17, 0.17, 0.17, 0.17, 0.17, 0.17, 0.17, 0.17, 0.17, 0.17, 0.17, 0.17, 0.17, 0.17, 0.17, 0.17, 0.17, 0.17, 0.17, 0.17, 0.17, 0.17, 0.17, 0.17, 0.17], "Real_Power": [25.82, 26.03, 25.79, 25.86, 25.69, 25.98, 25.9, 25.7, 25.74, 25.93, 25.65, 25.97, 25.84, 25.83, 25.98, 25.74, 26.05, 25.9, 25.8, 26.06, 25.81, 25.73, 26.01, 25.8, 25.87, 26.02, 25.7, 25.97, 25.82, 25.95, 26.02, 25.79, 26.14, 25.78, 25.75, 26.08, 25.79, 25.9, 26.08, 25.79, 25.98, 25.98, 25.74, 25.93, 25.81], "Apparent_Power": [38.73, 38.74, 38.74, 38.75, 38.76, 38.78, 38.76, 38.76, 38.76, 38.73, 38.73, 38.73, 38.76, 38.75, 38.81, 38.78, 38.79, 38.78, 38.76, 38.77, 38.79, 38.78, 38.78, 38.75, 38.79, 38.8, 38.8, 38.79, 38.78, 38.76, 38.76, 38.76, 38.8, 38.8, 38.75, 38.74, 38.78, 38.78, 38.74, 38.73, 38.76, 38.78, 38.77, 38.75, 38.75], "Apparent_Power_Reactive": [28.86, 28.69, 28.9, 28.85, 29.02, 28.79, 28.83, 29.01, 28.97, 28.76, 29.01, 28.73, 28.88, 28.88, 28.83, 29.0, 28.74, 28.86, 28.92, 28.7, 28.95, 29.01, 28.76, 28.91, 28.9, 28.78, 29.06, 28.81, 28.93, 28.79, 28.72, 28.93, 28.67, 28.99, 28.95, 28.64, 28.96, 28.86, 28.64, 28.89, 28.76, 28.79, 28.99, 28.79, 28.9], "Power_Factor": [0.666, 0.671, 0.665, 0.667, 0.662, 0.669, 0.668, 0.663, 0.664, 0.669, 0.662, 0.67, 0.666, 0.666, 0.669, 0.663, 0.671, 0.667, 0.665, 0.672, 0.665, 0.663, 0.67, 0.665, 0.666, 0.67, 0.662, 0.669, 0.665, 0.669, 0.671, 0.665, 0.673, 0.664, 0.664, 0.673, 0.665, 0.667, 0.673, 0.665, 0.67, 0.669, 0.663, 0.669, 0.666], "Energy": [0.01, 0.02, 0.04, 0.05, 0.07, 0.08, 0.1, 0.11, 0.13, 0.14, 0.16, 0.17, 0.19, 0.2, 0.21, 0.23, 0.24, 0.26, 0.27, 0.29, 0.3, 0.32, 0.33, 0.35, 0.36, 0.37, 0.39, 0.4, 0.42, 0.43, 0.45, 0.46, 0.48, 0.49, 0.51, 0.52, 0.53, 0.55, 0.56, 0.58, 0.59, 0.61, 0.62, 0.64, 0.65], "Frequency": [49.39, 49.39, 49.39, 49.39, 49.39, 49.39, 49.39, 49.39, 49.39, 49.39, 49.4, 49.4, 49.4, 49.39, 49.39, 49.39, 49.42, 49.42, 49.42, 49.42, 49.42, 49.42, 49.41, 49.41, 49.41, 49.41, 49.41, 49.41, 49.42, 49.42, 49.42, 49.42, 49.42, 49.42, 49.42, 49.42, 49.42, 49.41, 49.41, 49.41, 49.42, 49.42, 49.42, 49.42, 49.42], "Temp_env": []}