{"Start_Time": [1755152673.200072], "Time": [1755152675.2024782, 1755152677.2045898, 1755152679.2562895, 1755152681.2586384, 1755152683.2613318, 1755152685.268678, 1755152687.2713525, 1755152689.2734907, 1755152691.2756143, 1755152693.278339, 1755152695.2806597, 1755152697.2826355, 1755152699.2849593, 1755152701.2874808, 1755152703.2896216, 1755152705.2917469, 1755152707.2946298, 1755152709.2967234, 1755152711.2988148, 1755152713.301521, 1755152715.3038802, 1755152717.306599, 1755152719.3089259, 1755152721.3116345, 1755152723.3139749, 1755152725.316657, 1755152727.3239882, 1755152729.3266478, 1755152731.3290174, 1755152733.3317373, 1755152735.33411, 1755152737.3367965, 1755152739.339137, 1755152741.341841, 1755152743.3441882, 1755152745.3468966, 1755152747.349066, 1755152749.3511362, 1755152751.353892, 1755152753.3561707, 1755152755.3581898, 1755152757.3603604, 1755152759.3631005, 1755152761.3654275, 1755152763.368069], "Voltage": [229.82, 229.87, 229.87, 230.03, 229.97, 230.08, 230.24, 229.92, 229.92, 229.92, 229.97, 229.71, 229.71, 229.61, 229.5, 229.71, 229.61, 229.71, 229.82, 229.71, 229.76, 229.87, 229.92, 229.97, 229.97, 229.92, 229.76, 229.76, 229.76, 229.76, 229.76, 229.66, 229.71, 229.71, 229.82, 229.71, 229.76, 229.5, 229.61, 229.61, 229.66, 229.76, 229.66, 229.55, 229.55], "Current": [0.17, 0.17, 0.17, 0.17, 0.17, 0.17, 0.17, 0.17, 0.17, 0.17, 0.17, 0.17, 0.17, 0.17, 0.17, 0.17, 0.17, 0.17, 0.17, 0.17, 0.17, 0.17, 0.17, 0.17, 0.17, 0.17, 0.17, 0.17, 0.17, 0.17, 0.17, 0.17, 0.17, 0.17, 0.17, 0.17, 0.17, 0.17, 0.17, 0.17, 0.17, 0.17, 0.17, 0.17, 0.17], "Real_Power": [25.89, 26.09, 26.07, 26.26, 25.9, 26.11, 26.02, 25.99, 26.09, 25.98, 26.15, 26.03, 25.99, 26.1, 25.83, 25.9, 26.18, 25.9, 26.14, 25.9, 26.04, 26.08, 25.9, 26.05, 26.0, 25.89, 26.09, 26.03, 25.99, 26.14, 25.95, 25.93, 26.0, 25.84, 26.09, 25.89, 25.97, 26.15, 25.87, 26.03, 25.93, 25.89, 25.97, 25.97, 26.06], "Apparent_Power": [39.06, 39.07, 39.07, 39.1, 39.09, 39.11, 39.14, 39.08, 39.08, 39.08, 39.09, 39.05, 39.05, 39.03, 39.01, 39.05, 39.03, 39.05, 39.06, 39.05, 39.05, 39.07, 39.08, 39.09, 39.09, 39.08, 39.05, 39.05, 39.05, 39.05, 39.05, 39.04, 39.05, 39.05, 39.06, 39.05, 39.05, 39.01, 39.03, 39.03, 39.04, 39.05, 39.04, 39.02, 39.02], "Apparent_Power_Reactive": [29.24, 29.08, 29.1, 28.96, 29.27, 29.11, 29.23, 29.18, 29.09, 29.19, 29.05, 29.1, 29.14, 29.01, 29.23, 29.22, 28.94, 29.22, 29.02, 29.22, 29.1, 29.09, 29.26, 29.14, 29.18, 29.27, 29.05, 29.1, 29.14, 29.01, 29.18, 29.18, 29.13, 29.27, 29.06, 29.23, 29.16, 28.94, 29.22, 29.08, 29.18, 29.23, 29.14, 29.12, 29.04], "Power_Factor": [0.662, 0.667, 0.667, 0.671, 0.662, 0.667, 0.664, 0.665, 0.667, 0.664, 0.668, 0.666, 0.665, 0.668, 0.662, 0.663, 0.67, 0.663, 0.669, 0.663, 0.666, 0.667, 0.662, 0.666, 0.665, 0.662, 0.668, 0.666, 0.665, 0.669, 0.664, 0.664, 0.665, 0.661, 0.667, 0.662, 0.665, 0.67, 0.662, 0.666, 0.664, 0.662, 0.665, 0.665, 0.667], "Energy": [0.01, 0.02, 0.04, 0.05, 0.07, 0.08, 0.1, 0.11, 0.13, 0.14, 0.16, 0.17, 0.19, 0.2, 0.22, 0.23, 0.24, 0.26, 0.27, 0.29, 0.3, 0.32, 0.33, 0.35, 0.36, 0.38, 0.39, 0.41, 0.42, 0.43, 0.45, 0.46, 0.48, 0.49, 0.51, 0.52, 0.54, 0.55, 0.57, 0.58, 0.6, 0.61, 0.62, 0.64, 0.65], "Frequency": [49.42, 49.43, 49.43, 49.43, 49.43, 49.43, 49.43, 49.43, 49.43, 49.43, 49.43, 49.43, 49.43, 49.43, 49.43, 49.43, 49.43, 49.43, 49.43, 49.44, 49.44, 49.44, 49.41, 49.41, 49.41, 49.41, 49.41, 49.41, 49.41, 49.41, 49.41, 49.4, 49.4, 49.4, 49.4, 49.4, 49.4, 49.41, 49.41, 49.41, 49.41, 49.41, 49.41, 49.42, 49.42], "Temp_env": []}