{"Start_Time": [1755466159.6674447], "Time": [1755466161.6697977, 1755466163.671962, 1755466165.674093, 1755466167.6767852, 1755466169.6791291, 1755466171.681813, 1755466173.6840968, 1755466175.6861868, 1755466177.6889334, 1755466179.6912136, 1755466181.6938906, 1755466183.6962204, 1755466185.6989236, 1755466187.7012918, 1755466189.7039688, 1755466191.7062466, 1755466193.7089777, 1755466195.7113903, 1755466197.7140274, 1755466199.71632, 1755466201.7190478, 1755466203.721356, 1755466205.7234554, 1755466207.7256043, 1755466209.7281826, 1755466211.7304986, 1755466213.7332587, 1755466215.7355888, 1755466217.7382581, 1755466219.7405856, 1755466221.7432828, 1755466223.7457833, 1755466225.7482862, 1755466227.7506752, 1755466229.7533374, 1755466231.75579, 1755466233.7583113, 1755466235.760654, 1755466237.7633502, 1755466239.765861, 1755466241.7683651, 1755466243.7707052, 1755466245.772823, 1755466247.775665, 1755466249.777722], "Voltage": [229.24, 229.29, 229.14, 229.19, 229.19, 229.19, 229.14, 229.08, 229.14, 229.03, 229.14, 229.24, 229.19, 229.29, 229.29, 229.19, 229.29, 229.24, 229.24, 229.29, 229.19, 229.19, 229.14, 229.35, 229.14, 229.14, 229.03, 228.98, 228.93, 228.98, 228.98, 228.98, 228.98, 229.03, 229.08, 228.98, 229.03, 229.03, 229.08, 229.03, 228.98, 229.08, 229.08, 229.08, 229.14], "Current": [0.17, 0.17, 0.17, 0.17, 0.17, 0.17, 0.17, 0.17, 0.17, 0.17, 0.17, 0.17, 0.17, 0.17, 0.17, 0.17, 0.17, 0.17, 0.17, 0.17, 0.17, 0.17, 0.17, 0.17, 0.17, 0.17, 0.17, 0.17, 0.17, 0.17, 0.17, 0.17, 0.17, 0.17, 0.17, 0.17, 0.17, 0.17, 0.17, 0.17, 0.17, 0.17, 0.17, 0.17, 0.17], "Real_Power": [26.18, 26.18, 26.22, 26.27, 26.31, 26.14, 26.34, 26.27, 26.21, 26.22, 26.25, 26.22, 26.31, 26.22, 26.21, 26.29, 26.22, 26.34, 26.3, 26.23, 26.34, 26.28, 26.24, 26.35, 26.17, 26.27, 26.2, 26.2, 26.34, 26.37, 26.25, 26.22, 26.21, 26.19, 26.19, 26.2, 26.45, 26.3, 26.32, 26.3, 26.15, 26.41, 26.22, 26.2, 26.23], "Apparent_Power": [38.97, 38.97, 38.95, 38.96, 38.96, 38.96, 38.95, 38.94, 38.95, 38.93, 38.95, 38.97, 38.96, 38.97, 38.97, 38.96, 38.97, 38.97, 38.97, 38.97, 38.96, 38.96, 38.95, 38.98, 38.95, 38.95, 38.93, 38.92, 38.91, 38.92, 38.92, 38.92, 38.92, 38.93, 38.94, 38.92, 38.93, 38.93, 38.94, 38.93, 38.92, 38.94, 38.94, 38.94, 38.95], "Apparent_Power_Reactive": [28.86, 28.86, 28.8, 28.77, 28.73, 28.88, 28.69, 28.74, 28.81, 28.77, 28.77, 28.83, 28.73, 28.83, 28.83, 28.75, 28.83, 28.72, 28.75, 28.82, 28.7, 28.76, 28.78, 28.72, 28.84, 28.75, 28.79, 28.78, 28.63, 28.62, 28.73, 28.76, 28.77, 28.8, 28.81, 28.78, 28.56, 28.7, 28.69, 28.7, 28.82, 28.61, 28.78, 28.8, 28.79], "Power_Factor": [0.671, 0.671, 0.673, 0.674, 0.675, 0.67, 0.676, 0.674, 0.672, 0.673, 0.673, 0.672, 0.675, 0.672, 0.672, 0.674, 0.672, 0.675, 0.674, 0.673, 0.676, 0.674, 0.673, 0.675, 0.671, 0.674, 0.673, 0.673, 0.676, 0.677, 0.674, 0.673, 0.673, 0.672, 0.672, 0.673, 0.679, 0.675, 0.675, 0.675, 0.671, 0.678, 0.673, 0.672, 0.673], "Energy": [0.01, 0.02, 0.04, 0.05, 0.07, 0.08, 0.1, 0.11, 0.13, 0.14, 0.16, 0.17, 0.19, 0.2, 0.22, 0.23, 0.25, 0.26, 0.28, 0.29, 0.31, 0.32, 0.34, 0.35, 0.37, 0.38, 0.39, 0.41, 0.42, 0.44, 0.45, 0.47, 0.48, 0.5, 0.51, 0.53, 0.54, 0.56, 0.57, 0.59, 0.6, 0.62, 0.63, 0.65, 0.66], "Frequency": [49.43, 49.41, 49.41, 49.41, 49.42, 49.42, 49.42, 49.43, 49.43, 49.43, 49.43, 49.43, 49.43, 49.43, 49.43, 49.43, 49.44, 49.44, 49.44, 49.43, 49.43, 49.43, 49.42, 49.42, 49.42, 49.4, 49.4, 49.4, 49.39, 49.39, 49.39, 49.39, 49.39, 49.39, 49.37, 49.37, 49.37, 49.36, 49.36, 49.36, 49.35, 49.35, 49.35, 49.35, 49.35], "Temp_env": []}