{"Start_Time": [1755535842.4873288], "Time": [1755535844.4894745, 1755535846.4921265, 1755535848.4944425, 1755535850.4971588, 1755535852.499478, 1755535854.502192, 1755535856.5045493, 1755535858.5072, 1755535860.50954, 1755535862.51222, 1755535864.5145943, 1755535866.5172715, 1755535868.5195885, 1755535870.521703, 1755535872.5244093, 1755535874.526645, 1755535876.5288317, 1755535878.5315223, 1755535880.533653, 1755535882.5359657, 1755535884.5384614, 1755535886.5408285, 1755535888.5435083, 1755535890.5459528, 1755535892.5486646, 1755535894.550816, 1755535896.5529351, 1755535898.5558658, 1755535900.5579398, 1755535902.5606656, 1755535904.5630596, 1755535906.5659595, 1755535908.5687659, 1755535910.5711176, 1755535912.5738149, 1755535914.5762613, 1755535916.5787902, 1755535918.5811334, 1755535920.5838351, 1755535922.5863209, 1755535924.589007, 1755535926.5913053, 1755535928.594073, 1755535930.5963936, 1755535932.5990372], "Voltage": [227.14, 226.88, 226.88, 226.93, 226.88, 226.88, 226.88, 226.88, 226.83, 226.83, 226.88, 226.93, 226.83, 226.88, 226.88, 226.93, 226.93, 226.78, 226.93, 226.93, 226.88, 226.83, 226.78, 226.78, 226.83, 226.73, 226.78, 226.93, 226.88, 226.73, 226.83, 226.83, 226.93, 226.73, 226.83, 226.88, 226.93, 226.93, 226.99, 226.88, 226.67, 226.78, 226.88, 226.88, 226.93], "Current": [0.18, 0.18, 0.17, 0.18, 0.17, 0.18, 0.18, 0.17, 0.18, 0.18, 0.17, 0.18, 0.18, 0.17, 0.18, 0.18, 0.18, 0.18, 0.17, 0.18, 0.18, 0.17, 0.18, 0.17, 0.18, 0.18, 0.17, 0.18, 0.18, 0.17, 0.18, 0.18, 0.18, 0.18, 0.18, 0.18, 0.18, 0.17, 0.18, 0.18, 0.17, 0.18, 0.18, 0.17, 0.18], "Real_Power": [26.36, 26.15, 25.95, 26.23, 26.02, 26.2, 26.33, 26.08, 26.17, 26.29, 26.07, 26.24, 26.24, 26.06, 26.4, 26.1, 26.22, 26.3, 26.11, 26.22, 26.22, 26.1, 26.32, 26.15, 26.17, 26.26, 25.94, 26.21, 26.22, 26.07, 26.27, 26.1, 26.11, 26.28, 26.15, 26.15, 26.21, 25.97, 26.28, 26.29, 26.01, 26.34, 26.14, 25.99, 26.34], "Apparent_Power": [40.88, 40.83, 38.56, 40.84, 38.56, 40.83, 40.83, 38.56, 40.82, 40.82, 38.56, 40.84, 40.82, 38.56, 40.83, 40.84, 40.84, 40.82, 38.57, 40.84, 40.83, 38.56, 40.82, 38.55, 40.82, 40.81, 38.55, 40.84, 40.83, 38.54, 40.82, 40.82, 40.84, 40.81, 40.82, 40.83, 40.84, 38.57, 40.85, 40.83, 38.53, 40.82, 40.83, 38.56, 40.84], "Apparent_Power_Reactive": [31.24, 31.35, 28.52, 31.3, 28.45, 31.31, 31.2, 28.4, 31.32, 31.22, 28.41, 31.29, 31.26, 28.42, 31.14, 31.41, 31.31, 31.21, 28.38, 31.31, 31.29, 28.38, 31.2, 28.32, 31.32, 31.23, 28.51, 31.31, 31.29, 28.38, 31.24, 31.38, 31.4, 31.22, 31.34, 31.35, 31.31, 28.51, 31.27, 31.23, 28.42, 31.18, 31.36, 28.48, 31.21], "Power_Factor": [0.644, 0.64, 0.672, 0.642, 0.674, 0.641, 0.644, 0.676, 0.641, 0.644, 0.676, 0.642, 0.642, 0.675, 0.646, 0.639, 0.642, 0.644, 0.676, 0.642, 0.642, 0.676, 0.644, 0.678, 0.641, 0.643, 0.672, 0.641, 0.642, 0.676, 0.643, 0.639, 0.639, 0.643, 0.64, 0.64, 0.641, 0.673, 0.643, 0.643, 0.675, 0.645, 0.64, 0.674, 0.644], "Energy": [0.01, 0.02, 0.04, 0.05, 0.07, 0.08, 0.1, 0.11, 0.13, 0.14, 0.16, 0.17, 0.19, 0.2, 0.22, 0.23, 0.25, 0.26, 0.27, 0.29, 0.3, 0.32, 0.33, 0.35, 0.36, 0.38, 0.39, 0.41, 0.42, 0.44, 0.45, 0.47, 0.48, 0.5, 0.51, 0.53, 0.54, 0.55, 0.57, 0.58, 0.6, 0.61, 0.63, 0.64, 0.66], "Frequency": [49.39, 49.39, 49.39, 49.38, 49.38, 49.38, 49.38, 49.38, 49.38, 49.39, 49.39, 49.39, 49.37, 49.37, 49.37, 49.38, 49.38, 49.38, 49.39, 49.39, 49.39, 49.38, 49.38, 49.38, 49.36, 49.36, 49.36, 49.35, 49.35, 49.35, 49.36, 49.36, 49.36, 49.37, 49.37, 49.37, 49.37, 49.37, 49.37, 49.37, 49.37, 49.37, 49.36, 49.36, 49.36], "Temp_env": []}