{"Start_Time": [1755649379.819618], "Time": [1755649381.8217847, 1755649383.8244483, 1755649385.826769, 1755649387.8294835, 1755649389.8316562, 1755649391.8337657, 1755649393.8365142, 1755649395.8388655, 1755649397.8415358, 1755649399.843718, 1755649401.8465047, 1755649403.8488538, 1755649405.8516107, 1755649407.85382, 1755649409.8565547, 1755649411.858892, 1755649413.8615973, 1755649415.863851, 1755649417.8666573, 1755649419.8690355, 1755649421.8717978, 1755649423.8740177, 1755649425.8768313, 1755649427.8791006, 1755649429.881865, 1755649431.8839755, 1755649433.8867862, 1755649435.8891783, 1755649437.8918555, 1755649439.8940976, 1755649441.8968415, 1755649443.8992023, 1755649445.901911, 1755649447.9041297, 1755649449.9068668, 1755649451.9092503, 1755649453.911927, 1755649455.9141629, 1755649457.9169853, 1755649459.925038, 1755649461.9273725, 1755649463.930033, 1755649465.9373634, 1755649467.9400084, 1755649469.9423378], "Voltage": [228.98, 229.03, 228.93, 228.98, 228.87, 228.77, 228.87, 228.93, 228.87, 228.98, 228.98, 228.98, 228.93, 228.87, 228.93, 228.98, 228.98, 228.93, 228.93, 229.03, 229.5, 229.55, 229.87, 229.82, 229.87, 229.97, 229.87, 229.92, 229.87, 229.87, 229.82, 229.92, 229.82, 229.82, 229.82, 229.92, 229.76, 229.87, 229.97, 229.87, 229.82, 229.92, 229.87, 229.92, 229.76], "Current": [0.17, 0.17, 0.17, 0.17, 0.17, 0.17, 0.17, 0.17, 0.17, 0.17, 0.17, 0.17, 0.17, 0.17, 0.17, 0.17, 0.17, 0.17, 0.17, 0.17, 0.17, 0.17, 0.17, 0.17, 0.17, 0.17, 0.17, 0.17, 0.17, 0.17, 0.17, 0.17, 0.17, 0.17, 0.17, 0.17, 0.17, 0.17, 0.17, 0.17, 0.17, 0.17, 0.17, 0.17, 0.17], "Real_Power": [26.34, 26.0, 26.45, 26.37, 26.13, 26.25, 26.15, 26.24, 26.37, 26.13, 26.28, 26.34, 26.14, 26.39, 26.26, 26.23, 26.3, 26.34, 26.39, 26.47, 26.18, 26.32, 26.28, 26.17, 26.38, 26.21, 26.32, 26.36, 26.18, 26.37, 26.23, 26.17, 26.37, 26.11, 26.42, 26.4, 26.12, 26.49, 26.24, 26.22, 26.29, 26.21, 26.27, 26.27, 26.2], "Apparent_Power": [38.92, 38.93, 38.91, 38.92, 38.9, 38.89, 38.9, 38.91, 38.9, 38.92, 38.92, 38.92, 38.91, 38.9, 38.91, 38.92, 38.92, 38.91, 38.91, 38.93, 39.01, 39.02, 39.07, 39.06, 39.07, 39.09, 39.07, 39.08, 39.07, 39.07, 39.06, 39.08, 39.06, 39.06, 39.06, 39.08, 39.05, 39.07, 39.09, 39.07, 39.06, 39.08, 39.07, 39.08, 39.05], "Apparent_Power_Reactive": [28.65, 28.97, 28.53, 28.62, 28.81, 28.69, 28.79, 28.73, 28.59, 28.84, 28.7, 28.65, 28.82, 28.57, 28.71, 28.75, 28.68, 28.63, 28.59, 28.54, 28.92, 28.8, 28.91, 28.99, 28.81, 29.0, 28.87, 28.85, 29.0, 28.82, 28.94, 29.02, 28.81, 29.05, 28.76, 28.81, 29.02, 28.71, 28.97, 28.96, 28.88, 28.98, 28.91, 28.93, 28.95], "Power_Factor": [0.676, 0.667, 0.679, 0.677, 0.671, 0.674, 0.672, 0.674, 0.677, 0.671, 0.675, 0.676, 0.671, 0.678, 0.674, 0.673, 0.675, 0.676, 0.678, 0.679, 0.671, 0.674, 0.672, 0.669, 0.675, 0.67, 0.673, 0.674, 0.67, 0.674, 0.671, 0.669, 0.675, 0.668, 0.676, 0.675, 0.668, 0.678, 0.671, 0.671, 0.673, 0.67, 0.672, 0.672, 0.67], "Energy": [0.01, 0.02, 0.04, 0.05, 0.07, 0.08, 0.1, 0.11, 0.13, 0.14, 0.16, 0.17, 0.19, 0.2, 0.22, 0.23, 0.25, 0.26, 0.28, 0.29, 0.3, 0.32, 0.33, 0.35, 0.36, 0.38, 0.39, 0.41, 0.42, 0.44, 0.45, 0.47, 0.48, 0.5, 0.51, 0.53, 0.54, 0.56, 0.57, 0.59, 0.6, 0.61, 0.63, 0.64, 0.66], "Frequency": [49.4, 49.4, 49.4, 49.41, 49.41, 49.41, 49.4, 49.4, 49.4, 49.39, 49.39, 49.39, 49.4, 49.4, 49.4, 49.4, 49.4, 49.4, 49.41, 49.41, 49.41, 49.41, 49.41, 49.41, 49.42, 49.42, 49.42, 49.41, 49.41, 49.41, 49.41, 49.41, 49.41, 49.42, 49.42, 49.42, 49.41, 49.41, 49.41, 49.41, 49.41, 49.41, 49.41, 49.41, 49.41], "Temp_env": []}