{"Start_Time": [1755747908.3732116], "Time": [1755747910.3758845, 1755747912.3785083, 1755747914.3808653, 1755747916.3835523, 1755747918.385976, 1755747920.3879461, 1755747922.390624, 1755747924.392782, 1755747926.3948383, 1755747928.396984, 1755747930.3996916, 1755747932.4018905, 1755747934.403922, 1755747936.4062793, 1755747938.408764, 1755747940.411135, 1755747942.4138389, 1755747944.416315, 1755747946.4188564, 1755747948.4210427, 1755747950.4231331, 1755747952.4259896, 1755747954.4286926, 1755747956.431048, 1755747958.433623, 1755747960.436018, 1755747962.4386954, 1755747964.4408228, 1755747966.442963, 1755747968.4457815, 1755747970.4478004, 1755747972.4504645, 1755747974.4527564, 1755747976.4556077, 1755747978.4576268, 1755747980.459679, 1755747982.462345, 1755747984.4645994, 1755747986.4666576, 1755747988.4693053, 1755747990.471584, 1755747992.4742644, 1755747994.4765034, 1755747996.4786763, 1755747998.4813042], "Voltage": [227.93, 228.04, 228.14, 228.09, 228.09, 227.93, 227.93, 228.09, 227.93, 227.98, 227.98, 227.98, 227.98, 227.98, 227.93, 227.93, 227.93, 227.98, 227.93, 227.88, 227.88, 227.93, 227.98, 228.04, 228.14, 228.14, 228.04, 228.04, 228.04, 227.98, 227.88, 228.09, 228.14, 227.88, 227.93, 228.14, 227.98, 227.98, 227.93, 227.98, 227.88, 227.83, 227.93, 227.93, 228.04], "Current": [0.17, 0.17, 0.17, 0.17, 0.17, 0.17, 0.17, 0.17, 0.17, 0.17, 0.17, 0.17, 0.17, 0.17, 0.17, 0.17, 0.17, 0.17, 0.17, 0.18, 0.17, 0.17, 0.17, 0.17, 0.17, 0.17, 0.17, 0.17, 0.17, 0.17, 0.17, 0.17, 0.18, 0.17, 0.17, 0.17, 0.17, 0.17, 0.17, 0.17, 0.18, 0.17, 0.17, 0.17, 0.17], "Real_Power": [26.16, 26.15, 26.08, 26.24, 26.12, 26.11, 26.18, 26.0, 26.14, 26.08, 26.04, 26.19, 25.93, 26.19, 26.1, 26.09, 26.25, 26.18, 26.03, 26.34, 25.92, 26.21, 26.14, 26.05, 26.24, 26.05, 26.03, 26.24, 26.0, 26.22, 26.19, 25.93, 26.26, 26.04, 26.04, 26.14, 25.97, 26.19, 26.24, 25.99, 26.25, 26.15, 26.15, 26.26, 26.04], "Apparent_Power": [38.74, 38.76, 38.78, 38.77, 38.77, 38.74, 38.74, 38.77, 38.74, 38.75, 38.75, 38.75, 38.75, 38.75, 38.74, 38.74, 38.74, 38.75, 38.74, 41.01, 38.73, 38.74, 38.75, 38.76, 38.78, 38.78, 38.76, 38.76, 38.76, 38.75, 38.73, 38.77, 41.06, 38.73, 38.74, 38.78, 38.75, 38.75, 38.74, 38.75, 41.01, 38.73, 38.74, 38.74, 38.76], "Apparent_Power_Reactive": [28.57, 28.6, 28.7, 28.54, 28.65, 28.61, 28.55, 28.75, 28.59, 28.66, 28.69, 28.55, 28.79, 28.55, 28.62, 28.63, 28.49, 28.56, 28.69, 31.43, 28.77, 28.52, 28.6, 28.7, 28.55, 28.72, 28.71, 28.52, 28.74, 28.53, 28.53, 28.82, 31.56, 28.66, 28.68, 28.64, 28.75, 28.55, 28.5, 28.74, 31.5, 28.56, 28.58, 28.48, 28.7], "Power_Factor": [0.675, 0.674, 0.672, 0.676, 0.673, 0.673, 0.675, 0.67, 0.674, 0.673, 0.672, 0.675, 0.669, 0.675, 0.673, 0.673, 0.677, 0.675, 0.671, 0.642, 0.669, 0.676, 0.674, 0.672, 0.676, 0.671, 0.671, 0.676, 0.67, 0.676, 0.676, 0.668, 0.639, 0.672, 0.672, 0.674, 0.67, 0.675, 0.677, 0.67, 0.64, 0.675, 0.675, 0.677, 0.671], "Energy": [0.01, 0.02, 0.04, 0.05, 0.07, 0.08, 0.1, 0.11, 0.13, 0.14, 0.16, 0.17, 0.19, 0.2, 0.22, 0.23, 0.24, 0.26, 0.27, 0.29, 0.3, 0.32, 0.33, 0.35, 0.36, 0.38, 0.39, 0.41, 0.42, 0.44, 0.45, 0.47, 0.48, 0.49, 0.51, 0.52, 0.54, 0.55, 0.57, 0.58, 0.6, 0.61, 0.63, 0.64, 0.66], "Frequency": [49.43, 49.43, 49.43, 49.43, 49.43, 49.4, 49.4, 49.4, 49.4, 49.4, 49.4, 49.39, 49.39, 49.39, 49.39, 49.39, 49.39, 49.38, 49.38, 49.38, 49.38, 49.38, 49.38, 49.39, 49.39, 49.39, 49.39, 49.39, 49.39, 49.4, 49.4, 49.4, 49.39, 49.39, 49.39, 49.39, 49.39, 49.39, 49.39, 49.39, 49.39, 49.39, 49.39, 49.39, 49.4], "Temp_env": []}