{"Start_Time": [1755226180.6561797], "Time": [1755226182.658226, 1755226184.6608617, 1755226186.6632998, 1755226188.6659625, 1755226190.668132, 1755226192.6701715, 1755226194.672181, 1755226196.6742837, 1755226198.6769688, 1755226200.6793506, 1755226202.68204, 1755226204.6842933, 1755226206.686294, 1755226208.6883898, 1755226210.6910746, 1755226212.693535, 1755226214.695533, 1755226216.6981893, 1755226218.7005467, 1755226220.7034311, 1755226222.7055998, 1755226224.708282, 1755226226.7106144, 1755226228.7135012, 1755226230.7155464, 1755226232.717712, 1755226234.720401, 1755226236.722741, 1755226238.7254186, 1755226240.7277396, 1755226242.7304924, 1755226244.7326574, 1755226246.7347622, 1755226248.7375026, 1755226250.7398252, 1755226252.7425463, 1755226254.7447662, 1755226256.7469168, 1755226258.749665, 1755226260.7518167, 1755226262.7541165, 1755226264.756679, 1755226266.7589326, 1755226268.7617261, 1755226270.7641706], "Voltage": [230.71, 230.76, 230.71, 230.76, 230.66, 230.76, 230.66, 230.71, 230.76, 230.71, 230.76, 230.92, 230.81, 230.86, 230.71, 230.97, 230.86, 230.92, 230.97, 230.81, 230.81, 230.81, 230.76, 230.76, 230.66, 230.71, 230.81, 230.76, 230.81, 230.86, 230.92, 230.76, 230.81, 230.86, 230.76, 230.76, 230.76, 230.71, 230.66, 230.71, 230.6, 230.71, 230.71, 230.71, 230.55], "Current": [0.17, 0.17, 0.17, 0.17, 0.17, 0.17, 0.17, 0.17, 0.17, 0.17, 0.17, 0.17, 0.17, 0.17, 0.17, 0.17, 0.17, 0.17, 0.17, 0.17, 0.17, 0.17, 0.17, 0.17, 0.17, 0.17, 0.17, 0.17, 0.17, 0.17, 0.17, 0.17, 0.17, 0.17, 0.17, 0.17, 0.17, 0.17, 0.17, 0.17, 0.17, 0.17, 0.17, 0.17, 0.17], "Real_Power": [25.95, 26.06, 25.87, 26.09, 26.04, 26.02, 26.05, 26.02, 25.97, 26.31, 26.04, 26.01, 26.24, 25.92, 26.02, 26.05, 25.95, 26.13, 25.92, 25.99, 26.17, 25.88, 25.97, 26.01, 26.19, 26.14, 25.95, 26.07, 26.04, 25.72, 25.99, 25.92, 25.9, 26.03, 25.94, 25.96, 26.08, 25.94, 25.99, 26.13, 25.93, 26.08, 26.0, 25.94, 26.11], "Apparent_Power": [39.22, 39.22, 39.22, 39.22, 39.21, 39.22, 39.21, 39.22, 39.22, 39.22, 39.22, 39.25, 39.23, 39.24, 39.22, 39.26, 39.24, 39.25, 39.26, 39.23, 39.23, 39.23, 39.22, 39.22, 39.21, 39.22, 39.23, 39.22, 39.23, 39.24, 39.25, 39.22, 39.23, 39.24, 39.22, 39.22, 39.22, 39.22, 39.21, 39.22, 39.2, 39.22, 39.22, 39.22, 39.19], "Apparent_Power_Reactive": [29.4, 29.31, 29.47, 29.28, 29.31, 29.34, 29.3, 29.34, 29.38, 29.08, 29.32, 29.39, 29.16, 29.46, 29.34, 29.37, 29.43, 29.28, 29.48, 29.38, 29.22, 29.48, 29.38, 29.35, 29.18, 29.23, 29.42, 29.3, 29.34, 29.63, 29.41, 29.43, 29.46, 29.36, 29.41, 29.39, 29.29, 29.41, 29.35, 29.24, 29.39, 29.29, 29.36, 29.41, 29.22], "Power_Factor": [0.661, 0.664, 0.659, 0.665, 0.664, 0.663, 0.664, 0.663, 0.662, 0.67, 0.663, 0.662, 0.668, 0.66, 0.663, 0.663, 0.661, 0.665, 0.66, 0.662, 0.667, 0.659, 0.662, 0.663, 0.667, 0.666, 0.661, 0.664, 0.663, 0.655, 0.662, 0.66, 0.66, 0.663, 0.661, 0.661, 0.664, 0.661, 0.662, 0.666, 0.661, 0.664, 0.662, 0.661, 0.666], "Energy": [0.01, 0.02, 0.04, 0.05, 0.07, 0.08, 0.1, 0.11, 0.13, 0.14, 0.16, 0.17, 0.19, 0.2, 0.21, 0.23, 0.24, 0.26, 0.27, 0.29, 0.3, 0.32, 0.33, 0.35, 0.36, 0.38, 0.39, 0.4, 0.42, 0.43, 0.45, 0.46, 0.48, 0.49, 0.51, 0.52, 0.54, 0.55, 0.57, 0.58, 0.59, 0.61, 0.62, 0.64, 0.65], "Frequency": [49.39, 49.39, 49.39, 49.39, 49.39, 49.39, 49.39, 49.43, 49.43, 49.43, 49.44, 49.44, 49.44, 49.43, 49.43, 49.43, 49.41, 49.41, 49.41, 49.41, 49.41, 49.41, 49.4, 49.4, 49.4, 49.39, 49.39, 49.39, 49.39, 49.39, 49.39, 49.4, 49.4, 49.4, 49.4, 49.4, 49.4, 49.4, 49.4, 49.4, 49.39, 49.39, 49.39, 49.4, 49.4], "Temp_env": []}