{"Start_Time": [1755605390.7854922], "Time": [1755605392.7879739, 1755605394.790214, 1755605396.7923539, 1755605398.795078, 1755605400.7972744, 1755605402.7993422, 1755605404.80142, 1755605406.8040648, 1755605408.8064005, 1755605410.8091028, 1755605412.8115332, 1755605414.8142357, 1755605416.8164163, 1755605418.8184395, 1755605420.8213441, 1755605422.82339, 1755605424.8254588, 1755605426.827596, 1755605428.8302932, 1755605430.832499, 1755605432.834606, 1755605434.8373518, 1755605436.8396163, 1755605438.8417206, 1755605440.8444023, 1755605442.8465803, 1755605444.8486667, 1755605446.851567, 1755605448.8537598, 1755605450.8565025, 1755605452.8587635, 1755605454.861652, 1755605456.863693, 1755605458.8658195, 1755605460.8686047, 1755605462.8709092, 1755605464.873657, 1755605466.8766665, 1755605468.8788419, 1755605470.88671, 1755605472.8888323, 1755605474.8908935, 1755605476.8987684, 1755605478.9010086, 1755605480.9037228], "Voltage": [230.5, 230.39, 230.34, 230.55, 230.55, 230.29, 230.39, 230.66, 230.6, 230.6, 230.71, 230.86, 230.71, 230.6, 230.76, 230.86, 230.92, 230.76, 230.71, 230.76, 230.66, 230.71, 230.81, 230.92, 230.81, 230.66, 231.02, 230.92, 230.97, 231.07, 231.02, 231.02, 231.13, 231.13, 230.92, 230.81, 231.02, 231.02, 230.81, 231.02, 231.02, 230.92, 230.92, 231.07, 230.86], "Current": [0.17, 0.17, 0.17, 0.17, 0.17, 0.17, 0.17, 0.17, 0.17, 0.17, 0.17, 0.17, 0.17, 0.17, 0.17, 0.17, 0.17, 0.17, 0.17, 0.17, 0.17, 0.17, 0.17, 0.17, 0.17, 0.17, 0.17, 0.17, 0.17, 0.17, 0.17, 0.17, 0.17, 0.17, 0.17, 0.17, 0.17, 0.17, 0.17, 0.17, 0.17, 0.17, 0.17, 0.17, 0.17], "Real_Power": [26.33, 26.24, 26.06, 26.21, 26.09, 26.03, 26.25, 25.99, 26.25, 26.21, 26.14, 26.34, 26.17, 26.24, 26.29, 26.1, 26.13, 26.26, 26.11, 26.34, 26.13, 26.1, 26.29, 26.26, 26.19, 26.3, 26.0, 26.2, 26.19, 26.13, 26.29, 26.13, 26.19, 26.31, 26.08, 26.22, 26.16, 26.3, 26.02, 26.2, 26.27, 26.0, 26.26, 26.22, 26.12], "Apparent_Power": [39.18, 39.16, 39.15, 39.19, 39.19, 39.14, 39.16, 39.21, 39.2, 39.2, 39.22, 39.24, 39.22, 39.2, 39.22, 39.24, 39.25, 39.22, 39.22, 39.22, 39.21, 39.22, 39.23, 39.25, 39.23, 39.21, 39.27, 39.25, 39.26, 39.28, 39.27, 39.27, 39.29, 39.29, 39.25, 39.23, 39.27, 39.27, 39.23, 39.27, 39.27, 39.25, 39.25, 39.28, 39.24], "Apparent_Power_Reactive": [29.01, 29.06, 29.21, 29.13, 29.24, 29.22, 29.05, 29.35, 29.11, 29.14, 29.23, 29.08, 29.21, 29.12, 29.1, 29.3, 29.28, 29.13, 29.26, 29.05, 29.23, 29.27, 29.11, 29.17, 29.2, 29.08, 29.43, 29.22, 29.24, 29.32, 29.17, 29.31, 29.28, 29.18, 29.33, 29.18, 29.28, 29.16, 29.35, 29.25, 29.18, 29.4, 29.17, 29.24, 29.28], "Power_Factor": [0.672, 0.67, 0.665, 0.668, 0.665, 0.665, 0.67, 0.662, 0.669, 0.668, 0.666, 0.671, 0.667, 0.669, 0.67, 0.665, 0.665, 0.669, 0.665, 0.671, 0.666, 0.665, 0.67, 0.669, 0.667, 0.67, 0.662, 0.667, 0.667, 0.665, 0.669, 0.665, 0.666, 0.669, 0.664, 0.668, 0.666, 0.669, 0.663, 0.667, 0.668, 0.662, 0.669, 0.667, 0.665], "Energy": [0.01, 0.02, 0.04, 0.05, 0.07, 0.08, 0.1, 0.11, 0.13, 0.14, 0.16, 0.17, 0.19, 0.2, 0.22, 0.23, 0.25, 0.26, 0.27, 0.29, 0.3, 0.32, 0.33, 0.35, 0.36, 0.38, 0.39, 0.41, 0.42, 0.44, 0.45, 0.47, 0.48, 0.5, 0.51, 0.53, 0.54, 0.56, 0.57, 0.59, 0.6, 0.62, 0.63, 0.64, 0.66], "Frequency": [49.41, 49.4, 49.4, 49.4, 49.4, 49.4, 49.4, 49.41, 49.41, 49.41, 49.4, 49.4, 49.4, 49.39, 49.39, 49.39, 49.39, 49.39, 49.39, 49.39, 49.39, 49.39, 49.39, 49.39, 49.39, 49.39, 49.39, 49.39, 49.39, 49.39, 49.39, 49.41, 49.41, 49.41, 49.4, 49.4, 49.4, 49.4, 49.4, 49.4, 49.4, 49.4, 49.4, 49.4, 49.4], "Temp_env": []}