{"Start_Time": [1755479175.0888681], "Time": [1755479177.0909526, 1755479179.0934293, 1755479181.0957794, 1755479183.0984635, 1755479185.1009016, 1755479187.1034656, 1755479189.105751, 1755479191.1135716, 1755479193.1158624, 1755479195.1185977, 1755479197.1210742, 1755479199.1236122, 1755479201.1259189, 1755479203.1286073, 1755479205.1310782, 1755479207.1336896, 1755479209.141066, 1755479211.1437452, 1755479213.146052, 1755479215.1487787, 1755479217.1511023, 1755479219.1537857, 1755479221.155927, 1755479223.158042, 1755479225.1601865, 1755479227.1678717, 1755479229.1702018, 1755479231.1729195, 1755479233.1801863, 1755479235.182849, 1755479237.1852174, 1755479239.1879783, 1755479241.1902416, 1755479243.1929197, 1755479245.1952937, 1755479247.1980703, 1755479249.2003074, 1755479251.2080276, 1755479253.2103767, 1755479255.2130303, 1755479257.2203548, 1755479259.2224762, 1755479261.2252183, 1755479263.2273455, 1755479265.2294092], "Voltage": [229.97, 229.97, 230.08, 230.08, 230.13, 230.03, 230.03, 230.03, 230.08, 230.03, 230.13, 230.24, 230.13, 230.24, 230.08, 229.97, 229.92, 230.03, 230.08, 230.08, 230.03, 230.03, 230.08, 230.08, 230.08, 229.92, 230.03, 229.92, 230.03, 229.97, 229.87, 229.92, 229.97, 229.92, 229.87, 229.97, 229.97, 229.97, 230.03, 229.97, 229.87, 229.92, 229.97, 229.92, 229.92], "Current": [0.17, 0.17, 0.17, 0.17, 0.17, 0.17, 0.17, 0.17, 0.17, 0.17, 0.17, 0.17, 0.17, 0.17, 0.17, 0.17, 0.17, 0.17, 0.17, 0.17, 0.17, 0.17, 0.17, 0.17, 0.17, 0.17, 0.17, 0.17, 0.17, 0.17, 0.17, 0.17, 0.17, 0.17, 0.17, 0.17, 0.17, 0.17, 0.17, 0.17, 0.17, 0.17, 0.17, 0.17, 0.17], "Real_Power": [25.91, 26.12, 26.05, 25.91, 26.32, 26.01, 25.94, 26.22, 25.96, 26.17, 26.08, 25.93, 26.14, 25.94, 26.08, 26.11, 25.92, 26.26, 26.08, 25.97, 26.18, 25.89, 25.96, 26.12, 25.96, 26.08, 26.19, 25.91, 25.89, 26.12, 26.02, 25.88, 26.29, 25.93, 26.06, 26.17, 25.82, 26.2, 26.04, 25.9, 26.17, 26.14, 26.1, 26.03, 25.92], "Apparent_Power": [39.09, 39.09, 39.11, 39.11, 39.12, 39.1, 39.1, 39.1, 39.11, 39.1, 39.12, 39.14, 39.12, 39.14, 39.11, 39.09, 39.08, 39.1, 39.11, 39.11, 39.1, 39.1, 39.11, 39.11, 39.11, 39.08, 39.1, 39.08, 39.1, 39.09, 39.07, 39.08, 39.09, 39.08, 39.07, 39.09, 39.09, 39.09, 39.1, 39.09, 39.07, 39.08, 39.09, 39.08, 39.08], "Apparent_Power_Reactive": [29.26, 29.08, 29.17, 29.29, 28.94, 29.19, 29.25, 29.0, 29.25, 29.05, 29.15, 29.31, 29.1, 29.3, 29.14, 29.09, 29.24, 28.96, 29.14, 29.24, 29.04, 29.3, 29.25, 29.1, 29.25, 29.1, 29.03, 29.25, 29.3, 29.08, 29.14, 29.28, 28.92, 29.23, 29.1, 29.03, 29.34, 29.01, 29.16, 29.27, 29.01, 29.05, 29.1, 29.14, 29.24], "Power_Factor": [0.662, 0.668, 0.666, 0.662, 0.672, 0.665, 0.663, 0.67, 0.663, 0.669, 0.666, 0.662, 0.668, 0.662, 0.666, 0.667, 0.663, 0.671, 0.666, 0.664, 0.669, 0.662, 0.663, 0.667, 0.663, 0.667, 0.669, 0.662, 0.662, 0.668, 0.665, 0.662, 0.672, 0.663, 0.667, 0.669, 0.66, 0.67, 0.665, 0.662, 0.669, 0.668, 0.667, 0.666, 0.663], "Energy": [0.01, 0.02, 0.04, 0.05, 0.07, 0.08, 0.1, 0.11, 0.13, 0.14, 0.16, 0.17, 0.19, 0.2, 0.21, 0.23, 0.24, 0.26, 0.27, 0.29, 0.3, 0.32, 0.33, 0.35, 0.36, 0.38, 0.39, 0.41, 0.42, 0.44, 0.45, 0.47, 0.48, 0.49, 0.51, 0.52, 0.54, 0.55, 0.57, 0.58, 0.6, 0.61, 0.63, 0.64, 0.66], "Frequency": [49.38, 49.38, 49.38, 49.4, 49.4, 49.4, 49.39, 49.39, 49.39, 49.39, 49.39, 49.39, 49.4, 49.4, 49.4, 49.4, 49.4, 49.4, 49.4, 49.4, 49.4, 49.39, 49.39, 49.39, 49.39, 49.39, 49.39, 49.4, 49.4, 49.4, 49.39, 49.39, 49.39, 49.39, 49.39, 49.39, 49.39, 49.39, 49.39, 49.39, 49.39, 49.39, 49.4, 49.4, 49.4], "Temp_env": []}