{"Start_Time": [1755374787.349531], "Time": [1755374789.3517609, 1755374791.354393, 1755374793.3567493, 1755374795.358854, 1755374797.3615265, 1755374799.3639705, 1755374801.3665018, 1755374803.3688595, 1755374805.3708873, 1755374807.3737643, 1755374809.375939, 1755374811.3785822, 1755374813.3809917, 1755374815.3838, 1755374817.3858693, 1755374819.3880298, 1755374821.3907182, 1755374823.393086, 1755374825.3957605, 1755374827.3981144, 1755374829.400781, 1755374831.4031944, 1755374833.405784, 1755374835.4081006, 1755374837.4108222, 1755374839.413177, 1755374841.4158933, 1755374843.4183252, 1755374845.4209874, 1755374847.423363, 1755374849.426014, 1755374851.4284024, 1755374853.4309995, 1755374855.433332, 1755374857.4360163, 1755374859.438379, 1755374861.4405096, 1755374863.4431796, 1755374865.4454067, 1755374867.448134, 1755374869.4504805, 1755374871.4526188, 1755374873.4551694, 1755374875.457547, 1755374877.460187], "Voltage": [229.5, 229.45, 229.4, 229.45, 229.55, 229.5, 229.61, 229.5, 229.29, 229.35, 229.4, 229.4, 229.24, 229.35, 229.29, 229.29, 229.29, 229.24, 229.29, 229.4, 229.45, 229.5, 229.45, 229.4, 229.4, 229.4, 229.4, 229.35, 229.29, 229.45, 229.55, 229.5, 229.61, 229.45, 229.5, 229.45, 229.4, 229.45, 229.5, 229.61, 229.71, 229.5, 229.55, 229.45, 229.45], "Current": [0.17, 0.17, 0.17, 0.17, 0.17, 0.17, 0.17, 0.17, 0.17, 0.17, 0.17, 0.17, 0.17, 0.17, 0.17, 0.17, 0.17, 0.17, 0.17, 0.17, 0.17, 0.17, 0.17, 0.17, 0.17, 0.17, 0.17, 0.17, 0.17, 0.17, 0.17, 0.17, 0.17, 0.17, 0.17, 0.17, 0.17, 0.17, 0.17, 0.17, 0.17, 0.17, 0.17, 0.17, 0.17], "Real_Power": [26.13, 26.08, 26.03, 26.06, 25.93, 25.99, 26.16, 26.01, 25.97, 25.96, 25.92, 26.08, 25.94, 26.02, 26.18, 26.05, 26.03, 26.2, 26.01, 26.16, 26.11, 26.04, 26.04, 26.18, 26.11, 25.97, 26.2, 25.98, 26.07, 25.93, 26.01, 26.08, 26.15, 25.99, 26.03, 25.95, 26.14, 26.12, 26.11, 26.13, 26.03, 26.03, 25.98, 25.94, 26.14], "Apparent_Power": [39.01, 39.0, 38.99, 39.0, 39.02, 39.01, 39.03, 39.01, 38.97, 38.98, 38.99, 38.99, 38.97, 38.98, 38.97, 38.97, 38.97, 38.97, 38.97, 38.99, 39.0, 39.01, 39.0, 38.99, 38.99, 38.99, 38.99, 38.98, 38.97, 39.0, 39.02, 39.01, 39.03, 39.0, 39.01, 39.0, 38.99, 39.0, 39.01, 39.03, 39.05, 39.01, 39.02, 39.0, 39.0], "Apparent_Power_Reactive": [28.96, 28.99, 29.02, 29.01, 29.15, 29.09, 28.96, 29.07, 29.05, 29.07, 29.12, 28.98, 29.08, 29.02, 28.86, 28.98, 29.0, 28.84, 29.01, 28.91, 28.97, 29.04, 29.03, 28.89, 28.95, 29.08, 28.87, 29.05, 28.96, 29.13, 29.08, 29.01, 28.97, 29.07, 29.05, 29.11, 28.92, 28.96, 28.98, 28.99, 29.1, 29.05, 29.11, 29.12, 28.94], "Power_Factor": [0.669, 0.668, 0.667, 0.668, 0.664, 0.666, 0.67, 0.666, 0.666, 0.665, 0.664, 0.668, 0.665, 0.667, 0.671, 0.668, 0.667, 0.672, 0.667, 0.67, 0.669, 0.667, 0.667, 0.671, 0.669, 0.666, 0.671, 0.666, 0.668, 0.664, 0.666, 0.668, 0.669, 0.666, 0.667, 0.665, 0.67, 0.669, 0.669, 0.669, 0.666, 0.667, 0.665, 0.665, 0.67], "Energy": [0.01, 0.02, 0.04, 0.05, 0.07, 0.08, 0.1, 0.11, 0.13, 0.14, 0.16, 0.17, 0.19, 0.2, 0.21, 0.23, 0.24, 0.26, 0.27, 0.29, 0.3, 0.32, 0.33, 0.35, 0.36, 0.38, 0.39, 0.41, 0.42, 0.44, 0.45, 0.46, 0.48, 0.49, 0.51, 0.52, 0.54, 0.55, 0.57, 0.58, 0.6, 0.61, 0.63, 0.64, 0.66], "Frequency": [49.43, 49.43, 49.43, 49.43, 49.44, 49.44, 49.44, 49.43, 49.43, 49.43, 49.44, 49.44, 49.44, 49.43, 49.43, 49.43, 49.43, 49.43, 49.43, 49.44, 49.44, 49.44, 49.44, 49.44, 49.47, 49.47, 49.47, 49.47, 49.47, 49.47, 49.47, 49.47, 49.47, 49.47, 49.47, 49.47, 49.46, 49.46, 49.46, 49.48, 49.48, 49.48, 49.43, 49.43, 49.43], "Temp_env": []}