{"Start_Time": [1755135542.2273667], "Time": [1755135544.2297554, 1755135546.2323642, 1755135548.2577307, 1755135550.260441, 1755135552.2627864, 1755135554.2704213, 1755135556.2727995, 1755135558.2749178, 1755135560.2775984, 1755135562.2799134, 1755135564.2825918, 1755135566.2848446, 1755135568.2870224, 1755135570.2896655, 1755135572.2920156, 1755135574.294129, 1755135576.296643, 1755135578.299006, 1755135580.3016894, 1755135582.304113, 1755135584.306801, 1755135586.309133, 1755135588.3118398, 1755135590.3143215, 1755135592.316811, 1755135594.3191903, 1755135596.3268127, 1755135598.3292015, 1755135600.3312962, 1755135602.3341315, 1755135604.3369746, 1755135606.3393342, 1755135608.3420317, 1755135610.3444757, 1755135612.347017, 1755135614.3493032, 1755135616.3514476, 1755135618.3543117, 1755135620.3570805, 1755135622.3595285, 1755135624.3621454, 1755135626.3645978, 1755135628.3673127, 1755135630.3694704, 1755135632.3716223], "Voltage": [228.72, 228.72, 228.77, 228.72, 228.72, 228.77, 228.66, 228.61, 228.61, 228.66, 228.72, 228.66, 228.56, 228.66, 228.51, 228.66, 228.77, 228.66, 228.72, 228.72, 228.66, 228.72, 228.61, 228.56, 228.77, 228.72, 228.72, 228.66, 228.82, 228.77, 228.72, 228.61, 228.77, 228.77, 228.61, 228.87, 228.82, 228.77, 228.87, 228.77, 228.66, 228.66, 228.72, 228.77, 228.72], "Current": [0.17, 0.17, 0.17, 0.17, 0.17, 0.17, 0.17, 0.17, 0.17, 0.17, 0.17, 0.17, 0.17, 0.17, 0.17, 0.17, 0.17, 0.17, 0.17, 0.17, 0.17, 0.17, 0.17, 0.17, 0.17, 0.17, 0.17, 0.17, 0.17, 0.17, 0.17, 0.17, 0.17, 0.17, 0.17, 0.17, 0.17, 0.17, 0.17, 0.17, 0.17, 0.17, 0.17, 0.17, 0.17], "Real_Power": [25.55, 25.61, 25.65, 25.52, 25.67, 25.67, 25.5, 25.64, 25.66, 25.58, 25.59, 25.59, 25.57, 25.51, 25.61, 25.56, 25.45, 25.88, 25.6, 25.41, 25.79, 25.53, 25.5, 25.76, 25.52, 25.64, 25.78, 25.43, 25.55, 25.63, 25.49, 25.45, 25.72, 25.67, 25.63, 25.7, 25.49, 25.5, 25.68, 25.63, 25.74, 25.47, 25.64, 25.73, 25.5], "Apparent_Power": [38.88, 38.88, 38.89, 38.88, 38.88, 38.89, 38.87, 38.86, 38.86, 38.87, 38.88, 38.87, 38.85, 38.87, 38.84, 38.87, 38.89, 38.87, 38.88, 38.88, 38.87, 38.88, 38.86, 38.85, 38.89, 38.88, 38.88, 38.87, 38.89, 38.89, 38.88, 38.86, 38.89, 38.89, 38.86, 38.9, 38.89, 38.89, 38.9, 38.89, 38.87, 38.87, 38.88, 38.89, 38.88], "Apparent_Power_Reactive": [29.3, 29.25, 29.23, 29.33, 29.2, 29.21, 29.33, 29.2, 29.18, 29.26, 29.27, 29.25, 29.24, 29.32, 29.2, 29.28, 29.4, 29.0, 29.26, 29.42, 29.08, 29.32, 29.32, 29.08, 29.34, 29.22, 29.1, 29.39, 29.31, 29.24, 29.35, 29.36, 29.17, 29.21, 29.2, 29.2, 29.37, 29.36, 29.21, 29.24, 29.12, 29.36, 29.22, 29.16, 29.34], "Power_Factor": [0.657, 0.658, 0.659, 0.656, 0.66, 0.66, 0.656, 0.659, 0.66, 0.658, 0.658, 0.658, 0.658, 0.656, 0.659, 0.657, 0.654, 0.665, 0.658, 0.653, 0.663, 0.656, 0.656, 0.663, 0.656, 0.659, 0.663, 0.654, 0.656, 0.659, 0.655, 0.654, 0.661, 0.66, 0.659, 0.66, 0.655, 0.655, 0.66, 0.659, 0.662, 0.655, 0.659, 0.661, 0.655], "Energy": [0.01, 0.02, 0.04, 0.05, 0.07, 0.08, 0.1, 0.11, 0.12, 0.14, 0.15, 0.17, 0.18, 0.2, 0.21, 0.23, 0.24, 0.25, 0.27, 0.28, 0.3, 0.31, 0.33, 0.34, 0.36, 0.37, 0.38, 0.4, 0.41, 0.43, 0.44, 0.46, 0.47, 0.48, 0.5, 0.51, 0.53, 0.54, 0.56, 0.57, 0.59, 0.6, 0.62, 0.63, 0.64], "Frequency": [49.42, 49.42, 49.43, 49.43, 49.43, 49.42, 49.42, 49.42, 49.42, 49.42, 49.42, 49.4, 49.4, 49.4, 49.43, 49.43, 49.43, 49.41, 49.41, 49.41, 49.43, 49.43, 49.43, 49.42, 49.42, 49.42, 49.42, 49.42, 49.42, 49.42, 49.42, 49.42, 49.43, 49.43, 49.43, 49.41, 49.41, 49.41, 49.41, 49.41, 49.41, 49.43, 49.43, 49.43, 49.41], "Temp_env": []}