{"Start_Time": [1755634290.5346544], "Time": [1755634292.5368397, 1755634294.539095, 1755634296.5415697, 1755634298.543895, 1755634300.546593, 1755634302.548995, 1755634304.5516975, 1755634306.5540519, 1755634308.5567317, 1755634310.5592513, 1755634312.5616772, 1755634314.564071, 1755634316.56682, 1755634318.5693552, 1755634320.5718226, 1755634322.5741653, 1755634324.576873, 1755634326.5793512, 1755634328.5818973, 1755634330.5842307, 1755634332.586972, 1755634334.589442, 1755634336.5919986, 1755634338.5943704, 1755634340.5970728, 1755634342.5995219, 1755634344.602222, 1755634346.604354, 1755634348.6064155, 1755634350.6093588, 1755634352.6121173, 1755634354.6144252, 1755634356.6164875, 1755634358.6194115, 1755634360.6215143, 1755634362.6236644, 1755634364.6263165, 1755634366.6286104, 1755634368.63138, 1755634370.6337101, 1755634372.6363976, 1755634374.6387439, 1755634376.6414435, 1755634378.6437788, 1755634380.646419], "Voltage": [226.78, 226.88, 226.93, 226.93, 226.99, 226.93, 226.93, 227.04, 226.99, 227.04, 226.99, 227.04, 226.88, 226.88, 226.83, 226.83, 226.93, 226.93, 226.73, 226.93, 226.83, 226.93, 226.93, 226.88, 226.78, 226.83, 226.93, 226.93, 226.83, 226.83, 226.67, 226.78, 226.93, 226.99, 226.88, 226.83, 226.93, 226.99, 227.09, 226.88, 227.04, 226.83, 226.99, 226.88, 226.78], "Current": [0.17, 0.17, 0.17, 0.17, 0.17, 0.17, 0.17, 0.17, 0.17, 0.17, 0.17, 0.17, 0.17, 0.17, 0.17, 0.17, 0.17, 0.17, 0.17, 0.17, 0.17, 0.17, 0.17, 0.18, 0.18, 0.17, 0.18, 0.17, 0.17, 0.17, 0.17, 0.17, 0.17, 0.17, 0.18, 0.17, 0.17, 0.17, 0.17, 0.17, 0.17, 0.17, 0.17, 0.17, 0.17], "Real_Power": [26.03, 25.86, 26.08, 25.99, 25.97, 26.08, 26.05, 26.01, 26.04, 26.02, 26.12, 26.02, 26.0, 26.15, 26.0, 26.04, 26.12, 25.9, 26.15, 26.03, 26.02, 26.18, 25.86, 26.15, 26.08, 25.89, 26.19, 26.03, 26.06, 26.08, 25.94, 26.1, 25.99, 25.92, 26.17, 25.89, 26.17, 26.1, 25.9, 26.12, 26.03, 26.03, 26.23, 26.17, 26.11], "Apparent_Power": [38.55, 38.56, 38.57, 38.57, 38.58, 38.57, 38.57, 38.59, 38.58, 38.59, 38.58, 38.59, 38.56, 38.56, 38.56, 38.56, 38.57, 38.57, 38.54, 38.57, 38.56, 38.57, 38.57, 40.83, 40.82, 38.56, 40.84, 38.57, 38.56, 38.56, 38.53, 38.55, 38.57, 38.58, 40.83, 38.56, 38.57, 38.58, 38.6, 38.56, 38.59, 38.56, 38.58, 38.56, 38.55], "Apparent_Power_Reactive": [28.43, 28.6, 28.41, 28.49, 28.53, 28.41, 28.44, 28.5, 28.46, 28.49, 28.39, 28.49, 28.47, 28.33, 28.47, 28.43, 28.37, 28.58, 28.31, 28.46, 28.45, 28.32, 28.61, 31.35, 31.4, 28.57, 31.33, 28.46, 28.42, 28.4, 28.48, 28.37, 28.49, 28.57, 31.34, 28.57, 28.33, 28.41, 28.62, 28.36, 28.48, 28.44, 28.29, 28.31, 28.36], "Power_Factor": [0.675, 0.67, 0.676, 0.673, 0.673, 0.676, 0.675, 0.674, 0.674, 0.674, 0.677, 0.674, 0.674, 0.678, 0.674, 0.675, 0.677, 0.671, 0.678, 0.674, 0.674, 0.678, 0.67, 0.64, 0.638, 0.671, 0.641, 0.674, 0.675, 0.676, 0.673, 0.677, 0.673, 0.671, 0.64, 0.671, 0.678, 0.676, 0.67, 0.677, 0.674, 0.675, 0.679, 0.678, 0.677], "Energy": [0.01, 0.02, 0.04, 0.05, 0.07, 0.08, 0.1, 0.11, 0.13, 0.14, 0.16, 0.17, 0.19, 0.2, 0.21, 0.23, 0.24, 0.26, 0.27, 0.29, 0.3, 0.32, 0.33, 0.35, 0.36, 0.38, 0.39, 0.4, 0.42, 0.43, 0.45, 0.46, 0.48, 0.49, 0.51, 0.52, 0.54, 0.55, 0.57, 0.58, 0.6, 0.61, 0.62, 0.64, 0.65], "Frequency": [49.42, 49.42, 49.42, 49.43, 49.43, 49.43, 49.42, 49.42, 49.42, 49.43, 49.43, 49.43, 49.44, 49.44, 49.44, 49.43, 49.43, 49.43, 49.43, 49.43, 49.43, 49.42, 49.42, 49.42, 49.43, 49.43, 49.43, 49.43, 49.43, 49.43, 49.41, 49.41, 49.41, 49.42, 49.42, 49.42, 49.42, 49.42, 49.42, 49.43, 49.43, 49.43, 49.43, 49.43, 49.43], "Temp_env": []}