{"Start_Time": [1755132576.8989046], "Time": [1755132578.901264, 1755132580.9035418, 1755132582.9063609, 1755132584.9141932, 1755132586.9166107, 1755132588.918552, 1755132590.9205003, 1755132592.9224713, 1755132594.9245248, 1755132596.9323618, 1755132598.934663, 1755132600.9367642, 1755132602.9444463, 1755132604.9467416, 1755132606.9487498, 1755132608.956613, 1755132610.958775, 1755132612.9614892, 1755132614.965707, 1755132616.967675, 1755132618.9697282, 1755132620.9716969, 1755132622.973763, 1755132624.9758823, 1755132626.9786456, 1755132628.980947, 1755132630.9836867, 1755132632.985944, 1755132634.988604, 1755132636.9909432, 1755132638.9936264, 1755132640.9959342, 1755132642.998628, 1755132645.0010192, 1755132647.0037222, 1755132649.0060987, 1755132651.0087705, 1755132653.0111287, 1755132655.013812, 1755132657.0161965, 1755132659.0187654, 1755132661.02111, 1755132663.0238304, 1755132665.0261734, 1755132667.0288725], "Voltage": [228.87, 228.72, 228.98, 228.82, 228.82, 228.87, 228.93, 228.61, 228.72, 228.77, 228.77, 228.66, 228.66, 228.87, 228.72, 228.56, 228.66, 228.66, 228.77, 228.82, 228.66, 228.66, 228.61, 228.66, 228.61, 228.72, 228.72, 228.77, 228.77, 228.72, 228.72, 228.82, 228.82, 228.93, 228.87, 228.82, 228.77, 228.87, 228.93, 228.98, 228.87, 228.93, 228.93, 228.93, 228.87], "Current": [0.17, 0.17, 0.17, 0.17, 0.17, 0.17, 0.17, 0.17, 0.17, 0.17, 0.17, 0.17, 0.17, 0.17, 0.17, 0.17, 0.17, 0.17, 0.17, 0.17, 0.17, 0.17, 0.17, 0.17, 0.17, 0.17, 0.17, 0.17, 0.17, 0.17, 0.17, 0.17, 0.17, 0.17, 0.17, 0.17, 0.17, 0.17, 0.17, 0.17, 0.17, 0.17, 0.17, 0.17, 0.17], "Real_Power": [25.66, 25.71, 25.79, 25.62, 25.65, 25.71, 25.54, 25.71, 25.65, 25.58, 25.73, 25.66, 25.64, 25.77, 25.51, 25.63, 25.71, 25.62, 25.5, 25.68, 25.83, 25.48, 25.8, 25.7, 25.55, 25.52, 25.73, 25.63, 25.62, 25.75, 25.61, 25.55, 25.68, 25.69, 25.66, 25.77, 25.61, 25.55, 25.95, 25.37, 25.66, 25.95, 25.42, 25.65, 25.69], "Apparent_Power": [38.9, 38.88, 38.92, 38.89, 38.89, 38.9, 38.91, 38.86, 38.88, 38.89, 38.89, 38.87, 38.87, 38.9, 38.88, 38.85, 38.87, 38.87, 38.89, 38.89, 38.87, 38.87, 38.86, 38.87, 38.86, 38.88, 38.88, 38.89, 38.89, 38.88, 38.88, 38.89, 38.89, 38.91, 38.9, 38.89, 38.89, 38.9, 38.91, 38.92, 38.9, 38.91, 38.91, 38.91, 38.9], "Apparent_Power_Reactive": [29.23, 29.16, 29.14, 29.25, 29.23, 29.19, 29.35, 29.13, 29.21, 29.29, 29.16, 29.19, 29.21, 29.13, 29.34, 29.19, 29.15, 29.23, 29.36, 29.2, 29.04, 29.35, 29.05, 29.16, 29.27, 29.33, 29.14, 29.24, 29.25, 29.13, 29.25, 29.31, 29.2, 29.22, 29.23, 29.12, 29.26, 29.33, 28.99, 29.51, 29.23, 28.99, 29.45, 29.25, 29.21], "Power_Factor": [0.659, 0.661, 0.662, 0.658, 0.659, 0.66, 0.656, 0.661, 0.659, 0.657, 0.661, 0.66, 0.659, 0.662, 0.656, 0.659, 0.661, 0.659, 0.655, 0.66, 0.664, 0.655, 0.663, 0.661, 0.657, 0.656, 0.661, 0.659, 0.658, 0.662, 0.658, 0.656, 0.66, 0.66, 0.659, 0.662, 0.658, 0.656, 0.666, 0.651, 0.659, 0.666, 0.653, 0.659, 0.66], "Energy": [0.01, 0.02, 0.04, 0.05, 0.07, 0.08, 0.1, 0.11, 0.12, 0.14, 0.15, 0.17, 0.18, 0.2, 0.21, 0.23, 0.24, 0.25, 0.27, 0.28, 0.3, 0.31, 0.33, 0.34, 0.36, 0.37, 0.39, 0.4, 0.41, 0.43, 0.44, 0.46, 0.47, 0.49, 0.5, 0.52, 0.53, 0.54, 0.56, 0.57, 0.59, 0.6, 0.62, 0.63, 0.65], "Frequency": [49.4, 49.4, 49.39, 49.39, 49.39, 49.39, 49.39, 49.39, 49.4, 49.4, 49.4, 49.41, 49.41, 49.41, 49.42, 49.42, 49.42, 49.4, 49.4, 49.4, 49.4, 49.4, 49.4, 49.4, 49.4, 49.4, 49.4, 49.4, 49.4, 49.41, 49.41, 49.41, 49.41, 49.41, 49.41, 49.42, 49.42, 49.42, 49.42, 49.42, 49.42, 49.43, 49.43, 49.43, 49.43], "Temp_env": []}