{"Start_Time": [1755501727.9863389], "Time": [1755501729.988805, 1755501731.9916062, 1755501733.9938507, 1755501736.001678, 1755501738.0044878, 1755501740.0068014, 1755501742.0146418, 1755501744.0169454, 1755501746.019627, 1755501748.0221438, 1755501750.0246615, 1755501752.0269904, 1755501754.0346684, 1755501756.0369687, 1755501758.039746, 1755501760.0477018, 1755501762.0500317, 1755501764.0521677, 1755501766.0548637, 1755501768.0570078, 1755501770.059096, 1755501772.066933, 1755501774.0690813, 1755501776.072091, 1755501778.0799263, 1755501780.0823433, 1755501782.0848808, 1755501784.092364, 1755501786.09507, 1755501788.0971856, 1755501790.0993052, 1755501792.1021965, 1755501794.1050043, 1755501796.1125448, 1755501798.1150682, 1755501800.11738, 1755501802.125249, 1755501804.1281118, 1755501806.1304486, 1755501808.1326208, 1755501810.1353283, 1755501812.1381867, 1755501814.1405191, 1755501816.1426775, 1755501818.1454005], "Voltage": [228.82, 228.93, 228.77, 228.82, 228.66, 228.72, 228.66, 228.72, 228.87, 228.72, 229.35, 229.4, 230.34, 230.13, 230.24, 230.6, 230.5, 230.55, 230.45, 230.24, 230.39, 230.55, 230.5, 230.5, 230.18, 230.24, 230.24, 230.34, 230.29, 230.34, 230.45, 230.45, 230.5, 230.34, 230.45, 230.5, 230.6, 230.5, 230.45, 230.45, 230.45, 230.6, 230.45, 230.45, 230.55], "Current": [0.17, 0.17, 0.17, 0.17, 0.17, 0.17, 0.17, 0.17, 0.17, 0.17, 0.17, 0.17, 0.17, 0.17, 0.17, 0.17, 0.17, 0.17, 0.17, 0.17, 0.17, 0.17, 0.17, 0.17, 0.17, 0.17, 0.17, 0.17, 0.17, 0.17, 0.17, 0.17, 0.17, 0.17, 0.17, 0.17, 0.17, 0.17, 0.17, 0.17, 0.17, 0.17, 0.17, 0.17, 0.17], "Real_Power": [26.31, 26.34, 26.33, 26.26, 26.19, 26.3, 26.22, 26.25, 26.24, 26.1, 26.24, 26.31, 26.07, 26.34, 26.2, 26.26, 26.39, 26.12, 26.3, 26.24, 25.99, 26.29, 26.26, 26.18, 26.39, 26.2, 26.33, 26.24, 26.05, 26.3, 26.36, 26.21, 26.37, 26.19, 26.19, 26.34, 26.16, 26.34, 26.26, 26.34, 26.33, 26.17, 26.27, 26.35, 26.12], "Apparent_Power": [38.89, 38.91, 38.89, 38.89, 38.87, 38.88, 38.87, 38.88, 38.9, 38.88, 38.98, 38.99, 39.15, 39.12, 39.14, 39.2, 39.18, 39.19, 39.17, 39.14, 39.16, 39.19, 39.18, 39.18, 39.13, 39.14, 39.14, 39.15, 39.14, 39.15, 39.17, 39.17, 39.18, 39.15, 39.17, 39.18, 39.2, 39.18, 39.17, 39.17, 39.17, 39.2, 39.17, 39.17, 39.19], "Apparent_Power_Reactive": [28.63, 28.63, 28.62, 28.68, 28.72, 28.63, 28.69, 28.68, 28.71, 28.81, 28.82, 28.77, 29.2, 28.92, 29.07, 29.1, 28.95, 29.21, 29.02, 29.04, 29.29, 29.06, 29.07, 29.14, 28.89, 29.07, 28.95, 29.05, 29.21, 29.0, 28.97, 29.1, 28.97, 29.09, 29.12, 29.0, 29.19, 29.0, 29.06, 28.99, 29.0, 29.18, 29.05, 28.98, 29.21], "Power_Factor": [0.676, 0.676, 0.677, 0.675, 0.673, 0.676, 0.674, 0.675, 0.674, 0.671, 0.673, 0.674, 0.665, 0.673, 0.669, 0.669, 0.673, 0.666, 0.671, 0.67, 0.663, 0.67, 0.67, 0.668, 0.674, 0.669, 0.672, 0.67, 0.665, 0.671, 0.672, 0.669, 0.673, 0.668, 0.668, 0.672, 0.667, 0.672, 0.67, 0.672, 0.672, 0.667, 0.67, 0.672, 0.666], "Energy": [0.01, 0.02, 0.04, 0.05, 0.07, 0.08, 0.1, 0.11, 0.13, 0.14, 0.16, 0.17, 0.19, 0.2, 0.22, 0.23, 0.25, 0.26, 0.28, 0.29, 0.3, 0.32, 0.33, 0.35, 0.36, 0.38, 0.39, 0.41, 0.42, 0.44, 0.45, 0.47, 0.48, 0.5, 0.51, 0.53, 0.54, 0.56, 0.57, 0.59, 0.6, 0.62, 0.63, 0.64, 0.66], "Frequency": [49.4, 49.39, 49.39, 49.39, 49.39, 49.39, 49.39, 49.39, 49.39, 49.39, 49.4, 49.4, 49.4, 49.37, 49.37, 49.37, 49.38, 49.38, 49.38, 49.39, 49.39, 49.39, 49.38, 49.38, 49.38, 49.39, 49.39, 49.39, 49.38, 49.38, 49.38, 49.36, 49.36, 49.36, 49.39, 49.39, 49.39, 49.39, 49.39, 49.39, 49.38, 49.38, 49.38, 49.39, 49.39], "Temp_env": []}