{"Start_Time": [1755374043.1501346], "Time": [1755374045.1524282, 1755374047.154715, 1755374049.156692, 1755374051.158746, 1755374053.1613965, 1755374055.1637979, 1755374057.1714387, 1755374059.173753, 1755374061.1757421, 1755374063.178006, 1755374065.180542, 1755374067.182837, 1755374069.1855261, 1755374071.187986, 1755374073.1905246, 1755374075.192842, 1755374077.1950054, 1755374079.1977646, 1755374081.2055867, 1755374083.2079844, 1755374085.2107618, 1755374087.2129357, 1755374089.2149749, 1755374091.217905, 1755374093.2199857, 1755374095.2220411, 1755374097.2247612, 1755374099.2320232, 1755374101.2347436, 1755374103.2370455, 1755374105.2391067, 1755374107.2418063, 1755374109.24398, 1755374111.2460027, 1755374113.2482536, 1755374115.250889, 1755374117.253093, 1755374119.2552242, 1755374121.257966, 1755374123.2600317, 1755374125.2680266, 1755374127.2701354, 1755374129.2722957, 1755374131.2749743, 1755374133.2771008], "Voltage": [228.77, 228.82, 228.93, 228.77, 228.87, 228.77, 228.77, 228.87, 228.87, 228.87, 228.72, 228.82, 228.87, 228.72, 228.82, 228.72, 228.93, 228.98, 228.93, 228.98, 229.03, 229.14, 229.08, 229.08, 229.08, 229.08, 229.19, 229.24, 229.08, 229.19, 229.08, 229.14, 229.14, 229.08, 228.98, 228.93, 229.19, 229.08, 229.19, 229.19, 229.03, 229.19, 229.14, 229.03, 229.14], "Current": [0.17, 0.17, 0.17, 0.17, 0.17, 0.17, 0.17, 0.17, 0.17, 0.17, 0.17, 0.17, 0.17, 0.17, 0.17, 0.17, 0.17, 0.17, 0.17, 0.17, 0.17, 0.17, 0.17, 0.17, 0.17, 0.17, 0.17, 0.17, 0.17, 0.17, 0.17, 0.17, 0.17, 0.17, 0.17, 0.17, 0.17, 0.17, 0.17, 0.17, 0.17, 0.17, 0.17, 0.17, 0.17], "Real_Power": [26.13, 26.07, 26.01, 26.02, 26.14, 26.02, 26.06, 26.02, 26.0, 26.11, 26.14, 25.95, 26.19, 26.1, 26.09, 26.14, 26.08, 26.14, 25.96, 26.23, 26.03, 26.05, 26.12, 25.96, 26.1, 25.99, 26.01, 26.07, 26.06, 26.1, 26.1, 26.01, 26.14, 26.01, 26.08, 26.03, 25.99, 26.12, 26.11, 25.98, 26.24, 26.07, 25.98, 26.04, 26.01], "Apparent_Power": [38.89, 38.89, 38.91, 38.89, 38.9, 38.89, 38.89, 38.9, 38.9, 38.9, 38.88, 38.89, 38.9, 38.88, 38.89, 38.88, 38.91, 38.92, 38.91, 38.92, 38.93, 38.95, 38.94, 38.94, 38.94, 38.94, 38.96, 38.97, 38.94, 38.96, 38.94, 38.95, 38.95, 38.94, 38.92, 38.91, 38.96, 38.94, 38.96, 38.96, 38.93, 38.96, 38.95, 38.93, 38.95], "Apparent_Power_Reactive": [28.8, 28.85, 28.93, 28.9, 28.8, 28.9, 28.86, 28.91, 28.93, 28.83, 28.78, 28.96, 28.76, 28.81, 28.83, 28.78, 28.87, 28.83, 28.98, 28.75, 28.94, 28.95, 28.88, 29.02, 28.89, 28.99, 29.0, 28.96, 28.93, 28.92, 28.89, 28.99, 28.87, 28.97, 28.88, 28.92, 29.02, 28.88, 28.91, 29.03, 28.75, 28.95, 29.01, 28.93, 28.99], "Power_Factor": [0.671, 0.67, 0.668, 0.669, 0.671, 0.669, 0.67, 0.668, 0.668, 0.671, 0.672, 0.667, 0.673, 0.671, 0.67, 0.672, 0.67, 0.671, 0.667, 0.673, 0.668, 0.668, 0.67, 0.666, 0.67, 0.667, 0.667, 0.668, 0.669, 0.669, 0.67, 0.667, 0.671, 0.667, 0.67, 0.668, 0.667, 0.67, 0.67, 0.666, 0.674, 0.669, 0.667, 0.668, 0.667], "Energy": [0.01, 0.02, 0.04, 0.06, 0.07, 0.08, 0.1, 0.11, 0.13, 0.14, 0.16, 0.17, 0.19, 0.2, 0.22, 0.23, 0.25, 0.26, 0.27, 0.29, 0.3, 0.32, 0.33, 0.35, 0.36, 0.38, 0.39, 0.41, 0.42, 0.44, 0.45, 0.46, 0.48, 0.49, 0.51, 0.52, 0.54, 0.55, 0.57, 0.58, 0.6, 0.61, 0.63, 0.64, 0.66], "Frequency": [49.45, 49.45, 49.45, 49.45, 49.44, 49.44, 49.44, 49.44, 49.44, 49.44, 49.45, 49.45, 49.45, 49.45, 49.45, 49.45, 49.44, 49.44, 49.44, 49.45, 49.45, 49.45, 49.45, 49.45, 49.45, 49.44, 49.44, 49.44, 49.43, 49.43, 49.43, 49.43, 49.43, 49.43, 49.43, 49.43, 49.43, 49.44, 49.44, 49.44, 49.43, 49.43, 49.43, 49.44, 49.44], "Temp_env": []}