{"Start_Time": [1758119227.420445], "Time": [1758119229.4225748, 1758119231.425259, 1758119233.4274013, 1758119235.429547, 1758119237.4322708, 1758119239.434622, 1758119241.437321, 1758119243.4395683, 1758119245.4423668, 1758119247.4447148, 1758119249.4474323, 1758119251.4497566, 1758119253.4524603, 1758119255.4546592, 1758119257.456775, 1758119259.4589522, 1758119261.4614723, 1758119263.4638233, 1758119265.466598, 1758119267.4690263, 1758119269.4715445, 1758119271.4739304, 1758119273.4766862, 1758119275.4790666, 1758119277.4816413, 1758119279.4839396, 1758119281.4866588, 1758119283.4891784, 1758119285.4917088, 1758119287.4940224, 1758119289.4967499, 1758119291.4991915, 1758119293.5019383, 1758119295.504793, 1758119297.5071988, 1758119299.5098832, 1758119301.5122185, 1758119303.5148973, 1758119305.5172403, 1758119307.5202181, 1758119309.5231352, 1758119311.5259895, 1758119313.528357, 1758119315.5310922, 1758119317.5344508], "Voltage": [228.87, 228.82, 228.77, 228.77, 228.77, 228.66, 228.66, 228.82, 228.61, 228.77, 228.87, 228.72, 228.72, 228.82, 228.87, 228.93, 228.66, 228.61, 228.66, 229.66, 229.71, 229.45, 229.82, 229.55, 229.19, 229.5, 229.5, 229.29, 229.5, 229.29, 229.29, 229.4, 229.35, 228.98, 228.98, 229.24, 229.19, 229.4, 229.35, 229.29, 229.29, 229.03, 229.19, 228.77, 229.29], "Current": [0.18, 0.17, 0.17, 0.17, 0.18, 0.17, 0.17, 0.18, 0.17, 0.17, 0.17, 0.17, 0.17, 0.18, 0.17, 0.18, 0.17, 0.17, 0.17, 0.17, 0.17, 0.17, 0.17, 0.17, 0.17, 0.17, 0.17, 0.17, 0.17, 0.17, 0.17, 0.17, 0.17, 0.17, 0.17, 0.17, 0.17, 0.17, 0.17, 0.17, 0.17, 0.17, 0.18, 0.17, 0.17], "Real_Power": [26.56, 26.45, 26.41, 26.35, 26.54, 26.41, 26.35, 26.6, 26.48, 26.32, 26.44, 26.36, 26.54, 26.55, 26.35, 26.49, 26.41, 26.3, 26.39, 26.36, 26.49, 26.45, 26.37, 26.5, 26.33, 26.36, 26.35, 26.4, 26.53, 26.44, 26.31, 26.47, 26.4, 26.34, 26.39, 26.42, 26.38, 26.36, 26.45, 26.38, 26.45, 26.34, 26.62, 26.42, 26.44], "Apparent_Power": [41.19, 38.89, 38.89, 38.89, 41.17, 38.87, 38.87, 41.18, 38.86, 38.89, 38.9, 38.88, 38.88, 41.18, 38.9, 41.2, 38.87, 38.86, 38.87, 39.04, 39.05, 39.0, 39.06, 39.02, 38.96, 39.01, 39.01, 38.97, 39.01, 38.97, 38.97, 38.99, 38.98, 38.92, 38.92, 38.97, 38.96, 38.99, 38.98, 38.97, 38.97, 38.93, 41.25, 38.89, 38.97], "Apparent_Power_Reactive": [31.48, 28.51, 28.54, 28.6, 31.47, 28.51, 28.57, 31.43, 28.44, 28.63, 28.53, 28.57, 28.41, 31.47, 28.61, 31.55, 28.51, 28.6, 28.53, 28.79, 28.69, 28.66, 28.81, 28.64, 28.71, 28.75, 28.76, 28.66, 28.59, 28.62, 28.74, 28.62, 28.67, 28.65, 28.6, 28.64, 28.67, 28.72, 28.63, 28.68, 28.61, 28.66, 31.51, 28.53, 28.62], "Power_Factor": [0.644, 0.68, 0.679, 0.677, 0.644, 0.679, 0.677, 0.645, 0.681, 0.676, 0.679, 0.677, 0.682, 0.644, 0.677, 0.642, 0.679, 0.676, 0.678, 0.675, 0.678, 0.678, 0.675, 0.679, 0.675, 0.675, 0.675, 0.677, 0.68, 0.678, 0.675, 0.678, 0.677, 0.676, 0.678, 0.677, 0.677, 0.676, 0.678, 0.676, 0.678, 0.676, 0.645, 0.679, 0.678], "Energy": [0.01, 0.02, 0.04, 0.05, 0.07, 0.08, 0.1, 0.11, 0.13, 0.14, 0.16, 0.17, 0.19, 0.2, 0.22, 0.23, 0.25, 0.26, 0.28, 0.29, 0.31, 0.32, 0.34, 0.35, 0.37, 0.38, 0.4, 0.41, 0.43, 0.44, 0.46, 0.47, 0.49, 0.5, 0.52, 0.53, 0.55, 0.56, 0.57, 0.59, 0.6, 0.62, 0.63, 0.65, 0.66], "Frequency": [49.39, 49.39, 49.38, 49.38, 49.38, 49.39, 49.39, 49.39, 49.39, 49.39, 49.39, 49.39, 49.39, 49.39, 49.38, 49.38, 49.38, 49.38, 49.38, 49.38, 49.38, 49.38, 49.38, 49.39, 49.39, 49.39, 49.39, 49.39, 49.39, 49.39, 49.39, 49.39, 49.39, 49.39, 49.39, 49.38, 49.38, 49.38, 49.39, 49.39, 49.39, 49.39, 49.39, 49.39, 49.39], "Temp_env": []}