{"Start_Time": [1758115138.6071746], "Time": [1758115140.6092448, 1758115142.61195, 1758115144.614156, 1758115146.6161633, 1758115148.6181223, 1758115150.6202724, 1758115152.6231334, 1758115154.6252031, 1758115156.6273675, 1758115158.6300716, 1758115160.6325274, 1758115162.6352448, 1758115164.638122, 1758115166.6404827, 1758115168.6433482, 1758115170.646204, 1758115172.64856, 1758115174.6564121, 1758115176.6592712, 1758115178.6616259, 1758115180.6639612, 1758115182.6664624, 1758115184.6686454, 1758115186.671491, 1758115188.6739137, 1758115190.6764266, 1758115192.6787715, 1758115194.6815243, 1758115196.683956, 1758115198.6866338, 1758115200.6890097, 1758115202.6916976, 1758115204.6940768, 1758115206.6967916, 1758115208.699735, 1758115210.7021093, 1758115212.7047262, 1758115214.7071354, 1758115216.7098322, 1758115218.7121873, 1758115220.714881, 1758115222.717191, 1758115224.7199278, 1758115226.722277, 1758115228.7304683], "Voltage": [225.99, 226.1, 225.83, 225.89, 225.78, 226.04, 225.68, 225.62, 225.78, 225.99, 225.68, 225.36, 225.83, 225.99, 225.89, 225.83, 225.83, 225.57, 225.78, 225.83, 225.83, 225.83, 225.89, 225.73, 225.89, 225.99, 225.73, 225.94, 225.83, 225.94, 225.94, 225.89, 225.83, 225.94, 226.04, 225.73, 225.78, 225.73, 225.94, 225.73, 225.68, 225.78, 225.89, 225.68, 225.62], "Current": [0.18, 0.18, 0.18, 0.18, 0.18, 0.18, 0.18, 0.18, 0.18, 0.18, 0.18, 0.18, 0.18, 0.18, 0.18, 0.18, 0.18, 0.18, 0.18, 0.18, 0.18, 0.18, 0.18, 0.18, 0.17, 0.17, 0.18, 0.17, 0.18, 0.18, 0.17, 0.18, 0.18, 0.17, 0.18, 0.18, 0.17, 0.18, 0.18, 0.18, 0.18, 0.18, 0.18, 0.18, 0.18], "Real_Power": [26.23, 26.2, 26.24, 26.15, 26.22, 26.26, 26.2, 26.06, 26.23, 26.19, 26.21, 26.27, 26.19, 26.21, 26.2, 26.33, 26.16, 26.28, 26.08, 26.21, 26.23, 26.2, 26.39, 26.36, 26.15, 26.1, 26.37, 26.01, 26.22, 26.37, 26.12, 26.16, 26.28, 25.97, 26.15, 26.21, 26.08, 26.24, 26.2, 26.2, 26.25, 26.28, 26.22, 26.22, 26.14], "Apparent_Power": [40.67, 40.69, 40.64, 40.66, 40.64, 40.68, 40.62, 40.61, 40.64, 40.67, 40.62, 40.56, 40.64, 40.67, 40.66, 40.64, 40.64, 40.6, 40.64, 40.64, 40.64, 40.64, 40.66, 40.63, 38.4, 38.41, 40.63, 38.4, 40.64, 40.66, 38.4, 40.66, 40.64, 38.4, 40.68, 40.63, 38.38, 40.63, 40.66, 40.63, 40.62, 40.64, 40.66, 40.62, 40.61], "Apparent_Power_Reactive": [31.08, 31.13, 31.03, 31.13, 31.05, 31.06, 31.04, 31.14, 31.04, 31.11, 31.03, 30.9, 31.07, 31.09, 31.09, 30.95, 31.1, 30.94, 31.16, 31.05, 31.04, 31.06, 30.93, 30.91, 28.12, 28.18, 30.9, 28.24, 31.05, 30.94, 28.14, 31.12, 30.99, 28.28, 31.16, 31.04, 28.15, 31.02, 31.09, 31.05, 30.99, 30.99, 31.07, 31.02, 31.07], "Power_Factor": [0.644, 0.643, 0.645, 0.643, 0.645, 0.645, 0.645, 0.641, 0.645, 0.643, 0.645, 0.647, 0.644, 0.644, 0.644, 0.647, 0.643, 0.647, 0.641, 0.644, 0.645, 0.644, 0.649, 0.648, 0.68, 0.679, 0.649, 0.677, 0.645, 0.648, 0.68, 0.643, 0.646, 0.676, 0.642, 0.645, 0.679, 0.645, 0.644, 0.644, 0.646, 0.646, 0.644, 0.645, 0.643], "Energy": [0.01, 0.02, 0.04, 0.05, 0.07, 0.08, 0.1, 0.11, 0.13, 0.14, 0.16, 0.17, 0.19, 0.2, 0.22, 0.23, 0.25, 0.26, 0.28, 0.29, 0.3, 0.32, 0.33, 0.35, 0.36, 0.38, 0.39, 0.41, 0.42, 0.44, 0.45, 0.47, 0.48, 0.5, 0.51, 0.53, 0.54, 0.56, 0.57, 0.58, 0.6, 0.61, 0.63, 0.64, 0.66], "Frequency": [49.38, 49.38, 49.38, 49.38, 49.38, 49.38, 49.38, 49.38, 49.38, 49.38, 49.38, 49.38, 49.39, 49.39, 49.39, 49.4, 49.4, 49.4, 49.4, 49.4, 49.4, 49.4, 49.4, 49.4, 49.42, 49.42, 49.42, 49.42, 49.42, 49.42, 49.41, 49.41, 49.41, 49.41, 49.41, 49.41, 49.39, 49.39, 49.39, 49.39, 49.39, 49.39, 49.39, 49.39, 49.39], "Temp_env": []}