{"Start_Time": [1758114729.255747], "Time": [1758114731.258005, 1758114733.2602432, 1758114735.2629437, 1758114737.270322, 1758114739.2728024, 1758114741.2751186, 1758114743.2778234, 1758114745.280268, 1758114747.2827797, 1758114749.285143, 1758114751.287819, 1758114753.290296, 1758114755.292824, 1758114757.2951539, 1758114759.297805, 1758114761.3002646, 1758114763.3027613, 1758114765.3051023, 1758114767.3072236, 1758114769.3100376, 1758114771.3121562, 1758114773.314921, 1758114775.3172188, 1758114777.3201199, 1758114779.3222528, 1758114781.3249397, 1758114783.3271046, 1758114785.3301058, 1758114787.3329477, 1758114789.33527, 1758114791.337951, 1758114793.3403792, 1758114795.3429275, 1758114797.3452444, 1758114799.3479416, 1758114801.3503604, 1758114803.3529525, 1758114805.355152, 1758114807.357345, 1758114809.360161, 1758114811.3629725, 1758114813.3653307, 1758114815.3680055, 1758114817.370442, 1758114819.374102], "Voltage": [226.2, 226.25, 225.83, 226.46, 226.36, 226.31, 226.36, 226.31, 226.52, 225.62, 226.31, 226.15, 226.2, 226.15, 225.78, 226.1, 226.2, 226.36, 226.25, 226.36, 226.31, 226.25, 226.41, 226.41, 226.2, 226.2, 226.31, 226.36, 226.25, 226.31, 226.25, 226.25, 225.73, 226.31, 226.15, 226.46, 226.25, 226.15, 226.2, 226.31, 226.46, 226.41, 226.41, 226.1, 226.25], "Current": [0.17, 0.17, 0.17, 0.17, 0.17, 0.17, 0.17, 0.17, 0.17, 0.17, 0.17, 0.17, 0.17, 0.17, 0.17, 0.17, 0.17, 0.17, 0.17, 0.17, 0.17, 0.17, 0.17, 0.17, 0.17, 0.17, 0.17, 0.17, 0.17, 0.17, 0.17, 0.17, 0.17, 0.17, 0.17, 0.17, 0.17, 0.17, 0.17, 0.17, 0.17, 0.17, 0.17, 0.17, 0.17], "Real_Power": [25.97, 25.92, 26.03, 25.97, 25.9, 25.99, 26.0, 25.79, 25.98, 25.92, 25.83, 26.08, 25.84, 25.89, 26.0, 25.93, 25.9, 26.2, 25.93, 25.82, 26.16, 25.93, 25.82, 26.06, 25.88, 25.83, 26.15, 25.88, 25.82, 26.14, 25.88, 25.86, 26.05, 25.96, 25.82, 25.97, 25.79, 25.83, 26.02, 25.94, 25.9, 26.02, 26.03, 25.92, 25.85], "Apparent_Power": [38.45, 38.46, 38.39, 38.49, 38.48, 38.47, 38.48, 38.47, 38.5, 38.35, 38.47, 38.44, 38.45, 38.44, 38.38, 38.43, 38.45, 38.48, 38.46, 38.48, 38.47, 38.46, 38.48, 38.48, 38.45, 38.45, 38.47, 38.48, 38.46, 38.47, 38.46, 38.46, 38.37, 38.47, 38.44, 38.49, 38.46, 38.44, 38.45, 38.47, 38.49, 38.48, 38.48, 38.43, 38.46], "Apparent_Power_Reactive": [28.35, 28.41, 28.21, 28.4, 28.45, 28.36, 28.36, 28.54, 28.41, 28.26, 28.5, 28.23, 28.47, 28.41, 28.23, 28.36, 28.41, 28.18, 28.4, 28.53, 28.2, 28.4, 28.53, 28.31, 28.43, 28.48, 28.21, 28.47, 28.5, 28.22, 28.44, 28.46, 28.17, 28.39, 28.47, 28.4, 28.53, 28.46, 28.3, 28.4, 28.47, 28.34, 28.33, 28.37, 28.47], "Power_Factor": [0.675, 0.673, 0.678, 0.674, 0.673, 0.675, 0.675, 0.67, 0.674, 0.675, 0.671, 0.678, 0.672, 0.673, 0.677, 0.674, 0.673, 0.68, 0.674, 0.67, 0.68, 0.674, 0.67, 0.677, 0.673, 0.671, 0.679, 0.672, 0.671, 0.679, 0.672, 0.672, 0.678, 0.674, 0.671, 0.674, 0.67, 0.671, 0.676, 0.674, 0.672, 0.676, 0.676, 0.674, 0.672], "Energy": [0.01, 0.02, 0.04, 0.05, 0.07, 0.08, 0.1, 0.11, 0.13, 0.14, 0.16, 0.17, 0.18, 0.2, 0.21, 0.23, 0.24, 0.26, 0.27, 0.29, 0.3, 0.32, 0.33, 0.35, 0.36, 0.37, 0.39, 0.4, 0.42, 0.43, 0.45, 0.46, 0.48, 0.49, 0.51, 0.52, 0.53, 0.55, 0.56, 0.58, 0.59, 0.61, 0.62, 0.64, 0.65], "Frequency": [49.4, 49.42, 49.42, 49.42, 49.42, 49.42, 49.42, 49.41, 49.41, 49.41, 49.39, 49.39, 49.39, 49.4, 49.4, 49.4, 49.43, 49.43, 49.43, 49.43, 49.43, 49.43, 49.43, 49.43, 49.43, 49.44, 49.44, 49.44, 49.43, 49.43, 49.43, 49.44, 49.44, 49.44, 49.43, 49.43, 49.43, 49.41, 49.41, 49.41, 49.41, 49.41, 49.41, 49.41, 49.41], "Temp_env": []}