{"Start_Time": [1758118176.9134471], "Time": [1758118178.91561, 1758118180.9184873, 1758118182.9208527, 1758118184.923506, 1758118186.9309735, 1758118188.9334319, 1758118190.9357479, 1758118192.9434266, 1758118194.9457815, 1758118196.948452, 1758118198.9564602, 1758118200.9587708, 1758118202.9609268, 1758118204.968566, 1758118206.9708893, 1758118208.9735591, 1758118210.9809928, 1758118212.9835403, 1758118214.985825, 1758118216.9934514, 1758118218.9957983, 1758118220.9985752, 1758118223.0064883, 1758118225.0088952, 1758118227.0110903, 1758118229.0186982, 1758118231.0209882, 1758118233.0236747, 1758118235.0315392, 1758118237.033899, 1758118239.0366888, 1758118241.0389676, 1758118243.041114, 1758118245.0436535, 1758118247.0511088, 1758118249.0536437, 1758118251.0559921, 1758118253.0635798, 1758118255.06594, 1758118257.0686443, 1758118259.0766284, 1758118261.0789964, 1758118263.0811558, 1758118265.083644, 1758118267.0876424], "Voltage": [227.62, 227.56, 227.41, 227.56, 227.62, 227.72, 227.77, 227.56, 227.67, 227.67, 227.77, 227.93, 227.56, 227.67, 227.72, 227.67, 227.56, 227.51, 227.41, 227.41, 227.56, 227.46, 227.62, 227.46, 227.35, 227.46, 227.56, 227.2, 227.56, 227.46, 227.46, 227.67, 227.46, 227.41, 227.51, 227.41, 227.46, 227.46, 227.41, 227.46, 227.46, 227.41, 227.35, 227.3, 227.3], "Current": [0.18, 0.18, 0.18, 0.18, 0.18, 0.18, 0.18, 0.17, 0.18, 0.18, 0.18, 0.18, 0.18, 0.18, 0.18, 0.17, 0.18, 0.18, 0.18, 0.18, 0.18, 0.18, 0.18, 0.18, 0.18, 0.18, 0.18, 0.18, 0.18, 0.17, 0.18, 0.17, 0.18, 0.18, 0.18, 0.18, 0.18, 0.17, 0.18, 0.18, 0.18, 0.18, 0.18, 0.18, 0.18], "Real_Power": [26.42, 26.34, 26.37, 26.45, 26.5, 26.49, 26.5, 26.35, 26.4, 26.45, 26.45, 26.48, 26.47, 26.35, 26.29, 26.33, 26.39, 26.44, 26.33, 26.44, 26.36, 26.35, 26.45, 26.37, 26.39, 26.47, 26.3, 26.43, 26.5, 26.34, 26.32, 26.32, 26.43, 26.39, 26.51, 26.35, 26.41, 26.21, 26.5, 26.48, 26.32, 26.36, 26.53, 26.36, 26.38], "Apparent_Power": [40.97, 40.96, 40.93, 40.96, 40.97, 40.98, 40.99, 38.68, 40.98, 40.98, 40.99, 41.02, 40.96, 40.98, 40.98, 38.7, 40.96, 40.95, 40.93, 40.93, 40.96, 40.94, 40.97, 40.94, 40.92, 40.94, 40.96, 40.89, 40.96, 38.66, 40.94, 38.7, 40.94, 40.93, 40.95, 40.93, 40.94, 38.66, 40.93, 40.94, 40.94, 40.93, 40.92, 40.91, 40.91], "Apparent_Power_Reactive": [31.31, 31.36, 31.3, 31.27, 31.24, 31.26, 31.27, 28.31, 31.34, 31.3, 31.31, 31.32, 31.25, 31.38, 31.43, 28.36, 31.32, 31.27, 31.33, 31.24, 31.35, 31.33, 31.28, 31.31, 31.27, 31.23, 31.4, 31.2, 31.23, 28.29, 31.35, 28.37, 31.26, 31.28, 31.21, 31.32, 31.28, 28.41, 31.19, 31.22, 31.35, 31.31, 31.15, 31.28, 31.26], "Power_Factor": [0.644, 0.643, 0.644, 0.645, 0.646, 0.646, 0.646, 0.681, 0.644, 0.645, 0.645, 0.645, 0.646, 0.642, 0.641, 0.68, 0.644, 0.645, 0.643, 0.645, 0.643, 0.643, 0.645, 0.644, 0.644, 0.646, 0.642, 0.646, 0.646, 0.681, 0.642, 0.68, 0.645, 0.644, 0.647, 0.643, 0.645, 0.677, 0.647, 0.646, 0.642, 0.644, 0.648, 0.644, 0.644], "Energy": [0.01, 0.02, 0.04, 0.05, 0.07, 0.08, 0.1, 0.11, 0.13, 0.14, 0.16, 0.17, 0.19, 0.2, 0.22, 0.23, 0.25, 0.26, 0.28, 0.29, 0.31, 0.32, 0.34, 0.35, 0.37, 0.38, 0.4, 0.41, 0.43, 0.44, 0.46, 0.47, 0.48, 0.5, 0.51, 0.53, 0.54, 0.56, 0.57, 0.59, 0.6, 0.62, 0.63, 0.65, 0.66], "Frequency": [49.4, 49.4, 49.39, 49.39, 49.39, 49.41, 49.41, 49.41, 49.41, 49.41, 49.41, 49.43, 49.43, 49.43, 49.43, 49.43, 49.43, 49.43, 49.43, 49.43, 49.42, 49.42, 49.42, 49.38, 49.38, 49.38, 49.38, 49.38, 49.38, 49.38, 49.38, 49.38, 49.39, 49.39, 49.39, 49.4, 49.4, 49.4, 49.39, 49.39, 49.39, 49.38, 49.38, 49.38, 49.38], "Temp_env": []}