{"Start_Time": [1758114319.7166731], "Time": [1758114321.7198675, 1758114323.7244153, 1758114325.7373898, 1758114327.74147, 1758114329.746485, 1758114331.7502887, 1758114333.7546413, 1758114335.7586772, 1758114337.7631016, 1758114339.76782, 1758114341.772434, 1758114343.7765234, 1758114345.7815137, 1758114347.7849565, 1758114349.7889469, 1758114351.793544, 1758114353.7978058, 1758114355.802762, 1758114357.8072338, 1758114359.8114471, 1758114361.8160956, 1758114363.8207684, 1758114365.8255053, 1758114367.8299124, 1758114369.8349237, 1758114371.838517, 1758114373.8432562, 1758114375.8473494, 1758114377.8515303, 1758114379.8561614, 1758114381.8604019, 1758114383.8647816, 1758114385.8684409, 1758114387.8728082, 1758114389.8769789, 1758114391.8822744, 1758114393.8865252, 1758114395.8913631, 1758114397.8949406, 1758114399.8996627, 1758114401.904579, 1758114403.9094818, 1758114405.9145055, 1758114407.9191258, 1758114409.923369], "Voltage": [226.2, 226.2, 226.1, 226.36, 225.99, 226.1, 226.46, 226.57, 226.52, 225.89, 226.36, 226.62, 226.62, 226.52, 226.25, 226.25, 226.25, 225.73, 226.25, 225.89, 226.52, 226.36, 226.36, 225.62, 226.36, 226.25, 226.04, 226.52, 226.46, 226.25, 226.36, 226.25, 226.31, 225.94, 226.04, 225.57, 225.57, 225.83, 226.15, 226.04, 226.15, 225.99, 226.25, 226.2, 226.04], "Current": [0.18, 0.18, 0.18, 0.17, 0.18, 0.18, 0.18, 0.17, 0.18, 0.18, 0.18, 0.18, 0.18, 0.17, 0.17, 0.18, 0.18, 0.18, 0.18, 0.18, 0.18, 0.18, 0.17, 0.18, 0.18, 0.18, 0.18, 0.18, 0.18, 0.18, 0.17, 0.18, 0.18, 0.18, 0.18, 0.18, 0.18, 0.18, 0.18, 0.18, 0.18, 0.18, 0.18, 0.18, 0.18], "Real_Power": [26.33, 26.54, 26.13, 26.17, 26.41, 26.33, 26.38, 26.14, 26.34, 26.5, 26.23, 26.31, 26.54, 26.12, 26.16, 26.46, 26.35, 26.31, 26.17, 26.36, 26.62, 26.12, 26.22, 26.45, 26.27, 26.37, 26.29, 26.41, 26.63, 26.2, 26.12, 26.51, 26.22, 26.32, 26.46, 26.33, 26.47, 26.15, 26.22, 26.49, 26.42, 26.42, 26.26, 26.27, 26.43], "Apparent_Power": [40.71, 40.71, 40.69, 38.48, 40.67, 40.69, 40.76, 38.51, 40.77, 40.66, 40.74, 40.79, 40.79, 38.5, 38.46, 40.72, 40.72, 40.63, 40.72, 40.66, 40.77, 40.74, 38.48, 40.61, 40.74, 40.72, 40.68, 40.77, 40.76, 40.72, 38.48, 40.72, 40.73, 40.66, 40.68, 40.6, 40.6, 40.64, 40.7, 40.68, 40.7, 40.67, 40.72, 40.71, 40.68], "Apparent_Power_Reactive": [31.04, 30.86, 31.19, 28.21, 30.92, 31.02, 31.07, 28.27, 31.11, 30.83, 31.17, 31.17, 30.97, 28.28, 28.19, 30.95, 31.04, 30.96, 31.19, 30.95, 30.87, 31.26, 28.16, 30.81, 31.13, 31.02, 31.04, 31.05, 30.85, 31.17, 28.25, 30.9, 31.16, 30.99, 30.89, 30.9, 30.78, 31.1, 31.12, 30.87, 30.95, 30.91, 31.12, 31.09, 30.92], "Power_Factor": [0.646, 0.651, 0.642, 0.68, 0.649, 0.647, 0.647, 0.678, 0.646, 0.651, 0.643, 0.645, 0.65, 0.678, 0.68, 0.649, 0.647, 0.647, 0.642, 0.648, 0.652, 0.641, 0.681, 0.651, 0.644, 0.647, 0.646, 0.647, 0.653, 0.643, 0.678, 0.651, 0.643, 0.647, 0.65, 0.648, 0.651, 0.643, 0.644, 0.651, 0.649, 0.649, 0.644, 0.645, 0.649], "Energy": [0.01, 0.02, 0.04, 0.05, 0.07, 0.08, 0.1, 0.11, 0.13, 0.14, 0.16, 0.17, 0.19, 0.2, 0.22, 0.23, 0.25, 0.26, 0.28, 0.29, 0.31, 0.32, 0.34, 0.35, 0.37, 0.38, 0.4, 0.41, 0.43, 0.44, 0.45, 0.47, 0.48, 0.5, 0.51, 0.53, 0.54, 0.56, 0.57, 0.59, 0.6, 0.62, 0.63, 0.65, 0.66], "Frequency": [49.43, 49.43, 49.43, 49.43, 49.43, 49.43, 49.43, 49.43, 49.43, 49.43, 49.43, 49.43, 49.43, 49.43, 49.43, 49.43, 49.43, 49.43, 49.43, 49.43, 49.43, 49.43, 49.43, 49.43, 49.43, 49.43, 49.43, 49.43, 49.43, 49.43, 49.43, 49.43, 49.43, 49.43, 49.43, 49.43, 49.43, 49.43, 49.43, 49.43, 49.43, 49.43, 49.43, 49.43, 49.43], "Temp_env": []}