{"Start_Time": [1758116598.5288599], "Time": [1758116600.5311406, 1758116602.5338216, 1758116604.535997, 1758116606.5383408, 1758116608.5409238, 1758116610.5430682, 1758116612.545171, 1758116614.5471764, 1758116616.5493624, 1758116618.5520835, 1758116620.5544074, 1758116622.5571363, 1758116624.5593176, 1758116626.5613859, 1758116628.5641696, 1758116630.566457, 1758116632.5686033, 1758116634.571293, 1758116636.573507, 1758116638.5755935, 1758116640.5784984, 1758116642.5813596, 1758116644.5837119, 1758116646.5864053, 1758116648.58884, 1758116650.5913322, 1758116652.59369, 1758116654.5964427, 1758116656.5989046, 1758116658.601592, 1758116660.6045034, 1758116662.6068218, 1758116664.609042, 1758116666.6115513, 1758116668.6139278, 1758116670.616586, 1758116672.6192098, 1758116674.6217182, 1758116676.624665, 1758116678.627064, 1758116680.629744, 1758116682.6321206, 1758116684.634819, 1758116686.6377425, 1758116688.6411407], "Voltage": [226.25, 226.88, 226.62, 226.67, 226.88, 226.83, 226.67, 226.67, 226.73, 226.52, 226.73, 226.78, 226.62, 226.99, 226.83, 226.93, 226.88, 227.04, 227.14, 227.14, 227.09, 226.88, 227.25, 226.99, 226.99, 227.09, 227.09, 227.04, 227.25, 226.57, 226.93, 226.83, 227.04, 226.57, 226.99, 226.99, 226.73, 226.73, 226.67, 226.57, 226.67, 226.67, 226.83, 226.83, 226.83], "Current": [0.18, 0.18, 0.18, 0.18, 0.18, 0.18, 0.18, 0.18, 0.18, 0.18, 0.18, 0.18, 0.18, 0.18, 0.18, 0.18, 0.18, 0.18, 0.18, 0.18, 0.18, 0.18, 0.18, 0.18, 0.18, 0.18, 0.18, 0.18, 0.18, 0.18, 0.18, 0.18, 0.18, 0.18, 0.18, 0.18, 0.18, 0.18, 0.18, 0.18, 0.18, 0.18, 0.18, 0.18, 0.18], "Real_Power": [26.49, 26.42, 26.4, 26.36, 26.43, 26.45, 26.44, 26.39, 26.36, 26.46, 26.49, 26.42, 26.28, 26.45, 26.42, 26.34, 26.41, 26.39, 26.37, 26.42, 26.3, 26.32, 26.4, 26.46, 26.38, 26.4, 26.45, 26.45, 26.31, 26.46, 26.45, 26.36, 26.27, 26.44, 26.43, 26.52, 26.37, 26.44, 26.37, 26.36, 26.41, 26.47, 26.45, 26.41, 26.34], "Apparent_Power": [40.72, 40.83, 40.79, 40.8, 40.83, 40.82, 40.8, 40.8, 40.81, 40.77, 40.81, 40.82, 40.79, 40.85, 40.82, 40.84, 40.83, 40.86, 40.88, 40.88, 40.87, 40.83, 40.9, 40.85, 40.85, 40.87, 40.87, 40.86, 40.9, 40.78, 40.84, 40.82, 40.86, 40.78, 40.85, 40.85, 40.81, 40.81, 40.8, 40.78, 40.8, 40.8, 40.82, 40.82, 40.82], "Apparent_Power_Reactive": [30.92, 31.12, 31.09, 31.14, 31.12, 31.09, 31.07, 31.11, 31.15, 31.01, 31.04, 31.11, 31.19, 31.13, 31.11, 31.21, 31.13, 31.19, 31.23, 31.19, 31.28, 31.21, 31.23, 31.12, 31.19, 31.19, 31.15, 31.14, 31.31, 31.03, 31.11, 31.16, 31.29, 31.04, 31.14, 31.07, 31.14, 31.08, 31.13, 31.11, 31.09, 31.04, 31.09, 31.12, 31.18], "Power_Factor": [0.65, 0.647, 0.647, 0.646, 0.647, 0.647, 0.648, 0.646, 0.645, 0.649, 0.649, 0.647, 0.644, 0.647, 0.647, 0.644, 0.646, 0.645, 0.645, 0.646, 0.643, 0.644, 0.645, 0.647, 0.645, 0.645, 0.647, 0.647, 0.643, 0.648, 0.647, 0.645, 0.642, 0.648, 0.647, 0.649, 0.646, 0.647, 0.646, 0.646, 0.647, 0.648, 0.647, 0.646, 0.645], "Energy": [0.01, 0.02, 0.04, 0.05, 0.07, 0.08, 0.1, 0.11, 0.13, 0.14, 0.16, 0.17, 0.19, 0.2, 0.22, 0.23, 0.25, 0.26, 0.28, 0.29, 0.31, 0.32, 0.34, 0.35, 0.37, 0.38, 0.4, 0.41, 0.43, 0.44, 0.46, 0.47, 0.49, 0.5, 0.51, 0.53, 0.54, 0.56, 0.57, 0.59, 0.6, 0.62, 0.63, 0.65, 0.66], "Frequency": [49.4, 49.4, 49.39, 49.39, 49.39, 49.39, 49.39, 49.39, 49.39, 49.39, 49.39, 49.39, 49.39, 49.39, 49.4, 49.4, 49.4, 49.41, 49.41, 49.41, 49.42, 49.42, 49.42, 49.42, 49.42, 49.42, 49.41, 49.41, 49.41, 49.4, 49.4, 49.4, 49.4, 49.4, 49.4, 49.41, 49.41, 49.41, 49.41, 49.41, 49.41, 49.42, 49.42, 49.42, 49.43], "Temp_env": []}