{"Start_Time": [1751443682.2118478], "Time": [1751443684.2141244, 1751443686.2164087, 1751443688.2190907, 1751443690.2215805, 1751443692.2292607, 1751443694.231546, 1751443696.2342706, 1751443698.2417755, 1751443700.2442644, 1751443702.2464447, 1751443704.2485406, 1751443706.2514403, 1751443708.2534907, 1751443710.255577, 1751443712.2583134], "Voltage": [226.99, 227.04, 227.09, 226.88, 227.04, 226.93, 226.93, 226.93, 226.73, 226.62, 226.88, 226.99, 226.83, 226.93, 226.99], "Current": [0.17, 0.17, 0.17, 0.17, 0.17, 0.17, 0.18, 0.18, 0.17, 0.18, 0.17, 0.17, 0.18, 0.17, 0.18], "Real_Power": [26.16, 26.19, 26.25, 26.24, 26.35, 26.12, 26.26, 26.23, 26.22, 26.25, 26.24, 26.24, 26.36, 26.15, 26.27], "Apparent_Power": [38.58, 38.59, 38.6, 38.56, 38.59, 38.57, 40.84, 40.84, 38.54, 40.79, 38.56, 38.58, 40.82, 38.57, 40.85], "Apparent_Power_Reactive": [28.35, 28.34, 28.3, 28.25, 28.19, 28.37, 31.27, 31.3, 28.24, 31.22, 28.25, 28.28, 31.16, 28.35, 31.28], "Power_Factor": [0.678, 0.678, 0.68, 0.68, 0.682, 0.677, 0.642, 0.642, 0.68, 0.643, 0.68, 0.68, 0.645, 0.677, 0.643], "Energy": [0.01, 0.02, 0.04, 0.05, 0.07, 0.08, 0.1, 0.11, 0.13, 0.14, 0.16, 0.17, 0.19, 0.2, 0.22], "Frequency": [49.41, 49.4, 49.4, 49.4, 49.4, 49.4, 49.4, 49.41, 49.41, 49.41, 49.41, 49.41, 49.41, 49.41, 49.41], "Temp_env": []}