{"Start_Time": [1751443431.6332088], "Time": [1751443433.635527, 1751443435.6385038, 1751443437.6406076, 1751443439.6427336, 1751443441.6454856, 1751443443.6478493, 1751443445.650504, 1751443447.6526914, 1751443449.6547837, 1751443451.6567338, 1751443453.6590602, 1751443455.6615865, 1751443457.6639142, 1751443459.666641, 1751443461.6690726], "Voltage": [227.25, 227.2, 227.14, 227.46, 227.2, 227.09, 227.14, 227.46, 227.3, 227.46, 227.46, 227.09, 226.93, 226.99, 227.04], "Current": [0.17, 0.17, 0.17, 0.17, 0.17, 0.17, 0.17, 0.18, 0.17, 0.18, 0.18, 0.17, 0.17, 0.17, 0.17], "Real_Power": [26.18, 26.21, 26.17, 26.23, 26.22, 26.22, 26.2, 26.35, 26.19, 26.38, 26.2, 26.25, 26.16, 26.21, 26.12], "Apparent_Power": [38.63, 38.62, 38.61, 38.66, 38.62, 38.6, 38.61, 40.94, 38.64, 40.94, 40.94, 38.6, 38.57, 38.58, 38.59], "Apparent_Power_Reactive": [28.4, 28.36, 28.38, 28.4, 28.35, 28.32, 28.36, 31.33, 28.41, 31.3, 31.45, 28.3, 28.34, 28.3, 28.4], "Power_Factor": [0.677, 0.678, 0.677, 0.678, 0.678, 0.679, 0.678, 0.643, 0.677, 0.644, 0.639, 0.68, 0.678, 0.679, 0.676], "Energy": [0.01, 0.02, 0.04, 0.05, 0.07, 0.08, 0.1, 0.11, 0.13, 0.14, 0.16, 0.17, 0.19, 0.2, 0.22], "Frequency": [49.39, 49.38, 49.38, 49.38, 49.39, 49.39, 49.39, 49.39, 49.39, 49.39, 49.39, 49.39, 49.39, 49.41, 49.41], "Temp_env": []}