{"Start_Time": [1751440786.054255], "Time": [1751440788.0564659, 1751440790.0585802, 1751440792.0606773, 1751440794.063366, 1751440796.070733, 1751440798.0726962, 1751440800.0748134, 1751440802.0768023, 1751440804.0795047, 1751440806.0818443, 1751440808.0895152, 1751440810.0918725, 1751440812.09473, 1751440814.102498, 1751440816.1049383], "Voltage": [228.3, 228.51, 228.56, 228.24, 228.35, 228.3, 228.45, 228.14, 228.19, 228.24, 228.19, 228.09, 228.14, 228.04, 228.24], "Current": [0.17, 0.18, 0.17, 0.18, 0.17, 0.18, 0.18, 0.18, 0.18, 0.18, 0.18, 0.17, 0.18, 0.18, 0.18], "Real_Power": [26.26, 26.37, 26.33, 26.45, 26.28, 26.34, 26.41, 26.35, 26.43, 26.25, 26.29, 26.22, 26.31, 26.36, 26.4], "Apparent_Power": [38.81, 41.13, 38.85, 41.08, 38.81, 41.09, 41.12, 41.06, 41.07, 41.08, 41.07, 38.77, 41.06, 41.04, 41.08], "Apparent_Power_Reactive": [28.57, 31.56, 28.56, 31.43, 28.55, 31.53, 31.51, 31.48, 31.43, 31.59, 31.55, 28.55, 31.52, 31.45, 31.47], "Power_Factor": [0.676, 0.641, 0.677, 0.643, 0.677, 0.641, 0.642, 0.641, 0.643, 0.638, 0.64, 0.676, 0.64, 0.642, 0.642], "Energy": [0.01, 0.02, 0.04, 0.05, 0.07, 0.08, 0.1, 0.11, 0.13, 0.14, 0.16, 0.17, 0.19, 0.2, 0.22], "Frequency": [49.37, 49.38, 49.38, 49.38, 49.39, 49.39, 49.39, 49.39, 49.39, 49.39, 49.39, 49.39, 49.39, 49.39, 49.39], "Temp_env": []}