{"Start_Time": [1751439258.9691331], "Time": [1751439260.9715464, 1751439262.9742272, 1751439264.9763398, 1751439266.9783978, 1751439268.9862406, 1751439270.988548, 1751439272.9905052, 1751439274.9983506, 1751439277.0006495, 1751439279.0033817, 1751439281.010716, 1751439283.0133557, 1751439285.01571, 1751439287.0184116, 1751439289.0207868], "Voltage": [229.5, 229.19, 229.08, 229.24, 229.24, 229.24, 229.35, 229.24, 229.4, 229.29, 229.14, 229.35, 229.35, 229.66, 229.35], "Current": [0.17, 0.17, 0.17, 0.17, 0.17, 0.17, 0.17, 0.17, 0.17, 0.17, 0.17, 0.17, 0.17, 0.17, 0.17], "Real_Power": [26.32, 26.28, 26.24, 26.31, 26.31, 26.18, 26.3, 26.2, 26.35, 26.33, 26.29, 26.32, 26.28, 26.35, 26.32], "Apparent_Power": [39.01, 38.96, 38.94, 38.97, 38.97, 38.97, 38.98, 38.97, 38.99, 38.97, 38.95, 38.98, 38.98, 39.04, 38.98], "Apparent_Power_Reactive": [28.79, 28.76, 28.77, 28.74, 28.74, 28.86, 28.77, 28.84, 28.73, 28.72, 28.73, 28.75, 28.78, 28.8, 28.75], "Power_Factor": [0.674, 0.674, 0.673, 0.675, 0.675, 0.671, 0.674, 0.672, 0.675, 0.675, 0.674, 0.675, 0.674, 0.674, 0.675], "Energy": [0.01, 0.02, 0.04, 0.05, 0.07, 0.08, 0.1, 0.11, 0.13, 0.14, 0.16, 0.17, 0.19, 0.2, 0.22], "Frequency": [49.43, 49.43, 49.43, 49.43, 49.43, 49.43, 49.43, 49.43, 49.44, 49.44, 49.44, 49.44, 49.44, 49.44, 49.46], "Temp_env": []}