{"Start_Time": [1751440445.9906554], "Time": [1751440447.9930313, 1751440449.9958327, 1751440451.998102, 1751440454.0002756, 1751440456.0023606, 1751440458.0048523, 1751440460.0071967, 1751440462.0150378, 1751440464.01721, 1751440466.0192485, 1751440468.0269182, 1751440470.0292616, 1751440472.031414, 1751440474.0390515, 1751440476.0413702], "Voltage": [228.56, 228.77, 228.51, 228.61, 228.87, 228.93, 228.82, 228.66, 228.72, 228.72, 228.72, 228.66, 228.87, 228.87, 228.66], "Current": [0.17, 0.17, 0.17, 0.17, 0.17, 0.17, 0.17, 0.17, 0.18, 0.17, 0.17, 0.17, 0.17, 0.17, 0.17], "Real_Power": [26.27, 26.27, 26.34, 26.33, 26.28, 26.36, 26.27, 26.33, 26.41, 26.32, 26.35, 26.21, 26.24, 26.3, 26.25], "Apparent_Power": [38.85, 38.89, 38.84, 38.86, 38.9, 38.91, 38.89, 38.87, 41.16, 38.88, 38.88, 38.87, 38.9, 38.9, 38.87], "Apparent_Power_Reactive": [28.62, 28.67, 28.54, 28.58, 28.68, 28.62, 28.67, 28.59, 31.56, 28.61, 28.58, 28.7, 28.71, 28.66, 28.66], "Power_Factor": [0.676, 0.675, 0.678, 0.677, 0.675, 0.677, 0.675, 0.677, 0.641, 0.676, 0.677, 0.674, 0.674, 0.676, 0.675], "Energy": [0.01, 0.02, 0.04, 0.05, 0.07, 0.08, 0.1, 0.11, 0.13, 0.14, 0.16, 0.17, 0.19, 0.2, 0.22], "Frequency": [49.43, 49.43, 49.43, 49.42, 49.42, 49.42, 49.41, 49.41, 49.41, 49.41, 49.41, 49.41, 49.42, 49.42, 49.42], "Temp_env": []}