{"Start_Time": [1751440573.6920028], "Time": [1751440575.6940346, 1751440577.6967976, 1751440579.6991642, 1751440581.7018478, 1751440583.7041104, 1751440585.7062073, 1751440587.7089314, 1751440589.7112708, 1751440591.7133381, 1751440593.7158318, 1751440595.718178, 1751440597.7203195, 1751440599.7231832, 1751440601.7253053, 1751440603.7280018], "Voltage": [228.19, 227.93, 228.04, 227.88, 228.04, 227.98, 227.72, 227.72, 228.09, 227.72, 227.88, 227.93, 228.09, 228.14, 228.09], "Current": [0.17, 0.17, 0.17, 0.17, 0.17, 0.18, 0.17, 0.17, 0.17, 0.17, 0.17, 0.18, 0.17, 0.17, 0.17], "Real_Power": [26.27, 26.29, 26.29, 26.21, 26.32, 26.28, 26.22, 26.3, 26.27, 26.32, 26.32, 26.3, 26.29, 26.29, 26.34], "Apparent_Power": [38.79, 38.74, 38.76, 38.73, 38.76, 41.03, 38.71, 38.71, 38.77, 38.71, 38.73, 41.02, 38.77, 38.78, 38.77], "Apparent_Power_Reactive": [28.54, 28.45, 28.48, 28.51, 28.45, 31.5, 28.47, 28.4, 28.51, 28.38, 28.41, 31.47, 28.49, 28.5, 28.44], "Power_Factor": [0.677, 0.678, 0.678, 0.676, 0.679, 0.64, 0.677, 0.679, 0.677, 0.679, 0.679, 0.641, 0.678, 0.677, 0.679], "Energy": [0.01, 0.02, 0.04, 0.06, 0.07, 0.09, 0.1, 0.11, 0.13, 0.14, 0.16, 0.17, 0.19, 0.2, 0.22], "Frequency": [49.36, 49.36, 49.37, 49.37, 49.37, 49.37, 49.37, 49.37, 49.37, 49.37, 49.37, 49.37, 49.37, 49.37, 49.38], "Temp_env": []}