{"Start_Time": [1751439510.457419], "Time": [1751439512.459868, 1751439514.462226, 1751439516.4643068, 1751439518.4662647, 1751439520.4682174, 1751439522.4701934, 1751439524.4723177, 1751439526.474439, 1751439528.4769628, 1751439530.4791937, 1751439532.481412, 1751439534.484329, 1751439536.4863374, 1751439538.4890556, 1751439540.4914067], "Voltage": [229.14, 228.66, 228.87, 228.82, 228.82, 228.77, 228.72, 228.72, 228.77, 228.61, 228.51, 228.4, 228.61, 228.24, 228.3], "Current": [0.17, 0.17, 0.17, 0.17, 0.17, 0.17, 0.17, 0.17, 0.17, 0.17, 0.17, 0.17, 0.17, 0.18, 0.17], "Real_Power": [26.23, 26.21, 26.25, 26.13, 26.36, 26.16, 26.23, 26.2, 26.1, 26.33, 26.31, 26.19, 26.17, 26.5, 26.2], "Apparent_Power": [38.95, 38.87, 38.9, 38.89, 38.89, 38.89, 38.88, 38.88, 38.89, 38.86, 38.84, 38.82, 38.86, 41.08, 38.81], "Apparent_Power_Reactive": [28.79, 28.7, 28.7, 28.8, 28.59, 28.77, 28.69, 28.72, 28.83, 28.58, 28.57, 28.65, 28.72, 31.38, 28.63], "Power_Factor": [0.673, 0.674, 0.674, 0.671, 0.677, 0.672, 0.674, 0.673, 0.671, 0.677, 0.677, 0.674, 0.673, 0.645, 0.675], "Energy": [0.01, 0.02, 0.04, 0.05, 0.07, 0.08, 0.1, 0.11, 0.13, 0.14, 0.16, 0.17, 0.19, 0.2, 0.22], "Frequency": [49.43, 49.43, 49.4, 49.4, 49.4, 49.42, 49.42, 49.42, 49.41, 49.41, 49.41, 49.41, 49.41, 49.41, 49.41], "Temp_env": []}