{"Start_Time": [1751445374.9967194], "Time": [1751445376.9989986, 1751445379.001653, 1751445381.0038188, 1751445383.0061553, 1751445385.0081058, 1751445387.0107918, 1751445389.013021, 1751445391.020725, 1751445393.022991, 1751445395.0251384, 1751445397.032749, 1751445399.034913, 1751445401.0370557, 1751445403.0391247, 1751445405.041814], "Voltage": [226.1, 226.04, 225.89, 226.04, 226.2, 225.94, 226.04, 225.99, 226.15, 225.89, 226.04, 226.15, 226.1, 226.1, 225.73], "Current": [0.18, 0.18, 0.18, 0.18, 0.18, 0.18, 0.18, 0.18, 0.18, 0.18, 0.18, 0.18, 0.18, 0.18, 0.18], "Real_Power": [26.38, 26.39, 26.31, 26.27, 26.25, 26.32, 26.16, 26.31, 26.32, 26.29, 26.2, 26.4, 26.37, 26.25, 26.39], "Apparent_Power": [40.69, 40.68, 40.66, 40.68, 40.71, 40.66, 40.68, 40.67, 40.7, 40.66, 40.68, 40.7, 40.69, 40.69, 40.63], "Apparent_Power_Reactive": [30.98, 30.95, 31.0, 31.06, 31.11, 30.99, 31.15, 31.01, 31.04, 31.01, 31.11, 30.97, 30.98, 31.09, 30.89], "Power_Factor": [0.648, 0.648, 0.647, 0.645, 0.644, 0.647, 0.643, 0.646, 0.646, 0.646, 0.644, 0.648, 0.648, 0.645, 0.649], "Energy": [0.01, 0.02, 0.04, 0.05, 0.07, 0.08, 0.1, 0.11, 0.13, 0.14, 0.16, 0.17, 0.19, 0.2, 0.22], "Frequency": [49.39, 49.39, 49.39, 49.39, 49.4, 49.4, 49.4, 49.39, 49.39, 49.39, 49.4, 49.4, 49.4, 49.41, 49.41], "Temp_env": []}