{"Start_Time": [1751442259.9536073], "Time": [1751442261.9559164, 1751442263.9583035, 1751442265.9610274, 1751442267.9632254, 1751442269.9652958, 1751442271.9682596, 1751442273.9709175, 1751442275.9732807, 1751442277.9759762, 1751442279.9785163, 1751442281.981002, 1751442283.983337, 1751442285.9852877, 1751442287.9873574, 1751442289.989473], "Voltage": [228.19, 228.19, 228.24, 228.19, 227.98, 228.04, 227.98, 227.88, 227.77, 228.09, 228.04, 227.93, 227.98, 228.24, 228.19], "Current": [0.17, 0.17, 0.17, 0.17, 0.17, 0.17, 0.17, 0.17, 0.17, 0.17, 0.17, 0.17, 0.17, 0.17, 0.17], "Real_Power": [26.02, 25.98, 26.05, 25.9, 26.05, 25.79, 26.01, 25.94, 25.83, 26.05, 26.01, 25.86, 26.06, 26.08, 25.89], "Apparent_Power": [38.79, 38.79, 38.8, 38.79, 38.75, 38.76, 38.75, 38.73, 38.72, 38.77, 38.76, 38.74, 38.75, 38.8, 38.79], "Apparent_Power_Reactive": [28.76, 28.8, 28.75, 28.87, 28.68, 28.93, 28.72, 28.75, 28.84, 28.71, 28.73, 28.84, 28.67, 28.72, 28.88], "Power_Factor": [0.67, 0.669, 0.671, 0.667, 0.672, 0.665, 0.671, 0.669, 0.667, 0.671, 0.671, 0.667, 0.672, 0.672, 0.667], "Energy": [0.01, 0.02, 0.04, 0.05, 0.07, 0.08, 0.1, 0.11, 0.13, 0.14, 0.16, 0.17, 0.18, 0.2, 0.21], "Frequency": [49.4, 49.4, 49.42, 49.42, 49.42, 49.41, 49.41, 49.41, 49.4, 49.4, 49.4, 49.4, 49.4, 49.4, 49.38], "Temp_env": []}