{"Start_Time": [1751439593.7851305], "Time": [1751439595.78772, 1751439597.7900236, 1751439599.7927012, 1751439601.7951922, 1751439603.7976978, 1751439605.8000302, 1751439607.802805, 1751439609.805184, 1751439611.8077686, 1751439613.8101695, 1751439615.812814, 1751439617.8152997, 1751439619.8180017, 1751439621.8201692, 1751439623.8223457], "Voltage": [228.87, 228.82, 228.82, 228.45, 228.77, 228.66, 228.51, 228.4, 228.51, 228.61, 228.51, 228.66, 228.72, 228.35, 228.3], "Current": [0.17, 0.17, 0.17, 0.17, 0.17, 0.17, 0.17, 0.18, 0.17, 0.17, 0.17, 0.17, 0.17, 0.17, 0.17], "Real_Power": [26.33, 26.21, 26.34, 26.39, 26.31, 26.24, 26.38, 26.3, 26.2, 26.32, 26.25, 26.17, 26.24, 26.21, 26.28], "Apparent_Power": [38.9, 38.89, 38.89, 38.83, 38.89, 38.87, 38.84, 41.11, 38.84, 38.86, 38.84, 38.87, 38.88, 38.81, 38.81], "Apparent_Power_Reactive": [28.63, 28.73, 28.61, 28.48, 28.63, 28.67, 28.5, 31.59, 28.67, 28.58, 28.62, 28.74, 28.69, 28.62, 28.55], "Power_Factor": [0.676, 0.673, 0.677, 0.679, 0.676, 0.675, 0.679, 0.639, 0.674, 0.677, 0.675, 0.673, 0.674, 0.675, 0.677], "Energy": [0.01, 0.02, 0.04, 0.05, 0.07, 0.08, 0.1, 0.11, 0.13, 0.14, 0.16, 0.17, 0.19, 0.2, 0.22], "Frequency": [49.39, 49.39, 49.39, 49.39, 49.39, 49.39, 49.37, 49.37, 49.37, 49.35, 49.35, 49.35, 49.35, 49.35, 49.35], "Temp_env": []}