{"Start_Time": [1758966088.5655527], "Time": [1758966090.5678082, 1758966092.570892, 1758966094.5737042, 1758966096.5765, 1758966098.579655, 1758966100.5827546, 1758966102.5850053, 1758966104.5877705, 1758966106.590614, 1758966108.5937333, 1758966110.5965075, 1758966112.6066477, 1758966114.6092215, 1758966116.6121697, 1758966118.621866, 1758966120.6239266, 1758966122.6268604, 1758966124.6297674, 1758966126.6326764, 1758966128.635364, 1758966130.6381037, 1758966132.6406868, 1758966134.6430278, 1758966136.652793, 1758966138.6555114, 1758966140.6584024, 1758966142.6683593, 1758966144.671071, 1758966146.6739905, 1758966148.6768787, 1758966150.6794746, 1758966152.6823635, 1758966154.6851184, 1758966156.68816, 1758966158.6913366, 1758966160.701192, 1758966162.7040193, 1758966164.7062738, 1758966166.709355, 1758966168.7122886, 1758966170.7155797, 1758966172.7183006, 1758966174.7204106, 1758966176.7230995, 1758966178.7255971], "Voltage": [229.03, 229.19, 229.08, 229.08, 229.35, 229.14, 229.03, 229.19, 229.24, 229.24, 229.35, 229.29, 229.19, 229.24, 229.19, 229.24, 229.03, 228.93, 229.08, 229.08, 229.08, 228.93, 229.08, 229.19, 229.35, 229.19, 229.08, 229.03, 229.24, 229.35, 229.24, 229.24, 229.29, 229.24, 229.19, 229.14, 229.14, 229.19, 229.4, 229.35, 229.29, 229.19, 229.03, 229.4, 229.29], "Current": [0.04, 0.04, 0.04, 0.04, 0.04, 0.04, 0.04, 0.04, 0.04, 0.04, 0.04, 0.04, 0.04, 0.04, 0.04, 0.04, 0.04, 0.04, 0.04, 0.04, 0.04, 0.04, 0.04, 0.04, 0.04, 0.04, 0.04, 0.04, 0.04, 0.04, 0.04, 0.04, 0.04, 0.04, 0.04, 0.04, 0.04, 0.04, 0.04, 0.04, 0.04, 0.04, 0.04, 0.04, 0.04], "Real_Power": [3.9, 3.92, 3.93, 3.91, 4.03, 3.92, 3.96, 3.89, 3.9, 3.87, 3.93, 3.95, 3.91, 3.88, 3.8, 3.87, 3.94, 3.88, 3.94, 3.87, 4.01, 3.79, 3.94, 3.87, 3.93, 3.92, 3.9, 3.99, 3.85, 3.9, 3.9, 3.9, 3.93, 3.87, 3.92, 3.88, 3.98, 3.96, 3.81, 4.0, 4.01, 3.85, 3.83, 3.94, 3.94], "Apparent_Power": [9.16, 9.16, 9.16, 9.16, 9.17, 9.16, 9.16, 9.16, 9.16, 9.16, 9.17, 9.17, 9.16, 9.16, 9.16, 9.16, 9.16, 9.15, 9.16, 9.16, 9.16, 9.15, 9.16, 9.16, 9.17, 9.16, 9.16, 9.16, 9.16, 9.17, 9.16, 9.16, 9.17, 9.16, 9.16, 9.16, 9.16, 9.16, 9.17, 9.17, 9.17, 9.16, 9.16, 9.17, 9.17], "Apparent_Power_Reactive": [8.28, 8.27, 8.27, 8.28, 8.23, 8.27, 8.25, 8.29, 8.28, 8.3, 8.28, 8.27, 8.28, 8.29, 8.33, 8.3, 8.26, 8.28, 8.26, 8.3, 8.23, 8.32, 8.26, 8.3, 8.28, 8.27, 8.28, 8.24, 8.31, 8.29, 8.28, 8.28, 8.28, 8.3, 8.27, 8.29, 8.25, 8.25, 8.34, 8.25, 8.24, 8.31, 8.32, 8.28, 8.28], "Power_Factor": [0.425, 0.427, 0.429, 0.426, 0.439, 0.427, 0.432, 0.424, 0.425, 0.422, 0.428, 0.43, 0.426, 0.423, 0.414, 0.422, 0.43, 0.424, 0.43, 0.422, 0.437, 0.414, 0.43, 0.422, 0.428, 0.427, 0.425, 0.435, 0.42, 0.425, 0.425, 0.425, 0.428, 0.422, 0.427, 0.423, 0.434, 0.432, 0.415, 0.436, 0.437, 0.42, 0.418, 0.429, 0.429], "Energy": [0.0, 0.0, 0.0, 0.0, 0.01, 0.01, 0.01, 0.01, 0.01, 0.02, 0.02, 0.02, 0.02, 0.03, 0.03, 0.03, 0.03, 0.03, 0.04, 0.04, 0.04, 0.04, 0.05, 0.05, 0.05, 0.05, 0.05, 0.06, 0.06, 0.06, 0.06, 0.07, 0.07, 0.07, 0.07, 0.07, 0.08, 0.08, 0.08, 0.08, 0.09, 0.09, 0.09, 0.09, 0.09], "Frequency": [49.42, 49.41, 49.41, 49.41, 49.41, 49.41, 49.41, 49.42, 49.42, 49.42, 49.43, 49.43, 49.43, 49.42, 49.42, 49.42, 49.43, 49.43, 49.43, 49.43, 49.43, 49.43, 49.41, 49.41, 49.41, 49.43, 49.43, 49.43, 49.43, 49.43, 49.43, 49.43, 49.43, 49.43, 49.43, 49.43, 49.43, 49.42, 49.42, 49.42, 49.43, 49.43, 49.43, 49.43, 49.43], "Temp_env": []}