{"Start_Time": [1759129358.0578597], "Time": [1759129360.060294, 1759129362.0633066, 1759129364.0662336, 1759129366.0684774, 1759129368.0710166, 1759129370.0733583, 1759129372.0763094, 1759129374.0785203, 1759129376.081184, 1759129378.0845535, 1759129380.08719, 1759129382.089438, 1759129384.0915897, 1759129386.093553, 1759129388.0955122, 1759129390.0985196, 1759129392.10062, 1759129394.1037772, 1759129396.1062758, 1759129398.1088278, 1759129400.1107874, 1759129402.1134837, 1759129404.1156688, 1759129406.1186805, 1759129408.1215248, 1759129410.1239185, 1759129412.126618, 1759129414.1293747, 1759129416.1322472, 1759129418.1346087, 1759129420.1372473, 1759129422.1401138, 1759129424.1427453, 1759129426.1459394, 1759129428.1480203, 1759129430.1507618, 1759129432.1533356, 1759129434.1562655, 1759129436.1592762, 1759129438.161908, 1759129440.1643066, 1759129442.167004, 1759129444.1697354, 1759129446.17219, 1759129448.174288], "Voltage": [227.72, 227.77, 227.67, 227.77, 227.88, 227.88, 227.88, 227.93, 227.93, 227.88, 228.14, 227.93, 227.83, 228.04, 227.93, 227.83, 227.98, 227.72, 227.93, 227.83, 227.88, 227.83, 227.83, 227.77, 227.88, 227.88, 227.88, 227.88, 227.98, 227.83, 227.51, 227.83, 227.88, 227.72, 227.93, 227.98, 227.88, 227.93, 227.93, 227.83, 227.77, 227.83, 227.83, 227.62, 227.67], "Current": [0.04, 0.04, 0.04, 0.04, 0.04, 0.04, 0.04, 0.04, 0.04, 0.04, 0.04, 0.04, 0.04, 0.04, 0.04, 0.04, 0.04, 0.04, 0.04, 0.04, 0.04, 0.04, 0.04, 0.04, 0.04, 0.04, 0.04, 0.04, 0.04, 0.04, 0.04, 0.04, 0.04, 0.04, 0.04, 0.04, 0.04, 0.04, 0.04, 0.04, 0.04, 0.04, 0.04, 0.04, 0.04], "Real_Power": [4.0, 3.95, 3.9, 4.03, 3.95, 3.98, 3.94, 4.05, 3.82, 3.87, 4.06, 3.95, 4.0, 4.03, 4.0, 3.94, 3.9, 3.97, 3.99, 3.91, 3.91, 3.89, 3.89, 4.02, 4.07, 4.01, 3.97, 4.02, 4.03, 3.86, 3.91, 4.02, 3.9, 3.95, 3.91, 3.98, 4.01, 4.07, 4.03, 3.87, 3.97, 3.95, 4.03, 3.95, 3.96], "Apparent_Power": [9.1, 9.11, 9.1, 9.11, 9.11, 9.11, 9.11, 9.11, 9.11, 9.11, 9.12, 9.11, 9.11, 9.12, 9.11, 9.11, 9.11, 9.1, 9.11, 9.11, 9.11, 9.11, 9.11, 9.11, 9.11, 9.11, 9.11, 9.11, 9.11, 9.11, 9.1, 9.11, 9.11, 9.1, 9.11, 9.11, 9.11, 9.11, 9.11, 9.11, 9.11, 9.11, 9.11, 9.1, 9.1], "Apparent_Power_Reactive": [8.17, 8.2, 8.22, 8.17, 8.2, 8.19, 8.21, 8.16, 8.27, 8.24, 8.16, 8.2, 8.18, 8.18, 8.18, 8.21, 8.23, 8.18, 8.18, 8.22, 8.22, 8.23, 8.23, 8.17, 8.15, 8.17, 8.19, 8.17, 8.17, 8.25, 8.21, 8.17, 8.23, 8.19, 8.22, 8.19, 8.17, 8.15, 8.17, 8.24, 8.19, 8.2, 8.17, 8.19, 8.19], "Power_Factor": [0.439, 0.433, 0.428, 0.442, 0.433, 0.436, 0.432, 0.444, 0.419, 0.424, 0.445, 0.433, 0.439, 0.441, 0.439, 0.432, 0.428, 0.436, 0.437, 0.429, 0.429, 0.427, 0.427, 0.441, 0.446, 0.44, 0.435, 0.441, 0.442, 0.423, 0.429, 0.441, 0.428, 0.434, 0.429, 0.436, 0.44, 0.446, 0.442, 0.424, 0.435, 0.433, 0.442, 0.434, 0.435], "Energy": [0.0, 0.0, 0.0, 0.0, 0.01, 0.01, 0.01, 0.01, 0.02, 0.02, 0.02, 0.02, 0.02, 0.03, 0.03, 0.03, 0.03, 0.04, 0.04, 0.04, 0.04, 0.04, 0.05, 0.05, 0.05, 0.05, 0.06, 0.06, 0.06, 0.06, 0.06, 0.07, 0.07, 0.07, 0.07, 0.08, 0.08, 0.08, 0.08, 0.08, 0.09, 0.09, 0.09, 0.09, 0.1], "Frequency": [49.32, 49.32, 49.33, 49.33, 49.33, 49.34, 49.34, 49.34, 49.34, 49.34, 49.34, 49.35, 49.35, 49.35, 49.39, 49.39, 49.39, 49.38, 49.38, 49.38, 49.35, 49.35, 49.35, 49.34, 49.34, 49.34, 49.35, 49.35, 49.35, 49.34, 49.34, 49.34, 49.34, 49.34, 49.34, 49.33, 49.33, 49.33, 49.33, 49.33, 49.33, 49.33, 49.33, 49.33, 49.33], "Temp_env": []}