{"Start_Time": [1759025004.3216789], "Time": [1759025006.3244586, 1759025008.3274794, 1759025010.330257, 1759025012.3326159, 1759025014.3355243, 1759025016.3387713, 1759025018.3414245, 1759025020.3444686, 1759025022.3473134, 1759025024.3496013, 1759025026.3527331, 1759025028.355316, 1759025030.3576872, 1759025032.3674092, 1759025034.3707197, 1759025036.3739374, 1759025038.3838043, 1759025040.3865945, 1759025042.389555, 1759025044.391759, 1759025046.3945992, 1759025048.3977711, 1759025050.4079652, 1759025052.4108603, 1759025054.413704, 1759025056.4236557, 1759025058.426785, 1759025060.4293284, 1759025062.4395843, 1759025064.4423141, 1759025066.4447992, 1759025068.4471166, 1759025070.449217, 1759025072.4519281, 1759025074.4623497, 1759025076.4651625, 1759025078.4681072, 1759025080.4782434, 1759025082.4808354, 1759025084.4839327, 1759025086.4938931, 1759025088.4962773, 1759025090.4993656, 1759025092.5021846, 1759025094.5052748], "Voltage": [231.76, 231.91, 231.86, 231.91, 231.97, 232.02, 232.02, 231.91, 231.86, 231.91, 231.86, 231.86, 232.02, 231.97, 231.97, 231.86, 231.86, 232.07, 231.91, 232.02, 232.02, 232.02, 231.97, 231.86, 231.97, 231.86, 231.91, 231.91, 231.34, 231.28, 231.44, 231.44, 231.39, 231.34, 231.23, 231.23, 231.28, 231.44, 231.34, 231.23, 231.28, 231.28, 231.28, 231.34, 231.44], "Current": [0.04, 0.03, 0.04, 0.04, 0.04, 0.04, 0.04, 0.04, 0.04, 0.04, 0.04, 0.04, 0.04, 0.04, 0.04, 0.04, 0.04, 0.04, 0.04, 0.04, 0.04, 0.04, 0.04, 0.04, 0.04, 0.04, 0.04, 0.04, 0.04, 0.04, 0.04, 0.04, 0.04, 0.04, 0.04, 0.04, 0.04, 0.04, 0.04, 0.04, 0.04, 0.04, 0.04, 0.04, 0.04], "Real_Power": [3.72, 3.74, 3.79, 3.94, 3.81, 3.92, 3.86, 3.78, 3.86, 3.92, 3.86, 3.82, 3.8, 3.88, 3.81, 3.77, 3.79, 3.96, 3.84, 3.87, 3.83, 3.86, 3.88, 3.98, 3.9, 3.88, 3.85, 3.88, 4.05, 3.77, 3.82, 3.8, 3.82, 3.76, 3.89, 3.85, 3.8, 3.7, 3.74, 3.94, 3.85, 3.75, 3.7, 3.87, 3.82], "Apparent_Power": [9.27, 6.95, 9.27, 9.27, 9.27, 9.28, 9.28, 9.27, 9.27, 9.27, 9.27, 9.27, 9.28, 9.27, 9.27, 9.27, 9.27, 9.28, 9.27, 9.28, 9.28, 9.28, 9.27, 9.27, 9.27, 9.27, 9.27, 9.27, 9.25, 9.25, 9.25, 9.25, 9.25, 9.25, 9.24, 9.24, 9.25, 9.25, 9.25, 9.24, 9.25, 9.25, 9.25, 9.25, 9.25], "Apparent_Power_Reactive": [8.49, 5.85, 8.45, 8.39, 8.45, 8.41, 8.43, 8.46, 8.42, 8.4, 8.42, 8.44, 8.46, 8.41, 8.45, 8.46, 8.45, 8.39, 8.43, 8.43, 8.45, 8.43, 8.41, 8.37, 8.4, 8.41, 8.43, 8.41, 8.31, 8.44, 8.42, 8.43, 8.42, 8.45, 8.38, 8.39, 8.43, 8.47, 8.46, 8.35, 8.41, 8.45, 8.47, 8.4, 8.42], "Power_Factor": [0.401, 0.538, 0.408, 0.425, 0.411, 0.422, 0.415, 0.407, 0.416, 0.422, 0.416, 0.412, 0.409, 0.418, 0.411, 0.406, 0.408, 0.426, 0.414, 0.417, 0.412, 0.415, 0.418, 0.429, 0.42, 0.418, 0.415, 0.418, 0.437, 0.407, 0.412, 0.41, 0.412, 0.406, 0.42, 0.416, 0.41, 0.4, 0.404, 0.426, 0.416, 0.405, 0.4, 0.418, 0.412], "Energy": [0.0, 0.0, 0.0, 0.0, 0.01, 0.01, 0.01, 0.01, 0.01, 0.02, 0.02, 0.02, 0.02, 0.03, 0.03, 0.03, 0.03, 0.03, 0.04, 0.04, 0.04, 0.04, 0.04, 0.05, 0.05, 0.05, 0.05, 0.06, 0.06, 0.06, 0.06, 0.06, 0.07, 0.07, 0.07, 0.07, 0.08, 0.08, 0.08, 0.08, 0.08, 0.09, 0.09, 0.09, 0.09], "Frequency": [49.37, 49.37, 49.35, 49.35, 49.35, 49.36, 49.36, 49.36, 49.35, 49.35, 49.35, 49.37, 49.37, 49.37, 49.39, 49.39, 49.39, 49.39, 49.39, 49.39, 49.4, 49.4, 49.4, 49.4, 49.4, 49.4, 49.39, 49.39, 49.39, 49.37, 49.37, 49.37, 49.39, 49.39, 49.39, 49.39, 49.39, 49.39, 49.39, 49.39, 49.39, 49.39, 49.39, 49.39, 49.39], "Temp_env": []}