{"Start_Time": [1759104341.4898176], "Time": [1759104343.4934027, 1759104345.4962542, 1759104347.4990585, 1759104349.5019765, 1759104351.5041718, 1759104353.5068965, 1759104355.5092688, 1759104357.5193248, 1759104359.5218215, 1759104361.52427, 1759104363.5271657, 1759104365.5300305, 1759104367.5330875, 1759104369.5434573, 1759104371.5463276, 1759104373.5493534, 1759104375.55905, 1759104377.5613647, 1759104379.5640235, 1759104381.573586, 1759104383.5764883, 1759104385.579421, 1759104387.5822532, 1759104389.5845196, 1759104391.5872648, 1759104393.5971448, 1759104395.5994842, 1759104397.6014879, 1759104399.6114032, 1759104401.613612, 1759104403.6165695, 1759104405.6195536, 1759104407.6223135, 1759104409.6246283, 1759104411.627514, 1759104413.630601, 1759104415.6337552, 1759104417.6435862, 1759104419.6466389, 1759104421.6495028, 1759104423.6594176, 1759104425.6617823, 1759104427.6644218, 1759104429.6672158, 1759104431.6700616], "Voltage": [232.54, 232.49, 232.49, 232.49, 232.44, 232.28, 232.49, 232.44, 232.44, 232.44, 232.38, 232.44, 232.44, 232.44, 232.38, 232.33, 232.54, 232.38, 232.44, 232.54, 232.44, 232.54, 232.44, 232.38, 232.44, 232.33, 232.44, 232.44, 232.38, 232.38, 232.38, 232.33, 232.33, 232.33, 232.38, 232.44, 232.44, 232.33, 232.28, 232.33, 232.33, 232.44, 232.38, 232.38, 232.49], "Current": [0.03, 0.03, 0.04, 0.03, 0.03, 0.03, 0.03, 0.04, 0.03, 0.03, 0.04, 0.04, 0.03, 0.03, 0.03, 0.03, 0.03, 0.03, 0.03, 0.03, 0.03, 0.03, 0.03, 0.03, 0.03, 0.03, 0.03, 0.03, 0.03, 0.03, 0.03, 0.03, 0.03, 0.03, 0.03, 0.03, 0.03, 0.03, 0.04, 0.03, 0.03, 0.03, 0.03, 0.03, 0.03], "Real_Power": [3.76, 3.89, 3.95, 3.94, 3.88, 3.77, 3.99, 3.95, 3.81, 3.95, 3.95, 3.88, 3.88, 3.84, 3.81, 3.84, 3.85, 3.86, 3.81, 3.92, 3.84, 3.94, 3.85, 3.89, 3.86, 3.87, 3.88, 3.87, 3.77, 3.85, 3.89, 3.79, 3.93, 3.91, 3.87, 3.94, 3.92, 3.93, 3.87, 3.84, 3.89, 3.89, 3.86, 3.89, 3.9], "Apparent_Power": [6.97, 6.97, 9.29, 6.97, 6.97, 6.96, 6.97, 9.29, 6.97, 6.97, 9.29, 9.29, 6.97, 6.97, 6.97, 6.96, 6.97, 6.97, 6.97, 6.97, 6.97, 6.97, 6.97, 6.97, 6.97, 6.96, 6.97, 6.97, 6.97, 6.97, 6.97, 6.96, 6.96, 6.96, 6.97, 6.97, 6.97, 6.96, 9.29, 6.96, 6.96, 6.97, 6.97, 6.97, 6.97], "Apparent_Power_Reactive": [5.86, 5.78, 8.4, 5.74, 5.79, 5.85, 5.71, 8.4, 5.83, 5.74, 8.4, 8.44, 5.79, 5.81, 5.83, 5.8, 5.81, 5.8, 5.83, 5.76, 5.81, 5.74, 5.81, 5.78, 5.8, 5.78, 5.79, 5.79, 5.86, 5.81, 5.78, 5.83, 5.74, 5.75, 5.79, 5.74, 5.76, 5.74, 8.44, 5.8, 5.77, 5.78, 5.8, 5.78, 5.77], "Power_Factor": [0.539, 0.558, 0.425, 0.565, 0.556, 0.541, 0.572, 0.425, 0.546, 0.566, 0.425, 0.417, 0.556, 0.55, 0.546, 0.551, 0.552, 0.553, 0.546, 0.562, 0.55, 0.565, 0.552, 0.558, 0.553, 0.556, 0.556, 0.555, 0.54, 0.552, 0.558, 0.544, 0.564, 0.561, 0.555, 0.565, 0.562, 0.564, 0.416, 0.551, 0.558, 0.558, 0.553, 0.558, 0.559], "Energy": [0.0, 0.0, 0.0, 0.0, 0.01, 0.01, 0.01, 0.01, 0.01, 0.02, 0.02, 0.02, 0.02, 0.03, 0.03, 0.03, 0.03, 0.03, 0.04, 0.04, 0.04, 0.04, 0.05, 0.05, 0.05, 0.05, 0.05, 0.06, 0.06, 0.06, 0.06, 0.06, 0.07, 0.07, 0.07, 0.07, 0.08, 0.08, 0.08, 0.08, 0.08, 0.09, 0.09, 0.09, 0.09], "Frequency": [49.38, 49.38, 49.38, 49.38, 49.36, 49.36, 49.36, 49.37, 49.37, 49.37, 49.37, 49.37, 49.37, 49.36, 49.36, 49.36, 49.37, 49.37, 49.37, 49.37, 49.37, 49.37, 49.38, 49.38, 49.38, 49.37, 49.37, 49.37, 49.39, 49.39, 49.39, 49.38, 49.38, 49.38, 49.38, 49.38, 49.38, 49.39, 49.39, 49.39, 49.38, 49.38, 49.38, 49.39, 49.39], "Temp_env": []}