{"Start_Time": [1758658945.434097], "Time": [1758658947.4366877, 1758658949.439558, 1758658951.4427266, 1758658953.4453228, 1758658955.4546092, 1758658957.45745, 1758658959.4604301, 1758658961.4703376, 1758658963.4732277, 1758658965.4755185, 1758658967.477757, 1758658969.4802873, 1758658971.4825282, 1758658973.4924471, 1758658975.495133, 1758658977.4975445, 1758658979.5075111, 1758658981.5104463, 1758658983.5133374, 1758658985.5165012, 1758658987.5192041, 1758658989.522528, 1758658991.5252132, 1758658993.5275028, 1758658995.530415, 1758658997.5405107, 1758658999.5431592, 1758659001.54543, 1758659003.5553875, 1758659005.5583086, 1758659007.5613854, 1758659009.5643904, 1758659011.567163, 1758659013.5699983, 1758659015.574363, 1758659017.577512, 1758659019.5802302, 1758659021.590146, 1758659023.5929387, 1758659025.595297, 1758659027.605014, 1758659029.6074471, 1758659031.6101558, 1758659033.613091, 1758659035.6151578], "Voltage": [230.08, 230.29, 230.18, 230.24, 230.03, 230.08, 230.24, 230.18, 230.08, 231.13, 231.23, 231.28, 231.28, 231.34, 231.39, 231.39, 231.23, 231.28, 231.23, 231.39, 231.49, 231.49, 231.49, 231.49, 231.34, 231.39, 231.49, 231.23, 231.28, 231.23, 231.18, 231.13, 231.18, 231.28, 231.28, 231.23, 231.13, 231.18, 231.13, 231.39, 231.23, 231.23, 231.13, 231.23, 231.28], "Current": [0.04, 0.04, 0.04, 0.04, 0.04, 0.04, 0.04, 0.04, 0.04, 0.04, 0.04, 0.04, 0.04, 0.04, 0.04, 0.04, 0.04, 0.04, 0.04, 0.04, 0.04, 0.04, 0.04, 0.03, 0.04, 0.04, 0.04, 0.04, 0.03, 0.04, 0.04, 0.04, 0.03, 0.03, 0.04, 0.04, 0.04, 0.03, 0.03, 0.04, 0.04, 0.04, 0.04, 0.04, 0.03], "Real_Power": [3.96, 3.92, 4.02, 4.0, 3.97, 3.88, 3.97, 4.05, 4.04, 3.91, 3.83, 4.0, 3.91, 3.97, 4.0, 3.99, 3.95, 3.91, 3.95, 3.95, 3.92, 3.96, 3.96, 3.88, 4.04, 3.97, 3.9, 3.97, 3.83, 3.91, 3.94, 3.97, 3.98, 3.93, 3.92, 3.96, 3.98, 3.94, 3.92, 3.86, 3.88, 3.84, 3.9, 3.9, 3.93], "Apparent_Power": [9.2, 9.21, 9.2, 9.2, 9.2, 9.2, 9.2, 9.2, 9.2, 9.24, 9.24, 9.25, 9.25, 9.25, 9.25, 9.25, 9.24, 9.25, 9.24, 9.25, 9.25, 9.25, 9.25, 6.94, 9.25, 9.25, 9.25, 9.24, 6.93, 9.24, 9.24, 9.24, 6.93, 6.93, 9.25, 9.24, 9.24, 6.93, 6.93, 9.25, 9.24, 9.24, 9.24, 9.24, 6.93], "Apparent_Power_Reactive": [8.3, 8.33, 8.27, 8.28, 8.29, 8.34, 8.29, 8.26, 8.26, 8.37, 8.4, 8.34, 8.38, 8.35, 8.34, 8.34, 8.35, 8.38, 8.35, 8.36, 8.37, 8.35, 8.35, 5.75, 8.32, 8.35, 8.38, 8.34, 5.77, 8.37, 8.35, 8.34, 5.67, 5.7, 8.37, 8.34, 8.33, 5.7, 5.71, 8.4, 8.38, 8.4, 8.37, 8.37, 5.7], "Power_Factor": [0.43, 0.425, 0.436, 0.434, 0.431, 0.421, 0.431, 0.44, 0.439, 0.423, 0.414, 0.432, 0.422, 0.429, 0.432, 0.431, 0.427, 0.422, 0.427, 0.427, 0.423, 0.428, 0.428, 0.559, 0.436, 0.429, 0.421, 0.429, 0.552, 0.423, 0.426, 0.429, 0.574, 0.567, 0.423, 0.428, 0.43, 0.568, 0.565, 0.417, 0.419, 0.415, 0.422, 0.422, 0.567], "Energy": [0.0, 0.0, 0.0, 0.0, 0.01, 0.01, 0.01, 0.01, 0.01, 0.02, 0.02, 0.02, 0.02, 0.03, 0.03, 0.03, 0.03, 0.03, 0.04, 0.04, 0.04, 0.04, 0.05, 0.05, 0.05, 0.05, 0.05, 0.06, 0.06, 0.06, 0.06, 0.07, 0.07, 0.07, 0.07, 0.07, 0.08, 0.08, 0.08, 0.08, 0.09, 0.09, 0.09, 0.09, 0.09], "Frequency": [49.42, 49.42, 49.42, 49.44, 49.44, 49.44, 49.45, 49.45, 49.45, 49.43, 49.43, 49.43, 49.42, 49.42, 49.42, 49.41, 49.41, 49.41, 49.39, 49.39, 49.39, 49.4, 49.4, 49.4, 49.39, 49.39, 49.39, 49.42, 49.42, 49.42, 49.41, 49.41, 49.41, 49.41, 49.41, 49.41, 49.4, 49.4, 49.4, 49.39, 49.39, 49.39, 49.41, 49.41, 49.41], "Temp_env": []}