{"Start_Time": [1758900228.5495143], "Time": [1758900230.5526466, 1758900232.5554612, 1758900234.5653038, 1758900236.5676465, 1758900238.5695722, 1758900240.5794072, 1758900242.5816267, 1758900244.5846226, 1758900246.5876904, 1758900248.5905347, 1758900250.5928173, 1758900252.5955331, 1758900254.5976875, 1758900256.6007054, 1758900258.61106, 1758900260.6139088, 1758900262.6165793, 1758900264.6265824, 1758900266.6288579, 1758900268.6316183, 1758900270.633895, 1758900272.6366315, 1758900274.6389902, 1758900276.6416922, 1758900278.6439612, 1758900280.6467052, 1758900282.65664, 1758900284.6589434, 1758900286.662029, 1758900288.665029, 1758900290.6676958, 1758900292.6700099, 1758900294.672126, 1758900296.675293, 1758900298.6781588, 1758900300.6877341, 1758900302.6901236, 1758900304.6929483, 1758900306.7029872, 1758900308.705244, 1758900310.7083383, 1758900312.7112956, 1758900314.7142923, 1758900316.7171047, 1758900318.7192624], "Voltage": [230.81, 230.81, 230.97, 231.02, 231.02, 230.97, 231.07, 231.02, 230.92, 231.07, 231.02, 230.97, 230.97, 231.13, 231.02, 231.07, 231.07, 231.07, 231.07, 231.13, 231.07, 231.07, 231.18, 231.23, 231.02, 231.07, 230.97, 230.97, 231.02, 230.97, 230.97, 230.92, 230.92, 230.76, 231.02, 230.97, 230.97, 231.13, 230.97, 231.13, 231.07, 231.07, 231.13, 230.97, 230.86], "Current": [0.04, 0.04, 0.04, 0.04, 0.04, 0.04, 0.04, 0.04, 0.04, 0.04, 0.04, 0.04, 0.04, 0.04, 0.04, 0.04, 0.04, 0.04, 0.04, 0.04, 0.04, 0.04, 0.04, 0.04, 0.04, 0.04, 0.04, 0.04, 0.04, 0.04, 0.04, 0.04, 0.04, 0.04, 0.04, 0.04, 0.04, 0.04, 0.04, 0.04, 0.04, 0.04, 0.04, 0.04, 0.04], "Real_Power": [4.03, 4.02, 3.94, 3.97, 3.98, 3.96, 3.92, 3.98, 3.97, 3.91, 4.0, 3.96, 3.97, 3.96, 3.92, 4.07, 4.05, 3.97, 3.99, 3.98, 3.97, 3.94, 3.95, 3.93, 3.94, 4.03, 3.98, 4.01, 3.91, 3.92, 3.95, 4.0, 3.99, 4.03, 4.17, 3.89, 4.01, 3.98, 4.01, 4.05, 3.89, 3.92, 3.99, 3.91, 3.89], "Apparent_Power": [9.23, 9.23, 9.23, 9.24, 9.24, 9.23, 9.24, 9.24, 9.23, 9.24, 9.24, 9.23, 9.23, 9.24, 9.24, 9.24, 9.24, 9.24, 9.24, 9.24, 9.24, 9.24, 9.24, 9.24, 9.24, 9.24, 9.23, 9.23, 9.24, 9.23, 9.23, 9.23, 9.23, 9.23, 9.24, 9.23, 9.23, 9.24, 9.23, 9.24, 9.24, 9.24, 9.24, 9.23, 9.23], "Apparent_Power_Reactive": [8.3, 8.3, 8.34, 8.34, 8.33, 8.33, 8.36, 8.33, 8.33, 8.37, 8.32, 8.33, 8.33, 8.34, 8.36, 8.29, 8.3, 8.34, 8.33, 8.33, 8.34, 8.35, 8.35, 8.36, 8.35, 8.31, 8.32, 8.31, 8.37, 8.35, 8.34, 8.31, 8.32, 8.3, 8.24, 8.37, 8.31, 8.33, 8.31, 8.3, 8.38, 8.36, 8.33, 8.36, 8.37], "Power_Factor": [0.436, 0.435, 0.426, 0.429, 0.43, 0.429, 0.424, 0.43, 0.43, 0.423, 0.432, 0.429, 0.43, 0.428, 0.424, 0.44, 0.438, 0.429, 0.431, 0.43, 0.429, 0.426, 0.427, 0.425, 0.426, 0.436, 0.431, 0.434, 0.423, 0.424, 0.427, 0.433, 0.432, 0.436, 0.451, 0.421, 0.434, 0.43, 0.434, 0.438, 0.42, 0.424, 0.431, 0.423, 0.421], "Energy": [0.0, 0.0, 0.0, 0.0, 0.01, 0.01, 0.01, 0.01, 0.02, 0.02, 0.02, 0.02, 0.02, 0.03, 0.03, 0.03, 0.03, 0.04, 0.04, 0.04, 0.04, 0.04, 0.05, 0.05, 0.05, 0.05, 0.06, 0.06, 0.06, 0.06, 0.06, 0.07, 0.07, 0.07, 0.07, 0.08, 0.08, 0.08, 0.08, 0.08, 0.09, 0.09, 0.09, 0.09, 0.1], "Frequency": [49.35, 49.35, 49.35, 49.35, 49.35, 49.35, 49.35, 49.35, 49.35, 49.35, 49.35, 49.35, 49.35, 49.35, 49.35, 49.35, 49.35, 49.35, 49.36, 49.36, 49.36, 49.38, 49.38, 49.38, 49.36, 49.36, 49.36, 49.37, 49.37, 49.37, 49.37, 49.37, 49.37, 49.36, 49.36, 49.36, 49.36, 49.36, 49.36, 49.36, 49.36, 49.36, 49.35, 49.35, 49.35], "Temp_env": []}