{"Start_Time": [1759290506.0664668], "Time": [1759290508.068838, 1759290510.0718515, 1759290512.074708, 1759290514.0775542, 1759290516.0797648, 1759290518.0826168, 1759290520.085192, 1759290522.0880032, 1759290524.091232, 1759290526.0938606, 1759290528.0960395, 1759290530.0989208, 1759290532.1012733, 1759290534.1032019, 1759290536.105169, 1759290538.1088696, 1759290540.1117709, 1759290542.1142638, 1759290544.1169715, 1759290546.1193113, 1759290548.1216023, 1759290550.12433, 1759290552.1264732, 1759290554.1294641, 1759290556.1317046, 1759290558.1342638, 1759290560.1364052, 1759290562.1394863, 1759290564.1425316, 1759290566.145505, 1759290568.1485703, 1759290570.1515763, 1759290572.1546147, 1759290574.157682, 1759290576.1604218, 1759290578.1626594, 1759290580.165623, 1759290582.1689074, 1759290584.1717849, 1759290586.1748114, 1759290588.1776288, 1759290590.180706, 1759290592.183251, 1759290594.1861155, 1759290596.1887286], "Voltage": [229.4, 229.45, 229.5, 229.45, 229.5, 229.55, 229.5, 229.5, 229.66, 229.45, 229.55, 229.61, 229.61, 229.55, 229.45, 229.5, 229.45, 229.5, 229.5, 229.61, 229.45, 229.55, 229.5, 229.5, 229.45, 229.35, 229.5, 229.45, 229.45, 229.55, 229.5, 229.5, 229.55, 229.5, 229.35, 229.4, 229.4, 229.4, 229.35, 229.24, 229.19, 229.35, 229.29, 229.35, 229.35], "Current": [0.04, 0.04, 0.04, 0.04, 0.04, 0.04, 0.04, 0.04, 0.04, 0.04, 0.04, 0.04, 0.04, 0.04, 0.04, 0.04, 0.04, 0.04, 0.04, 0.04, 0.04, 0.04, 0.04, 0.04, 0.04, 0.04, 0.04, 0.04, 0.04, 0.04, 0.04, 0.04, 0.04, 0.04, 0.04, 0.04, 0.04, 0.04, 0.04, 0.04, 0.04, 0.04, 0.04, 0.04, 0.04], "Real_Power": [3.84, 3.93, 3.81, 3.85, 3.9, 3.91, 3.89, 3.88, 3.93, 3.94, 4.04, 3.9, 3.99, 3.91, 3.92, 3.97, 3.82, 3.92, 3.82, 3.93, 3.87, 3.91, 3.94, 3.91, 3.98, 3.84, 3.88, 3.99, 3.92, 4.02, 3.92, 3.96, 3.91, 3.93, 3.95, 3.95, 3.91, 3.99, 3.94, 3.89, 3.97, 4.0, 3.95, 4.0, 3.88], "Apparent_Power": [9.17, 9.17, 9.18, 9.17, 9.18, 9.18, 9.18, 9.18, 9.18, 9.17, 9.18, 9.18, 9.18, 9.18, 9.17, 9.18, 9.17, 9.18, 9.18, 9.18, 9.17, 9.18, 9.18, 9.18, 9.17, 9.17, 9.18, 9.17, 9.17, 9.18, 9.18, 9.18, 9.18, 9.18, 9.17, 9.17, 9.17, 9.17, 9.17, 9.16, 9.16, 9.17, 9.17, 9.17, 9.17], "Apparent_Power_Reactive": [8.32, 8.28, 8.35, 8.32, 8.31, 8.3, 8.31, 8.31, 8.29, 8.28, 8.24, 8.31, 8.26, 8.3, 8.28, 8.27, 8.33, 8.3, 8.34, 8.29, 8.31, 8.3, 8.29, 8.3, 8.26, 8.32, 8.31, 8.25, 8.28, 8.25, 8.3, 8.28, 8.3, 8.29, 8.27, 8.27, 8.29, 8.25, 8.28, 8.29, 8.25, 8.25, 8.27, 8.25, 8.3], "Power_Factor": [0.418, 0.428, 0.415, 0.419, 0.424, 0.425, 0.423, 0.422, 0.428, 0.429, 0.44, 0.424, 0.434, 0.425, 0.427, 0.432, 0.416, 0.427, 0.416, 0.428, 0.422, 0.425, 0.429, 0.425, 0.434, 0.418, 0.422, 0.435, 0.427, 0.437, 0.427, 0.431, 0.425, 0.428, 0.43, 0.43, 0.426, 0.435, 0.429, 0.424, 0.433, 0.436, 0.43, 0.436, 0.423], "Energy": [0.0, 0.0, 0.0, 0.0, 0.01, 0.01, 0.01, 0.01, 0.01, 0.02, 0.02, 0.02, 0.02, 0.03, 0.03, 0.03, 0.03, 0.03, 0.04, 0.04, 0.04, 0.04, 0.05, 0.05, 0.05, 0.05, 0.05, 0.06, 0.06, 0.06, 0.06, 0.07, 0.07, 0.07, 0.07, 0.07, 0.08, 0.08, 0.08, 0.08, 0.09, 0.09, 0.09, 0.09, 0.09], "Frequency": [49.37, 49.38, 49.38, 49.38, 49.36, 49.36, 49.36, 49.37, 49.37, 49.37, 49.37, 49.37, 49.37, 49.38, 49.38, 49.38, 49.38, 49.38, 49.38, 49.39, 49.39, 49.39, 49.39, 49.39, 49.39, 49.38, 49.38, 49.38, 49.38, 49.38, 49.38, 49.38, 49.38, 49.38, 49.38, 49.38, 49.38, 49.38, 49.38, 49.38, 49.37, 49.37, 49.37, 49.37, 49.37], "Temp_env": []}