{"Start_Time": [1758695807.0177674], "Time": [1758695809.0204957, 1758695811.023655, 1758695813.026571, 1758695815.0295618, 1758695817.0315983, 1758695819.0345063, 1758695821.0373642, 1758695823.0404618, 1758695825.0434856, 1758695827.0461566, 1758695829.048484, 1758695831.0513606, 1758695833.053438, 1758695835.056326, 1758695837.0597363, 1758695839.0622654, 1758695841.0653636, 1758695843.0681245, 1758695845.0704038, 1758695847.073356, 1758695849.0759897, 1758695851.0783248, 1758695853.0812902, 1758695855.0842588, 1758695857.08631, 1758695859.0891252, 1758695861.09188, 1758695863.0942304, 1758695865.0972047, 1758695867.0998716, 1758695869.1021996, 1758695871.1048746, 1758695873.1077502, 1758695875.109968, 1758695877.113144, 1758695879.1160707, 1758695881.118899, 1758695883.121681, 1758695885.124647, 1758695887.1272414, 1758695889.1300764, 1758695891.132785, 1758695893.1347988, 1758695895.1376176, 1758695897.1406195], "Voltage": [230.03, 230.03, 229.97, 229.97, 230.03, 229.87, 230.03, 229.97, 229.97, 230.18, 230.03, 230.03, 230.08, 229.97, 229.87, 229.97, 229.92, 229.87, 229.82, 229.92, 229.82, 229.82, 228.82, 228.87, 228.87, 228.77, 228.98, 228.72, 228.93, 228.93, 228.82, 228.82, 228.87, 228.87, 228.82, 228.72, 228.93, 228.82, 228.82, 228.82, 228.77, 228.77, 228.77, 228.72, 228.87], "Current": [0.04, 0.04, 0.04, 0.04, 0.04, 0.04, 0.04, 0.04, 0.04, 0.04, 0.04, 0.04, 0.04, 0.04, 0.04, 0.04, 0.04, 0.04, 0.04, 0.04, 0.04, 0.04, 0.04, 0.04, 0.04, 0.04, 0.04, 0.04, 0.04, 0.04, 0.04, 0.04, 0.04, 0.04, 0.04, 0.04, 0.04, 0.04, 0.04, 0.04, 0.04, 0.04, 0.04, 0.04, 0.04], "Real_Power": [4.06, 3.93, 4.05, 3.93, 3.91, 3.92, 3.99, 4.0, 4.01, 3.84, 3.9, 3.98, 4.1, 3.97, 3.96, 4.03, 3.94, 3.9, 3.88, 3.92, 4.0, 4.0, 3.89, 3.92, 3.97, 3.9, 4.05, 4.04, 4.06, 3.93, 3.98, 3.89, 4.05, 3.91, 3.97, 3.94, 3.88, 3.88, 3.86, 4.05, 4.06, 3.99, 4.0, 3.84, 3.97], "Apparent_Power": [9.2, 9.2, 9.19, 9.19, 9.2, 9.19, 9.2, 9.19, 9.19, 9.2, 9.2, 9.2, 9.2, 9.19, 9.19, 9.19, 9.19, 9.19, 9.19, 9.19, 9.19, 9.19, 9.15, 9.15, 9.15, 9.15, 9.15, 9.14, 9.15, 9.15, 9.15, 9.15, 9.15, 9.15, 9.15, 9.14, 9.15, 9.15, 9.15, 9.15, 9.15, 9.15, 9.15, 9.14, 9.15], "Apparent_Power_Reactive": [8.25, 8.31, 8.24, 8.3, 8.32, 8.31, 8.28, 8.27, 8.26, 8.36, 8.33, 8.29, 8.23, 8.28, 8.29, 8.25, 8.3, 8.32, 8.33, 8.31, 8.27, 8.27, 8.28, 8.26, 8.24, 8.27, 8.2, 8.19, 8.19, 8.26, 8.23, 8.28, 8.2, 8.27, 8.24, 8.24, 8.28, 8.28, 8.29, 8.2, 8.19, 8.23, 8.22, 8.29, 8.24], "Power_Factor": [0.441, 0.427, 0.44, 0.427, 0.425, 0.426, 0.433, 0.435, 0.436, 0.417, 0.423, 0.432, 0.445, 0.431, 0.43, 0.438, 0.428, 0.424, 0.422, 0.426, 0.435, 0.435, 0.425, 0.428, 0.433, 0.426, 0.442, 0.442, 0.443, 0.429, 0.434, 0.425, 0.442, 0.427, 0.433, 0.431, 0.424, 0.424, 0.421, 0.442, 0.443, 0.436, 0.437, 0.42, 0.433], "Energy": [0.0, 0.0, 0.0, 0.0, 0.01, 0.01, 0.01, 0.01, 0.01, 0.02, 0.02, 0.02, 0.02, 0.03, 0.03, 0.03, 0.03, 0.03, 0.04, 0.04, 0.04, 0.04, 0.05, 0.05, 0.05, 0.05, 0.05, 0.06, 0.06, 0.06, 0.06, 0.07, 0.07, 0.07, 0.07, 0.07, 0.08, 0.08, 0.08, 0.08, 0.09, 0.09, 0.09, 0.09, 0.09], "Frequency": [49.43, 49.41, 49.41, 49.41, 49.41, 49.41, 49.41, 49.4, 49.4, 49.4, 49.39, 49.39, 49.39, 49.4, 49.4, 49.4, 49.41, 49.41, 49.41, 49.4, 49.4, 49.4, 49.39, 49.39, 49.39, 49.41, 49.41, 49.41, 49.4, 49.4, 49.4, 49.4, 49.4, 49.4, 49.41, 49.41, 49.41, 49.41, 49.41, 49.41, 49.42, 49.42, 49.42, 49.41, 49.41], "Temp_env": []}