{"Start_Time": [1759016121.7093885], "Time": [1759016123.7126713, 1759016125.7155812, 1759016127.7181792, 1759016129.7205591, 1759016131.7232046, 1759016133.7256021, 1759016135.7286248, 1759016137.731529, 1759016139.734535, 1759016141.7372634, 1759016143.739607, 1759016145.7499213, 1759016147.7528024, 1759016149.7554717, 1759016151.7585464, 1759016153.7606962, 1759016155.7633917, 1759016157.7660482, 1759016159.7689044, 1759016161.7714677, 1759016163.773731, 1759016165.7756991, 1759016167.778551, 1759016169.7811987, 1759016171.7840402, 1759016173.7868881, 1759016175.7890284, 1759016177.7916858, 1759016179.79458, 1759016181.7973228, 1759016183.7996757, 1759016185.8020346, 1759016187.804714, 1759016189.8070936, 1759016191.8100746, 1759016193.81292, 1759016195.8149862, 1759016197.8170426, 1759016199.8200202, 1759016201.8232915, 1759016203.826035, 1759016205.8289235, 1759016207.8318448, 1759016209.834076, 1759016211.844171], "Voltage": [231.65, 231.55, 231.6, 231.6, 231.55, 231.55, 231.44, 231.55, 231.55, 231.55, 231.49, 231.6, 231.44, 231.49, 231.6, 231.65, 231.7, 231.6, 231.49, 231.55, 231.49, 231.49, 231.55, 231.6, 231.44, 231.39, 231.28, 231.34, 231.34, 231.44, 231.44, 231.49, 231.39, 231.49, 231.44, 231.44, 231.44, 231.49, 231.49, 231.34, 231.39, 231.49, 231.34, 231.49, 231.39], "Current": [0.03, 0.04, 0.04, 0.03, 0.04, 0.03, 0.04, 0.03, 0.04, 0.04, 0.04, 0.04, 0.04, 0.04, 0.04, 0.04, 0.03, 0.04, 0.04, 0.03, 0.04, 0.04, 0.04, 0.03, 0.04, 0.04, 0.03, 0.04, 0.04, 0.04, 0.04, 0.04, 0.04, 0.04, 0.03, 0.04, 0.04, 0.04, 0.03, 0.04, 0.04, 0.04, 0.04, 0.03, 0.03], "Real_Power": [3.67, 3.8, 3.81, 3.84, 3.82, 3.7, 3.85, 3.75, 3.77, 3.9, 3.87, 3.84, 3.82, 3.88, 3.8, 3.85, 3.79, 3.83, 3.78, 3.77, 3.84, 3.89, 3.86, 3.78, 3.84, 3.76, 3.75, 3.85, 3.89, 3.78, 3.88, 3.85, 3.81, 3.81, 3.82, 3.79, 3.95, 3.91, 3.8, 3.88, 3.85, 3.8, 3.87, 3.79, 3.7], "Apparent_Power": [6.94, 9.26, 9.26, 6.94, 9.26, 6.94, 9.25, 6.94, 9.26, 9.26, 9.25, 9.26, 9.25, 9.25, 9.26, 9.26, 6.95, 9.26, 9.25, 6.94, 9.25, 9.25, 9.26, 6.94, 9.25, 9.25, 6.93, 9.25, 9.25, 9.25, 9.25, 9.25, 9.25, 9.25, 6.94, 9.25, 9.25, 9.25, 6.94, 9.25, 9.25, 9.25, 9.25, 6.94, 6.94], "Apparent_Power_Reactive": [5.89, 8.44, 8.43, 5.78, 8.43, 5.87, 8.41, 5.83, 8.45, 8.39, 8.4, 8.42, 8.42, 8.39, 8.44, 8.42, 5.82, 8.43, 8.44, 5.82, 8.41, 8.39, 8.41, 5.82, 8.41, 8.45, 5.82, 8.41, 8.39, 8.44, 8.39, 8.41, 8.42, 8.42, 5.79, 8.43, 8.36, 8.38, 5.8, 8.39, 8.41, 8.43, 8.4, 5.81, 5.87], "Power_Factor": [0.528, 0.41, 0.411, 0.553, 0.412, 0.533, 0.416, 0.54, 0.407, 0.421, 0.418, 0.414, 0.412, 0.419, 0.41, 0.415, 0.545, 0.413, 0.408, 0.543, 0.415, 0.42, 0.416, 0.544, 0.415, 0.406, 0.541, 0.416, 0.42, 0.408, 0.419, 0.416, 0.411, 0.411, 0.55, 0.409, 0.427, 0.422, 0.547, 0.419, 0.416, 0.41, 0.418, 0.546, 0.533], "Energy": [0.0, 0.0, 0.0, 0.0, 0.01, 0.01, 0.01, 0.01, 0.01, 0.02, 0.02, 0.02, 0.02, 0.03, 0.03, 0.03, 0.03, 0.03, 0.04, 0.04, 0.04, 0.04, 0.04, 0.05, 0.05, 0.05, 0.05, 0.06, 0.06, 0.06, 0.06, 0.06, 0.07, 0.07, 0.07, 0.07, 0.08, 0.08, 0.08, 0.08, 0.08, 0.09, 0.09, 0.09, 0.09], "Frequency": [49.39, 49.39, 49.39, 49.39, 49.39, 49.39, 49.38, 49.38, 49.38, 49.38, 49.38, 49.38, 49.38, 49.38, 49.38, 49.38, 49.38, 49.38, 49.39, 49.39, 49.39, 49.37, 49.37, 49.37, 49.37, 49.37, 49.37, 49.37, 49.37, 49.37, 49.38, 49.38, 49.38, 49.38, 49.38, 49.38, 49.38, 49.38, 49.38, 49.37, 49.37, 49.37, 49.38, 49.38, 49.38], "Temp_env": []}