{"Start_Time": [1759281826.7779617], "Time": [1759281828.7804255, 1759281830.7831688, 1759281832.7855525, 1759281834.7884479, 1759281836.7904737, 1759281838.7935815, 1759281840.796398, 1759281842.7987955, 1759281844.801448, 1759281846.803627, 1759281848.8063314, 1759281850.8086526, 1759281852.8117492, 1759281854.8219798, 1759281856.8244457, 1759281858.8267674, 1759281860.8296347, 1759281862.8324864, 1759281864.8355927, 1759281866.8387234, 1759281868.8409977, 1759281870.8436787, 1759281872.8465607, 1759281874.8489602, 1759281876.851662, 1759281878.8545587, 1759281880.8571439, 1759281882.8602552, 1759281884.8626783, 1759281886.8650517, 1759281888.8677518, 1759281890.8702683, 1759281892.8731809, 1759281894.8760316, 1759281896.879057, 1759281898.8818161, 1759281900.8847606, 1759281902.887139, 1759281904.8902993, 1759281906.8931623, 1759281908.8952198, 1759281910.8981512, 1759281912.9009526, 1759281914.90331, 1759281916.9064758], "Voltage": [231.39, 231.13, 231.28, 231.28, 231.28, 231.34, 231.23, 231.28, 231.34, 231.34, 231.39, 231.34, 231.44, 231.28, 231.23, 231.34, 231.18, 231.28, 231.39, 231.44, 231.39, 231.39, 231.34, 232.28, 232.49, 232.49, 232.49, 232.33, 232.38, 232.38, 232.49, 232.49, 232.49, 232.65, 232.54, 232.54, 232.59, 232.49, 232.59, 232.49, 232.49, 232.49, 232.59, 232.59, 232.65], "Current": [0.03, 0.03, 0.03, 0.04, 0.03, 0.04, 0.03, 0.04, 0.03, 0.04, 0.04, 0.04, 0.04, 0.03, 0.04, 0.03, 0.03, 0.04, 0.03, 0.04, 0.04, 0.04, 0.04, 0.03, 0.03, 0.03, 0.03, 0.03, 0.03, 0.03, 0.03, 0.03, 0.03, 0.03, 0.03, 0.03, 0.03, 0.03, 0.03, 0.03, 0.03, 0.03, 0.03, 0.03, 0.03], "Real_Power": [3.89, 3.97, 3.82, 3.85, 3.78, 3.93, 3.82, 3.97, 3.88, 3.95, 3.92, 3.92, 4.0, 3.98, 3.8, 3.88, 3.86, 3.86, 3.89, 3.9, 3.76, 3.98, 3.98, 3.92, 3.92, 3.89, 3.93, 3.85, 3.87, 3.88, 3.87, 3.87, 3.92, 3.85, 3.94, 3.93, 4.01, 3.83, 3.93, 3.95, 3.93, 3.96, 3.84, 3.83, 3.82], "Apparent_Power": [6.94, 6.93, 6.93, 9.25, 6.93, 9.25, 6.93, 9.25, 6.94, 9.25, 9.25, 9.25, 9.25, 6.93, 9.24, 6.94, 6.93, 9.25, 6.94, 9.25, 9.25, 9.25, 9.25, 6.96, 6.97, 6.97, 6.97, 6.96, 6.97, 6.97, 6.97, 6.97, 6.97, 6.97, 6.97, 6.97, 6.97, 6.97, 6.97, 6.97, 6.97, 6.97, 6.97, 6.97, 6.97], "Apparent_Power_Reactive": [5.74, 5.68, 5.78, 8.41, 5.8, 8.37, 5.78, 8.35, 5.75, 8.36, 8.37, 8.37, 8.34, 5.67, 8.42, 5.75, 5.75, 8.4, 5.74, 8.38, 8.45, 8.34, 8.34, 5.75, 5.76, 5.78, 5.75, 5.79, 5.79, 5.79, 5.79, 5.79, 5.76, 5.81, 5.74, 5.75, 5.7, 5.82, 5.75, 5.74, 5.75, 5.73, 5.81, 5.82, 5.82], "Power_Factor": [0.56, 0.572, 0.551, 0.416, 0.545, 0.424, 0.551, 0.429, 0.559, 0.427, 0.423, 0.423, 0.432, 0.574, 0.411, 0.559, 0.556, 0.417, 0.56, 0.421, 0.406, 0.43, 0.43, 0.563, 0.562, 0.558, 0.563, 0.553, 0.555, 0.556, 0.555, 0.555, 0.562, 0.552, 0.565, 0.563, 0.575, 0.549, 0.563, 0.566, 0.563, 0.568, 0.55, 0.549, 0.548], "Energy": [0.0, 0.0, 0.0, 0.0, 0.01, 0.01, 0.01, 0.01, 0.01, 0.02, 0.02, 0.02, 0.02, 0.03, 0.03, 0.03, 0.03, 0.03, 0.04, 0.04, 0.04, 0.04, 0.05, 0.05, 0.05, 0.05, 0.05, 0.06, 0.06, 0.06, 0.06, 0.07, 0.07, 0.07, 0.07, 0.07, 0.08, 0.08, 0.08, 0.08, 0.08, 0.09, 0.09, 0.09, 0.09], "Frequency": [49.4, 49.4, 49.4, 49.4, 49.4, 49.4, 49.41, 49.41, 49.41, 49.4, 49.4, 49.4, 49.41, 49.41, 49.41, 49.42, 49.42, 49.42, 49.42, 49.42, 49.42, 49.43, 49.43, 49.43, 49.43, 49.43, 49.43, 49.43, 49.43, 49.43, 49.42, 49.42, 49.42, 49.42, 49.42, 49.42, 49.42, 49.42, 49.42, 49.39, 49.39, 49.39, 49.41, 49.41, 49.41], "Temp_env": []}