{"Start_Time": [1759282949.5691419], "Time": [1759282951.571764, 1759282953.575053, 1759282955.5779452, 1759282957.5807483, 1759282959.5907016, 1759282961.5934854, 1759282963.5963597, 1759282965.5991836, 1759282967.6018581, 1759282969.6041954, 1759282971.606828, 1759282973.6093073, 1759282975.611854, 1759282977.622314, 1759282979.6252, 1759282981.628196, 1759282983.6383085, 1759282985.6409824, 1759282987.6433232, 1759282989.6460223, 1759282991.6483772, 1759282993.6512756, 1759282995.6543415, 1759282997.6572769, 1759282999.6595106, 1759283001.6694586, 1759283003.6724734, 1759283005.675472, 1759283007.6784053, 1759283009.6814034, 1759283011.684529, 1759283013.6866164, 1759283015.68966, 1759283017.6924436, 1759283019.6955314, 1759283021.698651, 1759283023.701544, 1759283025.7115695, 1759283027.7147248, 1759283029.7176297, 1759283031.7198102, 1759283033.7225223, 1759283035.7256835, 1759283037.728534, 1759283039.7313921], "Voltage": [231.49, 231.28, 231.6, 231.28, 231.55, 231.44, 231.44, 231.44, 231.44, 231.49, 231.55, 231.55, 231.49, 231.44, 231.49, 231.55, 231.49, 232.59, 232.49, 232.59, 232.7, 232.59, 232.59, 232.38, 232.7, 232.49, 232.49, 232.54, 232.54, 232.54, 232.54, 232.54, 232.54, 232.44, 232.28, 232.38, 232.38, 232.33, 232.23, 232.23, 232.23, 232.23, 232.33, 232.07, 232.23], "Current": [0.03, 0.03, 0.03, 0.04, 0.04, 0.04, 0.03, 0.03, 0.03, 0.03, 0.03, 0.03, 0.03, 0.04, 0.04, 0.03, 0.03, 0.03, 0.03, 0.03, 0.03, 0.03, 0.03, 0.04, 0.03, 0.03, 0.03, 0.03, 0.03, 0.03, 0.03, 0.03, 0.03, 0.03, 0.03, 0.03, 0.03, 0.03, 0.03, 0.03, 0.03, 0.03, 0.03, 0.03, 0.03], "Real_Power": [3.89, 3.77, 3.94, 3.89, 3.98, 4.05, 3.91, 3.97, 3.84, 3.94, 3.97, 3.96, 3.93, 4.01, 3.91, 3.81, 3.8, 3.99, 3.9, 3.86, 3.77, 3.85, 4.01, 3.98, 3.85, 3.9, 3.91, 3.91, 3.81, 3.79, 3.94, 3.91, 3.9, 3.95, 3.85, 3.88, 3.91, 4.02, 3.95, 3.82, 3.92, 3.86, 3.94, 4.01, 3.87], "Apparent_Power": [6.94, 6.93, 6.94, 9.25, 9.26, 9.25, 6.94, 6.94, 6.94, 6.94, 6.94, 6.94, 6.94, 9.25, 9.25, 6.94, 6.94, 6.97, 6.97, 6.97, 6.98, 6.97, 6.97, 9.29, 6.98, 6.97, 6.97, 6.97, 6.97, 6.97, 6.97, 6.97, 6.97, 6.97, 6.96, 6.97, 6.97, 6.96, 6.96, 6.96, 6.96, 6.96, 6.96, 6.96, 6.96], "Apparent_Power_Reactive": [5.74, 5.81, 5.71, 8.39, 8.36, 8.31, 5.73, 5.69, 5.78, 5.71, 5.69, 5.69, 5.72, 8.33, 8.38, 5.8, 5.8, 5.71, 5.77, 5.8, 5.87, 5.81, 5.7, 8.39, 5.82, 5.77, 5.76, 5.76, 5.83, 5.84, 5.74, 5.76, 5.77, 5.74, 5.79, 5.79, 5.76, 5.68, 5.73, 5.81, 5.75, 5.79, 5.73, 5.68, 5.78], "Power_Factor": [0.56, 0.544, 0.567, 0.42, 0.429, 0.437, 0.563, 0.572, 0.553, 0.567, 0.572, 0.57, 0.566, 0.433, 0.422, 0.548, 0.547, 0.572, 0.559, 0.553, 0.54, 0.552, 0.575, 0.428, 0.551, 0.559, 0.56, 0.56, 0.546, 0.543, 0.565, 0.56, 0.559, 0.566, 0.553, 0.556, 0.56, 0.577, 0.567, 0.548, 0.563, 0.554, 0.566, 0.576, 0.556], "Energy": [0.0, 0.0, 0.0, 0.0, 0.01, 0.01, 0.01, 0.01, 0.01, 0.02, 0.02, 0.02, 0.02, 0.03, 0.03, 0.03, 0.03, 0.03, 0.04, 0.04, 0.04, 0.04, 0.05, 0.05, 0.05, 0.05, 0.05, 0.06, 0.06, 0.06, 0.06, 0.07, 0.07, 0.07, 0.07, 0.07, 0.08, 0.08, 0.08, 0.08, 0.09, 0.09, 0.09, 0.09, 0.09], "Frequency": [49.39, 49.39, 49.39, 49.39, 49.39, 49.39, 49.4, 49.4, 49.4, 49.39, 49.39, 49.39, 49.39, 49.39, 49.39, 49.39, 49.39, 49.39, 49.39, 49.39, 49.39, 49.39, 49.39, 49.39, 49.39, 49.39, 49.39, 49.4, 49.4, 49.4, 49.39, 49.39, 49.39, 49.39, 49.39, 49.39, 49.39, 49.39, 49.39, 49.38, 49.38, 49.38, 49.39, 49.39, 49.39], "Temp_env": []}