{"Start_Time": [1759258138.2900388], "Time": [1759258140.2931428, 1759258142.2961724, 1759258144.298778, 1759258146.3081803, 1759258148.310108, 1759258150.3122635, 1759258152.3149362, 1759258154.317288, 1759258156.3199801, 1759258158.3221464, 1759258160.324425, 1759258162.327479, 1759258164.3299441, 1759258166.3323154, 1759258168.3350542, 1759258170.3373284, 1759258172.3394785, 1759258174.3426237, 1759258176.3454971, 1759258178.3483374, 1759258180.3514738, 1759258182.35437, 1759258184.3571858, 1759258186.359525, 1759258188.3626323, 1759258190.3653069, 1759258192.3676276, 1759258194.377396, 1759258196.3805816, 1759258198.3829858, 1759258200.3930666, 1759258202.3956487, 1759258204.398681, 1759258206.4077046, 1759258208.4105492, 1759258210.4128885, 1759258212.4230192, 1759258214.4258716, 1759258216.4286282, 1759258218.4307973, 1759258220.4336414, 1759258222.436652, 1759258224.4466686, 1759258226.4489634, 1759258228.451945], "Voltage": [228.35, 228.35, 228.35, 228.4, 228.51, 228.35, 228.45, 228.24, 228.51, 228.4, 228.51, 228.45, 228.45, 228.45, 228.56, 228.4, 228.4, 228.45, 228.45, 228.4, 228.4, 228.35, 228.3, 228.24, 228.3, 228.24, 228.35, 227.3, 227.3, 227.41, 227.35, 227.3, 227.25, 227.35, 227.3, 227.25, 227.2, 227.25, 227.25, 227.25, 227.3, 227.3, 227.3, 227.3, 227.3], "Current": [0.04, 0.04, 0.04, 0.04, 0.03, 0.04, 0.04, 0.04, 0.04, 0.04, 0.04, 0.04, 0.04, 0.04, 0.04, 0.04, 0.04, 0.04, 0.04, 0.04, 0.04, 0.04, 0.04, 0.04, 0.04, 0.04, 0.04, 0.04, 0.04, 0.04, 0.04, 0.04, 0.04, 0.04, 0.04, 0.04, 0.04, 0.04, 0.04, 0.04, 0.04, 0.04, 0.04, 0.04, 0.04], "Real_Power": [3.87, 3.9, 3.96, 3.99, 3.87, 3.99, 3.98, 3.84, 3.95, 3.89, 3.89, 4.0, 3.94, 3.9, 3.92, 3.98, 4.04, 4.0, 3.96, 4.0, 3.92, 3.88, 3.94, 4.04, 4.02, 3.96, 3.89, 3.94, 3.9, 4.0, 3.94, 3.95, 3.86, 3.92, 4.02, 3.91, 3.91, 3.96, 3.92, 4.0, 3.99, 3.86, 3.96, 3.92, 3.99], "Apparent_Power": [9.13, 9.13, 9.13, 9.13, 6.85, 9.13, 9.13, 9.12, 9.14, 9.13, 9.14, 9.13, 9.13, 9.13, 9.14, 9.13, 9.13, 9.13, 9.13, 9.13, 9.13, 9.13, 9.13, 9.12, 9.13, 9.12, 9.13, 9.09, 9.09, 9.09, 9.09, 9.09, 9.09, 9.09, 9.09, 9.09, 9.08, 9.09, 9.09, 9.09, 9.09, 9.09, 9.09, 9.09, 9.09], "Apparent_Power_Reactive": [8.26, 8.25, 8.22, 8.21, 5.65, 8.21, 8.21, 8.27, 8.24, 8.25, 8.27, 8.2, 8.23, 8.25, 8.25, 8.21, 8.18, 8.2, 8.22, 8.2, 8.24, 8.26, 8.23, 8.17, 8.19, 8.21, 8.25, 8.19, 8.21, 8.16, 8.19, 8.18, 8.22, 8.2, 8.15, 8.2, 8.19, 8.18, 8.2, 8.16, 8.16, 8.22, 8.18, 8.2, 8.16], "Power_Factor": [0.423, 0.427, 0.433, 0.437, 0.564, 0.437, 0.435, 0.421, 0.432, 0.426, 0.425, 0.438, 0.431, 0.427, 0.428, 0.435, 0.442, 0.438, 0.433, 0.438, 0.429, 0.424, 0.431, 0.442, 0.44, 0.434, 0.426, 0.433, 0.429, 0.44, 0.433, 0.434, 0.424, 0.431, 0.442, 0.43, 0.43, 0.435, 0.431, 0.44, 0.438, 0.424, 0.435, 0.431, 0.438], "Energy": [0.0, 0.0, 0.0, 0.0, 0.01, 0.01, 0.01, 0.01, 0.01, 0.02, 0.02, 0.02, 0.02, 0.03, 0.03, 0.03, 0.03, 0.03, 0.04, 0.04, 0.04, 0.04, 0.05, 0.05, 0.05, 0.05, 0.05, 0.06, 0.06, 0.06, 0.06, 0.07, 0.07, 0.07, 0.07, 0.07, 0.08, 0.08, 0.08, 0.08, 0.09, 0.09, 0.09, 0.09, 0.09], "Frequency": [49.39, 49.39, 49.4, 49.4, 49.4, 49.39, 49.39, 49.39, 49.4, 49.4, 49.4, 49.4, 49.4, 49.4, 49.41, 49.41, 49.41, 49.41, 49.41, 49.42, 49.42, 49.42, 49.43, 49.43, 49.43, 49.46, 49.46, 49.46, 49.47, 49.47, 49.47, 49.43, 49.43, 49.43, 49.43, 49.43, 49.43, 49.43, 49.43, 49.43, 49.42, 49.42, 49.42, 49.43, 49.43], "Temp_env": []}