{"Start_Time": [1758634541.2728927], "Time": [1758634543.2755458, 1758634545.2781537, 1758634547.2804844, 1758634549.283397, 1758634551.2856472, 1758634553.288356, 1758634555.2914476, 1758634557.2943642, 1758634559.2973926, 1758634561.3004827, 1758634563.3025606, 1758634565.304506, 1758634567.3071923, 1758634569.309578, 1758634571.3125417, 1758634573.315862, 1758634575.31849, 1758634577.3216252, 1758634579.3246322, 1758634581.3272774, 1758634583.3296163, 1758634585.3325665, 1758634587.3358557, 1758634589.338695, 1758634591.341392, 1758634593.3437264, 1758634595.3464317, 1758634597.3491013, 1758634599.3516722, 1758634601.354774, 1758634603.3575022, 1758634605.3598368, 1758634607.3625426, 1758634609.36522, 1758634611.3750718, 1758634613.3779354, 1758634615.3806329, 1758634617.3905613, 1758634619.3929636, 1758634621.3958585, 1758634623.3987074, 1758634625.4010496, 1758634627.4039023, 1758634629.406658, 1758634631.4089954], "Voltage": [229.14, 228.93, 229.08, 229.14, 229.08, 228.98, 228.98, 229.03, 229.03, 229.03, 228.98, 228.98, 228.98, 228.87, 228.93, 229.08, 229.14, 228.93, 229.03, 229.03, 229.08, 229.24, 229.14, 229.24, 229.24, 229.24, 229.08, 229.24, 229.03, 229.19, 229.14, 229.19, 229.14, 229.14, 229.19, 229.29, 229.19, 229.29, 229.29, 229.35, 229.45, 229.4, 229.24, 229.29, 229.35], "Current": [0.04, 0.04, 0.04, 0.04, 0.04, 0.04, 0.04, 0.04, 0.04, 0.04, 0.04, 0.04, 0.04, 0.04, 0.04, 0.04, 0.04, 0.04, 0.04, 0.04, 0.04, 0.04, 0.04, 0.04, 0.04, 0.04, 0.04, 0.04, 0.04, 0.04, 0.04, 0.04, 0.04, 0.04, 0.04, 0.04, 0.04, 0.04, 0.04, 0.04, 0.04, 0.04, 0.04, 0.04, 0.04], "Real_Power": [4.02, 3.95, 3.95, 3.85, 3.94, 4.0, 4.02, 3.95, 3.99, 3.95, 3.92, 4.02, 4.0, 4.08, 3.94, 3.97, 4.07, 4.01, 3.93, 3.9, 4.13, 3.98, 4.08, 3.95, 3.93, 4.0, 4.03, 4.0, 4.03, 3.93, 3.92, 3.88, 3.9, 3.89, 4.03, 4.01, 4.01, 3.94, 4.03, 3.98, 4.1, 3.99, 3.95, 3.98, 3.98], "Apparent_Power": [9.16, 9.15, 9.16, 9.16, 9.16, 9.15, 9.15, 9.16, 9.16, 9.16, 9.15, 9.15, 9.15, 9.15, 9.15, 9.16, 9.16, 9.15, 9.16, 9.16, 9.16, 9.16, 9.16, 9.16, 9.16, 9.16, 9.16, 9.16, 9.16, 9.16, 9.16, 9.16, 9.16, 9.16, 9.16, 9.17, 9.16, 9.17, 9.17, 9.17, 9.17, 9.17, 9.16, 9.17, 9.17], "Apparent_Power_Reactive": [8.23, 8.25, 8.26, 8.31, 8.26, 8.22, 8.21, 8.26, 8.24, 8.26, 8.26, 8.21, 8.22, 8.19, 8.25, 8.25, 8.2, 8.22, 8.27, 8.28, 8.17, 8.25, 8.2, 8.26, 8.27, 8.24, 8.22, 8.24, 8.22, 8.27, 8.27, 8.29, 8.28, 8.29, 8.22, 8.24, 8.23, 8.28, 8.23, 8.26, 8.2, 8.25, 8.26, 8.26, 8.26], "Power_Factor": [0.438, 0.431, 0.431, 0.42, 0.43, 0.437, 0.439, 0.431, 0.435, 0.431, 0.428, 0.439, 0.437, 0.445, 0.43, 0.433, 0.444, 0.438, 0.429, 0.425, 0.45, 0.434, 0.445, 0.431, 0.429, 0.436, 0.439, 0.436, 0.439, 0.429, 0.427, 0.423, 0.425, 0.424, 0.439, 0.437, 0.437, 0.429, 0.439, 0.434, 0.447, 0.435, 0.431, 0.434, 0.434], "Energy": [0.0, 0.0, 0.0, 0.0, 0.01, 0.01, 0.01, 0.01, 0.01, 0.02, 0.02, 0.02, 0.02, 0.03, 0.03, 0.03, 0.03, 0.03, 0.04, 0.04, 0.04, 0.04, 0.05, 0.05, 0.05, 0.05, 0.06, 0.06, 0.06, 0.06, 0.06, 0.07, 0.07, 0.07, 0.07, 0.08, 0.08, 0.08, 0.08, 0.08, 0.09, 0.09, 0.09, 0.09, 0.1], "Frequency": [49.39, 49.39, 49.39, 49.39, 49.39, 49.39, 49.39, 49.39, 49.39, 49.39, 49.41, 49.41, 49.41, 49.42, 49.42, 49.42, 49.41, 49.41, 49.41, 49.37, 49.37, 49.37, 49.37, 49.37, 49.37, 49.36, 49.36, 49.36, 49.38, 49.38, 49.38, 49.39, 49.39, 49.39, 49.39, 49.39, 49.39, 49.39, 49.39, 49.39, 49.39, 49.39, 49.39, 49.39, 49.39], "Temp_env": []}