{"Start_Time": [1758846825.2579722], "Time": [1758846827.2604396, 1758846829.2632985, 1758846831.2661483, 1758846833.2684388, 1758846835.271129, 1758846837.2734866, 1758846839.2764266, 1758846841.2784538, 1758846843.2813647, 1758846845.2844577, 1758846847.2877178, 1758846849.2901478, 1758846851.2924836, 1758846853.295402, 1758846855.2976248, 1758846857.3005152, 1758846859.3028238, 1758846861.3053083, 1758846863.307775, 1758846865.310478, 1758846867.312713, 1758846869.3154337, 1758846871.3179905, 1758846873.320809, 1758846875.3233445, 1758846877.3256927, 1758846879.328573, 1758846881.331564, 1758846883.3340895, 1758846885.3366833, 1758846887.3398001, 1758846889.3426185, 1758846891.3457727, 1758846893.3480332, 1758846895.3505545, 1758846897.3531141, 1758846899.3559306, 1758846901.3588288, 1758846903.3617465, 1758846905.3640454, 1758846907.374402, 1758846909.3772273, 1758846911.3800766, 1758846913.38307, 1758846915.3860097], "Voltage": [231.18, 231.23, 231.07, 231.18, 231.23, 231.23, 231.34, 230.29, 230.29, 230.18, 230.18, 230.24, 230.39, 230.24, 230.29, 230.39, 230.29, 230.39, 230.39, 230.55, 230.5, 230.29, 230.39, 230.08, 230.18, 230.18, 230.29, 230.24, 230.24, 230.18, 230.13, 230.29, 230.29, 230.18, 230.24, 230.24, 230.34, 230.29, 230.29, 230.29, 230.29, 230.13, 230.29, 230.29, 230.34], "Current": [0.03, 0.03, 0.03, 0.03, 0.03, 0.03, 0.03, 0.04, 0.04, 0.03, 0.04, 0.04, 0.04, 0.04, 0.04, 0.04, 0.04, 0.03, 0.04, 0.04, 0.04, 0.04, 0.03, 0.03, 0.04, 0.04, 0.03, 0.04, 0.04, 0.04, 0.04, 0.03, 0.04, 0.04, 0.04, 0.04, 0.04, 0.04, 0.04, 0.04, 0.04, 0.04, 0.04, 0.04, 0.04], "Real_Power": [3.88, 3.91, 3.71, 3.85, 3.89, 3.83, 3.93, 3.92, 3.96, 3.85, 4.0, 4.0, 3.93, 3.92, 3.83, 3.96, 3.84, 3.87, 3.92, 3.87, 3.96, 3.93, 3.93, 3.77, 3.91, 3.85, 3.93, 3.83, 3.89, 3.83, 3.92, 3.91, 3.89, 3.89, 3.91, 3.93, 3.9, 3.93, 3.91, 3.88, 3.86, 3.89, 3.93, 3.92, 3.82], "Apparent_Power": [6.93, 6.93, 6.93, 6.93, 6.93, 6.93, 6.94, 9.21, 9.21, 6.9, 9.2, 9.2, 9.21, 9.2, 9.21, 9.21, 9.21, 6.91, 9.21, 9.22, 9.22, 9.21, 6.91, 6.9, 9.2, 9.2, 6.9, 9.2, 9.2, 9.2, 9.2, 6.9, 9.21, 9.2, 9.2, 9.2, 9.21, 9.21, 9.21, 9.21, 9.21, 9.2, 9.21, 9.21, 9.21], "Apparent_Power_Reactive": [5.74, 5.72, 5.85, 5.76, 5.73, 5.77, 5.72, 8.33, 8.31, 5.72, 8.28, 8.28, 8.32, 8.32, 8.37, 8.31, 8.37, 5.72, 8.33, 8.36, 8.32, 8.32, 5.68, 5.77, 8.32, 8.35, 5.67, 8.36, 8.33, 8.36, 8.32, 5.68, 8.34, 8.33, 8.32, 8.31, 8.34, 8.32, 8.33, 8.35, 8.36, 8.33, 8.32, 8.33, 8.38], "Power_Factor": [0.559, 0.564, 0.535, 0.555, 0.561, 0.552, 0.566, 0.425, 0.429, 0.557, 0.434, 0.434, 0.426, 0.426, 0.415, 0.429, 0.416, 0.56, 0.425, 0.419, 0.429, 0.426, 0.568, 0.546, 0.425, 0.418, 0.569, 0.416, 0.422, 0.416, 0.426, 0.566, 0.422, 0.422, 0.425, 0.427, 0.423, 0.426, 0.424, 0.421, 0.419, 0.422, 0.426, 0.425, 0.414], "Energy": [0.0, 0.0, 0.0, 0.0, 0.01, 0.01, 0.01, 0.01, 0.01, 0.02, 0.02, 0.02, 0.02, 0.03, 0.03, 0.03, 0.03, 0.03, 0.04, 0.04, 0.04, 0.04, 0.05, 0.05, 0.05, 0.05, 0.05, 0.06, 0.06, 0.06, 0.06, 0.07, 0.07, 0.07, 0.07, 0.07, 0.08, 0.08, 0.08, 0.08, 0.09, 0.09, 0.09, 0.09, 0.09], "Frequency": [49.37, 49.38, 49.38, 49.38, 49.38, 49.38, 49.38, 49.38, 49.38, 49.38, 49.39, 49.39, 49.39, 49.39, 49.39, 49.39, 49.39, 49.39, 49.39, 49.43, 49.43, 49.43, 49.45, 49.45, 49.45, 49.43, 49.43, 49.43, 49.43, 49.43, 49.43, 49.43, 49.43, 49.43, 49.44, 49.44, 49.44, 49.45, 49.45, 49.45, 49.44, 49.44, 49.44, 49.44, 49.44], "Temp_env": []}