{"Start_Time": [1758819357.9137585], "Time": [1758819359.9158747, 1758819361.9186728, 1758819363.9217336, 1758819365.9238791, 1758819367.9269247, 1758819369.929601, 1758819371.9321887, 1758819373.934675, 1758819375.9373786, 1758819377.9402587, 1758819379.9431126, 1758819381.9460218, 1758819383.9481704, 1758819385.9508977, 1758819387.95385, 1758819389.9561958, 1758819391.960282, 1758819393.963201, 1758819395.9661195, 1758819397.9693992, 1758819399.9720252, 1758819401.9743614, 1758819403.9770818, 1758819405.9795544, 1758819407.9823205, 1758819409.985425, 1758819411.9883623, 1758819413.9907897, 1758819415.9932225, 1758819417.995566, 1758819419.9984884, 1758819422.0015156, 1758819424.00455, 1758819426.007656, 1758819428.0103357, 1758819430.0126753, 1758819432.0146573, 1758819434.0176105, 1758819436.0204005, 1758819438.023796, 1758819440.0270529, 1758819442.0299208, 1758819444.032764, 1758819446.0356665, 1758819448.0379984], "Voltage": [228.04, 228.14, 228.04, 228.14, 228.14, 227.88, 228.09, 228.14, 227.98, 228.04, 228.09, 228.04, 228.04, 227.83, 227.98, 227.83, 227.93, 227.88, 227.83, 227.93, 227.77, 227.93, 228.04, 227.93, 228.04, 227.93, 227.93, 227.98, 227.98, 228.09, 228.04, 227.98, 227.93, 227.98, 227.93, 227.88, 227.88, 227.72, 227.88, 227.88, 227.77, 227.72, 227.83, 227.88, 227.93], "Current": [0.04, 0.04, 0.04, 0.04, 0.04, 0.04, 0.04, 0.04, 0.04, 0.04, 0.04, 0.04, 0.04, 0.04, 0.04, 0.04, 0.04, 0.04, 0.04, 0.04, 0.04, 0.04, 0.04, 0.04, 0.04, 0.04, 0.04, 0.04, 0.04, 0.04, 0.04, 0.04, 0.04, 0.04, 0.04, 0.04, 0.04, 0.04, 0.04, 0.04, 0.04, 0.04, 0.04, 0.04, 0.04], "Real_Power": [3.85, 3.91, 3.96, 3.93, 3.98, 3.94, 3.86, 3.88, 3.84, 3.97, 3.97, 3.92, 3.91, 3.96, 3.91, 4.02, 3.94, 3.93, 3.88, 3.95, 3.91, 3.88, 3.97, 4.06, 3.97, 4.02, 3.98, 3.98, 4.02, 3.83, 3.88, 3.9, 4.0, 3.94, 3.97, 3.9, 3.97, 3.91, 3.95, 3.99, 4.0, 3.91, 4.01, 3.85, 3.87], "Apparent_Power": [9.12, 9.12, 9.12, 9.12, 9.12, 9.11, 9.12, 9.12, 9.11, 9.12, 9.12, 9.12, 9.12, 9.11, 9.11, 9.11, 9.11, 9.11, 9.11, 9.11, 9.11, 9.11, 9.12, 9.11, 9.12, 9.11, 9.11, 9.11, 9.11, 9.12, 9.12, 9.11, 9.11, 9.11, 9.11, 9.11, 9.11, 9.1, 9.11, 9.11, 9.11, 9.1, 9.11, 9.11, 9.11], "Apparent_Power_Reactive": [8.26, 8.23, 8.21, 8.22, 8.2, 8.21, 8.26, 8.25, 8.26, 8.21, 8.21, 8.23, 8.23, 8.2, 8.22, 8.17, 8.21, 8.21, 8.24, 8.2, 8.22, 8.24, 8.21, 8.15, 8.21, 8.17, 8.19, 8.19, 8.17, 8.27, 8.25, 8.23, 8.18, 8.21, 8.19, 8.23, 8.19, 8.21, 8.2, 8.18, 8.18, 8.21, 8.17, 8.25, 8.24], "Power_Factor": [0.422, 0.428, 0.434, 0.43, 0.436, 0.432, 0.423, 0.425, 0.421, 0.435, 0.435, 0.429, 0.428, 0.434, 0.429, 0.441, 0.432, 0.431, 0.425, 0.433, 0.429, 0.425, 0.435, 0.445, 0.435, 0.441, 0.436, 0.436, 0.441, 0.419, 0.425, 0.428, 0.439, 0.432, 0.435, 0.428, 0.435, 0.429, 0.433, 0.437, 0.439, 0.429, 0.44, 0.422, 0.424], "Energy": [0.0, 0.0, 0.0, 0.0, 0.01, 0.01, 0.01, 0.01, 0.01, 0.02, 0.02, 0.02, 0.02, 0.03, 0.03, 0.03, 0.03, 0.03, 0.04, 0.04, 0.04, 0.04, 0.05, 0.05, 0.05, 0.05, 0.05, 0.06, 0.06, 0.06, 0.06, 0.07, 0.07, 0.07, 0.07, 0.07, 0.08, 0.08, 0.08, 0.08, 0.09, 0.09, 0.09, 0.09, 0.09], "Frequency": [49.39, 49.39, 49.39, 49.39, 49.39, 49.39, 49.39, 49.4, 49.4, 49.4, 49.39, 49.39, 49.39, 49.4, 49.4, 49.4, 49.4, 49.4, 49.4, 49.4, 49.4, 49.4, 49.4, 49.4, 49.4, 49.4, 49.4, 49.4, 49.4, 49.4, 49.4, 49.42, 49.42, 49.42, 49.41, 49.41, 49.41, 49.43, 49.43, 49.43, 49.42, 49.42, 49.42, 49.42, 49.42], "Temp_env": []}