{"Start_Time": [1759013569.0138717], "Time": [1759013571.016244, 1759013573.0193136, 1759013575.0218844, 1759013577.02423, 1759013579.0269604, 1759013581.029401, 1759013583.032327, 1759013585.0352302, 1759013587.0381029, 1759013589.0403779, 1759013591.0430882, 1759013593.0454202, 1759013595.0483727, 1759013597.0514, 1759013599.0545027, 1759013601.0573852, 1759013603.0596342, 1759013605.062578, 1759013607.0654926, 1759013609.068575, 1759013611.0715168, 1759013613.0739954, 1759013615.0768661, 1759013617.0798292, 1759013619.0824432, 1759013621.0848064, 1759013623.087492, 1759013625.0901551, 1759013627.093024, 1759013629.0954247, 1759013631.0978534, 1759013633.1007423, 1759013635.1036255, 1759013637.1063235, 1759013639.108845, 1759013641.1116748, 1759013643.1140163, 1759013645.1167047, 1759013647.1190233, 1759013649.1217208, 1759013651.1243155, 1759013653.1267085, 1759013655.129042, 1759013657.1321282, 1759013659.1350567], "Voltage": [231.18, 231.07, 231.18, 231.13, 231.13, 231.13, 231.18, 231.07, 231.13, 230.97, 230.97, 232.12, 232.12, 232.07, 232.02, 232.12, 232.07, 232.07, 232.12, 232.07, 232.17, 232.17, 232.12, 232.17, 232.23, 232.17, 232.17, 232.02, 232.17, 232.23, 232.23, 232.12, 232.28, 232.23, 232.28, 232.28, 232.12, 232.23, 232.33, 232.17, 232.28, 232.23, 232.28, 232.17, 232.17], "Current": [0.03, 0.04, 0.04, 0.04, 0.04, 0.04, 0.04, 0.04, 0.04, 0.04, 0.04, 0.03, 0.03, 0.04, 0.04, 0.04, 0.04, 0.04, 0.04, 0.03, 0.04, 0.04, 0.03, 0.04, 0.04, 0.04, 0.04, 0.04, 0.04, 0.04, 0.04, 0.04, 0.04, 0.04, 0.04, 0.04, 0.04, 0.04, 0.04, 0.04, 0.04, 0.04, 0.04, 0.04, 0.03], "Real_Power": [3.75, 3.72, 3.88, 3.9, 3.85, 3.83, 3.86, 3.75, 3.85, 3.95, 3.89, 3.86, 3.86, 4.01, 3.8, 3.89, 3.9, 3.94, 3.98, 3.77, 3.84, 3.87, 3.83, 3.92, 3.85, 3.81, 3.9, 3.89, 3.73, 3.95, 4.06, 3.83, 3.87, 3.92, 3.78, 3.94, 3.99, 3.87, 3.93, 3.82, 3.92, 3.94, 3.82, 3.91, 3.69], "Apparent_Power": [6.93, 9.24, 9.24, 9.24, 9.24, 9.24, 9.24, 9.24, 9.24, 9.23, 9.23, 6.96, 6.96, 9.28, 9.28, 9.28, 9.28, 9.28, 9.28, 6.96, 9.28, 9.28, 6.96, 9.28, 9.28, 9.28, 9.28, 9.28, 9.28, 9.28, 9.28, 9.28, 9.29, 9.28, 9.29, 9.29, 9.28, 9.28, 9.29, 9.28, 9.29, 9.28, 9.29, 9.28, 6.96], "Apparent_Power_Reactive": [5.82, 8.45, 8.38, 8.37, 8.39, 8.4, 8.39, 8.44, 8.39, 8.34, 8.37, 5.79, 5.79, 8.36, 8.46, 8.42, 8.42, 8.4, 8.38, 5.85, 8.44, 8.43, 5.81, 8.41, 8.44, 8.46, 8.42, 8.42, 8.49, 8.39, 8.34, 8.45, 8.44, 8.41, 8.48, 8.41, 8.37, 8.43, 8.41, 8.45, 8.42, 8.4, 8.46, 8.41, 5.9], "Power_Factor": [0.541, 0.402, 0.419, 0.422, 0.416, 0.414, 0.417, 0.405, 0.416, 0.427, 0.421, 0.554, 0.554, 0.432, 0.409, 0.419, 0.42, 0.424, 0.428, 0.541, 0.413, 0.417, 0.55, 0.422, 0.414, 0.41, 0.42, 0.419, 0.401, 0.425, 0.437, 0.412, 0.416, 0.422, 0.406, 0.424, 0.429, 0.417, 0.423, 0.411, 0.421, 0.424, 0.411, 0.421, 0.53], "Energy": [0.0, 0.0, 0.0, 0.0, 0.01, 0.01, 0.01, 0.01, 0.01, 0.02, 0.02, 0.02, 0.02, 0.03, 0.03, 0.03, 0.03, 0.03, 0.04, 0.04, 0.04, 0.04, 0.04, 0.05, 0.05, 0.05, 0.05, 0.06, 0.06, 0.06, 0.06, 0.06, 0.07, 0.07, 0.07, 0.07, 0.08, 0.08, 0.08, 0.08, 0.08, 0.09, 0.09, 0.09, 0.09], "Frequency": [49.39, 49.4, 49.4, 49.4, 49.39, 49.39, 49.39, 49.4, 49.4, 49.4, 49.4, 49.4, 49.4, 49.39, 49.39, 49.39, 49.39, 49.39, 49.39, 49.39, 49.39, 49.39, 49.39, 49.39, 49.39, 49.41, 49.41, 49.41, 49.4, 49.4, 49.4, 49.4, 49.4, 49.4, 49.39, 49.39, 49.39, 49.39, 49.39, 49.39, 49.39, 49.39, 49.39, 49.39, 49.39], "Temp_env": []}