{"Start_Time": [1759219337.1142108], "Time": [1759219339.116783, 1759219341.119809, 1759219343.1221097, 1759219345.1248193, 1759219347.1273553, 1759219349.1301494, 1759219351.1330204, 1759219353.1351733, 1759219355.1378837, 1759219357.140978, 1759219359.1444318, 1759219361.1473255, 1759219363.1502686, 1759219365.153184, 1759219367.1562817, 1759219369.1589377, 1759219371.1613455, 1759219373.1641665, 1759219375.1670005, 1759219377.169416, 1759219379.1723442, 1759219381.174881, 1759219383.1774845, 1759219385.1805632, 1759219387.1834116, 1759219389.1854224, 1759219391.1885471, 1759219393.1914656, 1759219395.1948392, 1759219397.1974459, 1759219399.1994863, 1759219401.2024462, 1759219403.2046773, 1759219405.2076554, 1759219407.2103207, 1759219409.2126527, 1759219411.215314, 1759219413.2176833, 1759219415.2204232, 1759219417.2228358, 1759219419.22547, 1759219421.2281027, 1759219423.2307026, 1759219425.2335207, 1759219427.2357836], "Voltage": [228.35, 228.35, 228.24, 228.24, 228.24, 228.14, 228.19, 228.19, 228.14, 228.14, 228.24, 228.09, 228.09, 228.09, 228.19, 228.24, 228.19, 228.35, 228.19, 228.09, 228.04, 227.98, 227.93, 227.93, 227.93, 227.88, 227.77, 227.67, 227.77, 227.77, 227.88, 227.93, 227.72, 227.88, 227.62, 227.83, 228.09, 227.98, 226.2, 227.04, 227.04, 227.09, 227.04, 226.93, 226.88], "Current": [0.04, 0.04, 0.04, 0.04, 0.04, 0.04, 0.04, 0.04, 0.04, 0.04, 0.04, 0.04, 0.04, 0.04, 0.04, 0.04, 0.04, 0.04, 0.04, 0.04, 0.04, 0.04, 0.04, 0.04, 0.04, 0.04, 0.04, 0.04, 0.04, 0.04, 0.04, 0.04, 0.04, 0.04, 0.04, 0.04, 0.04, 0.04, 0.04, 0.04, 0.04, 0.04, 0.04, 0.04, 0.04], "Real_Power": [3.98, 3.92, 4.05, 3.94, 4.0, 4.06, 4.0, 4.09, 3.93, 4.0, 4.04, 3.93, 3.96, 3.89, 3.95, 3.98, 4.03, 4.01, 3.99, 4.05, 3.92, 4.01, 3.93, 3.95, 4.05, 3.94, 3.98, 4.06, 3.97, 3.95, 3.95, 4.08, 3.95, 4.01, 4.02, 4.05, 3.99, 3.92, 4.55, 4.05, 4.0, 3.95, 3.91, 4.03, 3.97], "Apparent_Power": [9.13, 9.13, 9.12, 9.12, 9.12, 9.12, 9.12, 9.12, 9.12, 9.12, 9.12, 9.12, 9.12, 9.12, 9.12, 9.12, 9.12, 9.13, 9.12, 9.12, 9.12, 9.11, 9.11, 9.11, 9.11, 9.11, 9.11, 9.1, 9.11, 9.11, 9.11, 9.11, 9.1, 9.11, 9.1, 9.11, 9.12, 9.11, 9.04, 9.08, 9.08, 9.08, 9.08, 9.07, 9.07], "Apparent_Power_Reactive": [8.21, 8.24, 8.17, 8.22, 8.19, 8.16, 8.19, 8.15, 8.22, 8.19, 8.17, 8.22, 8.21, 8.24, 8.22, 8.2, 8.18, 8.2, 8.2, 8.17, 8.23, 8.17, 8.21, 8.2, 8.16, 8.21, 8.19, 8.14, 8.19, 8.2, 8.2, 8.14, 8.19, 8.17, 8.16, 8.16, 8.2, 8.22, 7.81, 8.12, 8.15, 8.17, 8.19, 8.12, 8.15], "Power_Factor": [0.435, 0.429, 0.444, 0.432, 0.438, 0.445, 0.438, 0.448, 0.43, 0.438, 0.442, 0.43, 0.434, 0.426, 0.433, 0.436, 0.441, 0.439, 0.437, 0.444, 0.429, 0.44, 0.431, 0.433, 0.444, 0.432, 0.436, 0.446, 0.435, 0.433, 0.433, 0.447, 0.434, 0.44, 0.441, 0.444, 0.437, 0.43, 0.503, 0.446, 0.44, 0.435, 0.43, 0.444, 0.437], "Energy": [0.0, 0.0, 0.0, 0.0, 0.01, 0.01, 0.01, 0.01, 0.01, 0.02, 0.02, 0.02, 0.02, 0.03, 0.03, 0.03, 0.03, 0.04, 0.04, 0.04, 0.04, 0.04, 0.05, 0.05, 0.05, 0.05, 0.06, 0.06, 0.06, 0.06, 0.06, 0.07, 0.07, 0.07, 0.07, 0.08, 0.08, 0.08, 0.08, 0.08, 0.09, 0.09, 0.09, 0.09, 0.1], "Frequency": [49.35, 49.35, 49.35, 49.35, 49.35, 49.37, 49.37, 49.37, 49.35, 49.35, 49.35, 49.34, 49.34, 49.34, 49.36, 49.36, 49.36, 49.36, 49.36, 49.36, 49.36, 49.36, 49.36, 49.36, 49.36, 49.36, 49.36, 49.36, 49.36, 49.38, 49.38, 49.38, 49.37, 49.37, 49.37, 49.39, 49.39, 49.39, 49.38, 49.38, 49.38, 49.38, 49.38, 49.38, 49.37], "Temp_env": []}