{"Start_Time": [1758934638.3621194], "Time": [1758934640.364963, 1758934642.3681233, 1758934644.3709872, 1758934646.3740356, 1758934648.3838036, 1758934650.3862567, 1758934652.388959, 1758934654.398804, 1758934656.40117, 1758934658.4040844, 1758934660.414166, 1758934662.4163778, 1758934664.4189048, 1758934666.428315, 1758934668.431013, 1758934670.4342248, 1758934672.4443367, 1758934674.4473238, 1758934676.4500124, 1758934678.4524155, 1758934680.4554734, 1758934682.45832, 1758934684.468447, 1758934686.4713326, 1758934688.4744418, 1758934690.484291, 1758934692.4866405, 1758934694.4895248, 1758934696.499467, 1758934698.502579, 1758934700.5054936, 1758934702.5085013, 1758934704.5106897, 1758934706.5133357, 1758934708.523517, 1758934710.526816, 1758934712.529479, 1758934714.5393956, 1758934716.5419364, 1758934718.5444522, 1758934720.546924, 1758934722.5496218, 1758934724.5524673, 1758934726.555663, 1758934728.5584154], "Voltage": [231.76, 231.76, 231.65, 231.7, 231.81, 231.7, 231.76, 231.76, 231.65, 231.55, 231.7, 231.65, 231.7, 231.65, 231.76, 231.76, 231.81, 231.81, 231.86, 231.97, 231.76, 231.6, 231.76, 231.76, 231.81, 231.76, 231.7, 231.86, 231.55, 231.7, 231.7, 231.76, 231.91, 231.76, 231.76, 231.65, 231.55, 231.6, 231.65, 231.7, 231.76, 231.55, 231.6, 231.76, 231.7], "Current": [0.03, 0.03, 0.03, 0.03, 0.03, 0.03, 0.04, 0.03, 0.03, 0.04, 0.03, 0.03, 0.03, 0.04, 0.04, 0.03, 0.04, 0.03, 0.03, 0.04, 0.03, 0.03, 0.03, 0.03, 0.04, 0.03, 0.04, 0.03, 0.03, 0.03, 0.03, 0.04, 0.04, 0.03, 0.03, 0.03, 0.04, 0.03, 0.03, 0.03, 0.04, 0.04, 0.04, 0.04, 0.03], "Real_Power": [3.92, 3.73, 3.83, 3.84, 3.84, 3.82, 3.94, 3.97, 3.93, 3.86, 3.77, 3.85, 3.9, 3.89, 3.9, 3.87, 3.96, 3.85, 3.85, 3.96, 3.81, 3.82, 3.81, 3.83, 3.96, 3.9, 3.87, 3.8, 3.88, 3.82, 3.92, 3.97, 3.95, 3.86, 3.88, 3.91, 3.86, 3.86, 3.92, 3.78, 3.94, 4.01, 3.89, 3.97, 3.84], "Apparent_Power": [6.95, 6.95, 6.94, 6.95, 6.95, 6.95, 9.27, 6.95, 6.94, 9.26, 6.95, 6.94, 6.95, 9.26, 9.27, 6.95, 9.27, 6.95, 6.95, 9.27, 6.95, 6.94, 6.95, 6.95, 9.27, 6.95, 9.26, 6.95, 6.94, 6.95, 6.95, 9.27, 9.27, 6.95, 6.95, 6.94, 9.26, 6.94, 6.94, 6.95, 9.27, 9.26, 9.26, 9.27, 6.95], "Apparent_Power_Reactive": [5.73, 5.86, 5.78, 5.79, 5.79, 5.8, 8.39, 5.7, 5.72, 8.41, 5.83, 5.77, 5.75, 8.4, 8.4, 5.77, 8.38, 5.78, 5.78, 8.38, 5.81, 5.79, 5.81, 5.79, 8.38, 5.75, 8.41, 5.81, 5.75, 5.8, 5.73, 8.37, 8.38, 5.77, 5.76, 5.73, 8.41, 5.76, 5.72, 5.83, 8.39, 8.34, 8.4, 8.37, 5.79], "Power_Factor": [0.564, 0.536, 0.551, 0.552, 0.552, 0.549, 0.425, 0.571, 0.566, 0.416, 0.542, 0.554, 0.561, 0.42, 0.42, 0.556, 0.427, 0.553, 0.553, 0.427, 0.548, 0.55, 0.548, 0.551, 0.427, 0.561, 0.417, 0.546, 0.559, 0.549, 0.564, 0.428, 0.426, 0.555, 0.558, 0.563, 0.416, 0.556, 0.564, 0.543, 0.425, 0.433, 0.42, 0.428, 0.552], "Energy": [0.0, 0.0, 0.0, 0.0, 0.01, 0.01, 0.01, 0.01, 0.01, 0.02, 0.02, 0.02, 0.02, 0.03, 0.03, 0.03, 0.03, 0.03, 0.04, 0.04, 0.04, 0.04, 0.05, 0.05, 0.05, 0.05, 0.05, 0.06, 0.06, 0.06, 0.06, 0.06, 0.07, 0.07, 0.07, 0.07, 0.08, 0.08, 0.08, 0.08, 0.08, 0.09, 0.09, 0.09, 0.09], "Frequency": [49.43, 49.43, 49.43, 49.43, 49.42, 49.42, 49.42, 49.42, 49.42, 49.42, 49.43, 49.43, 49.43, 49.41, 49.41, 49.41, 49.4, 49.4, 49.4, 49.4, 49.4, 49.4, 49.43, 49.43, 49.43, 49.42, 49.42, 49.42, 49.41, 49.41, 49.41, 49.39, 49.39, 49.39, 49.41, 49.41, 49.41, 49.4, 49.4, 49.4, 49.41, 49.41, 49.41, 49.4, 49.4], "Temp_env": []}