{"Start_Time": [1759077590.010117], "Time": [1759077592.0131493, 1759077594.015387, 1759077596.0182939, 1759077598.020604, 1759077600.0227315, 1759077602.0254638, 1759077604.0285268, 1759077606.030685, 1759077608.033393, 1759077610.0358765, 1759077612.0384326, 1759077614.0407734, 1759077616.0434313, 1759077618.04581, 1759077620.048464, 1759077622.0510736, 1759077624.0539365, 1759077626.0565863, 1759077628.0591545, 1759077630.0618153, 1759077632.0646753, 1759077634.0670307, 1759077636.0701165, 1759077638.07325, 1759077640.0762243, 1759077642.0787675, 1759077644.08114, 1759077646.0838208, 1759077648.0861664, 1759077650.089189, 1759077652.0922427, 1759077654.095326, 1759077656.0980194, 1759077658.1003647, 1759077660.1035166, 1759077662.106376, 1759077664.1090677, 1759077666.1114225, 1759077668.1143258, 1759077670.1172025, 1759077672.1195407, 1759077674.1225693, 1759077676.125484, 1759077678.12833, 1759077680.1315176], "Voltage": [230.55, 230.6, 230.6, 230.55, 230.6, 230.6, 230.55, 230.66, 230.66, 230.71, 230.66, 230.66, 230.76, 230.71, 230.6, 230.71, 230.71, 230.66, 230.55, 230.66, 230.6, 230.45, 230.6, 230.6, 230.55, 230.55, 230.5, 230.55, 230.6, 230.45, 230.55, 230.55, 230.55, 230.5, 230.39, 230.5, 230.5, 230.5, 230.55, 230.55, 230.45, 230.55, 230.45, 230.45, 230.45], "Current": [0.04, 0.04, 0.04, 0.04, 0.04, 0.04, 0.04, 0.04, 0.04, 0.04, 0.04, 0.04, 0.04, 0.04, 0.04, 0.04, 0.04, 0.04, 0.04, 0.04, 0.04, 0.04, 0.04, 0.04, 0.04, 0.04, 0.04, 0.04, 0.04, 0.04, 0.04, 0.04, 0.04, 0.04, 0.04, 0.04, 0.04, 0.04, 0.04, 0.04, 0.04, 0.04, 0.04, 0.04, 0.04], "Real_Power": [4.03, 3.86, 3.95, 3.86, 3.92, 3.91, 3.89, 3.96, 3.91, 3.95, 4.02, 3.94, 3.96, 3.98, 3.95, 4.02, 4.02, 3.85, 3.87, 3.86, 3.98, 3.84, 3.9, 3.97, 3.93, 3.96, 3.95, 3.96, 3.97, 3.85, 3.99, 3.86, 4.0, 3.82, 4.01, 3.86, 3.95, 3.91, 3.89, 3.99, 3.87, 3.86, 3.97, 3.9, 3.79], "Apparent_Power": [9.22, 9.22, 9.22, 9.22, 9.22, 9.22, 9.22, 9.22, 9.22, 9.22, 9.22, 9.22, 9.23, 9.22, 9.22, 9.22, 9.22, 9.22, 9.22, 9.22, 9.22, 9.21, 9.22, 9.22, 9.22, 9.22, 9.22, 9.22, 9.22, 9.21, 9.22, 9.22, 9.22, 9.22, 9.21, 9.22, 9.22, 9.22, 9.22, 9.22, 9.21, 9.22, 9.21, 9.21, 9.21], "Apparent_Power_Reactive": [8.29, 8.37, 8.33, 8.37, 8.34, 8.34, 8.35, 8.32, 8.34, 8.33, 8.29, 8.33, 8.33, 8.31, 8.33, 8.29, 8.29, 8.37, 8.36, 8.37, 8.31, 8.37, 8.35, 8.32, 8.34, 8.32, 8.33, 8.32, 8.32, 8.36, 8.31, 8.37, 8.3, 8.39, 8.29, 8.37, 8.33, 8.34, 8.35, 8.31, 8.35, 8.37, 8.31, 8.34, 8.39], "Power_Factor": [0.437, 0.418, 0.428, 0.418, 0.425, 0.424, 0.421, 0.429, 0.424, 0.428, 0.436, 0.427, 0.429, 0.431, 0.428, 0.436, 0.436, 0.417, 0.419, 0.418, 0.431, 0.416, 0.422, 0.43, 0.426, 0.429, 0.428, 0.429, 0.43, 0.418, 0.432, 0.418, 0.433, 0.414, 0.435, 0.418, 0.428, 0.424, 0.421, 0.432, 0.42, 0.418, 0.431, 0.423, 0.411], "Energy": [0.0, 0.0, 0.0, 0.0, 0.01, 0.01, 0.01, 0.01, 0.01, 0.02, 0.02, 0.02, 0.02, 0.03, 0.03, 0.03, 0.03, 0.03, 0.04, 0.04, 0.04, 0.04, 0.05, 0.05, 0.05, 0.05, 0.05, 0.06, 0.06, 0.06, 0.06, 0.07, 0.07, 0.07, 0.07, 0.07, 0.08, 0.08, 0.08, 0.08, 0.09, 0.09, 0.09, 0.09, 0.09], "Frequency": [49.38, 49.38, 49.38, 49.37, 49.37, 49.37, 49.38, 49.38, 49.38, 49.39, 49.39, 49.39, 49.36, 49.36, 49.36, 49.38, 49.38, 49.38, 49.37, 49.37, 49.37, 49.36, 49.36, 49.36, 49.38, 49.38, 49.38, 49.35, 49.35, 49.35, 49.35, 49.35, 49.35, 49.35, 49.35, 49.35, 49.35, 49.35, 49.35, 49.33, 49.33, 49.33, 49.35, 49.35, 49.35], "Temp_env": []}