{"Start_Time": [1759260589.34158], "Time": [1759260591.343823, 1759260593.3467133, 1759260595.3490229, 1759260597.3519723, 1759260599.3546314, 1759260601.35687, 1759260603.3597476, 1759260605.3620963, 1759260607.365232, 1759260609.3681157, 1759260611.371008, 1759260613.3808146, 1759260615.3831327, 1759260617.3860517, 1759260619.3964214, 1759260621.3993163, 1759260623.4021304, 1759260625.4122484, 1759260627.4151402, 1759260629.4179096, 1759260631.4279377, 1759260633.4302433, 1759260635.4333048, 1759260637.4433262, 1759260639.446333, 1759260641.4492366, 1759260643.45912, 1759260645.4620466, 1759260647.4643888, 1759260649.474346, 1759260651.4766543, 1759260653.4793923, 1759260655.4893866, 1759260657.4920905, 1759260659.4944677, 1759260661.5043979, 1759260663.5067403, 1759260665.509259, 1759260667.5190313, 1759260669.5218859, 1759260671.5247548, 1759260673.5275862, 1759260675.530638, 1759260677.5333838, 1759260679.5356853], "Voltage": [228.14, 228.14, 228.09, 228.09, 228.14, 228.14, 228.04, 228.77, 228.72, 228.82, 228.72, 228.77, 228.77, 228.82, 228.77, 228.82, 228.72, 228.77, 228.77, 228.82, 228.77, 228.61, 228.87, 228.87, 228.82, 228.93, 228.82, 228.77, 228.66, 228.82, 228.87, 228.82, 228.82, 228.72, 229.03, 228.93, 229.03, 229.03, 228.93, 228.98, 228.93, 228.82, 228.93, 228.98, 228.98], "Current": [0.04, 0.04, 0.04, 0.04, 0.04, 0.04, 0.04, 0.04, 0.04, 0.04, 0.04, 0.04, 0.04, 0.04, 0.04, 0.04, 0.04, 0.04, 0.04, 0.04, 0.04, 0.04, 0.04, 0.04, 0.04, 0.04, 0.04, 0.04, 0.04, 0.04, 0.04, 0.04, 0.04, 0.04, 0.04, 0.04, 0.04, 0.04, 0.04, 0.04, 0.04, 0.04, 0.04, 0.04, 0.04], "Real_Power": [3.94, 3.91, 3.91, 3.96, 3.86, 3.92, 3.96, 3.99, 3.95, 4.0, 3.88, 3.88, 3.93, 4.0, 4.01, 4.05, 3.88, 3.95, 4.01, 4.09, 3.87, 3.87, 4.03, 3.96, 4.07, 3.91, 3.88, 3.96, 3.98, 3.93, 3.97, 4.03, 3.92, 3.95, 3.92, 4.08, 3.97, 3.89, 3.85, 3.84, 4.0, 3.94, 3.84, 4.05, 3.95], "Apparent_Power": [9.12, 9.12, 9.12, 9.12, 9.12, 9.12, 9.12, 9.15, 9.14, 9.15, 9.14, 9.15, 9.15, 9.15, 9.15, 9.15, 9.14, 9.15, 9.15, 9.15, 9.15, 9.14, 9.15, 9.15, 9.15, 9.15, 9.15, 9.15, 9.14, 9.15, 9.15, 9.15, 9.15, 9.14, 9.16, 9.15, 9.16, 9.16, 9.15, 9.15, 9.15, 9.15, 9.15, 9.15, 9.15], "Apparent_Power_Reactive": [8.22, 8.23, 8.23, 8.21, 8.26, 8.23, 8.21, 8.23, 8.24, 8.22, 8.27, 8.28, 8.26, 8.22, 8.22, 8.2, 8.27, 8.25, 8.22, 8.18, 8.29, 8.28, 8.21, 8.24, 8.19, 8.27, 8.28, 8.24, 8.22, 8.26, 8.24, 8.21, 8.26, 8.24, 8.27, 8.19, 8.25, 8.29, 8.3, 8.3, 8.22, 8.25, 8.3, 8.2, 8.25], "Power_Factor": [0.432, 0.428, 0.428, 0.434, 0.423, 0.429, 0.434, 0.436, 0.432, 0.437, 0.424, 0.424, 0.429, 0.437, 0.438, 0.442, 0.424, 0.431, 0.438, 0.446, 0.422, 0.423, 0.44, 0.432, 0.444, 0.427, 0.424, 0.432, 0.435, 0.429, 0.433, 0.44, 0.428, 0.432, 0.427, 0.445, 0.433, 0.424, 0.42, 0.419, 0.437, 0.43, 0.419, 0.442, 0.431], "Energy": [0.0, 0.0, 0.0, 0.0, 0.01, 0.01, 0.01, 0.01, 0.01, 0.02, 0.02, 0.02, 0.02, 0.03, 0.03, 0.03, 0.03, 0.03, 0.04, 0.04, 0.04, 0.04, 0.05, 0.05, 0.05, 0.05, 0.05, 0.06, 0.06, 0.06, 0.06, 0.07, 0.07, 0.07, 0.07, 0.07, 0.08, 0.08, 0.08, 0.08, 0.09, 0.09, 0.09, 0.09, 0.09], "Frequency": [49.41, 49.41, 49.41, 49.39, 49.39, 49.39, 49.4, 49.4, 49.4, 49.39, 49.39, 49.39, 49.36, 49.36, 49.36, 49.35, 49.35, 49.35, 49.35, 49.35, 49.35, 49.35, 49.35, 49.35, 49.37, 49.37, 49.37, 49.36, 49.36, 49.36, 49.37, 49.37, 49.37, 49.37, 49.37, 49.37, 49.38, 49.38, 49.38, 49.38, 49.38, 49.38, 49.38, 49.38, 49.38], "Temp_env": []}