{"Start_Time": [1758992636.7818131], "Time": [1758992638.784033, 1758992640.786916, 1758992642.7897725, 1758992644.7926893, 1758992646.7950273, 1758992648.7980375, 1758992650.8010576, 1758992652.804158, 1758992654.8068476, 1758992656.809151, 1758992658.8120425, 1758992660.8141837, 1758992662.817076, 1758992664.8199184, 1758992666.8222249, 1758992668.82496, 1758992670.8272166, 1758992672.8299406, 1758992674.8323119, 1758992676.835313, 1758992678.8382761, 1758992680.8411758, 1758992682.8434706, 1758992684.8466136, 1758992686.84928, 1758992688.852125, 1758992690.8544574, 1758992692.8573632, 1758992694.860253, 1758992696.8625896, 1758992698.8652875, 1758992700.8675256, 1758992702.8701913, 1758992704.8725078, 1758992706.8755393, 1758992708.8787143, 1758992710.8813555, 1758992712.883691, 1758992714.8865495, 1758992716.8895957, 1758992718.8919802, 1758992720.8948467, 1758992722.8970528, 1758992724.8994682, 1758992726.901781], "Voltage": [229.08, 229.03, 228.98, 229.03, 229.08, 229.08, 229.14, 229.14, 229.19, 229.19, 229.24, 229.19, 229.24, 229.24, 229.29, 229.19, 229.14, 229.29, 229.35, 229.24, 229.24, 229.19, 229.03, 229.29, 229.19, 229.24, 229.14, 229.08, 229.29, 229.29, 229.19, 229.08, 229.14, 229.14, 229.14, 229.19, 229.14, 229.19, 229.24, 229.24, 229.19, 229.24, 229.29, 229.29, 229.24], "Current": [0.04, 0.03, 0.04, 0.04, 0.03, 0.04, 0.04, 0.03, 0.04, 0.04, 0.04, 0.03, 0.04, 0.04, 0.04, 0.04, 0.04, 0.04, 0.04, 0.03, 0.04, 0.04, 0.04, 0.03, 0.04, 0.03, 0.04, 0.04, 0.04, 0.04, 0.03, 0.04, 0.03, 0.04, 0.04, 0.04, 0.04, 0.03, 0.04, 0.03, 0.04, 0.03, 0.04, 0.04, 0.04], "Real_Power": [3.89, 3.9, 3.85, 3.91, 3.75, 3.95, 4.02, 3.85, 3.91, 3.92, 3.97, 3.85, 3.84, 3.9, 3.94, 3.94, 3.85, 3.97, 3.9, 3.86, 3.84, 3.94, 3.83, 3.8, 3.81, 3.84, 3.9, 3.92, 3.92, 3.79, 3.93, 3.98, 3.83, 3.95, 3.88, 3.82, 3.9, 3.9, 3.78, 3.84, 3.83, 3.97, 3.88, 3.93, 3.84], "Apparent_Power": [9.16, 6.87, 9.15, 9.16, 6.87, 9.16, 9.16, 6.87, 9.16, 9.16, 9.16, 6.87, 9.16, 9.16, 9.17, 9.16, 9.16, 9.17, 9.17, 6.87, 9.16, 9.16, 9.16, 6.87, 9.16, 6.87, 9.16, 9.16, 9.17, 9.17, 6.87, 9.16, 6.87, 9.16, 9.16, 9.16, 9.16, 6.87, 9.16, 6.87, 9.16, 6.87, 9.17, 9.17, 9.16], "Apparent_Power_Reactive": [8.29, 5.65, 8.3, 8.28, 5.75, 8.26, 8.23, 5.68, 8.28, 8.27, 8.25, 5.68, 8.31, 8.28, 8.28, 8.26, 8.31, 8.26, 8.29, 5.68, 8.31, 8.26, 8.32, 5.72, 8.33, 5.69, 8.28, 8.27, 8.28, 8.35, 5.63, 8.25, 5.7, 8.26, 8.29, 8.32, 8.28, 5.65, 8.34, 5.69, 8.32, 5.6, 8.3, 8.28, 8.31], "Power_Factor": [0.424, 0.567, 0.42, 0.426, 0.545, 0.431, 0.438, 0.56, 0.426, 0.427, 0.433, 0.56, 0.419, 0.425, 0.429, 0.43, 0.42, 0.432, 0.425, 0.561, 0.419, 0.43, 0.418, 0.553, 0.415, 0.558, 0.425, 0.427, 0.427, 0.413, 0.572, 0.434, 0.557, 0.431, 0.423, 0.417, 0.425, 0.567, 0.412, 0.558, 0.418, 0.577, 0.423, 0.428, 0.419], "Energy": [0.0, 0.0, 0.0, 0.0, 0.01, 0.01, 0.01, 0.01, 0.01, 0.02, 0.02, 0.02, 0.02, 0.03, 0.03, 0.03, 0.03, 0.03, 0.04, 0.04, 0.04, 0.04, 0.05, 0.05, 0.05, 0.05, 0.05, 0.06, 0.06, 0.06, 0.06, 0.06, 0.07, 0.07, 0.07, 0.07, 0.08, 0.08, 0.08, 0.08, 0.08, 0.09, 0.09, 0.09, 0.09], "Frequency": [49.45, 49.45, 49.45, 49.45, 49.45, 49.45, 49.47, 49.47, 49.47, 49.46, 49.46, 49.46, 49.45, 49.45, 49.45, 49.46, 49.46, 49.46, 49.44, 49.44, 49.44, 49.45, 49.45, 49.45, 49.45, 49.45, 49.45, 49.45, 49.45, 49.45, 49.45, 49.45, 49.45, 49.48, 49.48, 49.48, 49.49, 49.49, 49.49, 49.49, 49.49, 49.49, 49.5, 49.5, 49.5], "Temp_env": []}