{"Start_Time": [1758655678.8609302], "Time": [1758655680.8629606, 1758655682.8656342, 1758655684.868167, 1758655686.8706136, 1758655688.8731573, 1758655690.875887, 1758655692.8786485, 1758655694.8813324, 1758655696.8841956, 1758655698.8870494, 1758655700.8889987, 1758655702.8918931, 1758655704.8948045, 1758655706.89716, 1758655708.9002995, 1758655710.9028485, 1758655712.9051902, 1758655714.9081805, 1758655716.910494, 1758655718.9135847, 1758655720.9164374, 1758655722.9193285, 1758655724.9221663, 1758655726.9252782, 1758655728.9281933, 1758655730.9304614, 1758655732.9329975, 1758655734.9353478, 1758655736.9383037, 1758655738.940548, 1758655740.943332, 1758655742.946478, 1758655744.9490757, 1758655746.9513097, 1758655748.953653, 1758655750.956246, 1758655752.9585712, 1758655754.9614196, 1758655756.9644933, 1758655758.9665258, 1758655760.9695344, 1758655762.9723735, 1758655764.9745755, 1758655766.9775488, 1758655768.9806216], "Voltage": [230.45, 230.45, 230.45, 230.45, 230.39, 230.39, 230.45, 230.45, 230.39, 230.39, 231.39, 231.55, 231.65, 231.65, 231.44, 231.65, 231.39, 231.34, 231.34, 231.34, 231.49, 231.23, 231.34, 231.28, 231.23, 231.18, 231.23, 231.23, 231.34, 231.13, 231.18, 231.23, 231.28, 231.28, 231.18, 231.23, 231.23, 231.23, 231.34, 231.18, 231.18, 231.34, 231.39, 231.39, 231.39], "Current": [0.04, 0.04, 0.04, 0.04, 0.04, 0.03, 0.04, 0.04, 0.04, 0.04, 0.04, 0.04, 0.04, 0.04, 0.04, 0.04, 0.04, 0.04, 0.04, 0.04, 0.04, 0.04, 0.04, 0.04, 0.04, 0.04, 0.04, 0.04, 0.04, 0.04, 0.04, 0.04, 0.04, 0.04, 0.04, 0.03, 0.04, 0.04, 0.04, 0.04, 0.03, 0.04, 0.04, 0.04, 0.04], "Real_Power": [3.82, 3.94, 4.0, 3.92, 3.92, 3.86, 3.83, 3.88, 3.97, 4.05, 3.91, 3.9, 3.95, 4.05, 3.88, 3.92, 3.96, 3.9, 3.98, 3.92, 3.99, 3.92, 3.85, 4.05, 4.0, 3.87, 3.92, 3.98, 3.89, 3.98, 3.94, 3.91, 4.08, 4.0, 3.91, 3.83, 3.88, 3.92, 4.0, 3.91, 3.89, 3.87, 4.09, 3.88, 3.8], "Apparent_Power": [9.21, 9.21, 9.21, 9.21, 9.21, 6.91, 9.21, 9.21, 9.21, 9.21, 9.25, 9.26, 9.26, 9.26, 9.25, 9.26, 9.25, 9.25, 9.25, 9.25, 9.25, 9.24, 9.25, 9.25, 9.24, 9.24, 9.24, 9.24, 9.25, 9.24, 9.24, 9.24, 9.25, 9.25, 9.24, 6.93, 9.24, 9.24, 9.25, 9.24, 6.93, 9.25, 9.25, 9.25, 9.25], "Apparent_Power_Reactive": [8.38, 8.32, 8.29, 8.33, 8.33, 5.73, 8.37, 8.35, 8.31, 8.27, 8.38, 8.39, 8.37, 8.32, 8.39, 8.38, 8.35, 8.38, 8.34, 8.37, 8.34, 8.36, 8.41, 8.31, 8.32, 8.39, 8.36, 8.33, 8.39, 8.33, 8.35, 8.37, 8.3, 8.34, 8.37, 5.77, 8.38, 8.36, 8.34, 8.37, 5.73, 8.4, 8.29, 8.39, 8.43], "Power_Factor": [0.414, 0.427, 0.434, 0.425, 0.425, 0.558, 0.415, 0.421, 0.431, 0.439, 0.422, 0.421, 0.426, 0.437, 0.419, 0.423, 0.428, 0.421, 0.43, 0.423, 0.431, 0.424, 0.416, 0.437, 0.432, 0.418, 0.424, 0.43, 0.42, 0.43, 0.426, 0.423, 0.441, 0.432, 0.423, 0.552, 0.419, 0.424, 0.432, 0.423, 0.561, 0.418, 0.442, 0.419, 0.41], "Energy": [0.0, 0.0, 0.0, 0.0, 0.01, 0.01, 0.01, 0.01, 0.01, 0.02, 0.02, 0.02, 0.02, 0.03, 0.03, 0.03, 0.03, 0.03, 0.04, 0.04, 0.04, 0.04, 0.05, 0.05, 0.05, 0.05, 0.05, 0.06, 0.06, 0.06, 0.06, 0.07, 0.07, 0.07, 0.07, 0.07, 0.08, 0.08, 0.08, 0.08, 0.09, 0.09, 0.09, 0.09, 0.09], "Frequency": [49.42, 49.42, 49.43, 49.43, 49.43, 49.43, 49.43, 49.43, 49.42, 49.42, 49.42, 49.42, 49.42, 49.42, 49.43, 49.43, 49.43, 49.43, 49.43, 49.43, 49.43, 49.43, 49.43, 49.43, 49.43, 49.43, 49.42, 49.42, 49.42, 49.43, 49.43, 49.43, 49.43, 49.43, 49.43, 49.43, 49.43, 49.43, 49.41, 49.41, 49.41, 49.42, 49.42, 49.42, 49.42], "Temp_env": []}