{"Start_Time": [1758847437.4744804], "Time": [1758847439.477387, 1758847441.480183, 1758847443.482716, 1758847445.4855998, 1758847447.4885015, 1758847449.4915926, 1758847451.4942584, 1758847453.5036318, 1758847455.5065348, 1758847457.5096345, 1758847459.5195692, 1758847461.5228395, 1758847463.5253627, 1758847465.5277197, 1758847467.530401, 1758847469.532863, 1758847471.535604, 1758847473.538713, 1758847475.5415661, 1758847477.550984, 1758847479.55363, 1758847481.556105, 1758847483.565831, 1758847485.5685172, 1758847487.571844, 1758847489.5750425, 1758847491.5778813, 1758847493.5798934, 1758847495.5827775, 1758847497.585599, 1758847499.5887523, 1758847501.5987, 1758847503.6010377, 1758847505.6039083, 1758847507.6138387, 1758847509.6166675, 1758847511.619766, 1758847513.6220918, 1758847515.6247878, 1758847517.62711, 1758847519.637296, 1758847521.6397634, 1758847523.642127, 1758847525.6447973, 1758847527.6471136], "Voltage": [231.23, 231.13, 231.13, 230.97, 231.13, 231.02, 231.02, 231.02, 230.92, 230.97, 230.86, 231.13, 231.02, 231.07, 230.97, 230.97, 231.13, 230.92, 230.92, 231.02, 230.76, 230.97, 230.97, 230.92, 230.92, 230.92, 230.86, 231.02, 230.92, 230.86, 231.02, 230.86, 230.81, 230.97, 231.07, 230.97, 231.13, 230.86, 230.97, 230.97, 231.07, 231.13, 231.13, 231.13, 231.13], "Current": [0.03, 0.03, 0.03, 0.03, 0.04, 0.04, 0.03, 0.04, 0.03, 0.03, 0.04, 0.03, 0.04, 0.04, 0.04, 0.03, 0.03, 0.04, 0.03, 0.04, 0.04, 0.04, 0.04, 0.04, 0.03, 0.03, 0.03, 0.04, 0.03, 0.04, 0.03, 0.03, 0.03, 0.04, 0.03, 0.03, 0.03, 0.03, 0.03, 0.03, 0.03, 0.03, 0.04, 0.03, 0.03], "Real_Power": [3.88, 3.96, 3.9, 3.83, 3.9, 3.92, 3.91, 3.92, 3.9, 3.79, 3.95, 3.98, 4.0, 3.98, 3.93, 3.82, 3.81, 3.92, 3.91, 4.02, 3.9, 4.01, 3.97, 3.99, 3.85, 3.83, 3.97, 4.01, 3.94, 3.97, 3.85, 3.93, 3.89, 3.97, 3.94, 3.95, 3.94, 3.81, 3.86, 3.8, 3.9, 3.88, 3.91, 3.93, 3.88], "Apparent_Power": [6.93, 6.93, 6.93, 6.92, 9.24, 9.24, 6.93, 9.24, 6.92, 6.92, 9.23, 6.93, 9.24, 9.24, 9.23, 6.92, 6.93, 9.23, 6.92, 9.24, 9.23, 9.23, 9.23, 9.23, 6.92, 6.92, 6.92, 9.24, 6.92, 9.23, 6.93, 6.92, 6.92, 9.23, 6.93, 6.92, 6.93, 6.92, 6.92, 6.92, 6.93, 6.93, 9.24, 6.93, 6.93], "Apparent_Power_Reactive": [5.74, 5.68, 5.72, 5.76, 8.37, 8.36, 5.72, 8.36, 5.71, 5.78, 8.34, 5.67, 8.32, 8.33, 8.35, 5.77, 5.78, 8.35, 5.7, 8.31, 8.36, 8.31, 8.33, 8.32, 5.75, 5.76, 5.66, 8.32, 5.68, 8.33, 5.76, 5.69, 5.72, 8.33, 5.7, 5.68, 5.7, 5.77, 5.74, 5.78, 5.72, 5.74, 8.37, 5.7, 5.74], "Power_Factor": [0.559, 0.571, 0.562, 0.553, 0.422, 0.424, 0.564, 0.424, 0.563, 0.547, 0.427, 0.574, 0.432, 0.43, 0.425, 0.552, 0.549, 0.424, 0.565, 0.435, 0.422, 0.434, 0.43, 0.432, 0.556, 0.553, 0.573, 0.433, 0.569, 0.43, 0.555, 0.567, 0.562, 0.43, 0.568, 0.57, 0.568, 0.55, 0.557, 0.549, 0.562, 0.559, 0.423, 0.567, 0.559], "Energy": [0.0, 0.0, 0.0, 0.0, 0.01, 0.01, 0.01, 0.01, 0.01, 0.02, 0.02, 0.02, 0.02, 0.03, 0.03, 0.03, 0.03, 0.03, 0.04, 0.04, 0.04, 0.04, 0.05, 0.05, 0.05, 0.05, 0.05, 0.06, 0.06, 0.06, 0.06, 0.07, 0.07, 0.07, 0.07, 0.07, 0.08, 0.08, 0.08, 0.08, 0.09, 0.09, 0.09, 0.09, 0.09], "Frequency": [49.39, 49.39, 49.39, 49.39, 49.4, 49.4, 49.4, 49.39, 49.39, 49.39, 49.4, 49.4, 49.4, 49.41, 49.41, 49.41, 49.39, 49.39, 49.39, 49.42, 49.42, 49.42, 49.41, 49.41, 49.41, 49.4, 49.4, 49.4, 49.41, 49.41, 49.41, 49.4, 49.4, 49.4, 49.39, 49.39, 49.39, 49.39, 49.39, 49.39, 49.39, 49.39, 49.39, 49.38, 49.38], "Temp_env": []}