{"Start_Time": [1759085451.4653962], "Time": [1759085453.4685469, 1759085455.4713843, 1759085457.474471, 1759085459.477143, 1759085461.479455, 1759085463.4823663, 1759085465.4851868, 1759085467.4944167, 1759085469.4973133, 1759085471.5007358, 1759085473.5105424, 1759085475.5134733, 1759085477.5163708, 1759085479.5265093, 1759085481.52938, 1759085483.5323617, 1759085485.5344825, 1759085487.5375035, 1759085489.5407264, 1759085491.5433903, 1759085493.5464873, 1759085495.549381, 1759085497.5592132, 1759085499.5614405, 1759085501.5645847, 1759085503.5671847, 1759085505.5695941, 1759085507.5724432, 1759085509.5748353, 1759085511.5774632, 1759085513.580676, 1759085515.59052, 1759085517.593507, 1759085519.5966117, 1759085521.6063309, 1759085523.6086657, 1759085525.6115844, 1759085527.6146357, 1759085529.6174667, 1759085531.6205723, 1759085533.623608, 1759085535.6264741, 1759085537.6296813, 1759085539.6387143, 1759085541.6413844], "Voltage": [230.08, 230.08, 230.08, 230.03, 230.18, 229.97, 230.24, 230.03, 230.13, 230.18, 230.13, 230.29, 230.29, 230.18, 230.13, 229.97, 229.92, 229.97, 229.92, 230.03, 229.92, 229.97, 229.92, 229.92, 230.03, 230.03, 229.97, 230.08, 229.97, 230.03, 229.87, 229.97, 230.03, 230.03, 229.97, 229.92, 229.82, 229.82, 229.87, 229.87, 229.82, 229.92, 229.82, 229.76, 229.82], "Current": [0.03, 0.03, 0.04, 0.04, 0.04, 0.04, 0.04, 0.04, 0.04, 0.03, 0.04, 0.04, 0.04, 0.03, 0.04, 0.03, 0.04, 0.04, 0.04, 0.04, 0.04, 0.04, 0.04, 0.04, 0.04, 0.04, 0.04, 0.04, 0.04, 0.04, 0.04, 0.04, 0.04, 0.04, 0.04, 0.04, 0.03, 0.04, 0.04, 0.04, 0.04, 0.03, 0.04, 0.04, 0.04], "Real_Power": [3.8, 3.83, 3.98, 3.79, 3.91, 3.87, 3.82, 3.88, 3.81, 3.94, 3.87, 3.91, 3.8, 3.72, 3.82, 3.74, 3.92, 3.85, 3.78, 3.91, 3.82, 3.85, 3.95, 3.97, 3.84, 3.9, 3.84, 4.0, 3.95, 3.92, 4.0, 3.89, 3.86, 3.91, 3.89, 3.79, 3.84, 3.9, 3.87, 3.87, 4.03, 3.84, 3.93, 3.88, 3.95], "Apparent_Power": [6.9, 6.9, 9.2, 9.2, 9.2, 9.19, 9.2, 9.2, 9.2, 6.9, 9.2, 9.21, 9.21, 6.9, 9.2, 6.89, 9.19, 9.19, 9.19, 9.2, 9.19, 9.19, 9.19, 9.19, 9.2, 9.2, 9.19, 9.2, 9.19, 9.2, 9.19, 9.19, 9.2, 9.2, 9.19, 9.19, 6.89, 9.19, 9.19, 9.19, 9.19, 6.89, 9.19, 9.19, 9.19], "Apparent_Power_Reactive": [5.75, 5.73, 8.29, 8.38, 8.32, 8.33, 8.36, 8.34, 8.37, 5.66, 8.34, 8.33, 8.38, 5.81, 8.36, 5.78, 8.31, 8.34, 8.37, 8.32, 8.35, 8.34, 8.29, 8.28, 8.36, 8.33, 8.34, 8.28, 8.29, 8.32, 8.27, 8.32, 8.35, 8.32, 8.32, 8.37, 5.72, 8.32, 8.33, 8.33, 8.25, 5.72, 8.3, 8.33, 8.29], "Power_Factor": [0.55, 0.555, 0.432, 0.411, 0.425, 0.421, 0.415, 0.421, 0.414, 0.571, 0.42, 0.424, 0.412, 0.539, 0.415, 0.542, 0.426, 0.418, 0.411, 0.425, 0.415, 0.418, 0.429, 0.431, 0.417, 0.423, 0.417, 0.434, 0.429, 0.426, 0.435, 0.423, 0.419, 0.425, 0.423, 0.412, 0.557, 0.424, 0.421, 0.421, 0.438, 0.557, 0.427, 0.422, 0.429], "Energy": [0.0, 0.0, 0.0, 0.0, 0.01, 0.01, 0.01, 0.01, 0.01, 0.02, 0.02, 0.02, 0.02, 0.03, 0.03, 0.03, 0.03, 0.03, 0.04, 0.04, 0.04, 0.04, 0.05, 0.05, 0.05, 0.05, 0.05, 0.06, 0.06, 0.06, 0.06, 0.06, 0.07, 0.07, 0.07, 0.07, 0.08, 0.08, 0.08, 0.08, 0.08, 0.09, 0.09, 0.09, 0.09], "Frequency": [49.42, 49.42, 49.42, 49.42, 49.42, 49.41, 49.41, 49.41, 49.41, 49.41, 49.41, 49.41, 49.41, 49.41, 49.39, 49.39, 49.39, 49.39, 49.39, 49.39, 49.39, 49.39, 49.39, 49.39, 49.39, 49.39, 49.4, 49.4, 49.4, 49.41, 49.41, 49.41, 49.42, 49.42, 49.42, 49.41, 49.41, 49.41, 49.4, 49.4, 49.4, 49.39, 49.39, 49.39, 49.39], "Temp_env": []}