{"Start_Time": [1758957511.1541486], "Time": [1758957513.1563957, 1758957515.1592762, 1758957517.162156, 1758957519.1650248, 1758957521.1674585, 1758957523.1699893, 1758957525.1723535, 1758957527.1743171, 1758957529.1774557, 1758957531.180296, 1758957533.1824276, 1758957535.1855767, 1758957537.1881616, 1758957539.190471, 1758957541.1934085, 1758957543.196516, 1758957545.1993723, 1758957547.202673, 1758957549.2055392, 1758957551.2084153, 1758957553.2114727, 1758957555.2145753, 1758957557.2176192, 1758957559.2204382, 1758957561.2225735, 1758957563.2255356, 1758957565.2277262, 1758957567.2304676, 1758957569.2336946, 1758957571.2363539, 1758957573.238615, 1758957575.241621, 1758957577.2446992, 1758957579.2468016, 1758957581.2495162, 1758957583.2524045, 1758957585.2550106, 1758957587.257902, 1758957589.2606037, 1758957591.2628775, 1758957593.265617, 1758957595.2680812, 1758957597.2705617, 1758957599.2729208, 1758957601.2756596], "Voltage": [228.4, 228.4, 228.45, 228.35, 228.4, 228.4, 228.51, 228.56, 228.35, 228.4, 228.56, 228.56, 228.35, 228.61, 228.72, 228.66, 228.56, 228.51, 228.61, 228.66, 228.77, 228.72, 228.66, 228.61, 228.72, 228.56, 228.56, 228.66, 228.82, 228.72, 228.61, 228.82, 228.77, 228.77, 228.72, 228.61, 228.77, 228.77, 228.72, 228.87, 228.77, 228.77, 228.82, 228.82, 228.72], "Current": [0.04, 0.04, 0.04, 0.04, 0.04, 0.04, 0.04, 0.04, 0.04, 0.04, 0.04, 0.04, 0.04, 0.04, 0.04, 0.04, 0.04, 0.04, 0.04, 0.04, 0.04, 0.04, 0.04, 0.04, 0.04, 0.04, 0.04, 0.04, 0.04, 0.04, 0.04, 0.04, 0.04, 0.04, 0.04, 0.04, 0.04, 0.04, 0.04, 0.04, 0.04, 0.04, 0.04, 0.04, 0.04], "Real_Power": [3.83, 3.89, 3.97, 3.9, 3.86, 3.89, 3.92, 4.02, 3.89, 3.91, 3.87, 3.92, 4.01, 3.82, 3.77, 3.8, 3.91, 3.94, 3.91, 3.83, 3.9, 3.9, 3.89, 3.93, 3.88, 3.92, 3.89, 3.93, 3.95, 3.93, 3.91, 3.83, 3.97, 3.93, 3.96, 3.96, 3.96, 3.76, 3.95, 3.97, 3.99, 3.85, 3.94, 3.8, 3.92], "Apparent_Power": [9.13, 9.13, 9.13, 9.13, 9.13, 9.13, 9.14, 9.14, 9.13, 9.13, 9.14, 9.14, 9.13, 9.14, 9.14, 9.14, 9.14, 9.14, 9.14, 9.14, 9.15, 9.14, 9.14, 9.14, 9.14, 9.14, 9.14, 9.14, 9.15, 9.14, 9.14, 9.15, 9.15, 9.15, 9.14, 9.14, 9.15, 9.15, 9.14, 9.15, 9.15, 9.15, 9.15, 9.15, 9.14], "Apparent_Power_Reactive": [8.28, 8.25, 8.22, 8.25, 8.27, 8.25, 8.25, 8.2, 8.25, 8.25, 8.28, 8.25, 8.2, 8.3, 8.32, 8.31, 8.26, 8.24, 8.26, 8.29, 8.27, 8.26, 8.27, 8.25, 8.27, 8.25, 8.27, 8.25, 8.25, 8.25, 8.26, 8.3, 8.24, 8.26, 8.23, 8.23, 8.24, 8.34, 8.24, 8.24, 8.23, 8.3, 8.25, 8.32, 8.25], "Power_Factor": [0.419, 0.426, 0.434, 0.427, 0.422, 0.426, 0.428, 0.439, 0.426, 0.428, 0.423, 0.428, 0.439, 0.417, 0.412, 0.415, 0.427, 0.431, 0.427, 0.419, 0.426, 0.426, 0.425, 0.429, 0.424, 0.428, 0.425, 0.429, 0.431, 0.429, 0.427, 0.418, 0.433, 0.429, 0.433, 0.433, 0.432, 0.41, 0.432, 0.433, 0.436, 0.42, 0.43, 0.415, 0.428], "Energy": [0.0, 0.0, 0.0, 0.0, 0.01, 0.01, 0.01, 0.01, 0.01, 0.02, 0.02, 0.02, 0.02, 0.03, 0.03, 0.03, 0.03, 0.03, 0.04, 0.04, 0.04, 0.04, 0.05, 0.05, 0.05, 0.05, 0.05, 0.06, 0.06, 0.06, 0.06, 0.07, 0.07, 0.07, 0.07, 0.07, 0.08, 0.08, 0.08, 0.08, 0.08, 0.09, 0.09, 0.09, 0.09], "Frequency": [49.39, 49.39, 49.39, 49.39, 49.39, 49.38, 49.38, 49.38, 49.38, 49.38, 49.38, 49.39, 49.39, 49.39, 49.4, 49.4, 49.4, 49.39, 49.39, 49.39, 49.4, 49.4, 49.4, 49.41, 49.41, 49.41, 49.4, 49.4, 49.4, 49.4, 49.4, 49.4, 49.39, 49.39, 49.39, 49.39, 49.39, 49.39, 49.39, 49.39, 49.39, 49.39, 49.39, 49.39, 49.41], "Temp_env": []}