{"Start_Time": [1758758910.9624627], "Time": [1758758912.9652932, 1758758914.9679983, 1758758916.9703887, 1758758918.9734871, 1758758920.975535, 1758758922.97846, 1758758924.9812787, 1758758926.984372, 1758758928.9871647, 1758758930.989518, 1758758932.9921927, 1758758934.9945486, 1758758936.997204, 1758758938.999586, 1758758941.0025923, 1758758943.0055635, 1758758945.007697, 1758758947.0103934, 1758758949.0133226, 1758758951.0161865, 1758758953.0184975, 1758758955.0215898, 1758758957.0237336, 1758758959.026445, 1758758961.0287874, 1758758963.0314786, 1758758965.0348034, 1758758967.0374556, 1758758969.0400035, 1758758971.042659, 1758758973.045974, 1758758975.0485866, 1758758977.051705, 1758758979.0548413, 1758758981.0575805, 1758758983.0601902, 1758758985.0629108, 1758758987.065965, 1758758989.0687058, 1758758991.0713418, 1758758993.0741942, 1758758995.0770805, 1758758997.0799098, 1758758999.08284, 1758759001.085262], "Voltage": [229.71, 229.71, 229.71, 229.66, 229.71, 229.66, 229.71, 229.66, 229.66, 229.66, 229.71, 229.76, 229.71, 229.71, 229.76, 229.92, 229.92, 229.82, 229.92, 230.03, 229.82, 229.87, 229.76, 230.03, 229.87, 229.82, 229.87, 229.87, 229.87, 229.76, 229.76, 229.82, 229.66, 229.71, 229.71, 229.76, 229.76, 229.82, 229.82, 229.82, 229.82, 229.71, 229.82, 229.71, 229.82], "Current": [0.04, 0.04, 0.04, 0.04, 0.04, 0.04, 0.04, 0.04, 0.04, 0.04, 0.04, 0.04, 0.04, 0.04, 0.04, 0.04, 0.04, 0.04, 0.04, 0.04, 0.04, 0.04, 0.04, 0.04, 0.04, 0.04, 0.04, 0.04, 0.04, 0.04, 0.04, 0.04, 0.04, 0.04, 0.04, 0.04, 0.04, 0.04, 0.04, 0.04, 0.04, 0.04, 0.04, 0.04, 0.04], "Real_Power": [3.89, 3.87, 3.88, 3.93, 3.89, 3.87, 3.99, 3.88, 3.99, 3.87, 4.02, 4.01, 3.84, 3.92, 3.91, 3.86, 3.92, 3.94, 3.92, 3.96, 3.83, 3.91, 4.0, 3.95, 3.93, 3.96, 3.92, 3.94, 4.09, 4.0, 3.96, 3.91, 3.89, 3.95, 4.0, 3.99, 4.01, 3.96, 3.98, 3.89, 4.05, 3.95, 4.01, 3.93, 3.85], "Apparent_Power": [9.18, 9.18, 9.18, 9.18, 9.18, 9.18, 9.18, 9.18, 9.18, 9.18, 9.18, 9.19, 9.18, 9.18, 9.19, 9.19, 9.19, 9.19, 9.19, 9.2, 9.19, 9.19, 9.19, 9.2, 9.19, 9.19, 9.19, 9.19, 9.19, 9.19, 9.19, 9.19, 9.18, 9.18, 9.18, 9.19, 9.19, 9.19, 9.19, 9.19, 9.19, 9.18, 9.19, 9.18, 9.19], "Apparent_Power_Reactive": [8.31, 8.32, 8.31, 8.29, 8.31, 8.32, 8.26, 8.31, 8.26, 8.32, 8.25, 8.26, 8.33, 8.3, 8.31, 8.34, 8.31, 8.3, 8.31, 8.3, 8.35, 8.31, 8.27, 8.3, 8.3, 8.29, 8.31, 8.3, 8.22, 8.27, 8.29, 8.31, 8.31, 8.28, 8.26, 8.27, 8.26, 8.29, 8.28, 8.32, 8.24, 8.28, 8.26, 8.29, 8.34], "Power_Factor": [0.423, 0.421, 0.422, 0.428, 0.423, 0.421, 0.434, 0.422, 0.434, 0.421, 0.437, 0.436, 0.418, 0.427, 0.425, 0.42, 0.426, 0.428, 0.426, 0.43, 0.416, 0.425, 0.435, 0.429, 0.427, 0.43, 0.426, 0.428, 0.445, 0.435, 0.43, 0.425, 0.423, 0.43, 0.435, 0.434, 0.436, 0.43, 0.433, 0.423, 0.44, 0.43, 0.436, 0.428, 0.418], "Energy": [0.0, 0.0, 0.0, 0.0, 0.01, 0.01, 0.01, 0.01, 0.01, 0.02, 0.02, 0.02, 0.02, 0.03, 0.03, 0.03, 0.03, 0.03, 0.04, 0.04, 0.04, 0.04, 0.05, 0.05, 0.05, 0.05, 0.05, 0.06, 0.06, 0.06, 0.06, 0.07, 0.07, 0.07, 0.07, 0.07, 0.08, 0.08, 0.08, 0.08, 0.09, 0.09, 0.09, 0.09, 0.09], "Frequency": [49.39, 49.39, 49.39, 49.39, 49.39, 49.39, 49.39, 49.4, 49.4, 49.4, 49.4, 49.4, 49.4, 49.4, 49.4, 49.4, 49.4, 49.4, 49.4, 49.41, 49.41, 49.41, 49.42, 49.42, 49.42, 49.41, 49.41, 49.41, 49.39, 49.39, 49.39, 49.37, 49.37, 49.37, 49.37, 49.37, 49.37, 49.37, 49.37, 49.37, 49.36, 49.36, 49.36, 49.38, 49.38], "Temp_env": []}