{"Start_Time": [1758998148.874104], "Time": [1758998150.876787, 1758998152.8794177, 1758998154.8817465, 1758998156.8844519, 1758998158.8870382, 1758998160.8898916, 1758998162.8924673, 1758998164.8948205, 1758998166.8974762, 1758998168.8997982, 1758998170.9025292, 1758998172.9050753, 1758998174.907971, 1758998176.9106593, 1758998178.913051, 1758998180.915924, 1758998182.9188128, 1758998184.9216702, 1758998186.9240522, 1758998188.9267206, 1758998190.9290612, 1758998192.9317696, 1758998194.9341822, 1758998196.9368353, 1758998198.9391866, 1758998200.9420903, 1758998202.9450498, 1758998204.9471169, 1758998206.9499831, 1758998208.9523315, 1758998210.9553237, 1758998212.9583251, 1758998214.9610417, 1758998216.9633448, 1758998218.9662392, 1758998220.9690344, 1758998222.9713938, 1758998224.9743426, 1758998226.976585, 1758998228.97936, 1758998230.982528, 1758998232.9854512, 1758998234.9885898, 1758998236.9914672, 1758998238.9942293], "Voltage": [230.13, 230.13, 230.24, 230.29, 230.24, 230.34, 230.24, 230.13, 230.34, 230.24, 230.29, 230.18, 230.18, 230.24, 230.08, 230.18, 230.08, 230.18, 230.13, 230.24, 230.18, 230.08, 230.13, 230.34, 230.29, 230.18, 230.18, 230.18, 230.29, 230.29, 230.39, 230.29, 230.34, 230.29, 230.18, 230.13, 230.24, 230.29, 230.29, 230.29, 230.34, 230.24, 230.39, 230.29, 230.45], "Current": [0.04, 0.04, 0.04, 0.04, 0.04, 0.04, 0.04, 0.04, 0.03, 0.04, 0.04, 0.04, 0.04, 0.04, 0.04, 0.04, 0.04, 0.04, 0.04, 0.04, 0.04, 0.04, 0.04, 0.04, 0.04, 0.04, 0.04, 0.04, 0.04, 0.04, 0.04, 0.04, 0.04, 0.04, 0.04, 0.04, 0.04, 0.04, 0.04, 0.04, 0.04, 0.04, 0.04, 0.04, 0.04], "Real_Power": [3.78, 3.83, 3.78, 3.84, 3.93, 3.93, 3.9, 3.8, 3.77, 3.92, 3.99, 3.88, 3.81, 3.86, 3.79, 3.68, 3.83, 3.96, 3.95, 3.81, 3.92, 3.82, 3.78, 3.87, 3.87, 3.91, 3.87, 3.92, 3.93, 3.86, 3.89, 3.93, 3.82, 3.91, 3.94, 3.78, 3.9, 3.89, 3.85, 3.86, 3.87, 3.84, 3.81, 3.87, 3.96], "Apparent_Power": [9.2, 9.2, 9.2, 9.21, 9.2, 9.21, 9.2, 9.2, 6.91, 9.2, 9.21, 9.2, 9.2, 9.2, 9.2, 9.2, 9.2, 9.2, 9.2, 9.2, 9.2, 9.2, 9.2, 9.21, 9.21, 9.2, 9.2, 9.2, 9.21, 9.21, 9.21, 9.21, 9.21, 9.21, 9.2, 9.2, 9.2, 9.21, 9.21, 9.21, 9.21, 9.2, 9.21, 9.21, 9.21], "Apparent_Power_Reactive": [8.38, 8.36, 8.38, 8.37, 8.31, 8.32, 8.33, 8.37, 5.79, 8.32, 8.3, 8.34, 8.37, 8.35, 8.38, 8.43, 8.36, 8.3, 8.3, 8.37, 8.32, 8.36, 8.38, 8.35, 8.35, 8.32, 8.34, 8.32, 8.32, 8.36, 8.34, 8.32, 8.38, 8.33, 8.31, 8.38, 8.33, 8.34, 8.36, 8.36, 8.35, 8.36, 8.38, 8.35, 8.31], "Power_Factor": [0.41, 0.416, 0.41, 0.416, 0.427, 0.426, 0.423, 0.413, 0.545, 0.426, 0.433, 0.421, 0.414, 0.419, 0.411, 0.4, 0.416, 0.43, 0.429, 0.414, 0.426, 0.415, 0.41, 0.42, 0.42, 0.425, 0.42, 0.426, 0.426, 0.419, 0.422, 0.426, 0.414, 0.424, 0.428, 0.41, 0.423, 0.422, 0.418, 0.419, 0.42, 0.417, 0.413, 0.42, 0.429], "Energy": [0.0, 0.0, 0.0, 0.0, 0.01, 0.01, 0.01, 0.01, 0.01, 0.02, 0.02, 0.02, 0.02, 0.03, 0.03, 0.03, 0.03, 0.03, 0.04, 0.04, 0.04, 0.04, 0.04, 0.05, 0.05, 0.05, 0.05, 0.06, 0.06, 0.06, 0.06, 0.06, 0.07, 0.07, 0.07, 0.07, 0.08, 0.08, 0.08, 0.08, 0.08, 0.09, 0.09, 0.09, 0.09], "Frequency": [49.43, 49.43, 49.42, 49.42, 49.42, 49.43, 49.43, 49.43, 49.43, 49.43, 49.43, 49.41, 49.41, 49.41, 49.41, 49.41, 49.41, 49.42, 49.42, 49.42, 49.4, 49.4, 49.4, 49.4, 49.4, 49.4, 49.41, 49.41, 49.41, 49.4, 49.4, 49.4, 49.41, 49.41, 49.41, 49.43, 49.43, 49.43, 49.43, 49.43, 49.43, 49.43, 49.43, 49.43, 49.43], "Temp_env": []}