{"Start_Time": [1758845804.1052759], "Time": [1758845806.1076887, 1758845808.1103165, 1758845810.113469, 1758845812.1165817, 1758845814.1188142, 1758845816.1213424, 1758845818.1236773, 1758845820.1263857, 1758845822.1292374, 1758845824.132053, 1758845826.1349082, 1758845828.1374094, 1758845830.1396239, 1758845832.142699, 1758845834.1455708, 1758845836.1486652, 1758845838.1517127, 1758845840.15403, 1758845842.1567035, 1758845844.1590362, 1758845846.1615672, 1758845848.164698, 1758845850.1672323, 1758845852.1700191, 1758845854.172676, 1758845856.175018, 1758845858.177756, 1758845860.1807256, 1758845862.183705, 1758845864.1860654, 1758845866.1891994, 1758845868.1918159, 1758845870.1947572, 1758845872.197106, 1758845874.1998146, 1758845876.2021654, 1758845878.2048755, 1758845880.2074306, 1758845882.2101636, 1758845884.2130044, 1758845886.2153249, 1758845888.2179387, 1758845890.2202137, 1758845892.2222533, 1758845894.2252314], "Voltage": [230.13, 230.24, 230.18, 230.29, 230.13, 230.13, 230.13, 229.92, 230.03, 230.08, 230.13, 229.92, 229.97, 229.92, 229.97, 230.03, 230.13, 230.18, 230.13, 230.13, 230.29, 230.18, 230.18, 230.18, 230.13, 230.18, 230.13, 230.18, 230.13, 230.24, 230.13, 230.24, 230.29, 230.13, 230.34, 230.13, 230.18, 230.08, 230.29, 230.29, 230.24, 230.18, 230.29, 230.08, 230.18], "Current": [0.04, 0.04, 0.04, 0.04, 0.04, 0.04, 0.04, 0.04, 0.04, 0.04, 0.04, 0.04, 0.03, 0.04, 0.04, 0.04, 0.04, 0.03, 0.04, 0.04, 0.04, 0.04, 0.04, 0.03, 0.03, 0.04, 0.04, 0.04, 0.04, 0.04, 0.04, 0.04, 0.04, 0.04, 0.04, 0.04, 0.04, 0.04, 0.04, 0.04, 0.04, 0.04, 0.04, 0.04, 0.04], "Real_Power": [3.88, 3.95, 3.88, 3.93, 3.86, 3.89, 3.86, 3.86, 4.02, 3.97, 3.87, 3.88, 3.76, 3.84, 3.82, 3.92, 3.88, 3.88, 3.83, 3.87, 4.0, 3.88, 3.93, 3.72, 3.96, 3.89, 3.84, 3.92, 3.91, 3.81, 3.96, 3.89, 3.95, 3.93, 3.96, 3.85, 3.89, 3.83, 3.84, 3.87, 3.97, 3.85, 3.81, 3.92, 3.9], "Apparent_Power": [9.2, 9.2, 9.2, 9.21, 9.2, 9.2, 9.2, 9.19, 9.2, 9.2, 9.2, 9.19, 6.89, 9.19, 9.19, 9.2, 9.2, 6.9, 9.2, 9.2, 9.21, 9.2, 9.2, 6.9, 6.9, 9.2, 9.2, 9.2, 9.2, 9.2, 9.2, 9.2, 9.21, 9.2, 9.21, 9.2, 9.2, 9.2, 9.21, 9.21, 9.2, 9.2, 9.21, 9.2, 9.2], "Apparent_Power_Reactive": [8.34, 8.3, 8.34, 8.32, 8.35, 8.33, 8.35, 8.34, 8.27, 8.29, 8.34, 8.33, 5.77, 8.34, 8.35, 8.32, 8.34, 5.7, 8.36, 8.34, 8.29, 8.34, 8.31, 5.81, 5.65, 8.33, 8.36, 8.32, 8.32, 8.37, 8.3, 8.33, 8.31, 8.31, 8.31, 8.35, 8.33, 8.36, 8.37, 8.35, 8.29, 8.35, 8.38, 8.32, 8.33], "Power_Factor": [0.421, 0.429, 0.421, 0.426, 0.419, 0.422, 0.419, 0.42, 0.436, 0.431, 0.42, 0.422, 0.545, 0.417, 0.415, 0.426, 0.421, 0.562, 0.416, 0.42, 0.434, 0.421, 0.427, 0.539, 0.573, 0.422, 0.417, 0.426, 0.425, 0.414, 0.43, 0.422, 0.428, 0.427, 0.429, 0.418, 0.422, 0.416, 0.416, 0.42, 0.431, 0.418, 0.413, 0.426, 0.423], "Energy": [0.0, 0.0, 0.0, 0.0, 0.01, 0.01, 0.01, 0.01, 0.01, 0.02, 0.02, 0.02, 0.02, 0.03, 0.03, 0.03, 0.03, 0.03, 0.04, 0.04, 0.04, 0.04, 0.05, 0.05, 0.05, 0.05, 0.05, 0.06, 0.06, 0.06, 0.06, 0.07, 0.07, 0.07, 0.07, 0.07, 0.08, 0.08, 0.08, 0.08, 0.08, 0.09, 0.09, 0.09, 0.09], "Frequency": [49.45, 49.43, 49.43, 49.43, 49.43, 49.43, 49.43, 49.45, 49.45, 49.45, 49.43, 49.43, 49.43, 49.43, 49.43, 49.43, 49.43, 49.43, 49.43, 49.45, 49.45, 49.45, 49.44, 49.44, 49.44, 49.43, 49.43, 49.43, 49.41, 49.41, 49.41, 49.42, 49.42, 49.42, 49.42, 49.42, 49.42, 49.42, 49.42, 49.42, 49.41, 49.41, 49.41, 49.41, 49.41], "Temp_env": []}