{"Start_Time": [1758639544.9146845], "Time": [1758639546.9177282, 1758639548.9202359, 1758639550.922946, 1758639552.9253292, 1758639554.9279463, 1758639556.930346, 1758639558.9333014, 1758639560.935372, 1758639562.9382823, 1758639564.941145, 1758639566.9435055, 1758639568.9465477, 1758639570.9492464, 1758639572.9515996, 1758639574.9545615, 1758639576.9574392, 1758639578.9605117, 1758639580.9637358, 1758639582.9663174, 1758639584.9686263, 1758639586.9713576, 1758639588.9737506, 1758639590.976432, 1758639592.9789295, 1758639594.981539, 1758639596.9839082, 1758639598.9866295, 1758639600.9895117, 1758639602.991867, 1758639604.9945621, 1758639606.9969192, 1758639608.9999962, 1758639611.0026596, 1758639613.0128303, 1758639615.01517, 1758639617.0183206, 1758639619.0209026, 1758639621.024039, 1758639623.02615, 1758639625.028314, 1758639627.0310256, 1758639629.0341465, 1758639631.0369647, 1758639633.0392509, 1758639635.0421832], "Voltage": [230.92, 230.92, 231.07, 230.97, 231.02, 231.07, 231.07, 231.13, 230.97, 230.97, 231.02, 231.07, 231.13, 231.18, 231.02, 230.97, 231.13, 231.28, 231.23, 231.28, 231.13, 231.13, 231.44, 231.18, 231.18, 231.02, 231.13, 231.07, 231.18, 230.97, 231.02, 230.86, 230.92, 230.97, 230.81, 231.02, 231.02, 231.02, 230.92, 231.02, 230.92, 231.07, 231.07, 231.02, 231.02], "Current": [0.04, 0.04, 0.04, 0.04, 0.04, 0.04, 0.04, 0.04, 0.04, 0.04, 0.04, 0.04, 0.04, 0.04, 0.04, 0.04, 0.04, 0.04, 0.04, 0.04, 0.04, 0.04, 0.04, 0.04, 0.04, 0.04, 0.04, 0.04, 0.04, 0.04, 0.04, 0.04, 0.04, 0.04, 0.04, 0.04, 0.04, 0.04, 0.04, 0.04, 0.04, 0.04, 0.04, 0.04, 0.04], "Real_Power": [3.97, 3.96, 3.89, 3.97, 3.96, 4.01, 3.85, 3.89, 3.85, 3.85, 3.93, 3.88, 4.02, 3.89, 3.96, 3.92, 3.98, 3.97, 3.86, 3.83, 3.83, 4.04, 3.99, 3.94, 3.94, 3.97, 4.0, 3.92, 4.0, 3.94, 3.93, 3.89, 4.05, 3.95, 3.99, 3.97, 4.04, 4.0, 4.0, 3.97, 3.95, 4.01, 4.07, 4.02, 3.97], "Apparent_Power": [9.23, 9.23, 9.24, 9.23, 9.24, 9.24, 9.24, 9.24, 9.23, 9.23, 9.24, 9.24, 9.24, 9.24, 9.24, 9.23, 9.24, 9.25, 9.24, 9.25, 9.24, 9.24, 9.25, 9.24, 9.24, 9.24, 9.24, 9.24, 9.24, 9.23, 9.24, 9.23, 9.23, 9.23, 9.23, 9.24, 9.24, 9.24, 9.23, 9.24, 9.23, 9.24, 9.24, 9.24, 9.24], "Apparent_Power_Reactive": [8.33, 8.33, 8.38, 8.33, 8.34, 8.32, 8.39, 8.38, 8.38, 8.38, 8.36, 8.38, 8.31, 8.38, 8.34, 8.35, 8.33, 8.35, 8.39, 8.41, 8.4, 8.3, 8.34, 8.35, 8.35, 8.34, 8.32, 8.36, 8.32, 8.34, 8.36, 8.37, 8.29, 8.34, 8.32, 8.34, 8.3, 8.32, 8.31, 8.34, 8.34, 8.32, 8.29, 8.31, 8.34], "Power_Factor": [0.43, 0.429, 0.42, 0.43, 0.428, 0.433, 0.416, 0.42, 0.417, 0.417, 0.425, 0.419, 0.435, 0.42, 0.428, 0.424, 0.43, 0.429, 0.417, 0.414, 0.414, 0.437, 0.431, 0.426, 0.426, 0.429, 0.432, 0.424, 0.432, 0.426, 0.425, 0.421, 0.438, 0.427, 0.432, 0.429, 0.437, 0.432, 0.433, 0.429, 0.427, 0.433, 0.44, 0.435, 0.429], "Energy": [0.0, 0.0, 0.0, 0.0, 0.01, 0.01, 0.01, 0.01, 0.01, 0.02, 0.02, 0.02, 0.02, 0.03, 0.03, 0.03, 0.03, 0.03, 0.04, 0.04, 0.04, 0.04, 0.05, 0.05, 0.05, 0.05, 0.05, 0.06, 0.06, 0.06, 0.06, 0.07, 0.07, 0.07, 0.07, 0.07, 0.08, 0.08, 0.08, 0.08, 0.09, 0.09, 0.09, 0.09, 0.09], "Frequency": [49.43, 49.43, 49.43, 49.43, 49.42, 49.42, 49.42, 49.43, 49.43, 49.43, 49.42, 49.42, 49.42, 49.43, 49.43, 49.43, 49.41, 49.41, 49.41, 49.43, 49.43, 49.43, 49.42, 49.42, 49.42, 49.43, 49.43, 49.43, 49.43, 49.43, 49.43, 49.44, 49.44, 49.44, 49.43, 49.43, 49.43, 49.43, 49.43, 49.43, 49.44, 49.44, 49.44, 49.43, 49.43], "Temp_env": []}