{"Start_Time": [1758623309.5302682], "Time": [1758623311.5327475, 1758623313.535399, 1758623315.537687, 1758623317.540582, 1758623319.5430706, 1758623321.5458171, 1758623323.5487573, 1758623325.5585885, 1758623327.560925, 1758623329.5638442, 1758623331.573667, 1758623333.5761404, 1758623335.5790534, 1758623337.5816653, 1758623339.583991, 1758623341.5866637, 1758623343.588987, 1758623345.5921378, 1758623347.595253, 1758623349.6054115, 1758623351.6078672, 1758623353.6109364, 1758623355.6208599, 1758623357.6234252, 1758623359.626275, 1758623361.6290705, 1758623363.6312556, 1758623365.633927, 1758623367.636937, 1758623369.6392918, 1758623371.6422727, 1758623373.6523316, 1758623375.6553667, 1758623377.658182, 1758623379.6680949, 1758623381.670271, 1758623383.6734705, 1758623385.6763325, 1758623387.6784472, 1758623389.68139, 1758623391.684501, 1758623393.687112, 1758623395.689471, 1758623397.699497, 1758623399.7024288], "Voltage": [227.77, 227.72, 227.67, 227.83, 227.67, 227.72, 227.77, 227.67, 227.67, 227.67, 227.56, 227.67, 227.62, 227.67, 227.67, 227.83, 227.72, 228.35, 228.35, 229.66, 229.45, 229.55, 229.61, 229.55, 229.5, 229.45, 229.45, 229.35, 229.5, 229.45, 229.66, 229.5, 229.66, 229.61, 229.45, 229.66, 229.4, 229.45, 229.55, 229.5, 229.45, 229.4, 229.24, 229.29, 229.24], "Current": [0.04, 0.04, 0.04, 0.04, 0.04, 0.04, 0.04, 0.04, 0.04, 0.04, 0.04, 0.04, 0.04, 0.04, 0.04, 0.04, 0.04, 0.04, 0.04, 0.04, 0.04, 0.04, 0.04, 0.04, 0.04, 0.04, 0.04, 0.04, 0.04, 0.04, 0.04, 0.04, 0.04, 0.04, 0.04, 0.04, 0.04, 0.04, 0.04, 0.04, 0.04, 0.04, 0.04, 0.04, 0.04], "Real_Power": [4.01, 3.85, 4.04, 4.01, 4.03, 3.89, 3.96, 3.9, 3.97, 3.87, 3.83, 3.9, 3.92, 4.03, 4.02, 3.97, 4.07, 3.93, 3.89, 3.94, 4.04, 3.95, 3.93, 3.88, 3.92, 3.92, 4.05, 4.0, 4.02, 3.92, 4.04, 4.08, 4.03, 3.94, 3.95, 3.95, 3.98, 3.98, 4.02, 4.06, 3.99, 4.03, 3.99, 3.94, 4.07], "Apparent_Power": [9.11, 9.1, 9.1, 9.11, 9.1, 9.1, 9.11, 9.1, 9.1, 9.1, 9.1, 9.1, 9.1, 9.1, 9.1, 9.11, 9.1, 9.13, 9.13, 9.18, 9.17, 9.18, 9.18, 9.18, 9.18, 9.17, 9.17, 9.17, 9.18, 9.17, 9.18, 9.18, 9.18, 9.18, 9.17, 9.18, 9.17, 9.17, 9.18, 9.18, 9.17, 9.17, 9.16, 9.17, 9.16], "Apparent_Power_Reactive": [8.17, 8.24, 8.15, 8.17, 8.15, 8.22, 8.2, 8.22, 8.18, 8.23, 8.25, 8.22, 8.21, 8.15, 8.16, 8.19, 8.13, 8.24, 8.25, 8.29, 8.23, 8.28, 8.29, 8.31, 8.3, 8.28, 8.22, 8.25, 8.25, 8.28, 8.24, 8.22, 8.24, 8.29, 8.27, 8.28, 8.26, 8.26, 8.25, 8.23, 8.25, 8.23, 8.24, 8.28, 8.2], "Power_Factor": [0.44, 0.423, 0.443, 0.44, 0.442, 0.427, 0.434, 0.428, 0.436, 0.425, 0.42, 0.428, 0.43, 0.442, 0.441, 0.435, 0.447, 0.43, 0.426, 0.429, 0.44, 0.43, 0.428, 0.422, 0.427, 0.427, 0.441, 0.436, 0.437, 0.427, 0.44, 0.444, 0.438, 0.429, 0.43, 0.43, 0.434, 0.434, 0.437, 0.442, 0.435, 0.439, 0.435, 0.429, 0.444], "Energy": [0.0, 0.0, 0.0, 0.0, 0.01, 0.01, 0.01, 0.01, 0.01, 0.02, 0.02, 0.02, 0.02, 0.03, 0.03, 0.03, 0.03, 0.04, 0.04, 0.04, 0.04, 0.04, 0.05, 0.05, 0.05, 0.05, 0.06, 0.06, 0.06, 0.06, 0.06, 0.07, 0.07, 0.07, 0.07, 0.08, 0.08, 0.08, 0.08, 0.08, 0.09, 0.09, 0.09, 0.09, 0.1], "Frequency": [49.39, 49.39, 49.39, 49.42, 49.42, 49.42, 49.42, 49.42, 49.42, 49.41, 49.41, 49.41, 49.4, 49.4, 49.4, 49.39, 49.39, 49.39, 49.4, 49.4, 49.4, 49.4, 49.4, 49.4, 49.4, 49.4, 49.4, 49.41, 49.41, 49.41, 49.4, 49.4, 49.4, 49.43, 49.43, 49.43, 49.42, 49.42, 49.42, 49.41, 49.41, 49.41, 49.43, 49.43, 49.43], "Temp_env": []}