{"Start_Time": [1759179923.541024], "Time": [1759179925.5440648, 1759179927.547015, 1759179929.549617, 1759179931.5517867, 1759179933.554683, 1759179935.5570543, 1759179937.5601585, 1759179939.563089, 1759179941.5658655, 1759179943.5681498, 1759179945.570856, 1759179947.5733328, 1759179949.575819, 1759179951.5781455, 1759179953.5810208, 1759179955.5832276, 1759179957.585926, 1759179959.595867, 1759179961.59819, 1759179963.6012492, 1759179965.6112034, 1759179967.6134574, 1759179969.6162288, 1759179971.6190872, 1759179973.6220028, 1759179975.624275, 1759179977.6272502, 1759179979.6303077, 1759179981.632395, 1759179983.6423888, 1759179985.6450672, 1759179987.6473932, 1759179989.6503873, 1759179991.6533666, 1759179993.6563978, 1759179995.6596, 1759179997.6623304, 1759179999.6654053, 1759180001.6755376, 1759180003.6783864, 1759180005.6806633, 1759180007.6903212, 1759180009.692654, 1759180011.6952925, 1759180013.6976304], "Voltage": [229.92, 230.03, 229.97, 229.82, 229.76, 229.92, 229.87, 229.76, 229.87, 230.03, 230.08, 229.97, 229.82, 229.92, 229.87, 229.92, 229.92, 230.08, 229.82, 229.92, 229.97, 229.97, 229.82, 229.97, 229.87, 229.87, 229.92, 229.87, 229.92, 229.76, 229.92, 229.92, 229.97, 229.97, 230.08, 230.08, 229.97, 229.92, 229.92, 230.03, 230.03, 229.97, 229.97, 229.97, 230.03], "Current": [0.04, 0.04, 0.04, 0.04, 0.04, 0.04, 0.04, 0.04, 0.04, 0.04, 0.04, 0.04, 0.04, 0.04, 0.04, 0.04, 0.04, 0.04, 0.04, 0.04, 0.04, 0.04, 0.04, 0.04, 0.04, 0.04, 0.04, 0.04, 0.04, 0.04, 0.04, 0.04, 0.04, 0.04, 0.04, 0.04, 0.04, 0.04, 0.04, 0.04, 0.04, 0.04, 0.04, 0.04, 0.04], "Real_Power": [3.97, 3.94, 3.92, 4.01, 3.9, 3.97, 3.98, 3.9, 3.92, 4.05, 3.9, 3.92, 3.97, 4.01, 3.8, 3.91, 3.92, 3.94, 3.89, 3.97, 4.08, 3.98, 4.0, 3.97, 3.97, 4.01, 3.95, 3.98, 4.04, 3.93, 3.88, 3.85, 3.89, 3.97, 3.95, 3.91, 3.93, 3.99, 3.88, 3.92, 4.06, 3.91, 3.97, 3.99, 3.93], "Apparent_Power": [9.19, 9.2, 9.19, 9.19, 9.19, 9.19, 9.19, 9.19, 9.19, 9.2, 9.2, 9.19, 9.19, 9.19, 9.19, 9.19, 9.19, 9.2, 9.19, 9.19, 9.19, 9.19, 9.19, 9.19, 9.19, 9.19, 9.19, 9.19, 9.19, 9.19, 9.19, 9.19, 9.19, 9.19, 9.2, 9.2, 9.19, 9.19, 9.19, 9.2, 9.2, 9.19, 9.19, 9.19, 9.2], "Apparent_Power_Reactive": [8.28, 8.31, 8.31, 8.26, 8.32, 8.28, 8.28, 8.32, 8.31, 8.26, 8.33, 8.31, 8.28, 8.26, 8.36, 8.31, 8.31, 8.31, 8.32, 8.28, 8.23, 8.28, 8.27, 8.28, 8.28, 8.26, 8.29, 8.28, 8.25, 8.3, 8.33, 8.34, 8.32, 8.28, 8.3, 8.32, 8.3, 8.27, 8.33, 8.32, 8.25, 8.31, 8.28, 8.27, 8.31], "Power_Factor": [0.431, 0.428, 0.426, 0.436, 0.424, 0.431, 0.433, 0.424, 0.426, 0.44, 0.423, 0.426, 0.431, 0.436, 0.413, 0.425, 0.426, 0.428, 0.423, 0.431, 0.443, 0.433, 0.435, 0.431, 0.431, 0.436, 0.429, 0.433, 0.439, 0.427, 0.422, 0.418, 0.423, 0.431, 0.429, 0.425, 0.427, 0.434, 0.422, 0.426, 0.441, 0.425, 0.431, 0.434, 0.427], "Energy": [0.0, 0.0, 0.0, 0.0, 0.01, 0.01, 0.01, 0.01, 0.01, 0.02, 0.02, 0.02, 0.02, 0.03, 0.03, 0.03, 0.03, 0.03, 0.04, 0.04, 0.04, 0.04, 0.05, 0.05, 0.05, 0.05, 0.05, 0.06, 0.06, 0.06, 0.06, 0.07, 0.07, 0.07, 0.07, 0.07, 0.08, 0.08, 0.08, 0.08, 0.09, 0.09, 0.09, 0.09, 0.09], "Frequency": [49.36, 49.36, 49.36, 49.36, 49.35, 49.35, 49.35, 49.36, 49.36, 49.36, 49.36, 49.36, 49.36, 49.35, 49.35, 49.35, 49.37, 49.37, 49.37, 49.36, 49.36, 49.36, 49.39, 49.39, 49.39, 49.37, 49.37, 49.37, 49.38, 49.38, 49.38, 49.36, 49.36, 49.36, 49.36, 49.36, 49.36, 49.36, 49.36, 49.36, 49.37, 49.37, 49.37, 49.36, 49.36], "Temp_env": []}