{"Start_Time": [1759195034.330104], "Time": [1759195036.3331661, 1759195038.3360767, 1759195040.339041, 1759195042.341932, 1759195044.3510876, 1759195046.353882, 1759195048.3561754, 1759195050.3591337, 1759195052.3622215, 1759195054.3650985, 1759195056.375197, 1759195058.3779602, 1759195060.3803232, 1759195062.390275, 1759195064.393264, 1759195066.3962774, 1759195068.40651, 1759195070.4090924, 1759195072.411395, 1759195074.4211383, 1759195076.4234962, 1759195078.4264085, 1759195080.4363809, 1759195082.439451, 1759195084.4427505, 1759195086.4524426, 1759195088.4557273, 1759195090.458232, 1759195092.4605732, 1759195094.4630466, 1759195096.4660392, 1759195098.4757445, 1759195100.4784794, 1759195102.4813523, 1759195104.4915042, 1759195106.4944077, 1759195108.4976308, 1759195110.5079508, 1759195112.510593, 1759195114.513079, 1759195116.5157247, 1759195118.518553, 1759195120.521669, 1759195122.5315855, 1759195124.5341465], "Voltage": [232.75, 232.8, 232.8, 232.86, 232.75, 232.91, 232.75, 232.7, 232.8, 232.75, 232.75, 232.7, 232.75, 232.86, 232.91, 233.01, 232.8, 232.91, 232.96, 232.91, 232.86, 232.96, 232.91, 232.86, 232.8, 232.8, 232.75, 232.8, 232.8, 232.86, 232.7, 232.7, 232.8, 232.86, 232.86, 232.8, 232.96, 232.86, 232.86, 232.91, 232.86, 232.91, 232.91, 232.8, 232.8], "Current": [0.03, 0.04, 0.04, 0.04, 0.04, 0.04, 0.04, 0.04, 0.04, 0.04, 0.04, 0.04, 0.03, 0.03, 0.04, 0.04, 0.04, 0.04, 0.03, 0.04, 0.04, 0.04, 0.04, 0.04, 0.03, 0.04, 0.04, 0.03, 0.04, 0.04, 0.04, 0.04, 0.04, 0.04, 0.04, 0.04, 0.04, 0.04, 0.04, 0.04, 0.04, 0.03, 0.04, 0.04, 0.04], "Real_Power": [4.06, 3.86, 3.92, 3.96, 3.94, 3.96, 3.88, 3.93, 3.88, 3.93, 3.91, 3.85, 3.84, 3.88, 4.01, 3.98, 3.95, 3.88, 3.86, 3.93, 3.92, 3.93, 3.9, 3.99, 3.83, 3.94, 3.96, 3.82, 3.95, 3.88, 3.91, 4.03, 3.88, 4.01, 3.96, 4.0, 3.93, 3.85, 3.88, 4.01, 3.91, 3.8, 3.92, 3.92, 3.9], "Apparent_Power": [6.98, 9.31, 9.31, 9.31, 9.31, 9.31, 9.31, 9.3, 9.31, 9.31, 9.31, 9.3, 6.98, 6.98, 9.31, 9.32, 9.31, 9.31, 6.98, 9.31, 9.31, 9.31, 9.31, 9.31, 6.98, 9.31, 9.31, 6.98, 9.31, 9.31, 9.3, 9.3, 9.31, 9.31, 9.31, 9.31, 9.31, 9.31, 9.31, 9.31, 9.31, 6.98, 9.31, 9.31, 9.31], "Apparent_Power_Reactive": [5.67, 8.47, 8.44, 8.42, 8.43, 8.42, 8.46, 8.42, 8.46, 8.43, 8.44, 8.46, 5.82, 5.8, 8.4, 8.42, 8.43, 8.46, 5.81, 8.43, 8.44, 8.43, 8.45, 8.41, 5.83, 8.43, 8.42, 5.84, 8.43, 8.46, 8.43, 8.38, 8.46, 8.4, 8.42, 8.4, 8.43, 8.47, 8.46, 8.4, 8.44, 5.85, 8.44, 8.44, 8.45], "Power_Factor": [0.581, 0.414, 0.421, 0.425, 0.423, 0.425, 0.416, 0.422, 0.416, 0.422, 0.419, 0.413, 0.55, 0.555, 0.43, 0.427, 0.424, 0.416, 0.553, 0.422, 0.421, 0.422, 0.418, 0.428, 0.548, 0.423, 0.425, 0.547, 0.424, 0.416, 0.42, 0.433, 0.416, 0.43, 0.425, 0.429, 0.422, 0.413, 0.416, 0.43, 0.419, 0.544, 0.421, 0.421, 0.418], "Energy": [0.0, 0.0, 0.0, 0.0, 0.01, 0.01, 0.01, 0.01, 0.01, 0.02, 0.02, 0.02, 0.02, 0.03, 0.03, 0.03, 0.03, 0.03, 0.04, 0.04, 0.04, 0.04, 0.05, 0.05, 0.05, 0.05, 0.05, 0.06, 0.06, 0.06, 0.06, 0.07, 0.07, 0.07, 0.07, 0.07, 0.08, 0.08, 0.08, 0.08, 0.09, 0.09, 0.09, 0.09, 0.09], "Frequency": [49.39, 49.39, 49.39, 49.39, 49.39, 49.39, 49.39, 49.39, 49.39, 49.39, 49.39, 49.39, 49.39, 49.39, 49.39, 49.39, 49.39, 49.39, 49.4, 49.4, 49.4, 49.38, 49.38, 49.38, 49.4, 49.4, 49.4, 49.39, 49.39, 49.39, 49.38, 49.38, 49.38, 49.39, 49.39, 49.39, 49.4, 49.4, 49.4, 49.39, 49.39, 49.39, 49.39, 49.39, 49.39], "Temp_env": []}