{"Start_Time": [1758772388.2663057], "Time": [1758772390.2689745, 1758772392.271966, 1758772394.2749991, 1758772396.277794, 1758772398.2807498, 1758772400.2830915, 1758772402.2862182, 1758772404.2890575, 1758772406.2919652, 1758772408.294798, 1758772410.297044, 1758772412.29973, 1758772414.3020837, 1758772416.304061, 1758772418.306337, 1758772420.3088202, 1758772422.3111153, 1758772424.3138382, 1758772426.3163266, 1758772428.3192194, 1758772430.3220804, 1758772432.3249629, 1758772434.3272576, 1758772436.3299758, 1758772438.3323312, 1758772440.3352942, 1758772442.3381455, 1758772444.3412237, 1758772446.3442876, 1758772448.3465362, 1758772450.349014, 1758772452.351331, 1758772454.3542812, 1758772456.357058, 1758772458.3664348, 1758772460.3691423, 1758772462.3720715, 1758772464.3819897, 1758772466.3843188, 1758772468.3866389, 1758772470.3966446, 1758772472.399264, 1758772474.402056, 1758772476.4044096, 1758772478.406687], "Voltage": [231.6, 231.7, 231.55, 231.44, 231.28, 231.6, 231.44, 231.34, 231.28, 231.34, 231.13, 230.97, 231.34, 231.28, 231.28, 231.23, 231.02, 231.34, 231.18, 231.34, 231.34, 231.23, 231.23, 231.13, 231.02, 230.97, 230.08, 230.13, 230.13, 230.13, 230.13, 230.13, 230.18, 229.92, 230.03, 229.97, 230.08, 230.03, 229.87, 229.87, 229.87, 229.92, 229.87, 229.82, 229.92], "Current": [0.04, 0.03, 0.04, 0.04, 0.03, 0.04, 0.04, 0.03, 0.04, 0.04, 0.04, 0.04, 0.04, 0.03, 0.04, 0.04, 0.04, 0.04, 0.03, 0.04, 0.03, 0.04, 0.04, 0.04, 0.04, 0.04, 0.04, 0.04, 0.04, 0.04, 0.04, 0.04, 0.04, 0.04, 0.04, 0.04, 0.04, 0.04, 0.04, 0.04, 0.04, 0.04, 0.04, 0.04, 0.04], "Real_Power": [3.94, 3.83, 3.9, 3.99, 3.82, 3.92, 3.93, 3.94, 3.98, 3.98, 3.96, 3.93, 3.89, 3.83, 4.02, 3.9, 4.01, 3.99, 3.97, 3.92, 3.94, 3.96, 3.96, 3.9, 3.96, 3.96, 4.02, 3.91, 3.99, 3.86, 3.88, 3.96, 3.87, 3.92, 3.96, 4.03, 3.93, 3.92, 3.96, 3.99, 4.08, 3.92, 4.02, 3.92, 3.74], "Apparent_Power": [9.26, 6.95, 9.26, 9.25, 6.93, 9.26, 9.25, 6.94, 9.25, 9.25, 9.24, 9.23, 9.25, 6.93, 9.25, 9.24, 9.24, 9.25, 6.93, 9.25, 6.94, 9.24, 9.24, 9.24, 9.24, 9.23, 9.2, 9.2, 9.2, 9.2, 9.2, 9.2, 9.2, 9.19, 9.2, 9.19, 9.2, 9.2, 9.19, 9.19, 9.19, 9.19, 9.19, 9.19, 9.19], "Apparent_Power_Reactive": [8.37, 5.79, 8.39, 8.34, 5.78, 8.38, 8.37, 5.71, 8.34, 8.34, 8.34, 8.35, 8.39, 5.77, 8.33, 8.37, 8.32, 8.34, 5.68, 8.37, 5.71, 8.34, 8.34, 8.37, 8.34, 8.33, 8.27, 8.32, 8.28, 8.35, 8.34, 8.3, 8.34, 8.31, 8.3, 8.25, 8.31, 8.32, 8.29, 8.27, 8.23, 8.31, 8.26, 8.31, 8.39], "Power_Factor": [0.425, 0.551, 0.421, 0.431, 0.551, 0.423, 0.424, 0.567, 0.43, 0.43, 0.428, 0.425, 0.42, 0.552, 0.434, 0.422, 0.433, 0.431, 0.572, 0.423, 0.567, 0.428, 0.428, 0.422, 0.428, 0.429, 0.436, 0.425, 0.433, 0.419, 0.421, 0.43, 0.42, 0.426, 0.43, 0.438, 0.427, 0.426, 0.43, 0.434, 0.443, 0.426, 0.437, 0.426, 0.406], "Energy": [0.0, 0.0, 0.0, 0.0, 0.01, 0.01, 0.01, 0.01, 0.01, 0.02, 0.02, 0.02, 0.02, 0.03, 0.03, 0.03, 0.03, 0.03, 0.04, 0.04, 0.04, 0.04, 0.05, 0.05, 0.05, 0.05, 0.05, 0.06, 0.06, 0.06, 0.06, 0.07, 0.07, 0.07, 0.07, 0.07, 0.08, 0.08, 0.08, 0.08, 0.09, 0.09, 0.09, 0.09, 0.09], "Frequency": [49.39, 49.39, 49.39, 49.39, 49.39, 49.39, 49.39, 49.39, 49.39, 49.39, 49.4, 49.4, 49.4, 49.39, 49.39, 49.39, 49.39, 49.39, 49.39, 49.39, 49.39, 49.39, 49.4, 49.4, 49.4, 49.39, 49.39, 49.39, 49.39, 49.39, 49.39, 49.4, 49.4, 49.4, 49.38, 49.38, 49.38, 49.39, 49.39, 49.39, 49.38, 49.38, 49.38, 49.38, 49.38], "Temp_env": []}