{"Start_Time": [1759274780.8581657], "Time": [1759274782.8606322, 1759274784.8636825, 1759274786.8665357, 1759274788.8693278, 1759274790.8716955, 1759274792.8743856, 1759274794.8767712, 1759274796.879839, 1759274798.8825197, 1759274800.885673, 1759274802.8883817, 1759274804.8912451, 1759274806.89409, 1759274808.896689, 1759274810.899537, 1759274812.9018557, 1759274814.904551, 1759274816.9071047, 1759274818.909631, 1759274820.912202, 1759274822.915183, 1759274824.9179666, 1759274826.9206529, 1759274828.9230075, 1759274830.9256642, 1759274832.928145, 1759274834.931089, 1759274836.9339976, 1759274838.9369051, 1759274840.9397855, 1759274842.9428787, 1759274844.9452715, 1759274846.9483025, 1759274848.951326, 1759274850.9540668, 1759274852.9569516, 1759274854.9591925, 1759274856.9619336, 1759274858.9643006, 1759274860.9671593, 1759274862.9699244, 1759274864.9723556, 1759274866.9750037, 1759274868.9773934, 1759274870.9804301], "Voltage": [231.97, 231.76, 231.97, 231.86, 231.97, 231.86, 231.81, 231.76, 231.81, 231.7, 231.7, 231.7, 231.76, 231.7, 231.81, 231.7, 231.6, 231.76, 231.7, 231.7, 231.81, 231.55, 231.55, 231.6, 231.55, 231.81, 231.6, 231.6, 231.6, 231.6, 231.6, 231.55, 231.44, 231.65, 231.65, 231.7, 231.55, 231.76, 231.65, 231.55, 231.76, 231.49, 231.44, 231.65, 231.49], "Current": [0.03, 0.03, 0.03, 0.03, 0.03, 0.03, 0.03, 0.03, 0.03, 0.04, 0.04, 0.04, 0.03, 0.03, 0.03, 0.04, 0.03, 0.04, 0.04, 0.03, 0.04, 0.04, 0.03, 0.03, 0.04, 0.04, 0.04, 0.03, 0.04, 0.03, 0.03, 0.04, 0.03, 0.04, 0.04, 0.04, 0.04, 0.04, 0.03, 0.04, 0.04, 0.03, 0.03, 0.03, 0.04], "Real_Power": [3.83, 3.87, 3.84, 3.93, 3.86, 3.9, 3.85, 3.92, 3.86, 3.88, 3.95, 3.92, 3.93, 3.97, 3.88, 4.01, 3.9, 3.91, 3.89, 3.94, 4.06, 3.93, 3.83, 3.84, 3.99, 3.92, 3.94, 3.99, 3.9, 3.94, 3.89, 3.84, 3.88, 3.96, 3.86, 3.79, 3.96, 3.97, 3.92, 3.97, 3.81, 3.86, 3.92, 3.99, 3.92], "Apparent_Power": [6.95, 6.95, 6.95, 6.95, 6.95, 6.95, 6.95, 6.95, 6.95, 9.26, 9.26, 9.26, 6.95, 6.95, 6.95, 9.26, 6.94, 9.27, 9.26, 6.95, 9.27, 9.26, 6.94, 6.94, 9.26, 9.27, 9.26, 6.94, 9.26, 6.94, 6.94, 9.26, 6.94, 9.26, 9.26, 9.26, 9.26, 9.27, 6.94, 9.26, 9.27, 6.94, 6.94, 6.94, 9.25], "Apparent_Power_Reactive": [5.79, 5.77, 5.79, 5.73, 5.77, 5.75, 5.78, 5.73, 5.77, 8.4, 8.37, 8.38, 5.73, 5.7, 5.76, 8.34, 5.74, 8.4, 8.4, 5.72, 8.33, 8.38, 5.78, 5.78, 8.35, 8.4, 8.37, 5.67, 8.39, 5.71, 5.74, 8.42, 5.75, 8.37, 8.41, 8.44, 8.37, 8.37, 5.72, 8.36, 8.45, 5.76, 5.72, 5.67, 8.37], "Power_Factor": [0.551, 0.556, 0.552, 0.565, 0.555, 0.561, 0.553, 0.564, 0.555, 0.419, 0.426, 0.423, 0.565, 0.571, 0.558, 0.433, 0.561, 0.421, 0.42, 0.566, 0.437, 0.424, 0.551, 0.553, 0.43, 0.422, 0.425, 0.574, 0.421, 0.567, 0.56, 0.414, 0.559, 0.427, 0.416, 0.409, 0.427, 0.428, 0.564, 0.428, 0.411, 0.556, 0.564, 0.574, 0.423], "Energy": [0.0, 0.0, 0.0, 0.0, 0.01, 0.01, 0.01, 0.01, 0.01, 0.02, 0.02, 0.02, 0.02, 0.03, 0.03, 0.03, 0.03, 0.03, 0.04, 0.04, 0.04, 0.04, 0.05, 0.05, 0.05, 0.05, 0.05, 0.06, 0.06, 0.06, 0.06, 0.07, 0.07, 0.07, 0.07, 0.07, 0.08, 0.08, 0.08, 0.08, 0.09, 0.09, 0.09, 0.09, 0.09], "Frequency": [49.39, 49.39, 49.4, 49.4, 49.4, 49.4, 49.4, 49.4, 49.41, 49.41, 49.41, 49.4, 49.4, 49.4, 49.4, 49.4, 49.4, 49.4, 49.4, 49.4, 49.42, 49.42, 49.42, 49.4, 49.4, 49.4, 49.39, 49.39, 49.39, 49.39, 49.39, 49.39, 49.39, 49.39, 49.39, 49.39, 49.39, 49.39, 49.39, 49.39, 49.39, 49.39, 49.39, 49.39, 49.4], "Temp_env": []}