{"Start_Time": [1758841310.882296], "Time": [1758841312.8851497, 1758841314.8881762, 1758841316.8904302, 1758841318.8931909, 1758841320.8955433, 1758841322.8985195, 1758841324.9013193, 1758841326.90409, 1758841328.9070075, 1758841330.909878, 1758841332.9127653, 1758841334.9154942, 1758841336.9178207, 1758841338.9201844, 1758841340.9227233, 1758841342.9250877, 1758841344.9280267, 1758841346.9302804, 1758841348.9328132, 1758841350.9351747, 1758841352.9378564, 1758841354.9403424, 1758841356.9432876, 1758841358.9462013, 1758841360.9493172, 1758841362.9523437, 1758841364.9552734, 1758841366.9586465, 1758841368.961533, 1758841370.9646018, 1758841372.967515, 1758841374.970825, 1758841376.9735777, 1758841378.9766765, 1758841380.9795654, 1758841382.9818983, 1758841384.9846067, 1758841386.9869623, 1758841388.9896839, 1758841390.991978, 1758841392.9950633, 1758841394.9980667, 1758841397.0011978, 1758841399.0037894, 1758841401.006925], "Voltage": [231.13, 231.02, 230.97, 231.18, 231.07, 231.07, 230.97, 230.92, 231.02, 230.92, 231.07, 230.92, 231.02, 231.02, 231.07, 231.13, 231.07, 230.97, 231.07, 231.02, 231.02, 231.02, 231.02, 230.97, 231.02, 231.02, 231.13, 231.02, 231.07, 231.02, 230.92, 230.97, 230.92, 230.97, 231.13, 230.97, 231.02, 231.02, 230.86, 230.97, 230.97, 230.92, 230.92, 230.86, 230.97], "Current": [0.04, 0.03, 0.04, 0.03, 0.04, 0.04, 0.03, 0.03, 0.04, 0.04, 0.03, 0.04, 0.03, 0.03, 0.03, 0.04, 0.04, 0.03, 0.04, 0.03, 0.03, 0.03, 0.03, 0.03, 0.04, 0.04, 0.04, 0.04, 0.03, 0.04, 0.04, 0.03, 0.04, 0.03, 0.03, 0.04, 0.04, 0.04, 0.04, 0.03, 0.03, 0.04, 0.04, 0.04, 0.04], "Real_Power": [3.95, 3.9, 3.98, 3.8, 3.97, 3.95, 3.9, 3.83, 3.9, 3.91, 3.83, 4.08, 3.82, 3.83, 3.84, 3.9, 3.9, 3.91, 4.01, 3.91, 3.86, 3.9, 3.94, 3.89, 3.9, 3.88, 3.9, 3.94, 3.9, 3.89, 3.98, 3.8, 3.92, 3.91, 3.82, 4.0, 3.99, 3.86, 3.88, 3.88, 3.84, 3.97, 3.96, 3.86, 3.82], "Apparent_Power": [9.24, 6.93, 9.23, 6.93, 9.24, 9.24, 6.92, 6.92, 9.24, 9.23, 6.93, 9.23, 6.93, 6.93, 6.93, 9.24, 9.24, 6.92, 9.24, 6.93, 6.93, 6.93, 6.93, 6.92, 9.24, 9.24, 9.24, 9.24, 6.93, 9.24, 9.23, 6.92, 9.23, 6.92, 6.93, 9.23, 9.24, 9.24, 9.23, 6.92, 6.92, 9.23, 9.23, 9.23, 9.23], "Apparent_Power_Reactive": [8.35, 5.72, 8.32, 5.79, 8.34, 8.35, 5.71, 5.76, 8.37, 8.36, 5.77, 8.27, 5.78, 5.77, 5.76, 8.37, 8.37, 5.7, 8.32, 5.72, 5.75, 5.72, 5.7, 5.72, 8.37, 8.38, 8.37, 8.35, 5.72, 8.38, 8.32, 5.78, 8.35, 5.7, 5.78, 8.31, 8.33, 8.39, 8.37, 5.72, 5.75, 8.33, 8.33, 8.38, 8.4], "Power_Factor": [0.427, 0.562, 0.431, 0.548, 0.429, 0.427, 0.563, 0.553, 0.422, 0.423, 0.552, 0.442, 0.551, 0.552, 0.554, 0.422, 0.422, 0.565, 0.433, 0.564, 0.556, 0.562, 0.568, 0.562, 0.422, 0.419, 0.422, 0.426, 0.562, 0.42, 0.431, 0.549, 0.424, 0.565, 0.551, 0.433, 0.431, 0.417, 0.42, 0.56, 0.554, 0.43, 0.429, 0.418, 0.413], "Energy": [0.0, 0.0, 0.0, 0.0, 0.01, 0.01, 0.01, 0.01, 0.01, 0.02, 0.02, 0.02, 0.02, 0.03, 0.03, 0.03, 0.03, 0.03, 0.04, 0.04, 0.04, 0.04, 0.05, 0.05, 0.05, 0.05, 0.05, 0.06, 0.06, 0.06, 0.06, 0.07, 0.07, 0.07, 0.07, 0.07, 0.08, 0.08, 0.08, 0.08, 0.08, 0.09, 0.09, 0.09, 0.09], "Frequency": [49.35, 49.37, 49.37, 49.37, 49.37, 49.37, 49.37, 49.35, 49.35, 49.35, 49.35, 49.35, 49.35, 49.36, 49.36, 49.36, 49.37, 49.37, 49.37, 49.37, 49.37, 49.37, 49.39, 49.39, 49.39, 49.38, 49.38, 49.38, 49.38, 49.38, 49.38, 49.39, 49.39, 49.39, 49.39, 49.39, 49.39, 49.38, 49.38, 49.38, 49.38, 49.38, 49.38, 49.38, 49.38], "Temp_env": []}