{"Start_Time": [1759171651.1782699], "Time": [1759171653.180788, 1759171655.1836371, 1759171657.1863918, 1759171659.1887226, 1759171661.1918933, 1759171663.1945713, 1759171665.1968827, 1759171667.1997836, 1759171669.2024894, 1759171671.204821, 1759171673.20753, 1759171675.210112, 1759171677.2125785, 1759171679.214904, 1759171681.217607, 1759171683.2199566, 1759171685.223101, 1759171687.2260096, 1759171689.228637, 1759171691.2313023, 1759171693.2337446, 1759171695.2361436, 1759171697.238664, 1759171699.241232, 1759171701.244136, 1759171703.2468028, 1759171705.2491212, 1759171707.2518508, 1759171709.254222, 1759171711.2572143, 1759171713.2601476, 1759171715.263083, 1759171717.2661366, 1759171719.268854, 1759171721.2712328, 1759171723.2743003, 1759171725.2769504, 1759171727.279299, 1759171729.2822483, 1759171731.2850688, 1759171733.2872171, 1759171735.2904232, 1759171737.2930982, 1759171739.2964678, 1759171741.2992697], "Voltage": [229.19, 229.24, 229.08, 229.19, 229.19, 229.24, 229.08, 229.08, 229.08, 229.03, 229.03, 228.98, 228.87, 228.87, 228.82, 228.87, 228.93, 228.93, 228.87, 228.93, 228.98, 228.82, 229.03, 228.98, 228.87, 228.87, 228.98, 228.82, 228.87, 228.93, 228.93, 228.98, 228.72, 228.98, 228.93, 229.03, 229.08, 228.93, 228.98, 229.03, 228.93, 228.98, 229.08, 229.14, 229.08], "Current": [0.04, 0.04, 0.04, 0.04, 0.04, 0.04, 0.04, 0.04, 0.04, 0.04, 0.04, 0.04, 0.04, 0.04, 0.04, 0.04, 0.04, 0.04, 0.04, 0.04, 0.04, 0.04, 0.04, 0.04, 0.04, 0.04, 0.04, 0.04, 0.04, 0.04, 0.04, 0.04, 0.04, 0.04, 0.04, 0.04, 0.04, 0.04, 0.04, 0.04, 0.04, 0.04, 0.04, 0.04, 0.04], "Real_Power": [3.8, 3.99, 3.92, 3.93, 3.86, 3.86, 3.9, 3.87, 3.94, 3.9, 3.8, 3.88, 3.99, 3.99, 3.89, 3.99, 3.87, 4.0, 3.95, 3.87, 3.84, 3.87, 3.85, 3.94, 3.9, 3.95, 3.95, 3.94, 3.86, 3.9, 3.97, 3.91, 3.89, 3.97, 3.91, 3.74, 3.97, 3.87, 3.86, 3.93, 3.91, 3.9, 3.97, 3.94, 3.87], "Apparent_Power": [9.16, 9.16, 9.16, 9.16, 9.16, 9.16, 9.16, 9.16, 9.16, 9.16, 9.16, 9.15, 9.15, 9.15, 9.15, 9.15, 9.15, 9.15, 9.15, 9.15, 9.15, 9.15, 9.16, 9.15, 9.15, 9.15, 9.15, 9.15, 9.15, 9.15, 9.15, 9.15, 9.14, 9.15, 9.15, 9.16, 9.16, 9.15, 9.15, 9.16, 9.15, 9.15, 9.16, 9.16, 9.16], "Apparent_Power_Reactive": [8.33, 8.24, 8.27, 8.27, 8.3, 8.3, 8.28, 8.3, 8.26, 8.28, 8.33, 8.28, 8.23, 8.23, 8.28, 8.23, 8.29, 8.22, 8.25, 8.29, 8.3, 8.29, 8.31, 8.25, 8.27, 8.25, 8.25, 8.25, 8.29, 8.27, 8.24, 8.27, 8.27, 8.24, 8.27, 8.36, 8.25, 8.29, 8.29, 8.27, 8.27, 8.27, 8.25, 8.26, 8.3], "Power_Factor": [0.414, 0.435, 0.427, 0.429, 0.421, 0.421, 0.425, 0.422, 0.43, 0.425, 0.414, 0.424, 0.436, 0.436, 0.425, 0.436, 0.422, 0.437, 0.431, 0.422, 0.419, 0.422, 0.42, 0.43, 0.426, 0.431, 0.431, 0.43, 0.421, 0.426, 0.433, 0.427, 0.425, 0.433, 0.427, 0.408, 0.433, 0.422, 0.421, 0.429, 0.427, 0.426, 0.433, 0.43, 0.422], "Energy": [0.0, 0.0, 0.0, 0.0, 0.01, 0.01, 0.01, 0.01, 0.01, 0.02, 0.02, 0.02, 0.02, 0.03, 0.03, 0.03, 0.03, 0.03, 0.04, 0.04, 0.04, 0.04, 0.05, 0.05, 0.05, 0.05, 0.05, 0.06, 0.06, 0.06, 0.06, 0.07, 0.07, 0.07, 0.07, 0.07, 0.08, 0.08, 0.08, 0.08, 0.09, 0.09, 0.09, 0.09, 0.09], "Frequency": [49.39, 49.39, 49.39, 49.41, 49.41, 49.41, 49.4, 49.4, 49.4, 49.4, 49.4, 49.4, 49.41, 49.41, 49.41, 49.41, 49.41, 49.41, 49.41, 49.41, 49.41, 49.4, 49.4, 49.4, 49.4, 49.4, 49.4, 49.38, 49.38, 49.38, 49.39, 49.39, 49.39, 49.39, 49.39, 49.39, 49.39, 49.39, 49.39, 49.4, 49.4, 49.4, 49.39, 49.39, 49.39], "Temp_env": []}