{"Start_Time": [1758746249.1221988], "Time": [1758746251.1253872, 1758746253.1282666, 1758746255.1310172, 1758746257.1340082, 1758746259.1367629, 1758746261.1391377, 1758746263.1418357, 1758746265.1440022, 1758746267.147185, 1758746269.1500342, 1758746271.153162, 1758746273.1558402, 1758746275.1581972, 1758746277.1609335, 1758746279.1643074, 1758746281.1672206, 1758746283.1703188, 1758746285.1729846, 1758746287.1754246, 1758746289.1786056, 1758746291.1814528, 1758746293.184319, 1758746295.1872926, 1758746297.190418, 1758746299.1933446, 1758746301.1961415, 1758746303.1985192, 1758746305.2014391, 1758746307.2045374, 1758746309.207448, 1758746311.21053, 1758746313.213512, 1758746315.2162457, 1758746317.218586, 1758746319.221322, 1758746321.223659, 1758746323.2263372, 1758746325.2286892, 1758746327.231821, 1758746329.234322, 1758746331.2373316, 1758746333.239675, 1758746335.2423558, 1758746337.2456484, 1758746339.248477], "Voltage": [228.4, 228.4, 228.3, 228.35, 228.14, 228.24, 228.35, 228.3, 228.45, 228.56, 228.4, 228.35, 228.35, 228.45, 228.35, 228.4, 228.4, 228.4, 228.4, 228.51, 228.56, 228.56, 228.51, 228.45, 228.45, 228.4, 228.56, 228.51, 228.56, 228.4, 228.51, 228.24, 228.3, 228.35, 228.4, 228.51, 228.45, 228.87, 228.93, 228.98, 228.93, 229.03, 228.93, 228.93, 228.98], "Current": [0.04, 0.04, 0.04, 0.04, 0.04, 0.04, 0.04, 0.04, 0.04, 0.03, 0.04, 0.04, 0.04, 0.04, 0.04, 0.04, 0.04, 0.04, 0.04, 0.04, 0.04, 0.04, 0.03, 0.04, 0.04, 0.04, 0.03, 0.04, 0.04, 0.04, 0.04, 0.04, 0.04, 0.04, 0.04, 0.03, 0.04, 0.04, 0.03, 0.04, 0.03, 0.04, 0.04, 0.04, 0.03], "Real_Power": [3.84, 3.88, 3.91, 3.87, 3.86, 3.89, 3.88, 3.86, 3.83, 3.95, 3.86, 3.92, 3.98, 3.92, 3.93, 4.0, 3.98, 3.97, 3.94, 3.95, 3.98, 3.96, 3.91, 3.91, 3.89, 3.95, 3.82, 3.96, 3.87, 3.89, 3.83, 3.92, 3.85, 3.87, 3.98, 3.77, 3.91, 3.93, 3.8, 4.03, 3.93, 3.84, 3.95, 3.94, 3.87], "Apparent_Power": [9.13, 9.13, 9.13, 9.13, 9.12, 9.12, 9.13, 9.13, 9.13, 6.85, 9.13, 9.13, 9.13, 9.13, 9.13, 9.13, 9.13, 9.13, 9.13, 9.14, 9.14, 9.14, 6.85, 9.13, 9.13, 9.13, 6.85, 9.14, 9.14, 9.13, 9.14, 9.12, 9.13, 9.13, 9.13, 6.85, 9.13, 9.15, 6.86, 9.15, 6.86, 9.16, 9.15, 9.15, 6.86], "Apparent_Power_Reactive": [8.28, 8.26, 8.25, 8.26, 8.26, 8.24, 8.26, 8.27, 8.28, 5.59, 8.27, 8.24, 8.21, 8.24, 8.24, 8.2, 8.21, 8.22, 8.23, 8.24, 8.22, 8.23, 5.62, 8.25, 8.25, 8.23, 5.68, 8.23, 8.28, 8.25, 8.29, 8.23, 8.27, 8.26, 8.21, 5.71, 8.25, 8.26, 5.71, 8.21, 5.62, 8.31, 8.25, 8.25, 5.66], "Power_Factor": [0.42, 0.424, 0.428, 0.423, 0.423, 0.426, 0.424, 0.422, 0.419, 0.576, 0.422, 0.429, 0.435, 0.429, 0.43, 0.438, 0.435, 0.434, 0.431, 0.432, 0.435, 0.433, 0.57, 0.428, 0.426, 0.432, 0.557, 0.433, 0.423, 0.426, 0.419, 0.429, 0.421, 0.423, 0.435, 0.55, 0.428, 0.429, 0.553, 0.44, 0.572, 0.419, 0.431, 0.43, 0.564], "Energy": [0.0, 0.0, 0.0, 0.0, 0.01, 0.01, 0.01, 0.01, 0.01, 0.02, 0.02, 0.02, 0.02, 0.03, 0.03, 0.03, 0.03, 0.03, 0.04, 0.04, 0.04, 0.04, 0.05, 0.05, 0.05, 0.05, 0.05, 0.06, 0.06, 0.06, 0.06, 0.07, 0.07, 0.07, 0.07, 0.07, 0.08, 0.08, 0.08, 0.08, 0.08, 0.09, 0.09, 0.09, 0.09], "Frequency": [49.41, 49.41, 49.41, 49.43, 49.43, 49.43, 49.43, 49.43, 49.43, 49.43, 49.43, 49.43, 49.46, 49.46, 49.46, 49.48, 49.48, 49.48, 49.46, 49.46, 49.46, 49.46, 49.46, 49.46, 49.45, 49.45, 49.45, 49.47, 49.47, 49.47, 49.45, 49.45, 49.45, 49.43, 49.43, 49.43, 49.43, 49.43, 49.43, 49.41, 49.41, 49.41, 49.43, 49.43, 49.43], "Temp_env": []}