{"Start_Time": [1759166035.2417185], "Time": [1759166037.2446673, 1759166039.2479231, 1759166041.2503617, 1759166043.2529705, 1759166045.2554736, 1759166047.2583337, 1759166049.260622, 1759166051.2630746, 1759166053.2655299, 1759166055.2681313, 1759166057.2705755, 1759166059.2737374, 1759166061.276633, 1759166063.2789547, 1759166065.2820206, 1759166067.2848585, 1759166069.2872224, 1759166071.2896802, 1759166073.2924442, 1759166075.2952912, 1759166077.2982194, 1759166079.3006759, 1759166081.3030922, 1759166083.3056862, 1759166085.3081079, 1759166087.3108604, 1759166089.3137746, 1759166091.3163872, 1759166093.3188226, 1759166095.321162, 1759166097.3238833, 1759166099.3262234, 1759166101.3288758, 1759166103.3311918, 1759166105.3341699, 1759166107.3371198, 1759166109.340098, 1759166111.3429613, 1759166113.3453312, 1759166115.3484519, 1759166117.351292, 1759166119.3539593, 1759166121.3562984, 1759166123.3584263, 1759166125.361124], "Voltage": [232.02, 232.28, 232.12, 232.12, 232.12, 232.07, 232.12, 232.02, 232.17, 232.12, 232.07, 232.12, 232.07, 232.07, 232.12, 231.97, 232.02, 232.02, 232.02, 232.07, 231.91, 232.12, 232.07, 232.07, 232.07, 231.97, 232.07, 232.07, 232.17, 232.12, 232.12, 232.12, 231.97, 232.07, 232.07, 232.02, 232.02, 231.49, 231.49, 231.23, 231.02, 231.02, 231.13, 231.07, 231.07], "Current": [0.04, 0.04, 0.04, 0.04, 0.04, 0.04, 0.04, 0.04, 0.04, 0.04, 0.04, 0.04, 0.04, 0.04, 0.04, 0.04, 0.04, 0.04, 0.04, 0.04, 0.04, 0.04, 0.04, 0.04, 0.04, 0.04, 0.04, 0.04, 0.04, 0.04, 0.04, 0.04, 0.04, 0.04, 0.04, 0.04, 0.04, 0.04, 0.04, 0.04, 0.04, 0.04, 0.04, 0.04, 0.04], "Real_Power": [3.91, 3.84, 3.85, 3.78, 3.93, 3.91, 3.99, 3.87, 3.96, 4.01, 3.96, 4.04, 3.95, 3.89, 4.04, 3.95, 4.0, 3.98, 4.02, 4.0, 3.85, 3.95, 4.05, 3.97, 3.93, 3.89, 3.93, 3.92, 4.05, 3.94, 3.92, 3.92, 3.94, 4.04, 3.96, 3.89, 3.97, 3.9, 4.04, 3.92, 3.86, 3.94, 3.95, 3.94, 3.94], "Apparent_Power": [9.28, 9.29, 9.28, 9.28, 9.28, 9.28, 9.28, 9.28, 9.28, 9.28, 9.28, 9.28, 9.28, 9.28, 9.28, 9.27, 9.28, 9.28, 9.28, 9.28, 9.27, 9.28, 9.28, 9.28, 9.28, 9.27, 9.28, 9.28, 9.28, 9.28, 9.28, 9.28, 9.27, 9.28, 9.28, 9.28, 9.28, 9.25, 9.25, 9.24, 9.24, 9.24, 9.24, 9.24, 9.24], "Apparent_Power_Reactive": [8.41, 8.45, 8.44, 8.47, 8.4, 8.41, 8.37, 8.43, 8.39, 8.36, 8.39, 8.35, 8.39, 8.42, 8.35, 8.38, 8.37, 8.38, 8.36, 8.37, 8.43, 8.39, 8.34, 8.38, 8.4, 8.41, 8.4, 8.41, 8.34, 8.4, 8.41, 8.41, 8.39, 8.35, 8.39, 8.42, 8.38, 8.38, 8.32, 8.36, 8.39, 8.35, 8.35, 8.35, 8.35], "Power_Factor": [0.421, 0.413, 0.414, 0.407, 0.423, 0.421, 0.429, 0.417, 0.426, 0.432, 0.426, 0.435, 0.425, 0.419, 0.435, 0.426, 0.431, 0.428, 0.433, 0.431, 0.415, 0.425, 0.436, 0.427, 0.423, 0.419, 0.423, 0.422, 0.436, 0.424, 0.422, 0.422, 0.425, 0.435, 0.426, 0.419, 0.427, 0.421, 0.436, 0.424, 0.417, 0.426, 0.427, 0.426, 0.426], "Energy": [0.0, 0.0, 0.0, 0.0, 0.01, 0.01, 0.01, 0.01, 0.01, 0.02, 0.02, 0.02, 0.02, 0.03, 0.03, 0.03, 0.03, 0.03, 0.04, 0.04, 0.04, 0.04, 0.05, 0.05, 0.05, 0.05, 0.06, 0.06, 0.06, 0.06, 0.06, 0.07, 0.07, 0.07, 0.07, 0.08, 0.08, 0.08, 0.08, 0.08, 0.09, 0.09, 0.09, 0.09, 0.1], "Frequency": [49.39, 49.39, 49.39, 49.39, 49.39, 49.39, 49.36, 49.36, 49.36, 49.37, 49.37, 49.37, 49.38, 49.38, 49.38, 49.38, 49.38, 49.38, 49.36, 49.36, 49.36, 49.35, 49.35, 49.35, 49.36, 49.36, 49.36, 49.37, 49.37, 49.37, 49.36, 49.36, 49.36, 49.38, 49.38, 49.38, 49.37, 49.37, 49.37, 49.38, 49.38, 49.38, 49.39, 49.39, 49.39], "Temp_env": []}