{"Start_Time": [1759090864.0739453], "Time": [1759090866.0765133, 1759090868.0787728, 1759090870.0816715, 1759090872.0847657, 1759090874.0870953, 1759090876.0898607, 1759090878.0920322, 1759090880.0945637, 1759090882.0969467, 1759090884.098915, 1759090886.101076, 1759090888.1039758, 1759090890.1070437, 1759090892.1097577, 1759090894.1122286, 1759090896.114768, 1759090898.1171355, 1759090900.120173, 1759090902.1230938, 1759090904.1260774, 1759090906.1289594, 1759090908.131328, 1759090910.134463, 1759090912.1373289, 1759090914.1402247, 1759090916.143222, 1759090918.1461241, 1759090920.148454, 1759090922.1511304, 1759090924.153604, 1759090926.156307, 1759090928.1593928, 1759090930.162705, 1759090932.1652017, 1759090934.1675882, 1759090936.1706126, 1759090938.1733897, 1759090940.176445, 1759090942.179578, 1759090944.1824594, 1759090946.1855736, 1759090948.1888068, 1759090950.1916473, 1759090952.1943676, 1759090954.196773], "Voltage": [229.35, 229.35, 229.29, 229.29, 229.24, 229.19, 229.19, 229.03, 229.14, 229.19, 229.19, 229.14, 229.24, 229.19, 229.14, 229.24, 229.14, 229.14, 229.45, 229.5, 229.35, 229.4, 229.35, 229.45, 229.29, 229.55, 229.35, 229.5, 229.61, 229.45, 229.29, 229.35, 229.29, 229.45, 229.29, 229.45, 229.29, 229.35, 229.35, 229.35, 229.24, 229.19, 229.35, 229.19, 229.08], "Current": [0.03, 0.03, 0.03, 0.03, 0.03, 0.03, 0.03, 0.03, 0.04, 0.04, 0.03, 0.04, 0.03, 0.03, 0.03, 0.03, 0.03, 0.03, 0.03, 0.03, 0.03, 0.03, 0.03, 0.03, 0.03, 0.03, 0.03, 0.03, 0.03, 0.04, 0.04, 0.04, 0.03, 0.03, 0.03, 0.03, 0.03, 0.03, 0.03, 0.03, 0.03, 0.03, 0.03, 0.03, 0.04], "Real_Power": [3.79, 3.91, 3.95, 3.92, 3.88, 3.84, 3.92, 3.78, 3.96, 3.92, 3.82, 4.02, 3.86, 3.85, 3.8, 3.87, 3.9, 3.89, 3.92, 3.9, 3.89, 3.94, 3.85, 3.82, 3.94, 3.9, 3.83, 3.86, 3.78, 3.93, 3.91, 3.88, 3.84, 3.84, 3.86, 3.85, 3.85, 3.92, 3.87, 3.85, 3.8, 3.86, 3.9, 3.89, 3.99], "Apparent_Power": [6.88, 6.88, 6.87, 6.87, 6.87, 6.87, 6.87, 6.87, 9.16, 9.16, 6.87, 9.16, 6.87, 6.87, 6.87, 6.87, 6.87, 6.87, 6.88, 6.88, 6.88, 6.88, 6.88, 6.88, 6.87, 6.88, 6.88, 6.88, 6.88, 9.17, 9.17, 9.17, 6.87, 6.88, 6.87, 6.88, 6.87, 6.88, 6.88, 6.88, 6.87, 6.87, 6.88, 6.87, 9.16], "Apparent_Power_Reactive": [5.74, 5.66, 5.62, 5.64, 5.66, 5.69, 5.64, 5.73, 8.25, 8.27, 5.71, 8.23, 5.68, 5.68, 5.72, 5.67, 5.65, 5.66, 5.65, 5.66, 5.67, 5.64, 5.7, 5.72, 5.62, 5.66, 5.71, 5.69, 5.74, 8.28, 8.29, 8.3, 5.69, 5.7, 5.68, 5.7, 5.68, 5.65, 5.68, 5.7, 5.72, 5.68, 5.66, 5.66, 8.24], "Power_Factor": [0.55, 0.568, 0.574, 0.57, 0.564, 0.558, 0.57, 0.55, 0.432, 0.427, 0.556, 0.438, 0.561, 0.56, 0.553, 0.563, 0.567, 0.566, 0.569, 0.566, 0.565, 0.572, 0.559, 0.555, 0.573, 0.566, 0.556, 0.561, 0.549, 0.428, 0.426, 0.423, 0.558, 0.558, 0.561, 0.559, 0.56, 0.569, 0.562, 0.559, 0.553, 0.561, 0.566, 0.566, 0.435], "Energy": [0.0, 0.0, 0.0, 0.0, 0.01, 0.01, 0.01, 0.01, 0.01, 0.02, 0.02, 0.02, 0.02, 0.03, 0.03, 0.03, 0.03, 0.03, 0.04, 0.04, 0.04, 0.04, 0.05, 0.05, 0.05, 0.05, 0.05, 0.06, 0.06, 0.06, 0.06, 0.06, 0.07, 0.07, 0.07, 0.07, 0.08, 0.08, 0.08, 0.08, 0.08, 0.09, 0.09, 0.09, 0.09], "Frequency": [49.39, 49.39, 49.39, 49.39, 49.39, 49.39, 49.39, 49.39, 49.4, 49.4, 49.4, 49.41, 49.41, 49.41, 49.4, 49.4, 49.4, 49.4, 49.4, 49.4, 49.39, 49.39, 49.39, 49.39, 49.39, 49.39, 49.4, 49.4, 49.4, 49.41, 49.41, 49.41, 49.4, 49.4, 49.4, 49.39, 49.39, 49.39, 49.4, 49.4, 49.4, 49.41, 49.41, 49.41, 49.41], "Temp_env": []}