{"Start_Time": [1758984671.4825957], "Time": [1758984673.4853015, 1758984675.4881308, 1758984677.4909983, 1758984679.4931347, 1758984681.4959588, 1758984683.498834, 1758984685.5011618, 1758984687.50311, 1758984689.513311, 1758984691.516183, 1758984693.5183117, 1758984695.5282936, 1758984697.5310216, 1758984699.5343242, 1758984701.5445356, 1758984703.5472481, 1758984705.5502992, 1758984707.552951, 1758984709.5559595, 1758984711.5583112, 1758984713.5683408, 1758984715.5714116, 1758984717.5733683, 1758984719.583239, 1758984721.5854979, 1758984723.588193, 1758984725.590539, 1758984727.5935, 1758984729.5965092, 1758984731.5994594, 1758984733.6025343, 1758984735.605486, 1758984737.614862, 1758984739.6175795, 1758984741.620524, 1758984743.6304333, 1758984745.6335788, 1758984747.6366293, 1758984749.6398335, 1758984751.6423929, 1758984753.644838, 1758984755.6477501, 1758984757.6504455, 1758984759.6537778, 1758984761.6569912], "Voltage": [229.55, 229.66, 229.55, 229.55, 229.55, 229.55, 229.45, 229.4, 229.45, 229.5, 229.45, 229.5, 229.4, 229.4, 229.55, 229.55, 229.45, 229.5, 229.66, 229.4, 229.55, 229.61, 229.55, 229.61, 229.61, 229.5, 229.45, 229.55, 229.45, 229.55, 229.45, 229.4, 229.35, 229.45, 229.55, 229.5, 229.55, 229.45, 229.4, 229.55, 229.45, 229.5, 229.45, 229.66, 229.61], "Current": [0.04, 0.04, 0.04, 0.04, 0.04, 0.04, 0.04, 0.04, 0.04, 0.04, 0.04, 0.04, 0.04, 0.04, 0.04, 0.04, 0.04, 0.04, 0.04, 0.04, 0.04, 0.04, 0.04, 0.04, 0.04, 0.04, 0.04, 0.04, 0.04, 0.04, 0.04, 0.04, 0.04, 0.04, 0.04, 0.04, 0.04, 0.04, 0.04, 0.04, 0.04, 0.04, 0.04, 0.04, 0.04], "Real_Power": [3.89, 3.9, 3.88, 3.95, 3.99, 3.96, 3.94, 3.98, 3.87, 3.95, 3.96, 3.88, 3.93, 3.98, 3.91, 3.85, 3.92, 3.99, 3.99, 3.87, 3.95, 3.92, 3.86, 3.92, 3.9, 3.94, 3.88, 3.82, 3.98, 3.86, 3.93, 3.88, 3.9, 3.93, 3.96, 3.9, 3.91, 4.04, 3.98, 3.94, 3.92, 3.84, 3.85, 3.94, 3.97], "Apparent_Power": [9.18, 9.18, 9.18, 9.18, 9.18, 9.18, 9.17, 9.17, 9.17, 9.18, 9.17, 9.18, 9.17, 9.17, 9.18, 9.18, 9.17, 9.18, 9.18, 9.17, 9.18, 9.18, 9.18, 9.18, 9.18, 9.18, 9.17, 9.18, 9.17, 9.18, 9.17, 9.17, 9.17, 9.17, 9.18, 9.18, 9.18, 9.17, 9.17, 9.18, 9.17, 9.18, 9.17, 9.18, 9.18], "Apparent_Power_Reactive": [8.31, 8.31, 8.31, 8.28, 8.26, 8.28, 8.28, 8.26, 8.31, 8.28, 8.27, 8.31, 8.28, 8.26, 8.3, 8.33, 8.28, 8.26, 8.26, 8.31, 8.28, 8.3, 8.32, 8.3, 8.31, 8.29, 8.3, 8.34, 8.26, 8.32, 8.28, 8.3, 8.29, 8.28, 8.28, 8.31, 8.3, 8.23, 8.26, 8.29, 8.28, 8.33, 8.32, 8.29, 8.27], "Power_Factor": [0.423, 0.424, 0.422, 0.43, 0.434, 0.431, 0.429, 0.434, 0.422, 0.43, 0.431, 0.422, 0.428, 0.434, 0.425, 0.419, 0.427, 0.434, 0.434, 0.422, 0.43, 0.427, 0.42, 0.427, 0.424, 0.429, 0.423, 0.416, 0.434, 0.42, 0.428, 0.423, 0.425, 0.428, 0.431, 0.424, 0.425, 0.44, 0.434, 0.429, 0.427, 0.418, 0.419, 0.429, 0.432], "Energy": [0.0, 0.0, 0.0, 0.0, 0.01, 0.01, 0.01, 0.01, 0.01, 0.02, 0.02, 0.02, 0.02, 0.03, 0.03, 0.03, 0.03, 0.03, 0.04, 0.04, 0.04, 0.04, 0.05, 0.05, 0.05, 0.05, 0.05, 0.06, 0.06, 0.06, 0.06, 0.07, 0.07, 0.07, 0.07, 0.07, 0.08, 0.08, 0.08, 0.08, 0.09, 0.09, 0.09, 0.09, 0.09], "Frequency": [49.38, 49.38, 49.39, 49.39, 49.39, 49.38, 49.38, 49.38, 49.37, 49.37, 49.37, 49.38, 49.38, 49.38, 49.37, 49.37, 49.37, 49.37, 49.37, 49.37, 49.36, 49.36, 49.36, 49.37, 49.37, 49.37, 49.39, 49.39, 49.39, 49.37, 49.37, 49.37, 49.39, 49.39, 49.39, 49.38, 49.38, 49.38, 49.38, 49.38, 49.38, 49.38, 49.38, 49.38, 49.4], "Temp_env": []}