{"Start_Time": [1758757991.5543177], "Time": [1758757993.5573668, 1758757995.5601153, 1758757997.562421, 1758757999.5651593, 1758758001.5681822, 1758758003.5704255, 1758758005.5728836, 1758758007.5824838, 1758758009.584471, 1758758011.5877132, 1758758013.5974479, 1758758015.5994904, 1758758017.602676, 1758758019.60523, 1758758021.6077788, 1758758023.610374, 1758758025.6205187, 1758758027.6236467, 1758758029.6265569, 1758758031.6287441, 1758758033.6309006, 1758758035.6337285, 1758758037.636507, 1758758039.6387393, 1758758041.6415439, 1758758043.6441429, 1758758045.6467006, 1758758047.649849, 1758758049.6596859, 1758758051.6617436, 1758758053.664661, 1758758055.6745586, 1758758057.6771505, 1758758059.6800032, 1758758061.6829603, 1758758063.685623, 1758758065.6880467, 1758758067.6907935, 1758758069.6936436, 1758758071.696219, 1758758073.7061293, 1758758075.708761, 1758758077.7110567, 1758758079.7137444, 1758758081.716084], "Voltage": [229.76, 229.76, 229.76, 229.82, 229.76, 229.87, 229.92, 229.92, 229.87, 229.92, 230.5, 230.39, 230.5, 230.55, 230.5, 230.5, 230.5, 230.5, 230.55, 230.5, 230.66, 230.45, 230.6, 230.55, 230.55, 230.5, 230.45, 230.55, 230.55, 230.6, 230.55, 230.71, 230.6, 230.6, 230.55, 230.6, 230.55, 230.71, 230.6, 230.71, 230.71, 230.66, 230.5, 230.5, 230.45], "Current": [0.04, 0.03, 0.04, 0.03, 0.03, 0.03, 0.03, 0.04, 0.04, 0.04, 0.04, 0.04, 0.04, 0.04, 0.04, 0.04, 0.04, 0.04, 0.04, 0.04, 0.04, 0.04, 0.04, 0.04, 0.04, 0.04, 0.04, 0.04, 0.04, 0.04, 0.04, 0.04, 0.04, 0.03, 0.04, 0.03, 0.04, 0.04, 0.04, 0.04, 0.04, 0.04, 0.04, 0.04, 0.04], "Real_Power": [3.81, 3.91, 3.93, 3.89, 3.83, 3.88, 3.95, 3.92, 3.99, 3.9, 3.92, 3.83, 3.92, 3.92, 3.88, 3.84, 3.96, 3.87, 3.97, 3.85, 3.9, 3.93, 3.99, 3.91, 3.89, 3.84, 3.82, 4.0, 3.92, 3.8, 3.95, 3.95, 3.83, 3.92, 4.06, 3.89, 3.99, 3.98, 3.93, 3.96, 3.94, 3.97, 3.95, 3.91, 3.73], "Apparent_Power": [9.19, 6.89, 9.19, 6.89, 6.89, 6.89, 6.89, 9.19, 9.19, 9.19, 9.22, 9.21, 9.22, 9.22, 9.22, 9.22, 9.22, 9.22, 9.22, 9.22, 9.22, 9.21, 9.22, 9.22, 9.22, 9.22, 9.21, 9.22, 9.22, 9.22, 9.22, 9.22, 9.22, 6.91, 9.22, 6.91, 9.22, 9.22, 9.22, 9.22, 9.22, 9.22, 9.22, 9.22, 9.21], "Apparent_Power_Reactive": [8.36, 5.67, 8.3, 5.68, 5.72, 5.69, 5.64, 8.31, 8.27, 8.32, 8.34, 8.37, 8.34, 8.34, 8.36, 8.38, 8.32, 8.36, 8.32, 8.37, 8.35, 8.32, 8.31, 8.34, 8.35, 8.38, 8.38, 8.3, 8.34, 8.4, 8.33, 8.33, 8.38, 5.69, 8.27, 5.71, 8.31, 8.31, 8.34, 8.32, 8.33, 8.32, 8.33, 8.34, 8.42], "Power_Factor": [0.414, 0.567, 0.427, 0.564, 0.555, 0.563, 0.573, 0.426, 0.434, 0.424, 0.425, 0.415, 0.425, 0.425, 0.42, 0.416, 0.429, 0.419, 0.43, 0.417, 0.422, 0.426, 0.432, 0.424, 0.421, 0.416, 0.414, 0.433, 0.425, 0.412, 0.428, 0.428, 0.415, 0.567, 0.44, 0.562, 0.432, 0.431, 0.426, 0.429, 0.427, 0.43, 0.428, 0.424, 0.404], "Energy": [0.0, 0.0, 0.0, 0.0, 0.01, 0.01, 0.01, 0.01, 0.01, 0.02, 0.02, 0.02, 0.02, 0.03, 0.03, 0.03, 0.03, 0.03, 0.04, 0.04, 0.04, 0.04, 0.05, 0.05, 0.05, 0.05, 0.05, 0.06, 0.06, 0.06, 0.06, 0.07, 0.07, 0.07, 0.07, 0.07, 0.08, 0.08, 0.08, 0.08, 0.09, 0.09, 0.09, 0.09, 0.09], "Frequency": [49.41, 49.41, 49.42, 49.42, 49.42, 49.41, 49.41, 49.41, 49.4, 49.4, 49.4, 49.4, 49.4, 49.4, 49.4, 49.4, 49.4, 49.4, 49.4, 49.4, 49.39, 49.39, 49.39, 49.39, 49.39, 49.39, 49.39, 49.39, 49.39, 49.39, 49.39, 49.39, 49.43, 49.43, 49.43, 49.43, 49.43, 49.43, 49.41, 49.41, 49.41, 49.41, 49.41, 49.41, 49.39], "Temp_env": []}