{"Start_Time": [1758866429.1777003], "Time": [1758866431.1800523, 1758866433.1830678, 1758866435.1859293, 1758866437.188839, 1758866439.1909406, 1758866441.1934984, 1758866443.196359, 1758866445.198707, 1758866447.2011247, 1758866449.2040093, 1758866451.2073083, 1758866453.2097902, 1758866455.2122228, 1758866457.2148516, 1758866459.2173388, 1758866461.2201092, 1758866463.2232022, 1758866465.2261415, 1758866467.2289195, 1758866469.2313712, 1758866471.2343624, 1758866473.2375238, 1758866475.2402318, 1758866477.2433298, 1758866479.2461762, 1758866481.2485054, 1758866483.251514, 1758866485.2543616, 1758866487.257616, 1758866489.2601883, 1758866491.2635853, 1758866493.2664576, 1758866495.2692158, 1758866497.271781, 1758866499.274274, 1758866501.2765753, 1758866503.2790833, 1758866505.281941, 1758866507.2848005, 1758866509.2877283, 1758866511.290399, 1758866513.2928634, 1758866515.295521, 1758866517.2981353, 1758866519.3006022], "Voltage": [230.97, 230.97, 231.07, 231.07, 230.97, 231.07, 231.07, 230.97, 231.07, 231.02, 231.13, 231.07, 231.13, 230.97, 231.13, 231.07, 230.97, 231.02, 231.07, 231.13, 230.92, 230.97, 231.02, 230.81, 230.81, 230.86, 230.92, 231.02, 230.92, 230.97, 230.97, 230.92, 230.86, 230.81, 230.92, 230.86, 230.81, 230.92, 230.97, 231.13, 231.34, 231.39, 231.18, 231.34, 231.44], "Current": [0.04, 0.04, 0.04, 0.04, 0.04, 0.04, 0.04, 0.04, 0.04, 0.04, 0.04, 0.04, 0.04, 0.04, 0.04, 0.04, 0.04, 0.04, 0.04, 0.04, 0.04, 0.04, 0.04, 0.04, 0.04, 0.04, 0.04, 0.04, 0.04, 0.04, 0.04, 0.04, 0.04, 0.04, 0.04, 0.04, 0.04, 0.04, 0.04, 0.04, 0.04, 0.04, 0.04, 0.04, 0.04], "Real_Power": [3.97, 3.91, 4.0, 3.95, 3.95, 3.9, 3.99, 3.94, 3.88, 3.93, 3.96, 3.96, 3.93, 3.99, 3.88, 4.04, 3.96, 3.94, 4.02, 4.02, 4.04, 3.98, 4.06, 3.88, 4.03, 3.95, 4.04, 3.96, 3.87, 4.11, 3.96, 4.01, 3.95, 3.82, 3.92, 4.04, 3.97, 3.94, 3.96, 3.97, 3.97, 4.0, 4.05, 3.97, 4.05], "Apparent_Power": [9.23, 9.23, 9.24, 9.24, 9.23, 9.24, 9.24, 9.23, 9.24, 9.24, 9.24, 9.24, 9.24, 9.23, 9.24, 9.24, 9.23, 9.24, 9.24, 9.24, 9.23, 9.23, 9.24, 9.23, 9.23, 9.23, 9.23, 9.24, 9.23, 9.23, 9.23, 9.23, 9.23, 9.23, 9.23, 9.23, 9.23, 9.23, 9.23, 9.24, 9.25, 9.25, 9.24, 9.25, 9.25], "Apparent_Power_Reactive": [8.33, 8.36, 8.32, 8.35, 8.34, 8.37, 8.33, 8.34, 8.38, 8.36, 8.34, 8.34, 8.36, 8.32, 8.38, 8.3, 8.33, 8.35, 8.31, 8.31, 8.29, 8.32, 8.3, 8.37, 8.3, 8.34, 8.29, 8.34, 8.37, 8.26, 8.33, 8.31, 8.34, 8.4, 8.35, 8.29, 8.33, 8.34, 8.33, 8.34, 8.35, 8.34, 8.3, 8.35, 8.31], "Power_Factor": [0.43, 0.423, 0.432, 0.427, 0.427, 0.422, 0.431, 0.426, 0.419, 0.425, 0.428, 0.428, 0.425, 0.432, 0.419, 0.437, 0.429, 0.426, 0.435, 0.435, 0.437, 0.431, 0.439, 0.42, 0.436, 0.427, 0.437, 0.428, 0.419, 0.445, 0.429, 0.434, 0.427, 0.413, 0.424, 0.437, 0.43, 0.426, 0.429, 0.429, 0.429, 0.432, 0.438, 0.429, 0.437], "Energy": [0.0, 0.0, 0.0, 0.0, 0.01, 0.01, 0.01, 0.01, 0.01, 0.02, 0.02, 0.02, 0.02, 0.03, 0.03, 0.03, 0.03, 0.04, 0.04, 0.04, 0.04, 0.04, 0.05, 0.05, 0.05, 0.05, 0.06, 0.06, 0.06, 0.06, 0.06, 0.07, 0.07, 0.07, 0.07, 0.08, 0.08, 0.08, 0.08, 0.08, 0.09, 0.09, 0.09, 0.09, 0.1], "Frequency": [49.39, 49.39, 49.39, 49.36, 49.36, 49.36, 49.36, 49.36, 49.36, 49.37, 49.37, 49.37, 49.39, 49.39, 49.39, 49.39, 49.39, 49.39, 49.39, 49.39, 49.39, 49.4, 49.4, 49.4, 49.39, 49.39, 49.39, 49.39, 49.39, 49.39, 49.39, 49.39, 49.39, 49.38, 49.38, 49.38, 49.39, 49.39, 49.39, 49.39, 49.39, 49.39, 49.38, 49.38, 49.38], "Temp_env": []}