{"Start_Time": [1758997231.5887249], "Time": [1758997233.5911987, 1758997235.5942705, 1758997237.5969913, 1758997239.5998876, 1758997241.6030314, 1758997243.6053102, 1758997245.6083548, 1758997247.6112595, 1758997249.6142673, 1758997251.617249, 1758997253.6199572, 1758997255.6223207, 1758997257.6254907, 1758997259.6283402, 1758997261.631398, 1758997263.6343017, 1758997265.6373365, 1758997267.6472566, 1758997269.6495614, 1758997271.6525247, 1758997273.654613, 1758997275.6573026, 1758997277.6596403, 1758997279.6623423, 1758997281.6649067, 1758997283.6673694, 1758997285.676933, 1758997287.6794574, 1758997289.6817963, 1758997291.6845005, 1758997293.6873484, 1758997295.689971, 1758997297.6926103, 1758997299.6949632, 1758997301.697044, 1758997303.7026343, 1758997305.7052317, 1758997307.7081208, 1758997309.7181687, 1758997311.720683, 1758997313.7230508, 1758997315.7257829, 1758997317.7280247, 1758997319.7307792, 1758997321.7331502], "Voltage": [230.55, 230.5, 230.45, 230.6, 230.5, 230.39, 230.55, 230.5, 230.55, 230.5, 230.45, 230.34, 230.39, 230.55, 230.45, 230.5, 230.39, 230.39, 230.5, 230.5, 230.55, 230.45, 230.55, 230.39, 230.55, 230.55, 230.5, 230.5, 230.6, 230.34, 230.45, 230.5, 230.39, 230.5, 230.29, 230.5, 230.34, 230.55, 230.55, 230.6, 230.45, 230.6, 230.5, 230.55, 230.45], "Current": [0.03, 0.04, 0.04, 0.04, 0.04, 0.04, 0.04, 0.04, 0.04, 0.04, 0.04, 0.04, 0.04, 0.04, 0.04, 0.04, 0.04, 0.04, 0.04, 0.04, 0.04, 0.04, 0.04, 0.04, 0.04, 0.04, 0.04, 0.04, 0.04, 0.04, 0.04, 0.04, 0.04, 0.04, 0.04, 0.04, 0.04, 0.04, 0.04, 0.04, 0.04, 0.04, 0.04, 0.04, 0.03], "Real_Power": [3.93, 3.91, 3.87, 3.96, 3.81, 3.83, 3.77, 3.82, 3.92, 3.87, 3.93, 3.86, 3.83, 3.93, 3.91, 3.96, 3.93, 3.88, 3.92, 3.82, 3.88, 3.89, 3.92, 3.88, 3.83, 3.82, 3.9, 3.88, 3.91, 3.83, 3.93, 3.92, 3.92, 3.95, 3.93, 3.77, 3.79, 3.89, 3.8, 3.93, 3.85, 3.8, 3.91, 3.92, 3.8], "Apparent_Power": [6.91, 9.22, 9.21, 9.22, 9.22, 9.21, 9.22, 9.22, 9.22, 9.22, 9.21, 9.21, 9.21, 9.22, 9.21, 9.22, 9.21, 9.21, 9.22, 9.22, 9.22, 9.21, 9.22, 9.21, 9.22, 9.22, 9.22, 9.22, 9.22, 9.21, 9.21, 9.22, 9.21, 9.22, 9.21, 9.22, 9.21, 9.22, 9.22, 9.22, 9.21, 9.22, 9.22, 9.22, 6.91], "Apparent_Power_Reactive": [5.68, 8.34, 8.35, 8.32, 8.39, 8.37, 8.41, 8.39, 8.34, 8.36, 8.32, 8.36, 8.37, 8.34, 8.33, 8.32, 8.32, 8.35, 8.34, 8.39, 8.36, 8.34, 8.34, 8.35, 8.38, 8.39, 8.35, 8.36, 8.34, 8.37, 8.32, 8.34, 8.33, 8.33, 8.32, 8.41, 8.39, 8.35, 8.4, 8.34, 8.36, 8.4, 8.34, 8.34, 5.77], "Power_Factor": [0.568, 0.424, 0.42, 0.429, 0.413, 0.415, 0.408, 0.414, 0.425, 0.419, 0.426, 0.419, 0.415, 0.426, 0.424, 0.429, 0.426, 0.421, 0.425, 0.414, 0.42, 0.422, 0.425, 0.421, 0.415, 0.414, 0.422, 0.42, 0.424, 0.415, 0.426, 0.425, 0.425, 0.428, 0.426, 0.408, 0.411, 0.421, 0.412, 0.426, 0.418, 0.412, 0.424, 0.425, 0.549], "Energy": [0.0, 0.0, 0.0, 0.0, 0.01, 0.01, 0.01, 0.01, 0.01, 0.02, 0.02, 0.02, 0.02, 0.03, 0.03, 0.03, 0.03, 0.03, 0.04, 0.04, 0.04, 0.04, 0.05, 0.05, 0.05, 0.05, 0.05, 0.06, 0.06, 0.06, 0.06, 0.06, 0.07, 0.07, 0.07, 0.07, 0.08, 0.08, 0.08, 0.08, 0.08, 0.09, 0.09, 0.09, 0.09], "Frequency": [49.42, 49.41, 49.41, 49.41, 49.41, 49.41, 49.41, 49.41, 49.41, 49.41, 49.43, 49.43, 49.43, 49.43, 49.43, 49.43, 49.43, 49.43, 49.43, 49.43, 49.43, 49.43, 49.42, 49.42, 49.42, 49.42, 49.42, 49.42, 49.43, 49.43, 49.43, 49.43, 49.43, 49.43, 49.43, 49.43, 49.43, 49.43, 49.43, 49.43, 49.43, 49.43, 49.43, 49.44, 49.44], "Temp_env": []}