{"Start_Time": [1758640769.3697176], "Time": [1758640771.372203, 1758640773.3751194, 1758640775.3781688, 1758640777.3810115, 1758640779.3902526, 1758640781.3928738, 1758640783.3952649, 1758640785.4052024, 1758640787.408165, 1758640789.4108396, 1758640791.4209542, 1758640793.4231021, 1758640795.4251385, 1758640797.4352973, 1758640799.4381316, 1758640801.441015, 1758640803.443833, 1758640805.4463058, 1758640807.448974, 1758640809.452081, 1758640811.4551241, 1758640813.4578233, 1758640815.4679112, 1758640817.4700575, 1758640819.4728246, 1758640821.4829326, 1758640823.4863095, 1758640825.48888, 1758640827.4988534, 1758640829.5018904, 1758640831.5042048, 1758640833.5063162, 1758640835.5090237, 1758640837.5120733, 1758640839.5219278, 1758640841.52486, 1758640843.5274222, 1758640845.537192, 1758640847.540097, 1758640849.5431714, 1758640851.5529063, 1758640853.5559418, 1758640855.5581856, 1758640857.5608795, 1758640859.5632236], "Voltage": [229.82, 229.76, 229.76, 229.82, 229.76, 229.71, 229.87, 229.87, 229.71, 229.71, 229.76, 229.87, 229.66, 229.55, 229.61, 229.66, 229.76, 229.55, 229.55, 229.76, 229.92, 229.71, 229.71, 229.71, 229.71, 229.76, 229.71, 229.76, 229.66, 229.71, 229.66, 229.66, 229.55, 229.5, 229.5, 229.4, 229.29, 229.5, 229.24, 229.24, 229.4, 229.14, 228.87, 229.19, 229.14], "Current": [0.04, 0.04, 0.04, 0.04, 0.04, 0.04, 0.04, 0.04, 0.04, 0.04, 0.04, 0.04, 0.04, 0.04, 0.04, 0.04, 0.04, 0.04, 0.04, 0.04, 0.04, 0.04, 0.04, 0.04, 0.04, 0.04, 0.04, 0.04, 0.04, 0.04, 0.04, 0.04, 0.04, 0.04, 0.04, 0.04, 0.04, 0.04, 0.04, 0.04, 0.04, 0.04, 0.04, 0.04, 0.04], "Real_Power": [3.96, 4.03, 4.09, 3.98, 3.99, 4.01, 3.98, 3.94, 3.91, 4.07, 3.9, 4.11, 3.96, 3.99, 3.93, 3.9, 3.99, 3.94, 4.01, 3.99, 4.01, 4.01, 4.01, 3.97, 4.0, 4.01, 3.95, 3.95, 3.99, 3.95, 4.05, 4.03, 3.98, 4.01, 3.94, 3.95, 3.98, 4.1, 3.9, 3.97, 3.92, 4.02, 3.99, 4.04, 3.96], "Apparent_Power": [9.19, 9.19, 9.19, 9.19, 9.19, 9.18, 9.19, 9.19, 9.18, 9.18, 9.19, 9.19, 9.18, 9.18, 9.18, 9.18, 9.19, 9.18, 9.18, 9.19, 9.19, 9.18, 9.18, 9.18, 9.18, 9.19, 9.18, 9.19, 9.18, 9.18, 9.18, 9.18, 9.18, 9.18, 9.18, 9.17, 9.17, 9.18, 9.16, 9.16, 9.17, 9.16, 9.15, 9.16, 9.16], "Apparent_Power_Reactive": [8.29, 8.25, 8.22, 8.28, 8.27, 8.25, 8.28, 8.3, 8.3, 8.22, 8.32, 8.21, 8.28, 8.26, 8.29, 8.31, 8.27, 8.29, 8.25, 8.27, 8.26, 8.25, 8.25, 8.27, 8.26, 8.26, 8.28, 8.29, 8.26, 8.28, 8.23, 8.24, 8.27, 8.25, 8.29, 8.27, 8.26, 8.21, 8.28, 8.25, 8.28, 8.23, 8.23, 8.22, 8.25], "Power_Factor": [0.43, 0.438, 0.445, 0.433, 0.434, 0.436, 0.433, 0.428, 0.425, 0.443, 0.424, 0.447, 0.431, 0.434, 0.428, 0.424, 0.434, 0.429, 0.436, 0.434, 0.436, 0.436, 0.436, 0.432, 0.435, 0.436, 0.43, 0.429, 0.434, 0.43, 0.441, 0.438, 0.433, 0.436, 0.429, 0.43, 0.434, 0.446, 0.425, 0.433, 0.427, 0.438, 0.436, 0.441, 0.432], "Energy": [0.0, 0.0, 0.0, 0.0, 0.01, 0.01, 0.01, 0.01, 0.02, 0.02, 0.02, 0.02, 0.02, 0.03, 0.03, 0.03, 0.03, 0.04, 0.04, 0.04, 0.04, 0.04, 0.05, 0.05, 0.05, 0.05, 0.06, 0.06, 0.06, 0.06, 0.06, 0.07, 0.07, 0.07, 0.07, 0.08, 0.08, 0.08, 0.08, 0.08, 0.09, 0.09, 0.09, 0.09, 0.1], "Frequency": [49.38, 49.38, 49.38, 49.38, 49.39, 49.39, 49.39, 49.39, 49.39, 49.39, 49.39, 49.39, 49.39, 49.4, 49.4, 49.4, 49.39, 49.39, 49.39, 49.4, 49.4, 49.4, 49.41, 49.41, 49.41, 49.42, 49.42, 49.42, 49.42, 49.42, 49.42, 49.41, 49.41, 49.41, 49.41, 49.41, 49.41, 49.41, 49.41, 49.41, 49.41, 49.41, 49.41, 49.41, 49.41], "Temp_env": []}