{"Start_Time": [1759096990.4739022], "Time": [1759096992.4766376, 1759096994.4793684, 1759096996.4893067, 1759096998.4921324, 1759097000.4949894, 1759097002.4978514, 1759097004.5003939, 1759097006.5027223, 1759097008.5124762, 1759097010.514776, 1759097012.5170653, 1759097014.5272033, 1759097016.5301282, 1759097018.5327363, 1759097020.542629, 1759097022.5447729, 1759097024.5471163, 1759097026.5496252, 1759097028.552034, 1759097030.554881, 1759097032.5645785, 1759097034.5672836, 1759097036.5696836, 1759097038.57913, 1759097040.5821404, 1759097042.585008, 1759097044.5879831, 1759097046.590855, 1759097048.5937781, 1759097050.596134, 1759097052.598801, 1759097054.6011126, 1759097056.6112695, 1759097058.6141238, 1759097060.6171863, 1759097062.6275928, 1759097064.6304235, 1759097066.632878, 1759097068.635224, 1759097070.638344, 1759097072.6411674, 1759097074.6440432, 1759097076.6462345, 1759097078.6494074, 1759097080.659266], "Voltage": [230.18, 230.34, 230.18, 230.13, 230.08, 230.13, 230.18, 230.18, 230.13, 230.18, 230.18, 230.03, 230.08, 230.13, 230.08, 230.08, 229.92, 230.03, 230.03, 230.03, 230.08, 230.13, 229.87, 230.03, 230.08, 230.08, 230.03, 229.97, 229.87, 229.82, 230.13, 229.92, 229.87, 229.76, 229.87, 229.87, 229.76, 229.82, 229.76, 229.76, 230.03, 229.82, 229.82, 229.82, 229.97], "Current": [0.03, 0.04, 0.03, 0.04, 0.03, 0.04, 0.04, 0.03, 0.04, 0.04, 0.04, 0.04, 0.04, 0.04, 0.04, 0.04, 0.04, 0.04, 0.04, 0.03, 0.04, 0.03, 0.04, 0.04, 0.04, 0.04, 0.04, 0.04, 0.04, 0.03, 0.03, 0.04, 0.04, 0.04, 0.04, 0.04, 0.04, 0.04, 0.04, 0.04, 0.04, 0.04, 0.04, 0.04, 0.04], "Real_Power": [3.75, 3.89, 3.89, 3.84, 3.94, 3.88, 3.79, 3.76, 3.91, 3.86, 3.82, 3.9, 3.89, 3.93, 3.86, 3.89, 3.92, 3.92, 3.83, 3.89, 3.83, 3.81, 3.84, 3.83, 3.84, 3.85, 3.93, 3.92, 3.85, 3.89, 3.83, 3.91, 3.9, 3.9, 3.9, 3.93, 3.95, 3.87, 3.81, 3.91, 3.95, 3.96, 3.9, 3.93, 3.91], "Apparent_Power": [6.9, 9.21, 6.9, 9.2, 6.9, 9.2, 9.2, 6.9, 9.2, 9.2, 9.2, 9.2, 9.2, 9.2, 9.2, 9.2, 9.19, 9.2, 9.2, 6.9, 9.2, 6.9, 9.19, 9.2, 9.2, 9.2, 9.2, 9.19, 9.19, 6.89, 6.9, 9.19, 9.19, 9.19, 9.19, 9.19, 9.19, 9.19, 9.19, 9.19, 9.2, 9.19, 9.19, 9.19, 9.19], "Apparent_Power_Reactive": [5.79, 8.34, 5.69, 8.36, 5.66, 8.34, 8.38, 5.78, 8.32, 8.35, 8.36, 8.33, 8.33, 8.31, 8.35, 8.33, 8.31, 8.32, 8.36, 5.69, 8.36, 5.75, 8.34, 8.36, 8.36, 8.35, 8.31, 8.31, 8.34, 5.68, 5.73, 8.31, 8.32, 8.32, 8.32, 8.3, 8.29, 8.33, 8.36, 8.31, 8.3, 8.29, 8.32, 8.3, 8.31], "Power_Factor": [0.543, 0.422, 0.563, 0.417, 0.571, 0.421, 0.411, 0.544, 0.425, 0.419, 0.415, 0.423, 0.422, 0.427, 0.419, 0.422, 0.426, 0.426, 0.416, 0.563, 0.416, 0.552, 0.417, 0.416, 0.417, 0.418, 0.427, 0.426, 0.418, 0.564, 0.555, 0.425, 0.424, 0.424, 0.424, 0.427, 0.429, 0.421, 0.414, 0.425, 0.429, 0.43, 0.424, 0.427, 0.425], "Energy": [0.0, 0.0, 0.0, 0.0, 0.01, 0.01, 0.01, 0.01, 0.01, 0.02, 0.02, 0.02, 0.02, 0.03, 0.03, 0.03, 0.03, 0.03, 0.04, 0.04, 0.04, 0.04, 0.05, 0.05, 0.05, 0.05, 0.05, 0.06, 0.06, 0.06, 0.06, 0.06, 0.07, 0.07, 0.07, 0.07, 0.08, 0.08, 0.08, 0.08, 0.08, 0.09, 0.09, 0.09, 0.09], "Frequency": [49.41, 49.41, 49.38, 49.38, 49.38, 49.39, 49.39, 49.39, 49.36, 49.36, 49.36, 49.37, 49.37, 49.37, 49.37, 49.37, 49.37, 49.35, 49.35, 49.35, 49.35, 49.35, 49.35, 49.35, 49.35, 49.35, 49.35, 49.35, 49.35, 49.35, 49.35, 49.35, 49.35, 49.35, 49.35, 49.35, 49.35, 49.35, 49.33, 49.33, 49.33, 49.33, 49.33, 49.33, 49.34], "Temp_env": []}