{"Start_Time": [1759100973.2336757], "Time": [1759100975.2360709, 1759100977.2389443, 1759100979.2418513, 1759100981.244335, 1759100983.2468307, 1759100985.2491531, 1759100987.2521148, 1759100989.2543075, 1759100991.2570553, 1759100993.2599528, 1759100995.2623057, 1759100997.265389, 1759100999.2680757, 1759101001.2711675, 1759101003.2744565, 1759101005.2772822, 1759101007.2794192, 1759101009.2825284, 1759101011.2853956, 1759101013.288375, 1759101015.2912757, 1759101017.294599, 1759101019.297381, 1759101021.3000963, 1759101023.302428, 1759101025.3047729, 1759101027.3074293, 1759101029.3104744, 1759101031.3136005, 1759101033.3162706, 1759101035.318597, 1759101037.3215215, 1759101039.3247838, 1759101041.3274074, 1759101043.330558, 1759101045.3336353, 1759101047.336799, 1759101049.3395104, 1759101051.342675, 1759101053.3454137, 1759101055.3487742, 1759101057.351103, 1759101059.3539548, 1759101061.356515, 1759101063.3588746], "Voltage": [232.28, 232.17, 232.33, 232.33, 232.33, 232.33, 232.33, 232.28, 232.12, 232.38, 232.38, 232.33, 232.49, 232.44, 232.33, 232.38, 232.33, 232.23, 232.28, 232.38, 232.33, 232.33, 232.38, 232.28, 232.38, 232.33, 232.28, 232.28, 232.38, 232.33, 232.33, 232.23, 232.33, 232.28, 232.28, 232.38, 232.28, 232.23, 232.33, 232.23, 232.17, 232.23, 232.23, 232.17, 232.12], "Current": [0.04, 0.03, 0.03, 0.03, 0.03, 0.03, 0.04, 0.03, 0.03, 0.03, 0.03, 0.03, 0.03, 0.04, 0.03, 0.03, 0.03, 0.04, 0.03, 0.03, 0.03, 0.04, 0.03, 0.04, 0.03, 0.03, 0.03, 0.03, 0.04, 0.03, 0.03, 0.03, 0.03, 0.03, 0.03, 0.03, 0.03, 0.03, 0.04, 0.03, 0.04, 0.03, 0.04, 0.03, 0.03], "Real_Power": [4.03, 3.83, 3.88, 3.82, 3.92, 3.93, 3.91, 3.87, 3.92, 3.77, 3.93, 3.84, 3.87, 3.98, 3.96, 3.89, 3.89, 4.0, 3.92, 3.9, 3.85, 3.92, 3.94, 3.9, 3.9, 3.91, 3.82, 3.88, 3.9, 3.88, 3.95, 3.94, 3.77, 3.96, 3.94, 3.87, 3.88, 3.94, 3.97, 3.97, 3.89, 3.96, 3.99, 3.93, 3.88], "Apparent_Power": [9.29, 6.96, 6.96, 6.96, 6.96, 6.96, 9.29, 6.96, 6.96, 6.97, 6.97, 6.96, 6.97, 9.29, 6.96, 6.97, 6.96, 9.28, 6.96, 6.97, 6.96, 9.29, 6.97, 9.29, 6.97, 6.96, 6.96, 6.96, 9.29, 6.96, 6.96, 6.96, 6.96, 6.96, 6.96, 6.97, 6.96, 6.96, 9.29, 6.96, 9.28, 6.96, 9.28, 6.96, 6.96], "Apparent_Power_Reactive": [8.37, 5.81, 5.77, 5.81, 5.75, 5.74, 8.42, 5.78, 5.75, 5.86, 5.75, 5.8, 5.79, 8.39, 5.72, 5.78, 5.77, 8.37, 5.75, 5.77, 5.79, 8.42, 5.74, 8.43, 5.77, 5.75, 5.81, 5.77, 8.43, 5.77, 5.73, 5.73, 5.85, 5.72, 5.73, 5.79, 5.77, 5.73, 8.39, 5.71, 8.42, 5.72, 8.37, 5.74, 5.77], "Power_Factor": [0.433, 0.55, 0.557, 0.548, 0.563, 0.564, 0.42, 0.556, 0.563, 0.54, 0.563, 0.551, 0.555, 0.428, 0.568, 0.558, 0.558, 0.431, 0.563, 0.559, 0.553, 0.421, 0.565, 0.419, 0.559, 0.561, 0.548, 0.557, 0.419, 0.557, 0.567, 0.566, 0.541, 0.568, 0.566, 0.555, 0.557, 0.566, 0.427, 0.57, 0.419, 0.568, 0.429, 0.564, 0.557], "Energy": [0.0, 0.0, 0.0, 0.0, 0.01, 0.01, 0.01, 0.01, 0.01, 0.02, 0.02, 0.02, 0.02, 0.03, 0.03, 0.03, 0.03, 0.03, 0.04, 0.04, 0.04, 0.04, 0.05, 0.05, 0.05, 0.05, 0.05, 0.06, 0.06, 0.06, 0.06, 0.07, 0.07, 0.07, 0.07, 0.07, 0.08, 0.08, 0.08, 0.08, 0.08, 0.09, 0.09, 0.09, 0.09], "Frequency": [49.43, 49.43, 49.43, 49.43, 49.43, 49.43, 49.43, 49.43, 49.45, 49.45, 49.45, 49.44, 49.44, 49.44, 49.43, 49.43, 49.43, 49.43, 49.43, 49.43, 49.42, 49.42, 49.42, 49.41, 49.41, 49.41, 49.41, 49.41, 49.41, 49.39, 49.39, 49.39, 49.39, 49.39, 49.39, 49.38, 49.38, 49.38, 49.38, 49.38, 49.38, 49.39, 49.39, 49.39, 49.39], "Temp_env": []}