{"Start_Time": [1759029700.9535074], "Time": [1759029702.9562674, 1759029704.9589524, 1759029706.9619668, 1759029708.964296, 1759029710.9662492, 1759029712.9692485, 1759029714.9722877, 1759029716.9743555, 1759029718.9770873, 1759029720.9794285, 1759029722.9823992, 1759029724.9844575, 1759029726.9874153, 1759029728.9904957, 1759029730.9933171, 1759029732.9962025, 1759029734.9984968, 1759029737.0014682, 1759029739.0045, 1759029741.0074039, 1759029743.0107107, 1759029745.0132315, 1759029747.0155785, 1759029749.0185845, 1759029751.0214956, 1759029753.024394, 1759029755.027517, 1759029757.0309174, 1759029759.0334618, 1759029761.0357537, 1759029763.038502, 1759029765.0408828, 1759029767.0434306, 1759029769.0461025, 1759029771.0489674, 1759029773.0518885, 1759029775.0546944, 1759029777.0569637, 1759029779.0596714, 1759029781.0619435, 1759029783.0639384, 1759029785.0670345, 1759029787.0699987, 1759029789.072028, 1759029791.0747836], "Voltage": [230.45, 230.6, 230.66, 230.45, 230.76, 230.6, 230.6, 230.6, 230.55, 230.6, 230.45, 230.55, 230.55, 230.55, 230.6, 230.6, 230.45, 230.55, 230.5, 230.55, 230.5, 230.5, 230.55, 230.55, 230.6, 230.5, 230.55, 230.55, 230.45, 230.45, 230.45, 230.55, 230.55, 230.45, 230.5, 230.45, 230.5, 230.45, 230.66, 230.5, 230.5, 230.5, 230.5, 230.45, 230.55], "Current": [0.03, 0.04, 0.04, 0.04, 0.04, 0.04, 0.04, 0.04, 0.04, 0.04, 0.04, 0.04, 0.04, 0.04, 0.04, 0.04, 0.04, 0.04, 0.04, 0.04, 0.04, 0.04, 0.04, 0.04, 0.04, 0.04, 0.04, 0.04, 0.04, 0.04, 0.04, 0.04, 0.04, 0.04, 0.04, 0.04, 0.04, 0.04, 0.04, 0.04, 0.04, 0.04, 0.04, 0.04, 0.04], "Real_Power": [3.71, 3.82, 3.86, 3.79, 3.93, 3.87, 3.82, 3.88, 3.92, 3.86, 3.71, 3.85, 3.84, 3.9, 3.83, 3.91, 3.9, 3.86, 3.77, 3.93, 3.85, 3.89, 3.81, 3.9, 3.87, 3.88, 3.91, 3.81, 3.9, 3.85, 3.89, 3.91, 3.9, 3.89, 3.8, 3.82, 3.92, 3.93, 3.85, 3.76, 3.88, 3.92, 3.84, 3.89, 3.98], "Apparent_Power": [6.91, 9.22, 9.22, 9.21, 9.23, 9.22, 9.22, 9.22, 9.22, 9.22, 9.21, 9.22, 9.22, 9.22, 9.22, 9.22, 9.21, 9.22, 9.22, 9.22, 9.22, 9.22, 9.22, 9.22, 9.22, 9.22, 9.22, 9.22, 9.21, 9.21, 9.21, 9.22, 9.22, 9.21, 9.22, 9.21, 9.22, 9.21, 9.22, 9.22, 9.22, 9.22, 9.22, 9.21, 9.22], "Apparent_Power_Reactive": [5.82, 8.39, 8.37, 8.39, 8.35, 8.36, 8.39, 8.36, 8.34, 8.37, 8.42, 8.37, 8.38, 8.35, 8.38, 8.34, 8.34, 8.37, 8.41, 8.34, 8.37, 8.35, 8.39, 8.35, 8.36, 8.36, 8.34, 8.39, 8.34, 8.36, 8.34, 8.34, 8.35, 8.34, 8.4, 8.38, 8.34, 8.32, 8.37, 8.41, 8.36, 8.34, 8.38, 8.34, 8.31], "Power_Factor": [0.536, 0.414, 0.418, 0.411, 0.425, 0.419, 0.414, 0.42, 0.425, 0.418, 0.402, 0.417, 0.416, 0.422, 0.415, 0.424, 0.423, 0.418, 0.408, 0.426, 0.417, 0.421, 0.413, 0.422, 0.419, 0.42, 0.424, 0.413, 0.423, 0.418, 0.422, 0.424, 0.422, 0.422, 0.412, 0.414, 0.425, 0.426, 0.417, 0.407, 0.42, 0.425, 0.416, 0.422, 0.431], "Energy": [0.0, 0.0, 0.0, 0.0, 0.01, 0.01, 0.01, 0.01, 0.01, 0.02, 0.02, 0.02, 0.02, 0.03, 0.03, 0.03, 0.03, 0.03, 0.04, 0.04, 0.04, 0.04, 0.04, 0.05, 0.05, 0.05, 0.05, 0.06, 0.06, 0.06, 0.06, 0.06, 0.07, 0.07, 0.07, 0.07, 0.08, 0.08, 0.08, 0.08, 0.08, 0.09, 0.09, 0.09, 0.09], "Frequency": [49.38, 49.38, 49.38, 49.37, 49.37, 49.37, 49.39, 49.39, 49.39, 49.38, 49.38, 49.38, 49.38, 49.38, 49.38, 49.38, 49.38, 49.38, 49.37, 49.37, 49.37, 49.35, 49.35, 49.35, 49.35, 49.35, 49.35, 49.35, 49.35, 49.35, 49.35, 49.35, 49.35, 49.35, 49.35, 49.35, 49.35, 49.35, 49.35, 49.36, 49.36, 49.36, 49.35, 49.35, 49.35], "Temp_env": []}