{"Start_Time": [1758620655.1060588], "Time": [1758620657.1086617, 1758620659.1110013, 1758620661.1135182, 1758620663.1158974, 1758620665.1185553, 1758620667.1213496, 1758620669.1242323, 1758620671.1266186, 1758620673.1288588, 1758620675.132015, 1758620677.134659, 1758620679.1369941, 1758620681.1398797, 1758620683.1420252, 1758620685.1451118, 1758620687.1482837, 1758620689.1508482, 1758620691.1532314, 1758620693.1560357, 1758620695.158463, 1758620697.1612787, 1758620699.1641295, 1758620701.167204, 1758620703.1699631, 1758620705.172335, 1758620707.175039, 1758620709.1774137, 1758620711.1803076, 1758620713.1824048, 1758620715.1853445, 1758620717.1886034, 1758620719.1911926, 1758620721.193575, 1758620723.196552, 1758620725.1994398, 1758620727.2025306, 1758620729.205407, 1758620731.208658, 1758620733.2112937, 1758620735.213627, 1758620737.2165847, 1758620739.2193604, 1758620741.2216876, 1758620743.2243488, 1758620745.2269328], "Voltage": [230.24, 230.08, 230.24, 230.03, 230.08, 230.24, 230.24, 230.34, 230.29, 230.24, 230.29, 230.13, 230.13, 230.18, 230.18, 230.29, 229.97, 230.08, 229.97, 230.24, 230.34, 230.24, 230.29, 230.24, 230.34, 230.34, 230.08, 230.18, 230.13, 230.18, 230.08, 230.03, 230.13, 229.87, 230.08, 230.03, 229.97, 229.97, 230.03, 229.76, 229.76, 229.76, 229.76, 229.71, 229.87], "Current": [0.04, 0.04, 0.04, 0.04, 0.04, 0.04, 0.04, 0.04, 0.04, 0.04, 0.04, 0.04, 0.04, 0.04, 0.04, 0.04, 0.04, 0.04, 0.04, 0.04, 0.04, 0.04, 0.04, 0.04, 0.04, 0.04, 0.04, 0.04, 0.04, 0.04, 0.04, 0.04, 0.04, 0.04, 0.04, 0.04, 0.04, 0.04, 0.04, 0.04, 0.04, 0.04, 0.04, 0.04, 0.04], "Real_Power": [4.06, 3.89, 4.09, 3.87, 3.91, 4.06, 4.04, 4.04, 3.93, 3.85, 3.98, 4.01, 4.08, 4.05, 4.0, 4.12, 4.06, 3.97, 3.99, 4.07, 3.98, 3.94, 3.87, 4.06, 4.02, 4.01, 3.98, 4.05, 3.99, 4.03, 4.07, 3.95, 3.88, 4.03, 3.9, 3.99, 3.9, 4.0, 3.95, 4.02, 3.86, 4.08, 3.96, 4.04, 3.89], "Apparent_Power": [9.2, 9.2, 9.2, 9.2, 9.2, 9.2, 9.2, 9.21, 9.21, 9.2, 9.21, 9.2, 9.2, 9.2, 9.2, 9.21, 9.19, 9.2, 9.19, 9.2, 9.21, 9.2, 9.21, 9.2, 9.21, 9.21, 9.2, 9.2, 9.2, 9.2, 9.2, 9.2, 9.2, 9.19, 9.2, 9.2, 9.19, 9.19, 9.2, 9.19, 9.19, 9.19, 9.19, 9.18, 9.19], "Apparent_Power_Reactive": [8.25, 8.33, 8.24, 8.34, 8.32, 8.25, 8.26, 8.27, 8.32, 8.35, 8.3, 8.28, 8.24, 8.26, 8.28, 8.23, 8.24, 8.29, 8.27, 8.25, 8.3, 8.31, 8.35, 8.25, 8.28, 8.29, 8.29, 8.26, 8.28, 8.27, 8.25, 8.3, 8.34, 8.25, 8.33, 8.28, 8.32, 8.27, 8.3, 8.26, 8.34, 8.23, 8.29, 8.24, 8.32], "Power_Factor": [0.441, 0.422, 0.444, 0.42, 0.425, 0.441, 0.439, 0.438, 0.426, 0.418, 0.432, 0.435, 0.443, 0.44, 0.434, 0.447, 0.441, 0.431, 0.434, 0.442, 0.432, 0.428, 0.42, 0.441, 0.436, 0.435, 0.432, 0.44, 0.433, 0.438, 0.442, 0.429, 0.421, 0.438, 0.423, 0.433, 0.424, 0.435, 0.429, 0.437, 0.42, 0.443, 0.43, 0.44, 0.423], "Energy": [0.0, 0.0, 0.0, 0.0, 0.01, 0.01, 0.01, 0.01, 0.02, 0.02, 0.02, 0.02, 0.02, 0.03, 0.03, 0.03, 0.03, 0.04, 0.04, 0.04, 0.04, 0.04, 0.05, 0.05, 0.05, 0.05, 0.06, 0.06, 0.06, 0.06, 0.06, 0.07, 0.07, 0.07, 0.07, 0.08, 0.08, 0.08, 0.08, 0.09, 0.09, 0.09, 0.09, 0.09, 0.1], "Frequency": [49.43, 49.43, 49.43, 49.43, 49.43, 49.43, 49.43, 49.43, 49.43, 49.43, 49.42, 49.42, 49.42, 49.41, 49.41, 49.41, 49.39, 49.39, 49.39, 49.39, 49.39, 49.39, 49.4, 49.4, 49.4, 49.39, 49.39, 49.39, 49.39, 49.39, 49.39, 49.39, 49.39, 49.39, 49.38, 49.38, 49.38, 49.37, 49.37, 49.37, 49.38, 49.38, 49.38, 49.38, 49.38], "Temp_env": []}