{"Start_Time": [1759297755.3217766], "Time": [1759297757.324308, 1759297759.3269422, 1759297761.3294582, 1759297763.3325694, 1759297765.3347023, 1759297767.337387, 1759297769.3401504, 1759297771.343007, 1759297773.3458993, 1759297775.3484707, 1759297777.35082, 1759297779.3535385, 1759297781.3566377, 1759297783.3591404, 1759297785.3690982, 1759297787.3718789, 1759297789.374542, 1759297791.3818936, 1759297793.3846607, 1759297795.3871007, 1759297797.3970685, 1759297799.4000435, 1759297801.4029255, 1759297803.4057932, 1759297805.4081028, 1759297807.4107955, 1759297809.4207501, 1759297811.4233239, 1759297813.426241, 1759297815.436185, 1759297817.4388554, 1759297819.441245, 1759297821.4509914, 1759297823.4541316, 1759297825.4574342, 1759297827.4673707, 1759297829.470148, 1759297831.473242, 1759297833.4760995, 1759297835.478249, 1759297837.4814138, 1759297839.491228, 1759297841.4940128, 1759297843.4963932, 1759297845.5061562], "Voltage": [229.66, 229.76, 229.61, 229.71, 230.92, 230.76, 230.86, 230.71, 230.92, 230.92, 230.92, 230.97, 230.92, 230.97, 231.02, 231.02, 231.02, 231.02, 231.02, 231.02, 231.13, 231.02, 231.02, 231.02, 231.18, 231.02, 231.13, 231.07, 231.18, 231.13, 231.13, 231.18, 231.23, 231.23, 231.18, 231.02, 231.07, 231.02, 230.97, 231.07, 230.86, 231.02, 231.07, 231.07, 231.13], "Current": [0.04, 0.04, 0.04, 0.04, 0.04, 0.04, 0.04, 0.04, 0.04, 0.04, 0.04, 0.04, 0.04, 0.04, 0.04, 0.04, 0.04, 0.04, 0.04, 0.04, 0.04, 0.04, 0.04, 0.04, 0.04, 0.04, 0.04, 0.04, 0.04, 0.04, 0.04, 0.04, 0.04, 0.04, 0.04, 0.04, 0.04, 0.04, 0.04, 0.04, 0.04, 0.04, 0.04, 0.04, 0.04], "Real_Power": [3.94, 3.97, 4.13, 3.92, 4.01, 3.98, 3.93, 3.92, 3.93, 4.15, 3.96, 3.89, 4.03, 4.02, 4.13, 4.14, 3.98, 4.09, 4.04, 4.02, 4.04, 4.0, 4.01, 4.07, 3.93, 4.02, 3.97, 3.97, 3.98, 4.06, 4.03, 4.04, 4.13, 4.03, 4.18, 4.04, 4.02, 4.01, 4.05, 4.06, 4.1, 4.04, 4.04, 3.96, 4.05], "Apparent_Power": [9.18, 9.19, 9.18, 9.18, 9.23, 9.23, 9.23, 9.22, 9.23, 9.23, 9.23, 9.23, 9.23, 9.23, 9.24, 9.24, 9.24, 9.24, 9.24, 9.24, 9.24, 9.24, 9.24, 9.24, 9.24, 9.24, 9.24, 9.24, 9.24, 9.24, 9.24, 9.24, 9.24, 9.24, 9.24, 9.24, 9.24, 9.24, 9.23, 9.24, 9.23, 9.24, 9.24, 9.24, 9.24], "Apparent_Power_Reactive": [8.29, 8.28, 8.19, 8.3, 8.31, 8.32, 8.35, 8.34, 8.35, 8.24, 8.33, 8.37, 8.3, 8.3, 8.26, 8.26, 8.33, 8.28, 8.3, 8.31, 8.3, 8.32, 8.32, 8.29, 8.36, 8.31, 8.34, 8.34, 8.33, 8.3, 8.31, 8.3, 8.26, 8.31, 8.24, 8.3, 8.31, 8.32, 8.29, 8.3, 8.26, 8.3, 8.3, 8.34, 8.3], "Power_Factor": [0.429, 0.431, 0.449, 0.427, 0.434, 0.431, 0.425, 0.425, 0.425, 0.449, 0.429, 0.421, 0.436, 0.435, 0.446, 0.448, 0.43, 0.442, 0.437, 0.435, 0.437, 0.432, 0.433, 0.44, 0.425, 0.435, 0.429, 0.429, 0.43, 0.439, 0.436, 0.437, 0.446, 0.436, 0.452, 0.437, 0.435, 0.433, 0.438, 0.439, 0.444, 0.437, 0.437, 0.428, 0.438], "Energy": [0.0, 0.0, 0.0, 0.0, 0.01, 0.01, 0.01, 0.01, 0.02, 0.02, 0.02, 0.02, 0.02, 0.03, 0.03, 0.03, 0.03, 0.04, 0.04, 0.04, 0.04, 0.04, 0.05, 0.05, 0.05, 0.05, 0.06, 0.06, 0.06, 0.06, 0.06, 0.07, 0.07, 0.07, 0.07, 0.08, 0.08, 0.08, 0.08, 0.08, 0.09, 0.09, 0.09, 0.09, 0.1], "Frequency": [49.36, 49.36, 49.36, 49.36, 49.37, 49.37, 49.37, 49.37, 49.37, 49.37, 49.37, 49.37, 49.37, 49.39, 49.39, 49.39, 49.39, 49.39, 49.39, 49.39, 49.39, 49.39, 49.39, 49.39, 49.39, 49.38, 49.38, 49.38, 49.39, 49.39, 49.39, 49.39, 49.39, 49.39, 49.39, 49.39, 49.39, 49.39, 49.39, 49.39, 49.39, 49.39, 49.4, 49.4, 49.4], "Temp_env": []}