{"Start_Time": [1759204940.2044756], "Time": [1759204942.20645, 1759204944.209633, 1759204946.212501, 1759204948.2157042, 1759204950.2182617, 1759204952.2205188, 1759204954.2226646, 1759204956.2253947, 1759204958.227979, 1759204960.2308674, 1759204962.2333589, 1759204964.235705, 1759204966.2384439, 1759204968.2406707, 1759204970.243636, 1759204972.2469637, 1759204974.249865, 1759204976.252479, 1759204978.2548645, 1759204980.25755, 1759204982.2599988, 1759204984.2625127, 1759204986.2650578, 1759204988.2678175, 1759204990.2700107, 1759204992.2727406, 1759204994.275651, 1759204996.278034, 1759204998.2811007, 1759205000.2839534, 1759205002.2867665, 1759205004.2898824, 1759205006.2926846, 1759205008.2954137, 1759205010.2982395, 1759205012.3008544, 1759205014.303215, 1759205016.3059032, 1759205018.3080637, 1759205020.3103867, 1759205022.3133674, 1759205024.316271, 1759205026.319187, 1759205028.3221579, 1759205030.324922], "Voltage": [228.93, 228.87, 228.82, 228.93, 228.82, 228.61, 228.87, 228.82, 228.93, 228.87, 228.87, 228.93, 228.82, 228.87, 228.77, 228.77, 228.77, 228.77, 228.77, 228.77, 228.66, 228.72, 228.77, 228.77, 228.51, 228.61, 228.66, 228.61, 228.61, 228.66, 228.77, 228.77, 228.82, 228.82, 228.77, 228.77, 228.61, 228.66, 228.56, 228.56, 228.77, 228.61, 228.4, 228.45, 228.45], "Current": [0.04, 0.04, 0.04, 0.04, 0.04, 0.04, 0.04, 0.04, 0.04, 0.04, 0.04, 0.04, 0.04, 0.04, 0.04, 0.04, 0.04, 0.04, 0.04, 0.04, 0.04, 0.04, 0.04, 0.04, 0.04, 0.04, 0.04, 0.04, 0.04, 0.04, 0.04, 0.04, 0.04, 0.04, 0.04, 0.04, 0.04, 0.04, 0.04, 0.04, 0.04, 0.04, 0.04, 0.04, 0.04], "Real_Power": [3.85, 3.89, 3.89, 3.88, 3.97, 3.86, 4.08, 3.93, 3.92, 3.98, 3.91, 4.0, 3.86, 3.93, 3.93, 3.97, 3.88, 3.89, 3.87, 3.93, 4.02, 3.97, 4.02, 3.88, 3.98, 3.89, 3.97, 3.91, 3.95, 3.88, 3.86, 3.93, 3.95, 3.91, 3.96, 4.0, 3.88, 3.97, 4.09, 3.99, 3.91, 3.96, 3.92, 3.88, 3.92], "Apparent_Power": [9.15, 9.15, 9.15, 9.15, 9.15, 9.14, 9.15, 9.15, 9.15, 9.15, 9.15, 9.15, 9.15, 9.15, 9.15, 9.15, 9.15, 9.15, 9.15, 9.15, 9.14, 9.14, 9.15, 9.15, 9.14, 9.14, 9.14, 9.14, 9.14, 9.14, 9.15, 9.15, 9.15, 9.15, 9.15, 9.15, 9.14, 9.14, 9.14, 9.14, 9.15, 9.14, 9.13, 9.13, 9.13], "Apparent_Power_Reactive": [8.3, 8.28, 8.28, 8.28, 8.24, 8.28, 8.19, 8.26, 8.26, 8.23, 8.27, 8.22, 8.29, 8.26, 8.26, 8.24, 8.28, 8.28, 8.29, 8.26, 8.2, 8.23, 8.21, 8.28, 8.22, 8.27, 8.23, 8.26, 8.24, 8.27, 8.29, 8.26, 8.25, 8.27, 8.24, 8.22, 8.27, 8.23, 8.17, 8.22, 8.27, 8.23, 8.24, 8.26, 8.24], "Power_Factor": [0.42, 0.425, 0.425, 0.424, 0.433, 0.422, 0.445, 0.429, 0.428, 0.434, 0.427, 0.437, 0.421, 0.429, 0.429, 0.433, 0.424, 0.425, 0.422, 0.429, 0.439, 0.434, 0.439, 0.424, 0.435, 0.425, 0.434, 0.427, 0.432, 0.424, 0.421, 0.429, 0.431, 0.427, 0.432, 0.437, 0.424, 0.434, 0.447, 0.436, 0.427, 0.433, 0.429, 0.424, 0.429], "Energy": [0.0, 0.0, 0.0, 0.0, 0.01, 0.01, 0.01, 0.01, 0.01, 0.02, 0.02, 0.02, 0.02, 0.03, 0.03, 0.03, 0.03, 0.03, 0.04, 0.04, 0.04, 0.04, 0.05, 0.05, 0.05, 0.05, 0.05, 0.06, 0.06, 0.06, 0.06, 0.07, 0.07, 0.07, 0.07, 0.07, 0.08, 0.08, 0.08, 0.08, 0.09, 0.09, 0.09, 0.09, 0.09], "Frequency": [49.43, 49.43, 49.43, 49.43, 49.43, 49.43, 49.42, 49.42, 49.42, 49.41, 49.41, 49.41, 49.43, 49.43, 49.43, 49.43, 49.43, 49.43, 49.43, 49.43, 49.43, 49.41, 49.41, 49.41, 49.42, 49.42, 49.42, 49.42, 49.42, 49.42, 49.43, 49.43, 49.43, 49.42, 49.42, 49.42, 49.43, 49.43, 49.43, 49.43, 49.43, 49.43, 49.42, 49.42, 49.42], "Temp_env": []}