{"Start_Time": [1758731852.225913], "Time": [1758731854.2283607, 1758731856.231216, 1758731858.2340593, 1758731860.2369568, 1758731862.23961, 1758731864.2424064, 1758731866.2452748, 1758731868.2473092, 1758731870.2494583, 1758731872.2513807, 1758731874.2540832, 1758731876.2564485, 1758731878.2595696, 1758731880.262166, 1758731882.2653463, 1758731884.2684393, 1758731886.2708278, 1758731888.2732856, 1758731890.2758532, 1758731892.2783546, 1758731894.2806914, 1758731896.2836096, 1758731898.2865155, 1758731900.2898207, 1758731902.2927027, 1758731904.2955759, 1758731906.2984684, 1758731908.300727, 1758731910.3031213, 1758731912.3060238, 1758731914.308839, 1758731916.3117595, 1758731918.3146055, 1758731920.3167593, 1758731922.3197687, 1758731924.3225596, 1758731926.325172, 1758731928.3278549, 1758731930.3302143, 1758731932.3326492, 1758731934.3353875, 1758731936.338276, 1758731938.3407986, 1758731940.3432212, 1758731942.3460052], "Voltage": [229.61, 229.61, 229.61, 229.5, 229.45, 229.45, 229.45, 229.4, 229.35, 229.5, 229.45, 229.45, 229.45, 229.5, 229.45, 229.24, 229.4, 229.4, 229.29, 229.35, 229.35, 229.35, 229.35, 229.35, 229.45, 229.4, 229.45, 229.35, 229.29, 229.4, 229.4, 229.5, 229.45, 229.45, 229.55, 229.61, 229.5, 229.5, 229.55, 229.5, 229.4, 229.45, 229.45, 229.55, 229.4], "Current": [0.04, 0.04, 0.04, 0.04, 0.04, 0.04, 0.04, 0.04, 0.04, 0.04, 0.04, 0.04, 0.04, 0.04, 0.04, 0.04, 0.04, 0.04, 0.04, 0.04, 0.04, 0.04, 0.04, 0.04, 0.04, 0.04, 0.04, 0.04, 0.04, 0.04, 0.04, 0.04, 0.04, 0.04, 0.04, 0.04, 0.04, 0.04, 0.04, 0.04, 0.04, 0.04, 0.04, 0.04, 0.04], "Real_Power": [3.88, 3.9, 4.02, 3.89, 3.85, 3.89, 3.9, 3.85, 3.86, 3.9, 3.8, 3.89, 3.97, 4.02, 3.87, 3.9, 3.96, 3.95, 3.9, 3.99, 4.02, 3.88, 3.82, 4.03, 3.85, 4.04, 3.87, 4.07, 3.96, 4.0, 4.0, 4.05, 3.94, 3.96, 3.85, 3.93, 3.94, 3.95, 4.05, 4.02, 3.86, 3.94, 3.88, 4.06, 3.85], "Apparent_Power": [9.18, 9.18, 9.18, 9.18, 9.17, 9.17, 9.17, 9.17, 9.17, 9.18, 9.17, 9.17, 9.17, 9.18, 9.17, 9.16, 9.17, 9.17, 9.17, 9.17, 9.17, 9.17, 9.17, 9.17, 9.17, 9.17, 9.17, 9.17, 9.17, 9.17, 9.17, 9.18, 9.17, 9.17, 9.18, 9.18, 9.18, 9.18, 9.18, 9.18, 9.17, 9.17, 9.17, 9.18, 9.17], "Apparent_Power_Reactive": [8.31, 8.31, 8.25, 8.31, 8.32, 8.3, 8.29, 8.32, 8.31, 8.31, 8.34, 8.3, 8.26, 8.25, 8.31, 8.28, 8.27, 8.27, 8.29, 8.25, 8.24, 8.3, 8.33, 8.23, 8.32, 8.23, 8.31, 8.21, 8.27, 8.25, 8.25, 8.23, 8.28, 8.27, 8.33, 8.29, 8.29, 8.28, 8.23, 8.25, 8.31, 8.28, 8.3, 8.23, 8.32], "Power_Factor": [0.422, 0.424, 0.437, 0.423, 0.419, 0.424, 0.425, 0.419, 0.42, 0.424, 0.414, 0.424, 0.432, 0.437, 0.422, 0.425, 0.431, 0.43, 0.425, 0.435, 0.438, 0.423, 0.416, 0.439, 0.419, 0.44, 0.422, 0.443, 0.431, 0.436, 0.436, 0.441, 0.429, 0.431, 0.419, 0.428, 0.429, 0.43, 0.441, 0.437, 0.42, 0.429, 0.423, 0.442, 0.419], "Energy": [0.0, 0.0, 0.0, 0.0, 0.01, 0.01, 0.01, 0.01, 0.01, 0.02, 0.02, 0.02, 0.02, 0.03, 0.03, 0.03, 0.03, 0.03, 0.04, 0.04, 0.04, 0.04, 0.05, 0.05, 0.05, 0.05, 0.05, 0.06, 0.06, 0.06, 0.06, 0.07, 0.07, 0.07, 0.07, 0.07, 0.08, 0.08, 0.08, 0.08, 0.09, 0.09, 0.09, 0.09, 0.1], "Frequency": [49.4, 49.39, 49.39, 49.39, 49.38, 49.38, 49.38, 49.39, 49.39, 49.39, 49.39, 49.39, 49.39, 49.39, 49.39, 49.39, 49.39, 49.39, 49.39, 49.38, 49.38, 49.38, 49.38, 49.38, 49.38, 49.36, 49.36, 49.36, 49.36, 49.36, 49.36, 49.35, 49.35, 49.35, 49.35, 49.35, 49.35, 49.35, 49.35, 49.35, 49.36, 49.36, 49.36, 49.37, 49.37], "Temp_env": []}