{"Start_Time": [1759304189.0576885], "Time": [1759304191.0606022, 1759304193.0629945, 1759304195.0660145, 1759304197.0681884, 1759304199.0708027, 1759304201.0732248, 1759304203.075834, 1759304205.0782511, 1759304207.0810862, 1759304209.084178, 1759304211.087117, 1759304213.090162, 1759304215.0929637, 1759304217.0952766, 1759304219.098203, 1759304221.100422, 1759304223.1031785, 1759304225.1060402, 1759304227.108431, 1759304229.1104834, 1759304231.113321, 1759304233.116332, 1759304235.118494, 1759304237.121305, 1759304239.1241672, 1759304241.1263309, 1759304243.1294048, 1759304245.132324, 1759304247.1353974, 1759304249.1383262, 1759304251.1408813, 1759304253.143183, 1759304255.1455245, 1759304257.1484823, 1759304259.1512396, 1759304261.1544356, 1759304263.1575754, 1759304265.16077, 1759304267.1636202, 1759304269.1665137, 1759304271.1696012, 1759304273.1725447, 1759304275.175571, 1759304277.17888, 1759304279.1813529], "Voltage": [229.03, 229.08, 228.98, 228.98, 228.98, 228.98, 229.08, 228.93, 228.93, 229.03, 228.87, 228.87, 228.93, 228.72, 229.03, 229.03, 229.03, 229.08, 229.97, 230.13, 230.03, 230.03, 230.08, 230.08, 230.18, 230.13, 229.97, 229.97, 229.87, 230.03, 229.97, 230.08, 229.92, 230.03, 229.92, 229.87, 229.76, 229.97, 229.82, 229.92, 228.82, 228.77, 228.35, 228.3, 228.3], "Current": [0.04, 0.04, 0.04, 0.04, 0.04, 0.04, 0.04, 0.04, 0.04, 0.04, 0.04, 0.04, 0.04, 0.04, 0.04, 0.04, 0.04, 0.04, 0.04, 0.04, 0.04, 0.04, 0.04, 0.04, 0.04, 0.04, 0.04, 0.04, 0.04, 0.04, 0.04, 0.04, 0.04, 0.04, 0.04, 0.04, 0.04, 0.04, 0.04, 0.04, 0.04, 0.04, 0.04, 0.04, 0.04], "Real_Power": [4.08, 3.9, 3.85, 4.03, 3.94, 4.01, 4.05, 3.96, 4.06, 3.94, 3.92, 4.08, 4.03, 3.99, 4.0, 3.86, 4.04, 3.95, 3.95, 4.0, 3.88, 3.98, 4.04, 3.94, 4.07, 4.02, 4.05, 4.0, 4.07, 3.93, 3.97, 4.04, 4.05, 4.01, 3.97, 3.96, 3.99, 3.96, 4.01, 4.01, 3.95, 3.94, 4.0, 3.93, 4.04], "Apparent_Power": [9.16, 9.16, 9.15, 9.15, 9.15, 9.15, 9.16, 9.15, 9.15, 9.16, 9.15, 9.15, 9.15, 9.14, 9.16, 9.16, 9.16, 9.16, 9.19, 9.2, 9.2, 9.2, 9.2, 9.2, 9.2, 9.2, 9.19, 9.19, 9.19, 9.2, 9.19, 9.2, 9.19, 9.2, 9.19, 9.19, 9.19, 9.19, 9.19, 9.19, 9.15, 9.15, 9.13, 9.13, 9.13], "Apparent_Power_Reactive": [8.2, 8.28, 8.3, 8.21, 8.25, 8.22, 8.21, 8.24, 8.19, 8.26, 8.26, 8.19, 8.21, 8.22, 8.24, 8.3, 8.22, 8.26, 8.29, 8.28, 8.34, 8.29, 8.26, 8.31, 8.25, 8.27, 8.24, 8.27, 8.23, 8.31, 8.28, 8.26, 8.24, 8.28, 8.28, 8.29, 8.27, 8.29, 8.26, 8.26, 8.25, 8.25, 8.2, 8.24, 8.18], "Power_Factor": [0.445, 0.425, 0.42, 0.44, 0.43, 0.438, 0.442, 0.432, 0.443, 0.43, 0.428, 0.445, 0.44, 0.436, 0.436, 0.421, 0.441, 0.431, 0.429, 0.434, 0.421, 0.432, 0.439, 0.428, 0.442, 0.436, 0.44, 0.435, 0.442, 0.427, 0.431, 0.439, 0.44, 0.435, 0.431, 0.43, 0.434, 0.43, 0.436, 0.436, 0.431, 0.43, 0.438, 0.43, 0.442], "Energy": [0.0, 0.0, 0.0, 0.0, 0.01, 0.01, 0.01, 0.01, 0.01, 0.02, 0.02, 0.02, 0.02, 0.03, 0.03, 0.03, 0.03, 0.04, 0.04, 0.04, 0.04, 0.04, 0.05, 0.05, 0.05, 0.05, 0.06, 0.06, 0.06, 0.06, 0.06, 0.07, 0.07, 0.07, 0.07, 0.08, 0.08, 0.08, 0.08, 0.08, 0.09, 0.09, 0.09, 0.09, 0.1], "Frequency": [49.4, 49.4, 49.4, 49.4, 49.4, 49.41, 49.41, 49.41, 49.41, 49.41, 49.41, 49.39, 49.39, 49.39, 49.39, 49.39, 49.39, 49.39, 49.39, 49.39, 49.4, 49.4, 49.4, 49.4, 49.4, 49.4, 49.41, 49.41, 49.41, 49.41, 49.41, 49.41, 49.43, 49.43, 49.43, 49.42, 49.42, 49.42, 49.41, 49.41, 49.41, 49.4, 49.4, 49.4, 49.4], "Temp_env": []}