{"Start_Time": [1759197076.51398], "Time": [1759197078.5168645, 1759197080.5189803, 1759197082.5211236, 1759197084.5238433, 1759197086.533811, 1759197088.5359492, 1759197090.5391915, 1759197092.549124, 1759197094.5518308, 1759197096.5542378, 1759197098.5568845, 1759197100.5594785, 1759197102.5622954, 1759197104.5651512, 1759197106.5671694, 1759197108.5699222, 1759197110.5800152, 1759197112.5829282, 1759197114.5853062, 1759197116.5953076, 1759197118.5983658, 1759197120.6014225, 1759197122.6042814, 1759197124.6065056, 1759197126.6090968, 1759197128.6115513, 1759197130.6143095, 1759197132.6174552, 1759197134.627394, 1759197136.6305199, 1759197138.633177, 1759197140.635563, 1759197142.6385143, 1759197144.6415951, 1759197146.6444397, 1759197148.6475406, 1759197150.6502225, 1759197152.6603305, 1759197154.66262, 1759197156.6655757, 1759197158.675298, 1759197160.6776955, 1759197162.680405, 1759197164.6829035, 1759197166.6853933], "Voltage": [231.18, 231.13, 231.23, 231.23, 231.07, 231.23, 231.07, 231.18, 231.07, 231.13, 231.07, 231.07, 231.13, 231.18, 230.97, 231.07, 231.13, 231.13, 231.02, 231.13, 231.07, 231.13, 231.07, 231.02, 230.97, 231.07, 231.02, 230.97, 231.07, 230.97, 231.07, 230.97, 231.07, 230.97, 230.97, 230.97, 231.13, 231.13, 231.13, 231.13, 231.23, 231.28, 231.23, 231.23, 231.34], "Current": [0.04, 0.04, 0.04, 0.04, 0.04, 0.04, 0.04, 0.04, 0.04, 0.04, 0.04, 0.04, 0.04, 0.04, 0.04, 0.04, 0.04, 0.04, 0.04, 0.04, 0.04, 0.04, 0.04, 0.04, 0.04, 0.04, 0.04, 0.04, 0.04, 0.04, 0.04, 0.04, 0.04, 0.04, 0.04, 0.04, 0.04, 0.04, 0.04, 0.04, 0.04, 0.04, 0.04, 0.04, 0.04], "Real_Power": [3.96, 3.84, 4.02, 3.92, 4.03, 3.87, 3.9, 3.89, 3.88, 3.77, 3.9, 3.96, 3.95, 3.88, 3.93, 4.01, 3.89, 3.92, 3.91, 3.85, 3.87, 3.91, 3.94, 3.87, 3.91, 3.95, 3.88, 4.0, 3.92, 3.97, 3.92, 3.91, 3.93, 3.89, 3.84, 3.89, 3.9, 4.04, 3.95, 3.97, 3.96, 3.82, 3.9, 3.97, 3.99], "Apparent_Power": [9.24, 9.24, 9.24, 9.24, 9.24, 9.24, 9.24, 9.24, 9.24, 9.24, 9.24, 9.24, 9.24, 9.24, 9.23, 9.24, 9.24, 9.24, 9.24, 9.24, 9.24, 9.24, 9.24, 9.24, 9.23, 9.24, 9.24, 9.23, 9.24, 9.23, 9.24, 9.23, 9.24, 9.23, 9.23, 9.23, 9.24, 9.24, 9.24, 9.24, 9.24, 9.25, 9.24, 9.24, 9.25], "Apparent_Power_Reactive": [8.34, 8.4, 8.31, 8.36, 8.31, 8.39, 8.37, 8.38, 8.38, 8.43, 8.37, 8.34, 8.35, 8.38, 8.35, 8.32, 8.38, 8.36, 8.37, 8.39, 8.39, 8.37, 8.35, 8.39, 8.36, 8.35, 8.38, 8.31, 8.36, 8.33, 8.36, 8.36, 8.36, 8.37, 8.39, 8.37, 8.37, 8.3, 8.35, 8.34, 8.34, 8.42, 8.37, 8.34, 8.34], "Power_Factor": [0.428, 0.415, 0.435, 0.424, 0.436, 0.418, 0.422, 0.42, 0.419, 0.408, 0.422, 0.428, 0.427, 0.419, 0.425, 0.433, 0.42, 0.424, 0.423, 0.416, 0.418, 0.423, 0.426, 0.418, 0.423, 0.427, 0.419, 0.433, 0.424, 0.43, 0.424, 0.423, 0.425, 0.421, 0.416, 0.421, 0.422, 0.437, 0.427, 0.429, 0.428, 0.412, 0.422, 0.429, 0.431], "Energy": [0.0, 0.0, 0.0, 0.0, 0.01, 0.01, 0.01, 0.01, 0.01, 0.02, 0.02, 0.02, 0.02, 0.03, 0.03, 0.03, 0.03, 0.03, 0.04, 0.04, 0.04, 0.04, 0.05, 0.05, 0.05, 0.05, 0.05, 0.06, 0.06, 0.06, 0.06, 0.07, 0.07, 0.07, 0.07, 0.07, 0.08, 0.08, 0.08, 0.08, 0.09, 0.09, 0.09, 0.09, 0.09], "Frequency": [49.39, 49.39, 49.39, 49.39, 49.39, 49.38, 49.38, 49.38, 49.38, 49.38, 49.38, 49.39, 49.39, 49.39, 49.39, 49.39, 49.39, 49.38, 49.38, 49.38, 49.38, 49.38, 49.38, 49.38, 49.38, 49.38, 49.37, 49.37, 49.37, 49.36, 49.36, 49.36, 49.39, 49.39, 49.39, 49.38, 49.38, 49.38, 49.37, 49.37, 49.37, 49.37, 49.37, 49.37, 49.37], "Temp_env": []}