{"Start_Time": [1759158887.5301023], "Time": [1759158889.5328233, 1759158891.535621, 1759158893.538419, 1759158895.540764, 1759158897.550477, 1759158899.5528069, 1759158901.5553417, 1759158903.5576532, 1759158905.5595436, 1759158907.5615914, 1759158909.5645351, 1759158911.5675726, 1759158913.570428, 1759158915.5727408, 1759158917.5746548, 1759158919.5773294, 1759158921.5876698, 1759158923.5905478, 1759158925.5929382, 1759158927.6028283, 1759158929.6055264, 1759158931.6075575, 1759158933.6096735, 1759158935.6125379, 1759158937.6156006, 1759158939.6186996, 1759158941.621386, 1759158943.6235387, 1759158945.6332796, 1759158947.6356316, 1759158949.6385388, 1759158951.641732, 1759158953.6442828, 1759158955.6465826, 1759158957.6492622, 1759158959.65154, 1759158961.6545951, 1759158963.6568313, 1759158965.6593401, 1759158967.6614876, 1759158969.670639, 1759158971.6735404, 1759158973.6765878, 1759158975.67923, 1759158977.6815674], "Voltage": [228.77, 228.56, 228.77, 228.87, 228.93, 228.61, 228.93, 228.93, 228.82, 228.93, 228.82, 228.77, 228.82, 228.98, 228.93, 228.77, 228.82, 228.77, 228.72, 228.66, 228.56, 228.61, 228.72, 228.51, 228.77, 228.66, 228.72, 228.77, 228.72, 228.56, 228.77, 228.66, 228.66, 228.87, 228.77, 228.77, 228.93, 228.93, 229.03, 229.08, 228.87, 228.87, 228.98, 229.03, 228.98], "Current": [0.04, 0.04, 0.04, 0.04, 0.04, 0.04, 0.04, 0.04, 0.04, 0.04, 0.04, 0.04, 0.04, 0.04, 0.04, 0.04, 0.04, 0.04, 0.04, 0.04, 0.04, 0.04, 0.04, 0.04, 0.04, 0.04, 0.04, 0.04, 0.04, 0.04, 0.04, 0.04, 0.04, 0.04, 0.04, 0.04, 0.04, 0.04, 0.04, 0.04, 0.04, 0.04, 0.04, 0.04, 0.04], "Real_Power": [3.95, 3.97, 3.91, 3.96, 4.05, 3.97, 4.03, 3.97, 4.01, 4.0, 4.02, 4.02, 4.01, 4.04, 4.01, 3.94, 3.96, 4.1, 3.93, 4.01, 4.01, 4.02, 4.09, 4.09, 3.97, 3.9, 4.09, 4.01, 4.0, 4.03, 3.96, 4.11, 4.06, 4.02, 3.99, 4.03, 4.0, 3.99, 3.97, 4.01, 4.08, 4.05, 4.1, 4.1, 4.04], "Apparent_Power": [9.15, 9.14, 9.15, 9.15, 9.15, 9.14, 9.15, 9.15, 9.15, 9.15, 9.15, 9.15, 9.15, 9.15, 9.15, 9.15, 9.15, 9.15, 9.14, 9.14, 9.14, 9.14, 9.14, 9.14, 9.15, 9.14, 9.14, 9.15, 9.14, 9.14, 9.15, 9.14, 9.14, 9.15, 9.15, 9.15, 9.15, 9.15, 9.16, 9.16, 9.15, 9.15, 9.15, 9.16, 9.15], "Apparent_Power_Reactive": [8.25, 8.23, 8.27, 8.24, 8.2, 8.23, 8.21, 8.24, 8.22, 8.22, 8.21, 8.21, 8.22, 8.2, 8.22, 8.25, 8.24, 8.18, 8.25, 8.21, 8.21, 8.2, 8.17, 8.17, 8.24, 8.26, 8.17, 8.22, 8.21, 8.2, 8.24, 8.16, 8.18, 8.21, 8.23, 8.21, 8.22, 8.23, 8.25, 8.23, 8.19, 8.2, 8.18, 8.19, 8.2], "Power_Factor": [0.431, 0.434, 0.427, 0.432, 0.442, 0.434, 0.44, 0.433, 0.438, 0.437, 0.439, 0.439, 0.438, 0.441, 0.438, 0.43, 0.432, 0.448, 0.429, 0.438, 0.438, 0.439, 0.447, 0.447, 0.433, 0.426, 0.447, 0.438, 0.437, 0.44, 0.432, 0.449, 0.444, 0.439, 0.436, 0.44, 0.437, 0.436, 0.433, 0.437, 0.445, 0.442, 0.448, 0.447, 0.441], "Energy": [0.0, 0.0, 0.0, 0.0, 0.01, 0.01, 0.01, 0.01, 0.02, 0.02, 0.02, 0.02, 0.02, 0.03, 0.03, 0.03, 0.03, 0.04, 0.04, 0.04, 0.04, 0.04, 0.05, 0.05, 0.05, 0.05, 0.06, 0.06, 0.06, 0.06, 0.06, 0.07, 0.07, 0.07, 0.07, 0.08, 0.08, 0.08, 0.08, 0.08, 0.09, 0.09, 0.09, 0.09, 0.1], "Frequency": [49.37, 49.37, 49.37, 49.37, 49.37, 49.37, 49.37, 49.37, 49.37, 49.37, 49.37, 49.37, 49.38, 49.38, 49.38, 49.37, 49.37, 49.37, 49.38, 49.38, 49.38, 49.39, 49.39, 49.39, 49.38, 49.38, 49.38, 49.37, 49.37, 49.37, 49.38, 49.38, 49.38, 49.39, 49.39, 49.39, 49.39, 49.39, 49.39, 49.4, 49.4, 49.4, 49.43, 49.43, 49.43], "Temp_env": []}