{"Start_Time": [1758682941.5536191], "Time": [1758682943.5562704, 1758682945.5592978, 1758682947.5621028, 1758682949.5649612, 1758682951.574054, 1758682953.5770376, 1758682955.5802586, 1758682957.5900834, 1758682959.5932155, 1758682961.5960755, 1758682963.6059873, 1758682965.6082382, 1758682967.6111066, 1758682969.613433, 1758682971.6164074, 1758682973.619292, 1758682975.6291788, 1758682977.6314223, 1758682979.6344442, 1758682981.637624, 1758682983.6402214, 1758682985.6433952, 1758682987.6462817, 1758682989.6496727, 1758682991.6522977, 1758682993.654421, 1758682995.6573942, 1758682997.66019, 1758682999.6701794, 1758683001.6725328, 1758683003.6755798, 1758683005.6854568, 1758683007.6877801, 1758683009.6904638, 1758683011.6935303, 1758683013.6963944, 1758683015.6987503, 1758683017.7014372, 1758683019.7037454, 1758683021.7064497, 1758683023.7165368, 1758683025.7186584, 1758683027.7214592, 1758683029.723811, 1758683031.7264984], "Voltage": [230.34, 230.29, 230.24, 230.18, 230.18, 230.29, 230.39, 230.39, 230.29, 230.29, 230.39, 230.24, 230.24, 230.34, 230.29, 230.34, 230.24, 230.24, 230.29, 230.34, 230.39, 230.34, 230.34, 230.13, 230.29, 230.24, 230.29, 230.34, 230.29, 230.39, 230.24, 230.24, 230.29, 230.34, 230.34, 230.29, 230.34, 230.29, 230.34, 230.13, 230.24, 230.13, 230.18, 230.03, 230.18], "Current": [0.03, 0.03, 0.03, 0.03, 0.04, 0.04, 0.04, 0.04, 0.03, 0.04, 0.03, 0.04, 0.04, 0.04, 0.04, 0.04, 0.03, 0.04, 0.04, 0.03, 0.04, 0.04, 0.04, 0.04, 0.04, 0.04, 0.04, 0.03, 0.04, 0.04, 0.03, 0.04, 0.03, 0.04, 0.04, 0.04, 0.04, 0.04, 0.04, 0.04, 0.04, 0.04, 0.03, 0.03, 0.04], "Real_Power": [3.86, 3.85, 3.8, 3.87, 3.97, 3.96, 3.84, 3.87, 3.94, 3.82, 3.85, 3.86, 3.89, 3.88, 4.03, 4.02, 3.86, 3.9, 3.96, 3.86, 4.03, 4.1, 3.98, 3.92, 3.9, 3.92, 3.86, 3.86, 3.86, 3.97, 3.77, 3.94, 3.78, 3.93, 3.89, 3.84, 4.0, 3.87, 3.93, 3.88, 3.95, 3.95, 3.88, 3.72, 3.86], "Apparent_Power": [6.91, 6.9, 6.9, 6.9, 9.2, 9.21, 9.21, 9.21, 6.9, 9.21, 6.91, 9.2, 9.2, 9.21, 9.21, 9.21, 6.9, 9.2, 9.21, 6.91, 9.21, 9.21, 9.21, 9.2, 9.21, 9.2, 9.21, 6.91, 9.21, 9.21, 6.9, 9.2, 6.9, 9.21, 9.21, 9.21, 9.21, 9.21, 9.21, 9.2, 9.2, 9.2, 6.9, 6.9, 9.2], "Apparent_Power_Reactive": [5.73, 5.72, 5.75, 5.71, 8.29, 8.31, 8.37, 8.35, 5.66, 8.38, 5.73, 8.35, 8.33, 8.35, 8.28, 8.28, 5.71, 8.33, 8.31, 5.73, 8.28, 8.24, 8.3, 8.32, 8.34, 8.32, 8.36, 5.73, 8.36, 8.31, 5.77, 8.31, 5.77, 8.32, 8.34, 8.37, 8.29, 8.35, 8.32, 8.34, 8.3, 8.3, 5.7, 5.81, 8.35], "Power_Factor": [0.558, 0.557, 0.55, 0.56, 0.431, 0.429, 0.416, 0.42, 0.571, 0.414, 0.557, 0.419, 0.422, 0.421, 0.437, 0.436, 0.559, 0.423, 0.429, 0.558, 0.437, 0.445, 0.432, 0.426, 0.423, 0.426, 0.419, 0.558, 0.419, 0.431, 0.546, 0.428, 0.547, 0.426, 0.422, 0.416, 0.434, 0.42, 0.426, 0.421, 0.429, 0.429, 0.562, 0.539, 0.419], "Energy": [0.0, 0.0, 0.0, 0.0, 0.01, 0.01, 0.01, 0.01, 0.01, 0.02, 0.02, 0.02, 0.02, 0.03, 0.03, 0.03, 0.03, 0.03, 0.04, 0.04, 0.04, 0.04, 0.05, 0.05, 0.05, 0.05, 0.05, 0.06, 0.06, 0.06, 0.06, 0.07, 0.07, 0.07, 0.07, 0.07, 0.08, 0.08, 0.08, 0.08, 0.08, 0.09, 0.09, 0.09, 0.09], "Frequency": [49.48, 49.48, 49.48, 49.48, 49.48, 49.48, 49.48, 49.48, 49.48, 49.48, 49.48, 49.48, 49.48, 49.48, 49.48, 49.48, 49.48, 49.5, 49.5, 49.5, 49.51, 49.51, 49.51, 49.48, 49.48, 49.48, 49.47, 49.47, 49.47, 49.45, 49.45, 49.45, 49.43, 49.43, 49.43, 49.44, 49.44, 49.44, 49.44, 49.44, 49.44, 49.44, 49.44, 49.44, 49.44], "Temp_env": []}