{"Start_Time": [1758663336.9581187], "Time": [1758663338.9615514, 1758663340.9644058, 1758663342.9671772, 1758663344.970202, 1758663346.9732304, 1758663348.975866, 1758663350.978184, 1758663352.9813597, 1758663354.9841821, 1758663356.9872305, 1758663358.9901085, 1758663360.9928668, 1758663362.9959183, 1758663364.9982364, 1758663367.0013185, 1758663369.0043325, 1758663371.0071683, 1758663373.009841, 1758663375.012233, 1758663377.0149212, 1758663379.0172389, 1758663381.0201602, 1758663383.0231795, 1758663385.0258825, 1758663387.0289278, 1758663389.0314157, 1758663391.034293, 1758663393.0370896, 1758663395.0391884, 1758663397.04183, 1758663399.044869, 1758663401.0471861, 1758663403.0502434, 1758663405.0531137, 1758663407.0551624, 1758663409.0578423, 1758663411.0611136, 1758663413.063811, 1758663415.0661538, 1758663417.068873, 1758663419.0712857, 1758663421.0737991, 1758663423.0761566, 1758663425.0788703, 1758663427.0812745], "Voltage": [232.44, 232.44, 232.54, 232.59, 232.59, 232.59, 232.8, 232.86, 232.91, 232.8, 232.91, 232.86, 232.75, 232.7, 232.8, 232.65, 232.65, 232.7, 232.7, 232.65, 232.54, 232.7, 232.65, 232.54, 232.59, 232.44, 232.59, 232.75, 232.59, 232.65, 232.7, 232.91, 232.75, 232.7, 232.54, 232.59, 232.59, 232.49, 232.44, 232.49, 232.54, 232.7, 232.54, 232.7, 232.75], "Current": [0.04, 0.04, 0.04, 0.03, 0.04, 0.04, 0.04, 0.04, 0.03, 0.03, 0.04, 0.03, 0.04, 0.04, 0.04, 0.04, 0.04, 0.04, 0.04, 0.04, 0.04, 0.04, 0.04, 0.04, 0.04, 0.04, 0.04, 0.04, 0.04, 0.04, 0.04, 0.04, 0.04, 0.04, 0.04, 0.04, 0.04, 0.04, 0.04, 0.04, 0.04, 0.04, 0.04, 0.04, 0.04], "Real_Power": [3.84, 4.03, 3.99, 3.82, 3.85, 3.87, 3.81, 4.02, 3.82, 3.85, 3.91, 3.86, 3.9, 3.87, 4.07, 3.9, 4.02, 3.8, 3.95, 4.0, 3.94, 3.93, 3.98, 3.96, 3.89, 3.87, 4.0, 3.89, 3.86, 3.85, 3.96, 3.94, 4.05, 3.93, 3.78, 3.86, 4.0, 3.98, 3.82, 3.93, 3.93, 3.95, 3.87, 3.88, 3.99], "Apparent_Power": [9.29, 9.29, 9.3, 6.97, 9.3, 9.3, 9.31, 9.31, 6.98, 6.98, 9.31, 6.98, 9.31, 9.3, 9.31, 9.3, 9.3, 9.3, 9.3, 9.3, 9.3, 9.3, 9.3, 9.3, 9.3, 9.29, 9.3, 9.31, 9.3, 9.3, 9.3, 9.31, 9.31, 9.3, 9.3, 9.3, 9.3, 9.29, 9.29, 9.29, 9.3, 9.3, 9.3, 9.3, 9.31], "Apparent_Power_Reactive": [8.45, 8.37, 8.4, 5.82, 8.46, 8.45, 8.49, 8.39, 5.84, 5.82, 8.44, 5.81, 8.45, 8.45, 8.37, 8.44, 8.38, 8.48, 8.41, 8.39, 8.42, 8.42, 8.4, 8.41, 8.44, 8.44, 8.39, 8.45, 8.46, 8.46, 8.41, 8.43, 8.38, 8.42, 8.49, 8.46, 8.39, 8.39, 8.46, 8.41, 8.42, 8.41, 8.45, 8.45, 8.41], "Power_Factor": [0.413, 0.433, 0.429, 0.548, 0.413, 0.416, 0.409, 0.431, 0.547, 0.551, 0.419, 0.553, 0.418, 0.416, 0.437, 0.419, 0.432, 0.408, 0.424, 0.43, 0.423, 0.422, 0.427, 0.425, 0.418, 0.416, 0.43, 0.417, 0.415, 0.413, 0.425, 0.423, 0.435, 0.422, 0.406, 0.415, 0.43, 0.428, 0.411, 0.423, 0.422, 0.424, 0.416, 0.417, 0.428], "Energy": [0.0, 0.0, 0.0, 0.0, 0.01, 0.01, 0.01, 0.01, 0.01, 0.02, 0.02, 0.02, 0.02, 0.03, 0.03, 0.03, 0.03, 0.03, 0.04, 0.04, 0.04, 0.04, 0.05, 0.05, 0.05, 0.05, 0.05, 0.06, 0.06, 0.06, 0.06, 0.07, 0.07, 0.07, 0.07, 0.07, 0.08, 0.08, 0.08, 0.08, 0.08, 0.09, 0.09, 0.09, 0.09], "Frequency": [49.39, 49.39, 49.39, 49.39, 49.39, 49.39, 49.4, 49.4, 49.4, 49.4, 49.4, 49.4, 49.41, 49.41, 49.41, 49.4, 49.4, 49.4, 49.43, 49.43, 49.43, 49.43, 49.43, 49.43, 49.43, 49.43, 49.43, 49.45, 49.45, 49.45, 49.4, 49.4, 49.4, 49.42, 49.42, 49.42, 49.41, 49.41, 49.41, 49.42, 49.42, 49.42, 49.4, 49.4, 49.4], "Temp_env": []}