{"Start_Time": [1759100666.090056], "Time": [1759100668.0923722, 1759100670.0953705, 1759100672.0982163, 1759100674.1014702, 1759100676.1043406, 1759100678.1070302, 1759100680.1096523, 1759100682.1122522, 1759100684.115362, 1759100686.1183982, 1759100688.1214774, 1759100690.124297, 1759100692.1272192, 1759100694.1301455, 1759100696.1335447, 1759100698.136523, 1759100700.1393876, 1759100702.1424417, 1759100704.1455863, 1759100706.1484482, 1759100708.1517367, 1759100710.1545389, 1759100712.1574001, 1759100714.1605551, 1759100716.1625812, 1759100718.1654527, 1759100720.167779, 1759100722.1704812, 1759100724.1727242, 1759100726.1756585, 1759100728.1785707, 1759100730.1820707, 1759100732.1849375, 1759100734.1874957, 1759100736.189843, 1759100738.1925576, 1759100740.1953673, 1759100742.1982462, 1759100744.201123, 1759100746.2041342, 1759100748.2067482, 1759100750.2090652, 1759100752.2119195, 1759100754.214777, 1759100756.2171295], "Voltage": [231.39, 231.49, 231.39, 231.28, 231.44, 231.39, 231.34, 231.34, 231.49, 231.28, 231.28, 231.39, 231.34, 231.28, 231.44, 231.49, 231.39, 231.34, 231.44, 231.49, 231.49, 231.39, 231.6, 231.49, 231.55, 232.49, 232.54, 232.54, 232.54, 232.54, 232.49, 232.59, 232.7, 232.65, 232.65, 232.7, 232.59, 232.7, 232.59, 232.49, 232.54, 232.49, 232.59, 232.65, 232.75], "Current": [0.04, 0.04, 0.04, 0.04, 0.04, 0.04, 0.04, 0.03, 0.04, 0.04, 0.04, 0.04, 0.04, 0.04, 0.04, 0.04, 0.04, 0.04, 0.04, 0.04, 0.04, 0.04, 0.04, 0.04, 0.04, 0.04, 0.03, 0.04, 0.04, 0.04, 0.04, 0.04, 0.04, 0.03, 0.03, 0.03, 0.03, 0.04, 0.03, 0.03, 0.04, 0.03, 0.04, 0.03, 0.04], "Real_Power": [3.89, 3.85, 4.0, 3.88, 3.9, 3.93, 3.88, 3.96, 3.9, 3.92, 3.92, 3.87, 3.93, 3.85, 3.82, 3.98, 3.89, 3.9, 3.95, 3.83, 3.86, 3.85, 3.89, 3.95, 3.83, 3.93, 3.92, 3.99, 3.83, 3.93, 4.0, 4.0, 4.0, 3.88, 3.96, 3.89, 3.94, 3.97, 3.77, 3.94, 3.91, 3.75, 4.04, 3.88, 3.96], "Apparent_Power": [9.25, 9.25, 9.25, 9.25, 9.25, 9.25, 9.25, 6.94, 9.25, 9.25, 9.25, 9.25, 9.25, 9.25, 9.25, 9.25, 9.25, 9.25, 9.25, 9.25, 9.25, 9.25, 9.26, 9.25, 9.26, 9.29, 6.97, 9.3, 9.3, 9.3, 9.29, 9.3, 9.3, 6.97, 6.97, 6.98, 6.97, 9.3, 6.97, 6.97, 9.3, 6.97, 9.3, 6.97, 9.31], "Apparent_Power_Reactive": [8.39, 8.41, 8.34, 8.39, 8.38, 8.37, 8.39, 5.69, 8.38, 8.37, 8.37, 8.4, 8.37, 8.41, 8.42, 8.34, 8.39, 8.38, 8.36, 8.41, 8.4, 8.41, 8.4, 8.36, 8.43, 8.41, 5.76, 8.4, 8.47, 8.42, 8.38, 8.39, 8.39, 5.79, 5.73, 5.79, 5.74, 8.41, 5.86, 5.74, 8.43, 5.87, 8.37, 5.79, 8.42], "Power_Factor": [0.42, 0.416, 0.432, 0.419, 0.421, 0.424, 0.419, 0.57, 0.421, 0.423, 0.423, 0.418, 0.424, 0.416, 0.412, 0.43, 0.42, 0.421, 0.427, 0.414, 0.417, 0.416, 0.42, 0.427, 0.413, 0.423, 0.562, 0.429, 0.411, 0.422, 0.43, 0.43, 0.43, 0.556, 0.568, 0.557, 0.565, 0.426, 0.54, 0.565, 0.42, 0.538, 0.434, 0.556, 0.425], "Energy": [0.0, 0.0, 0.0, 0.0, 0.01, 0.01, 0.01, 0.01, 0.01, 0.02, 0.02, 0.02, 0.02, 0.03, 0.03, 0.03, 0.03, 0.03, 0.04, 0.04, 0.04, 0.04, 0.05, 0.05, 0.05, 0.05, 0.05, 0.06, 0.06, 0.06, 0.06, 0.07, 0.07, 0.07, 0.07, 0.07, 0.08, 0.08, 0.08, 0.08, 0.08, 0.09, 0.09, 0.09, 0.09], "Frequency": [49.38, 49.38, 49.38, 49.37, 49.37, 49.37, 49.36, 49.36, 49.36, 49.35, 49.35, 49.35, 49.35, 49.35, 49.35, 49.36, 49.36, 49.36, 49.35, 49.35, 49.35, 49.37, 49.37, 49.37, 49.38, 49.38, 49.38, 49.37, 49.37, 49.37, 49.38, 49.38, 49.38, 49.39, 49.39, 49.39, 49.38, 49.38, 49.38, 49.39, 49.39, 49.39, 49.37, 49.37, 49.37], "Temp_env": []}