{"Start_Time": [1758722253.770193], "Time": [1758722255.7726974, 1758722257.7756011, 1758722259.7786431, 1758722261.780945, 1758722263.7836897, 1758722265.7862651, 1758722267.789178, 1758722269.7918904, 1758722271.7947717, 1758722273.7972367, 1758722275.799806, 1758722277.802123, 1758722279.804848, 1758722281.807246, 1758722283.809935, 1758722285.8129067, 1758722287.8152258, 1758722289.8173585, 1758722291.8202467, 1758722293.823237, 1758722295.8262339, 1758722297.8290288, 1758722299.8313472, 1758722301.8340783, 1758722303.8363905, 1758722305.8393354, 1758722307.84239, 1758722309.8452594, 1758722311.8480468, 1758722313.8503935, 1758722315.8534954, 1758722317.8564641, 1758722319.8593745, 1758722321.861478, 1758722323.864432, 1758722325.8677812, 1758722327.8704188, 1758722329.873481, 1758722331.8765945, 1758722333.8795094, 1758722335.8826501, 1758722337.8853266, 1758722339.8877795, 1758722341.8903213, 1758722343.892655], "Voltage": [229.92, 229.66, 229.87, 229.76, 229.66, 229.82, 229.66, 229.71, 229.71, 229.82, 229.61, 229.71, 229.66, 229.66, 229.55, 229.82, 229.82, 229.71, 229.97, 229.71, 229.97, 229.76, 229.82, 229.82, 229.97, 229.97, 229.87, 229.82, 229.82, 229.76, 229.87, 229.76, 229.76, 229.71, 229.61, 229.5, 229.66, 229.35, 229.66, 230.81, 230.81, 230.92, 230.92, 230.76, 230.76], "Current": [0.04, 0.04, 0.04, 0.04, 0.04, 0.04, 0.04, 0.04, 0.04, 0.04, 0.04, 0.04, 0.04, 0.04, 0.04, 0.04, 0.04, 0.04, 0.04, 0.04, 0.04, 0.04, 0.04, 0.04, 0.04, 0.04, 0.04, 0.04, 0.04, 0.04, 0.04, 0.04, 0.04, 0.04, 0.04, 0.04, 0.04, 0.04, 0.04, 0.04, 0.04, 0.04, 0.04, 0.04, 0.04], "Real_Power": [3.95, 3.94, 3.88, 3.92, 4.02, 3.98, 4.06, 3.96, 4.01, 3.95, 3.93, 4.01, 4.06, 4.01, 3.96, 4.02, 3.94, 3.93, 4.07, 3.96, 3.9, 4.04, 3.93, 4.02, 3.96, 4.12, 3.95, 4.0, 3.97, 3.97, 3.94, 3.96, 3.95, 3.99, 3.92, 4.03, 4.04, 3.98, 4.07, 4.01, 3.96, 4.08, 4.07, 4.0, 4.05], "Apparent_Power": [9.19, 9.18, 9.19, 9.19, 9.18, 9.19, 9.18, 9.18, 9.18, 9.19, 9.18, 9.18, 9.18, 9.18, 9.18, 9.19, 9.19, 9.18, 9.19, 9.18, 9.19, 9.19, 9.19, 9.19, 9.19, 9.19, 9.19, 9.19, 9.19, 9.19, 9.19, 9.19, 9.19, 9.18, 9.18, 9.18, 9.18, 9.17, 9.18, 9.23, 9.23, 9.23, 9.23, 9.23, 9.23], "Apparent_Power_Reactive": [8.29, 8.29, 8.33, 8.31, 8.25, 8.28, 8.23, 8.28, 8.25, 8.29, 8.29, 8.25, 8.23, 8.25, 8.28, 8.26, 8.3, 8.29, 8.23, 8.28, 8.32, 8.25, 8.3, 8.26, 8.29, 8.21, 8.29, 8.27, 8.28, 8.28, 8.3, 8.29, 8.29, 8.26, 8.3, 8.24, 8.24, 8.26, 8.22, 8.31, 8.33, 8.27, 8.28, 8.31, 8.29], "Power_Factor": [0.429, 0.429, 0.422, 0.426, 0.437, 0.433, 0.442, 0.431, 0.436, 0.429, 0.428, 0.436, 0.442, 0.436, 0.431, 0.437, 0.428, 0.428, 0.442, 0.431, 0.424, 0.439, 0.427, 0.437, 0.43, 0.448, 0.429, 0.435, 0.431, 0.431, 0.428, 0.43, 0.429, 0.434, 0.427, 0.438, 0.44, 0.434, 0.443, 0.434, 0.429, 0.442, 0.44, 0.433, 0.438], "Energy": [0.0, 0.0, 0.0, 0.0, 0.01, 0.01, 0.01, 0.01, 0.02, 0.02, 0.02, 0.02, 0.02, 0.03, 0.03, 0.03, 0.03, 0.04, 0.04, 0.04, 0.04, 0.04, 0.05, 0.05, 0.05, 0.05, 0.06, 0.06, 0.06, 0.06, 0.06, 0.07, 0.07, 0.07, 0.07, 0.08, 0.08, 0.08, 0.08, 0.08, 0.09, 0.09, 0.09, 0.09, 0.1], "Frequency": [49.41, 49.41, 49.41, 49.42, 49.42, 49.42, 49.41, 49.41, 49.41, 49.4, 49.4, 49.4, 49.39, 49.39, 49.39, 49.4, 49.4, 49.4, 49.4, 49.4, 49.4, 49.39, 49.39, 49.39, 49.41, 49.41, 49.41, 49.42, 49.42, 49.42, 49.42, 49.42, 49.42, 49.42, 49.42, 49.42, 49.43, 49.43, 49.43, 49.43, 49.43, 49.43, 49.43, 49.43, 49.43], "Temp_env": []}