{"Start_Time": [1758671402.202041], "Time": [1758671404.2047906, 1758671406.2073498, 1758671408.2098014, 1758671410.212542, 1758671412.2147963, 1758671414.2175257, 1758671416.2202597, 1758671418.2230244, 1758671420.2257698, 1758671422.2284229, 1758671424.2316785, 1758671426.2345443, 1758671428.236853, 1758671430.240066, 1758671432.242816, 1758671434.2455447, 1758671436.24787, 1758671438.2505395, 1758671440.2528923, 1758671442.2560656, 1758671444.2589252, 1758671446.2617776, 1758671448.2646203, 1758671450.2677088, 1758671452.2706163, 1758671454.2740676, 1758671456.2769806, 1758671458.2799082, 1758671460.2826421, 1758671462.285739, 1758671464.288823, 1758671466.291642, 1758671468.2949896, 1758671470.297837, 1758671472.3007846, 1758671474.3035111, 1758671476.306756, 1758671478.3167262, 1758671480.3190956, 1758671482.3220313, 1758671484.3247094, 1758671486.327835, 1758671488.3303306, 1758671490.3332982, 1758671492.3364267], "Voltage": [229.82, 229.71, 229.71, 229.55, 229.76, 229.76, 229.71, 229.76, 229.71, 229.71, 229.71, 229.71, 229.76, 229.76, 229.76, 229.82, 229.82, 229.76, 229.71, 229.76, 229.82, 229.76, 229.66, 229.71, 229.82, 229.76, 229.87, 229.92, 229.87, 229.76, 229.92, 230.03, 229.87, 229.76, 229.87, 229.76, 229.87, 229.82, 229.76, 229.82, 229.87, 229.71, 229.76, 229.87, 229.87], "Current": [0.04, 0.04, 0.03, 0.04, 0.04, 0.04, 0.04, 0.04, 0.04, 0.04, 0.04, 0.03, 0.04, 0.04, 0.04, 0.04, 0.04, 0.04, 0.04, 0.04, 0.04, 0.04, 0.04, 0.04, 0.04, 0.04, 0.04, 0.04, 0.04, 0.04, 0.04, 0.04, 0.04, 0.04, 0.04, 0.04, 0.04, 0.03, 0.04, 0.04, 0.04, 0.04, 0.04, 0.04, 0.04], "Real_Power": [3.9, 3.88, 3.81, 3.83, 3.94, 3.93, 3.85, 3.91, 3.81, 3.92, 4.01, 3.83, 3.93, 3.93, 3.91, 3.89, 3.83, 3.81, 3.93, 3.93, 3.98, 3.92, 3.91, 3.9, 3.89, 3.9, 3.9, 3.94, 3.86, 3.93, 3.87, 3.95, 3.91, 3.91, 3.84, 3.95, 3.94, 3.81, 3.85, 4.02, 3.87, 3.96, 3.83, 3.97, 3.88], "Apparent_Power": [9.19, 9.18, 6.89, 9.18, 9.19, 9.19, 9.18, 9.19, 9.18, 9.18, 9.18, 6.89, 9.19, 9.19, 9.19, 9.19, 9.19, 9.19, 9.18, 9.19, 9.19, 9.19, 9.18, 9.18, 9.19, 9.19, 9.19, 9.19, 9.19, 9.19, 9.19, 9.2, 9.19, 9.19, 9.19, 9.19, 9.19, 6.89, 9.19, 9.19, 9.19, 9.18, 9.19, 9.19, 9.19], "Apparent_Power_Reactive": [8.32, 8.31, 5.74, 8.34, 8.3, 8.3, 8.33, 8.31, 8.35, 8.3, 8.25, 5.72, 8.3, 8.3, 8.31, 8.32, 8.35, 8.36, 8.29, 8.3, 8.28, 8.31, 8.3, 8.31, 8.32, 8.32, 8.32, 8.3, 8.34, 8.3, 8.33, 8.3, 8.31, 8.31, 8.34, 8.29, 8.3, 5.74, 8.34, 8.26, 8.33, 8.28, 8.35, 8.28, 8.33], "Power_Factor": [0.424, 0.422, 0.552, 0.417, 0.428, 0.427, 0.419, 0.425, 0.415, 0.427, 0.436, 0.555, 0.427, 0.427, 0.425, 0.423, 0.416, 0.414, 0.428, 0.427, 0.433, 0.426, 0.425, 0.424, 0.423, 0.424, 0.424, 0.428, 0.42, 0.427, 0.421, 0.429, 0.425, 0.425, 0.417, 0.429, 0.428, 0.552, 0.418, 0.437, 0.421, 0.431, 0.416, 0.431, 0.422], "Energy": [0.0, 0.0, 0.0, 0.0, 0.01, 0.01, 0.01, 0.01, 0.01, 0.02, 0.02, 0.02, 0.02, 0.03, 0.03, 0.03, 0.03, 0.03, 0.04, 0.04, 0.04, 0.04, 0.05, 0.05, 0.05, 0.05, 0.05, 0.06, 0.06, 0.06, 0.06, 0.07, 0.07, 0.07, 0.07, 0.07, 0.08, 0.08, 0.08, 0.08, 0.08, 0.09, 0.09, 0.09, 0.09], "Frequency": [49.44, 49.44, 49.44, 49.43, 49.43, 49.43, 49.42, 49.42, 49.42, 49.41, 49.41, 49.41, 49.43, 49.43, 49.43, 49.42, 49.42, 49.42, 49.42, 49.42, 49.42, 49.43, 49.43, 49.43, 49.42, 49.42, 49.42, 49.39, 49.39, 49.39, 49.39, 49.39, 49.39, 49.4, 49.4, 49.4, 49.4, 49.4, 49.4, 49.39, 49.39, 49.39, 49.4, 49.4, 49.4], "Temp_env": []}