{"Start_Time": [1759215661.5494528], "Time": [1759215663.5514176, 1759215665.554316, 1759215667.5573835, 1759215669.5602796, 1759215671.5625582, 1759215673.5652528, 1759215675.567418, 1759215677.5704663, 1759215679.573515, 1759215681.57658, 1759215683.5792708, 1759215685.5815845, 1759215687.5837214, 1759215689.5863583, 1759215691.5963082, 1759215693.599033, 1759215695.6018872, 1759215697.611746, 1759215699.6140652, 1759215701.6164787, 1759215703.6188183, 1759215705.6215458, 1759215707.6242366, 1759215709.6271417, 1759215711.629761, 1759215713.6326578, 1759215715.6426268, 1759215717.6456149, 1759215719.6482363, 1759215721.650705, 1759215723.6540449, 1759215725.6566854, 1759215727.6590421, 1759215729.661751, 1759215731.664159, 1759215733.6666791, 1759215735.66898, 1759215737.6710446, 1759215739.6808283, 1759215741.683615, 1759215743.6864731, 1759215745.68933, 1759215747.6921747, 1759215749.6942933, 1759215751.6970258], "Voltage": [227.56, 227.56, 227.51, 227.51, 227.56, 227.51, 227.93, 227.88, 227.98, 227.93, 227.88, 228.04, 227.98, 227.98, 227.98, 227.88, 227.93, 227.93, 227.93, 227.88, 227.83, 227.93, 228.04, 227.93, 228.04, 227.98, 227.98, 227.98, 228.04, 227.98, 227.98, 227.98, 227.93, 227.93, 227.98, 227.93, 227.98, 227.93, 228.09, 228.09, 228.09, 228.04, 228.04, 228.09, 228.04], "Current": [0.04, 0.04, 0.04, 0.04, 0.04, 0.04, 0.04, 0.04, 0.04, 0.04, 0.04, 0.04, 0.04, 0.04, 0.04, 0.04, 0.04, 0.04, 0.04, 0.04, 0.04, 0.04, 0.04, 0.04, 0.04, 0.04, 0.04, 0.04, 0.04, 0.04, 0.04, 0.04, 0.04, 0.04, 0.04, 0.04, 0.04, 0.04, 0.04, 0.04, 0.04, 0.04, 0.04, 0.04, 0.04], "Real_Power": [4.0, 4.09, 4.02, 4.01, 4.03, 3.87, 3.93, 4.0, 4.1, 3.96, 3.9, 4.05, 4.0, 4.01, 4.07, 4.01, 4.03, 4.09, 3.96, 4.0, 3.93, 4.07, 3.95, 4.0, 4.03, 4.06, 3.9, 4.02, 4.1, 4.03, 4.02, 3.98, 4.09, 4.11, 4.07, 4.02, 4.07, 4.07, 4.01, 4.13, 3.87, 4.09, 4.01, 4.04, 4.03], "Apparent_Power": [9.1, 9.1, 9.1, 9.1, 9.1, 9.1, 9.11, 9.11, 9.11, 9.11, 9.11, 9.12, 9.11, 9.11, 9.11, 9.11, 9.11, 9.11, 9.11, 9.11, 9.11, 9.11, 9.12, 9.11, 9.12, 9.11, 9.11, 9.11, 9.12, 9.11, 9.11, 9.11, 9.11, 9.11, 9.11, 9.11, 9.11, 9.11, 9.12, 9.12, 9.12, 9.12, 9.12, 9.12, 9.12], "Apparent_Power_Reactive": [8.17, 8.12, 8.16, 8.16, 8.15, 8.23, 8.21, 8.18, 8.13, 8.2, 8.23, 8.17, 8.18, 8.17, 8.15, 8.17, 8.17, 8.14, 8.2, 8.18, 8.21, 8.15, 8.22, 8.18, 8.18, 8.15, 8.23, 8.17, 8.14, 8.17, 8.17, 8.19, 8.14, 8.13, 8.15, 8.17, 8.15, 8.15, 8.19, 8.13, 8.25, 8.15, 8.19, 8.17, 8.18], "Power_Factor": [0.439, 0.449, 0.441, 0.44, 0.442, 0.425, 0.431, 0.439, 0.45, 0.434, 0.428, 0.444, 0.439, 0.44, 0.446, 0.44, 0.442, 0.448, 0.434, 0.439, 0.431, 0.446, 0.433, 0.439, 0.441, 0.445, 0.428, 0.441, 0.449, 0.442, 0.441, 0.436, 0.448, 0.451, 0.446, 0.441, 0.446, 0.446, 0.439, 0.452, 0.424, 0.448, 0.439, 0.442, 0.441], "Energy": [0.0, 0.0, 0.0, 0.0, 0.01, 0.01, 0.01, 0.01, 0.02, 0.02, 0.02, 0.02, 0.02, 0.03, 0.03, 0.03, 0.03, 0.04, 0.04, 0.04, 0.04, 0.04, 0.05, 0.05, 0.05, 0.05, 0.06, 0.06, 0.06, 0.06, 0.06, 0.07, 0.07, 0.07, 0.07, 0.08, 0.08, 0.08, 0.08, 0.08, 0.09, 0.09, 0.09, 0.09, 0.1], "Frequency": [49.36, 49.37, 49.37, 49.37, 49.36, 49.36, 49.36, 49.38, 49.38, 49.38, 49.38, 49.38, 49.38, 49.37, 49.37, 49.37, 49.39, 49.39, 49.39, 49.38, 49.38, 49.38, 49.36, 49.36, 49.36, 49.37, 49.37, 49.37, 49.36, 49.36, 49.36, 49.35, 49.35, 49.35, 49.36, 49.36, 49.36, 49.35, 49.35, 49.35, 49.37, 49.37, 49.37, 49.38, 49.38], "Temp_env": []}