{"Start_Time": [1759179413.0289624], "Time": [1759179415.031576, 1759179417.0346475, 1759179419.0375576, 1759179421.0401201, 1759179423.042933, 1759179425.0459216, 1759179427.048835, 1759179429.050794, 1759179431.0536397, 1759179433.0560074, 1759179435.0590909, 1759179437.0619466, 1759179439.0647442, 1759179441.0670922, 1759179443.0691724, 1759179445.071161, 1759179447.0741696, 1759179449.0770547, 1759179451.079311, 1759179453.081845, 1759179455.084792, 1759179457.086985, 1759179459.0892417, 1759179461.0919502, 1759179463.0941215, 1759179465.0971026, 1759179467.0992742, 1759179469.1019983, 1759179471.104317, 1759179473.1072886, 1759179475.1102016, 1759179477.113009, 1759179479.115367, 1759179481.1180544, 1759179483.1203005, 1759179485.1233804, 1759179487.1263847, 1759179489.1292315, 1759179491.1313286, 1759179493.134047, 1759179495.1363301, 1759179497.1393318, 1759179499.1424928, 1759179501.1452267, 1759179503.147478], "Voltage": [230.76, 230.76, 230.92, 230.92, 230.81, 230.81, 230.86, 230.81, 230.92, 230.76, 230.92, 230.86, 230.86, 230.81, 230.97, 230.92, 230.71, 230.81, 230.92, 230.92, 230.92, 230.86, 230.86, 230.92, 230.86, 230.86, 230.86, 230.92, 230.86, 230.92, 230.81, 230.86, 230.81, 230.92, 230.81, 230.86, 230.66, 230.81, 230.76, 230.81, 230.92, 230.71, 230.71, 230.71, 230.66], "Current": [0.04, 0.04, 0.04, 0.04, 0.04, 0.04, 0.04, 0.04, 0.04, 0.04, 0.04, 0.04, 0.04, 0.04, 0.04, 0.04, 0.04, 0.04, 0.04, 0.04, 0.04, 0.04, 0.04, 0.04, 0.04, 0.04, 0.04, 0.04, 0.04, 0.04, 0.04, 0.04, 0.04, 0.04, 0.04, 0.04, 0.04, 0.04, 0.04, 0.04, 0.04, 0.04, 0.04, 0.04, 0.04], "Real_Power": [3.93, 3.88, 3.87, 4.01, 3.97, 3.85, 3.94, 3.94, 3.87, 3.88, 4.02, 3.99, 3.89, 3.92, 3.92, 4.03, 3.91, 4.01, 3.81, 3.9, 3.93, 3.87, 3.91, 3.96, 3.99, 3.9, 4.0, 3.98, 3.91, 3.89, 3.89, 3.89, 4.0, 3.89, 3.94, 3.97, 3.96, 3.9, 3.9, 3.86, 3.87, 3.97, 3.87, 3.95, 3.91], "Apparent_Power": [9.23, 9.23, 9.23, 9.23, 9.23, 9.23, 9.23, 9.23, 9.23, 9.23, 9.23, 9.23, 9.23, 9.23, 9.23, 9.23, 9.22, 9.23, 9.23, 9.23, 9.23, 9.23, 9.23, 9.23, 9.23, 9.23, 9.23, 9.23, 9.23, 9.23, 9.23, 9.23, 9.23, 9.23, 9.23, 9.23, 9.22, 9.23, 9.23, 9.23, 9.23, 9.22, 9.22, 9.22, 9.22], "Apparent_Power_Reactive": [8.35, 8.37, 8.37, 8.31, 8.33, 8.38, 8.34, 8.34, 8.37, 8.37, 8.3, 8.32, 8.37, 8.35, 8.35, 8.3, 8.34, 8.31, 8.4, 8.36, 8.35, 8.37, 8.36, 8.33, 8.32, 8.36, 8.31, 8.32, 8.36, 8.37, 8.37, 8.37, 8.31, 8.37, 8.34, 8.33, 8.32, 8.36, 8.36, 8.38, 8.37, 8.32, 8.36, 8.33, 8.34], "Power_Factor": [0.425, 0.42, 0.419, 0.434, 0.43, 0.417, 0.426, 0.426, 0.419, 0.42, 0.435, 0.432, 0.421, 0.424, 0.424, 0.436, 0.424, 0.434, 0.412, 0.422, 0.425, 0.419, 0.423, 0.429, 0.432, 0.422, 0.433, 0.431, 0.423, 0.421, 0.421, 0.421, 0.433, 0.421, 0.426, 0.43, 0.429, 0.422, 0.422, 0.418, 0.419, 0.43, 0.419, 0.428, 0.424], "Energy": [0.0, 0.0, 0.0, 0.0, 0.01, 0.01, 0.01, 0.01, 0.01, 0.02, 0.02, 0.02, 0.02, 0.03, 0.03, 0.03, 0.03, 0.03, 0.04, 0.04, 0.04, 0.04, 0.05, 0.05, 0.05, 0.05, 0.05, 0.06, 0.06, 0.06, 0.06, 0.07, 0.07, 0.07, 0.07, 0.07, 0.08, 0.08, 0.08, 0.08, 0.09, 0.09, 0.09, 0.09, 0.09], "Frequency": [49.4, 49.41, 49.41, 49.41, 49.4, 49.4, 49.4, 49.42, 49.42, 49.42, 49.4, 49.4, 49.4, 49.41, 49.41, 49.41, 49.39, 49.39, 49.39, 49.4, 49.4, 49.4, 49.41, 49.41, 49.41, 49.42, 49.42, 49.42, 49.42, 49.42, 49.42, 49.4, 49.4, 49.4, 49.41, 49.41, 49.41, 49.42, 49.42, 49.42, 49.43, 49.43, 49.43, 49.42, 49.42], "Temp_env": []}