{"Start_Time": [1759248130.7623646], "Time": [1759248132.7648644, 1759248134.7676904, 1759248136.7700353, 1759248138.772741, 1759248140.7749934, 1759248142.7777245, 1759248144.780061, 1759248146.790049, 1759248148.793318, 1759248150.7961688, 1759248152.7991548, 1759248154.8018396, 1759248156.8047113, 1759248158.8070083, 1759248160.8093112, 1759248162.8123076, 1759248164.8144991, 1759248166.8172345, 1759248168.820287, 1759248170.8223698, 1759248172.8250437, 1759248174.827598, 1759248176.830245, 1759248178.8332992, 1759248180.8363347, 1759248182.838856, 1759248184.841171, 1759248186.8437717, 1759248188.8463016, 1759248190.8493974, 1759248192.8523757, 1759248194.854656, 1759248196.8573673, 1759248198.8596158, 1759248200.8625805, 1759248202.8648458, 1759248204.867358, 1759248206.870515, 1759248208.8729687, 1759248210.8758616, 1759248212.8785095, 1759248214.881596, 1759248216.884912, 1759248218.8875878, 1759248220.8907435], "Voltage": [231.76, 231.86, 231.6, 231.76, 231.7, 231.76, 231.86, 231.76, 231.81, 231.86, 231.76, 231.76, 231.76, 231.76, 231.81, 231.7, 231.65, 231.7, 231.7, 231.7, 231.76, 231.7, 231.65, 231.65, 231.7, 231.6, 231.49, 231.55, 231.55, 231.49, 231.65, 231.6, 231.65, 231.65, 231.49, 231.44, 231.39, 231.39, 231.6, 231.49, 231.55, 231.49, 231.55, 231.44, 231.34], "Current": [0.04, 0.04, 0.04, 0.04, 0.04, 0.04, 0.04, 0.04, 0.04, 0.04, 0.04, 0.04, 0.04, 0.04, 0.04, 0.04, 0.04, 0.04, 0.04, 0.04, 0.04, 0.04, 0.04, 0.04, 0.04, 0.04, 0.04, 0.04, 0.04, 0.04, 0.04, 0.04, 0.04, 0.04, 0.04, 0.04, 0.04, 0.04, 0.04, 0.04, 0.04, 0.04, 0.04, 0.04, 0.04], "Real_Power": [3.91, 3.98, 3.96, 3.98, 3.97, 3.87, 3.96, 3.95, 3.84, 3.92, 4.0, 3.9, 3.88, 3.93, 3.93, 4.03, 4.09, 3.94, 3.85, 3.98, 4.07, 3.95, 4.0, 3.85, 4.03, 3.99, 4.03, 4.04, 4.0, 3.93, 3.95, 3.95, 4.0, 4.02, 4.08, 3.94, 3.99, 4.01, 3.92, 3.95, 4.12, 4.01, 3.92, 3.96, 3.91], "Apparent_Power": [9.27, 9.27, 9.26, 9.27, 9.26, 9.27, 9.27, 9.27, 9.27, 9.27, 9.27, 9.27, 9.27, 9.27, 9.27, 9.26, 9.26, 9.26, 9.26, 9.26, 9.27, 9.26, 9.26, 9.26, 9.26, 9.26, 9.25, 9.26, 9.26, 9.25, 9.26, 9.26, 9.26, 9.26, 9.25, 9.25, 9.25, 9.25, 9.26, 9.25, 9.26, 9.25, 9.26, 9.25, 9.25], "Apparent_Power_Reactive": [8.4, 8.37, 8.37, 8.37, 8.36, 8.42, 8.38, 8.38, 8.43, 8.4, 8.36, 8.4, 8.41, 8.39, 8.39, 8.33, 8.3, 8.37, 8.42, 8.36, 8.32, 8.37, 8.35, 8.42, 8.33, 8.35, 8.32, 8.33, 8.35, 8.37, 8.37, 8.37, 8.35, 8.34, 8.3, 8.36, 8.34, 8.33, 8.38, 8.36, 8.29, 8.33, 8.38, 8.35, 8.38], "Power_Factor": [0.421, 0.429, 0.427, 0.429, 0.428, 0.417, 0.427, 0.426, 0.414, 0.422, 0.431, 0.42, 0.418, 0.423, 0.423, 0.435, 0.441, 0.425, 0.415, 0.429, 0.439, 0.426, 0.431, 0.415, 0.435, 0.43, 0.435, 0.436, 0.431, 0.424, 0.426, 0.426, 0.431, 0.434, 0.441, 0.425, 0.431, 0.433, 0.423, 0.427, 0.444, 0.433, 0.423, 0.428, 0.422], "Energy": [0.0, 0.0, 0.0, 0.0, 0.01, 0.01, 0.01, 0.01, 0.02, 0.02, 0.02, 0.02, 0.02, 0.03, 0.03, 0.03, 0.03, 0.04, 0.04, 0.04, 0.04, 0.04, 0.05, 0.05, 0.05, 0.05, 0.06, 0.06, 0.06, 0.06, 0.06, 0.07, 0.07, 0.07, 0.07, 0.08, 0.08, 0.08, 0.08, 0.08, 0.09, 0.09, 0.09, 0.09, 0.1], "Frequency": [49.45, 49.45, 49.45, 49.45, 49.45, 49.45, 49.45, 49.46, 49.46, 49.46, 49.46, 49.46, 49.46, 49.46, 49.46, 49.46, 49.46, 49.46, 49.45, 49.45, 49.45, 49.46, 49.46, 49.46, 49.47, 49.47, 49.47, 49.45, 49.45, 49.45, 49.47, 49.47, 49.47, 49.46, 49.46, 49.46, 49.45, 49.45, 49.45, 49.47, 49.47, 49.47, 49.48, 49.48, 49.48], "Temp_env": []}