{"Start_Time": [1758619634.0498796], "Time": [1758619636.052923, 1758619638.0557272, 1758619640.0580606, 1758619642.0610266, 1758619644.06324, 1758619646.0652754, 1758619648.067782, 1758619650.0700855, 1758619652.0728085, 1758619654.0755136, 1758619656.0781882, 1758619658.080771, 1758619660.0831118, 1758619662.0858529, 1758619664.088195, 1758619666.091135, 1758619668.094049, 1758619670.0962431, 1758619672.0991879, 1758619674.1018806, 1758619676.1042833, 1758619678.1073086, 1758619680.1102695, 1758619682.1131613, 1758619684.1161838, 1758619686.119037, 1758619688.1213682, 1758619690.1242886, 1758619692.1271567, 1758619694.1292322, 1758619696.1323338, 1758619698.1352005, 1758619700.1380415, 1758619702.140407, 1758619704.1431062, 1758619706.1454196, 1758619708.1483567, 1758619710.1510072, 1758619712.1533163, 1758619714.155639, 1758619716.1583898, 1758619718.1613657, 1758619720.1642797, 1758619722.1668665, 1758619724.1694107], "Voltage": [229.55, 229.76, 229.71, 229.66, 229.82, 229.82, 229.82, 229.82, 229.92, 229.92, 229.87, 229.82, 229.92, 229.87, 229.82, 229.82, 229.97, 229.92, 229.87, 230.03, 229.92, 229.92, 230.08, 230.03, 230.03, 229.76, 229.92, 229.97, 229.97, 230.03, 230.08, 230.18, 230.34, 230.13, 230.13, 230.08, 230.13, 230.24, 230.34, 230.39, 230.34, 230.29, 230.39, 230.34, 230.08], "Current": [0.04, 0.04, 0.04, 0.04, 0.04, 0.04, 0.04, 0.04, 0.04, 0.04, 0.04, 0.04, 0.04, 0.04, 0.04, 0.04, 0.04, 0.04, 0.04, 0.04, 0.04, 0.04, 0.04, 0.04, 0.04, 0.04, 0.04, 0.04, 0.04, 0.04, 0.04, 0.04, 0.04, 0.04, 0.04, 0.04, 0.04, 0.04, 0.04, 0.04, 0.04, 0.04, 0.04, 0.04, 0.04], "Real_Power": [3.98, 3.94, 3.88, 4.0, 3.83, 4.0, 3.89, 3.92, 3.9, 3.93, 3.93, 3.93, 3.91, 3.95, 3.98, 4.0, 4.05, 4.02, 3.93, 3.97, 3.92, 4.0, 3.98, 3.95, 3.94, 3.89, 3.93, 3.9, 4.0, 4.02, 3.98, 4.06, 4.02, 3.94, 4.01, 3.93, 3.86, 3.93, 3.94, 3.95, 4.11, 4.01, 3.95, 3.87, 3.93], "Apparent_Power": [9.18, 9.19, 9.18, 9.18, 9.19, 9.19, 9.19, 9.19, 9.19, 9.19, 9.19, 9.19, 9.19, 9.19, 9.19, 9.19, 9.19, 9.19, 9.19, 9.2, 9.19, 9.19, 9.2, 9.2, 9.2, 9.19, 9.19, 9.19, 9.19, 9.2, 9.2, 9.2, 9.21, 9.2, 9.2, 9.2, 9.2, 9.2, 9.21, 9.21, 9.21, 9.21, 9.21, 9.21, 9.2], "Apparent_Power_Reactive": [8.27, 8.3, 8.31, 8.26, 8.35, 8.27, 8.32, 8.31, 8.32, 8.3, 8.3, 8.3, 8.31, 8.29, 8.28, 8.27, 8.24, 8.26, 8.3, 8.29, 8.31, 8.27, 8.29, 8.3, 8.31, 8.32, 8.3, 8.32, 8.27, 8.27, 8.29, 8.25, 8.28, 8.31, 8.28, 8.31, 8.35, 8.31, 8.32, 8.31, 8.24, 8.29, 8.31, 8.35, 8.31], "Power_Factor": [0.433, 0.428, 0.422, 0.435, 0.416, 0.435, 0.423, 0.426, 0.424, 0.427, 0.427, 0.427, 0.425, 0.429, 0.433, 0.435, 0.44, 0.437, 0.427, 0.431, 0.426, 0.435, 0.432, 0.429, 0.428, 0.423, 0.427, 0.424, 0.435, 0.436, 0.432, 0.441, 0.436, 0.428, 0.435, 0.427, 0.419, 0.427, 0.427, 0.428, 0.446, 0.435, 0.428, 0.42, 0.427], "Energy": [0.0, 0.0, 0.0, 0.0, 0.01, 0.01, 0.01, 0.01, 0.01, 0.02, 0.02, 0.02, 0.02, 0.03, 0.03, 0.03, 0.03, 0.03, 0.04, 0.04, 0.04, 0.04, 0.05, 0.05, 0.05, 0.05, 0.05, 0.06, 0.06, 0.06, 0.06, 0.07, 0.07, 0.07, 0.07, 0.08, 0.08, 0.08, 0.08, 0.08, 0.09, 0.09, 0.09, 0.09, 0.1], "Frequency": [49.39, 49.39, 49.39, 49.39, 49.4, 49.4, 49.4, 49.4, 49.4, 49.4, 49.4, 49.4, 49.4, 49.41, 49.41, 49.41, 49.41, 49.41, 49.41, 49.4, 49.4, 49.4, 49.42, 49.42, 49.42, 49.42, 49.42, 49.42, 49.43, 49.43, 49.43, 49.43, 49.43, 49.43, 49.42, 49.42, 49.42, 49.42, 49.42, 49.42, 49.41, 49.41, 49.41, 49.42, 49.42], "Temp_env": []}