{"Start_Time": [1758851828.866244], "Time": [1758851830.86922, 1758851832.8721654, 1758851834.8750622, 1758851836.8775845, 1758851838.8799057, 1758851840.8826594, 1758851842.8850036, 1758851844.8881092, 1758851846.8910332, 1758851848.893784, 1758851850.8961313, 1758851852.8988335, 1758851854.9013429, 1758851856.90429, 1758851858.9071481, 1758851860.9101405, 1758851862.9128277, 1758851864.9151623, 1758851866.9178982, 1758851868.9202375, 1758851870.9232929, 1758851872.926313, 1758851874.9291406, 1758851876.9322839, 1758851878.935121, 1758851880.9380531, 1758851882.9403782, 1758851884.94328, 1758851886.946379, 1758851888.9492795, 1758851890.9519584, 1758851892.9543798, 1758851894.9571857, 1758851896.9595542, 1758851898.9622536, 1758851900.9645834, 1758851902.967277, 1758851904.9698763, 1758851906.9724972, 1758851908.9755943, 1758851910.9786303, 1758851912.9815092, 1758851914.9845817, 1758851916.9876869, 1758851918.9903653], "Voltage": [230.97, 230.92, 230.92, 231.07, 231.13, 231.13, 231.07, 231.13, 231.02, 231.23, 231.18, 231.23, 231.18, 231.02, 231.18, 231.07, 231.07, 231.13, 231.07, 231.13, 231.13, 231.13, 231.18, 231.07, 231.23, 231.07, 231.18, 231.13, 231.07, 231.18, 231.13, 231.13, 231.07, 231.02, 231.02, 231.13, 231.13, 231.13, 231.13, 231.23, 231.07, 231.07, 231.13, 231.18, 231.18], "Current": [0.03, 0.03, 0.03, 0.03, 0.03, 0.03, 0.03, 0.03, 0.03, 0.03, 0.03, 0.04, 0.03, 0.03, 0.03, 0.03, 0.03, 0.03, 0.03, 0.03, 0.03, 0.04, 0.04, 0.04, 0.04, 0.03, 0.03, 0.04, 0.03, 0.03, 0.03, 0.03, 0.03, 0.03, 0.03, 0.03, 0.03, 0.03, 0.03, 0.03, 0.03, 0.03, 0.03, 0.03, 0.03], "Real_Power": [3.99, 3.82, 3.88, 3.84, 3.94, 4.02, 3.95, 3.9, 3.94, 3.9, 3.85, 4.01, 3.88, 3.91, 4.01, 3.94, 3.85, 3.71, 3.99, 3.8, 3.94, 3.87, 3.89, 3.87, 3.99, 3.78, 3.92, 3.94, 3.92, 3.95, 3.88, 3.94, 3.91, 3.92, 3.84, 3.83, 3.91, 3.89, 3.99, 3.85, 3.83, 3.81, 4.02, 3.94, 3.96], "Apparent_Power": [6.92, 6.92, 6.92, 6.93, 6.93, 6.93, 6.93, 6.93, 6.93, 6.93, 6.93, 9.24, 6.93, 6.93, 6.93, 6.93, 6.93, 6.93, 6.93, 6.93, 6.93, 9.24, 9.24, 9.24, 9.24, 6.93, 6.93, 9.24, 6.93, 6.93, 6.93, 6.93, 6.93, 6.93, 6.93, 6.93, 6.93, 6.93, 6.93, 6.93, 6.93, 6.93, 6.93, 6.93, 6.93], "Apparent_Power_Reactive": [5.65, 5.77, 5.72, 5.76, 5.7, 5.64, 5.69, 5.72, 5.7, 5.72, 5.76, 8.32, 5.74, 5.72, 5.65, 5.7, 5.76, 5.85, 5.66, 5.79, 5.7, 8.39, 8.38, 8.39, 8.33, 5.8, 5.71, 8.35, 5.71, 5.69, 5.74, 5.7, 5.72, 5.71, 5.76, 5.77, 5.72, 5.73, 5.66, 5.76, 5.77, 5.78, 5.64, 5.7, 5.68], "Power_Factor": [0.576, 0.552, 0.56, 0.554, 0.568, 0.58, 0.569, 0.562, 0.568, 0.562, 0.555, 0.433, 0.559, 0.564, 0.578, 0.568, 0.555, 0.535, 0.575, 0.548, 0.568, 0.418, 0.42, 0.418, 0.431, 0.545, 0.565, 0.426, 0.565, 0.569, 0.559, 0.568, 0.564, 0.565, 0.554, 0.552, 0.564, 0.561, 0.575, 0.555, 0.552, 0.549, 0.58, 0.568, 0.571], "Energy": [0.0, 0.0, 0.0, 0.0, 0.01, 0.01, 0.01, 0.01, 0.01, 0.02, 0.02, 0.02, 0.02, 0.03, 0.03, 0.03, 0.03, 0.03, 0.04, 0.04, 0.04, 0.04, 0.05, 0.05, 0.05, 0.05, 0.05, 0.06, 0.06, 0.06, 0.06, 0.07, 0.07, 0.07, 0.07, 0.07, 0.08, 0.08, 0.08, 0.08, 0.08, 0.09, 0.09, 0.09, 0.09], "Frequency": [49.39, 49.39, 49.39, 49.39, 49.38, 49.38, 49.38, 49.39, 49.39, 49.39, 49.39, 49.39, 49.39, 49.39, 49.39, 49.39, 49.39, 49.39, 49.39, 49.38, 49.38, 49.38, 49.37, 49.37, 49.37, 49.39, 49.39, 49.39, 49.39, 49.39, 49.39, 49.39, 49.39, 49.39, 49.39, 49.39, 49.39, 49.38, 49.38, 49.38, 49.38, 49.38, 49.38, 49.38, 49.38], "Temp_env": []}