{"Start_Time": [1759237614.9256558], "Time": [1759237616.9280384, 1759237618.9307482, 1759237620.933039, 1759237622.9357808, 1759237624.938235, 1759237626.9409513, 1759237628.9430296, 1759237630.945096, 1759237632.9480033, 1759237634.9503086, 1759237636.9532955, 1759237638.956148, 1759237640.9583457, 1759237642.9612796, 1759237644.9641194, 1759237646.9662902, 1759237648.9686, 1759237650.9713416, 1759237652.9743621, 1759237654.9774637, 1759237656.9805622, 1759237658.9831588, 1759237660.9854863, 1759237662.9886034, 1759237664.9914277, 1759237666.994498, 1759237668.997374, 1759237670.9999516, 1759237673.0028133, 1759237675.0057468, 1759237677.0077744, 1759237679.0106688, 1759237681.0135362, 1759237683.0161421, 1759237685.0191004, 1759237687.0220478, 1759237689.0247, 1759237691.0269437, 1759237693.029661, 1759237695.0320442, 1759237697.0352182, 1759237699.0382955, 1759237701.041158, 1759237703.0437899, 1759237705.046149], "Voltage": [231.6, 231.6, 231.49, 231.49, 231.6, 231.34, 231.49, 231.49, 231.28, 231.49, 231.13, 231.02, 231.39, 231.65, 231.65, 231.6, 231.6, 231.55, 231.44, 231.6, 231.34, 231.34, 231.39, 231.6, 231.39, 231.44, 231.55, 231.55, 231.6, 231.39, 231.44, 231.34, 227.83, 228.04, 227.98, 228.14, 227.98, 228.04, 228.09, 228.04, 228.04, 228.09, 227.83, 227.88, 227.72], "Current": [0.04, 0.04, 0.04, 0.04, 0.04, 0.04, 0.04, 0.04, 0.04, 0.04, 0.04, 0.04, 0.04, 0.04, 0.04, 0.04, 0.04, 0.04, 0.04, 0.04, 0.04, 0.04, 0.04, 0.04, 0.04, 0.04, 0.04, 0.04, 0.04, 0.04, 0.04, 0.04, 0.04, 0.04, 0.04, 0.04, 0.04, 0.04, 0.04, 0.04, 0.04, 0.04, 0.04, 0.04, 0.04], "Real_Power": [3.96, 4.11, 4.02, 3.97, 4.08, 3.95, 4.03, 4.0, 4.05, 3.99, 4.0, 3.97, 4.1, 3.96, 3.98, 3.99, 4.03, 4.02, 4.03, 4.03, 4.03, 4.09, 4.04, 3.91, 3.96, 4.04, 4.06, 4.02, 4.0, 3.98, 4.05, 4.04, 4.06, 4.03, 4.09, 4.02, 4.07, 4.09, 4.01, 4.0, 4.02, 4.13, 4.01, 3.97, 3.95], "Apparent_Power": [9.26, 9.26, 9.25, 9.25, 9.26, 9.25, 9.25, 9.25, 9.25, 9.25, 9.24, 9.24, 9.25, 9.26, 9.26, 9.26, 9.26, 9.26, 9.25, 9.26, 9.25, 9.25, 9.25, 9.26, 9.25, 9.25, 9.26, 9.26, 9.26, 9.25, 9.25, 9.25, 9.11, 9.12, 9.11, 9.12, 9.11, 9.12, 9.12, 9.12, 9.12, 9.12, 9.11, 9.11, 9.1], "Apparent_Power_Reactive": [8.37, 8.29, 8.33, 8.35, 8.31, 8.36, 8.32, 8.34, 8.31, 8.34, 8.32, 8.34, 8.29, 8.37, 8.36, 8.35, 8.33, 8.34, 8.32, 8.33, 8.32, 8.29, 8.32, 8.39, 8.35, 8.32, 8.32, 8.34, 8.35, 8.34, 8.31, 8.32, 8.15, 8.18, 8.14, 8.18, 8.15, 8.15, 8.19, 8.19, 8.18, 8.13, 8.17, 8.19, 8.19], "Power_Factor": [0.427, 0.443, 0.434, 0.429, 0.44, 0.427, 0.435, 0.432, 0.437, 0.431, 0.432, 0.429, 0.443, 0.427, 0.429, 0.43, 0.435, 0.434, 0.435, 0.435, 0.435, 0.442, 0.436, 0.422, 0.428, 0.436, 0.438, 0.434, 0.431, 0.43, 0.437, 0.436, 0.445, 0.441, 0.448, 0.44, 0.446, 0.448, 0.439, 0.438, 0.44, 0.452, 0.44, 0.435, 0.434], "Energy": [0.0, 0.0, 0.0, 0.0, 0.01, 0.01, 0.01, 0.01, 0.02, 0.02, 0.02, 0.02, 0.02, 0.03, 0.03, 0.03, 0.03, 0.04, 0.04, 0.04, 0.04, 0.04, 0.05, 0.05, 0.05, 0.05, 0.06, 0.06, 0.06, 0.06, 0.06, 0.07, 0.07, 0.07, 0.07, 0.08, 0.08, 0.08, 0.08, 0.09, 0.09, 0.09, 0.09, 0.09, 0.1], "Frequency": [49.42, 49.42, 49.43, 49.43, 49.43, 49.43, 49.43, 49.43, 49.43, 49.43, 49.43, 49.43, 49.43, 49.43, 49.43, 49.43, 49.43, 49.43, 49.43, 49.43, 49.43, 49.43, 49.43, 49.42, 49.42, 49.42, 49.42, 49.42, 49.42, 49.43, 49.43, 49.43, 49.43, 49.43, 49.43, 49.41, 49.41, 49.41, 49.43, 49.43, 49.43, 49.41, 49.41, 49.41, 49.41], "Temp_env": []}