{"Start_Time": [1758755131.738195], "Time": [1758755133.740969, 1758755135.743337, 1758755137.7458632, 1758755139.748168, 1758755141.7503939, 1758755143.7533903, 1758755145.7562351, 1758755147.7590861, 1758755149.761469, 1758755151.7644415, 1758755153.7742286, 1758755155.777275, 1758755157.7803843, 1758755159.7832696, 1758755161.7861257, 1758755163.7884805, 1758755165.79141, 1758755167.794364, 1758755169.7972572, 1758755171.8003986, 1758755173.8038528, 1758755175.8064404, 1758755177.8085318, 1758755179.811456, 1758755181.8136628, 1758755183.8164022, 1758755185.8185356, 1758755187.8214302, 1758755189.8237834, 1758755191.8264534, 1758755193.8296041, 1758755195.832699, 1758755197.835497, 1758755199.8386393, 1758755201.841788, 1758755203.8445768, 1758755205.846849, 1758755207.8495095, 1758755209.8525906, 1758755211.8551288, 1758755213.8579917, 1758755215.8607652, 1758755217.862904, 1758755219.8656197, 1758755221.8687553], "Voltage": [230.6, 230.66, 230.66, 231.86, 231.76, 231.7, 231.55, 231.7, 231.81, 231.65, 231.81, 231.7, 231.6, 231.65, 231.49, 231.6, 231.65, 231.7, 231.6, 231.7, 231.55, 231.55, 231.7, 231.65, 231.6, 231.7, 231.7, 231.76, 231.6, 231.7, 231.7, 231.7, 231.65, 231.6, 231.7, 231.55, 231.49, 231.7, 231.44, 231.6, 231.65, 231.49, 231.49, 231.65, 231.6], "Current": [0.04, 0.04, 0.04, 0.04, 0.04, 0.04, 0.04, 0.04, 0.04, 0.04, 0.04, 0.04, 0.04, 0.04, 0.04, 0.04, 0.04, 0.04, 0.04, 0.04, 0.04, 0.04, 0.04, 0.04, 0.04, 0.04, 0.04, 0.04, 0.04, 0.04, 0.04, 0.04, 0.04, 0.04, 0.04, 0.04, 0.04, 0.04, 0.04, 0.04, 0.04, 0.04, 0.04, 0.04, 0.04], "Real_Power": [3.84, 3.93, 3.86, 3.96, 3.92, 3.81, 3.88, 3.88, 3.92, 3.99, 3.89, 3.88, 3.85, 3.96, 3.86, 3.92, 3.81, 4.0, 3.82, 3.97, 3.86, 3.98, 3.92, 3.83, 3.94, 3.85, 3.95, 3.98, 3.83, 3.94, 3.95, 4.06, 3.97, 4.0, 3.92, 3.99, 3.93, 4.02, 3.9, 4.03, 3.88, 3.92, 3.92, 3.96, 3.91], "Apparent_Power": [9.22, 9.22, 9.22, 9.27, 9.27, 9.26, 9.26, 9.26, 9.27, 9.26, 9.27, 9.26, 9.26, 9.26, 9.25, 9.26, 9.26, 9.26, 9.26, 9.26, 9.26, 9.26, 9.26, 9.26, 9.26, 9.26, 9.26, 9.27, 9.26, 9.26, 9.26, 9.26, 9.26, 9.26, 9.26, 9.26, 9.25, 9.26, 9.25, 9.26, 9.26, 9.25, 9.25, 9.26, 9.26], "Apparent_Power_Reactive": [8.38, 8.34, 8.37, 8.38, 8.4, 8.43, 8.4, 8.4, 8.4, 8.35, 8.41, 8.4, 8.42, 8.37, 8.4, 8.38, 8.43, 8.35, 8.43, 8.36, 8.41, 8.36, 8.38, 8.43, 8.37, 8.42, 8.37, 8.37, 8.43, 8.37, 8.37, 8.32, 8.36, 8.35, 8.38, 8.35, 8.37, 8.34, 8.38, 8.33, 8.4, 8.37, 8.37, 8.37, 8.39], "Power_Factor": [0.416, 0.426, 0.418, 0.427, 0.422, 0.411, 0.419, 0.419, 0.422, 0.43, 0.419, 0.419, 0.415, 0.427, 0.417, 0.423, 0.411, 0.431, 0.412, 0.428, 0.416, 0.429, 0.423, 0.413, 0.425, 0.415, 0.426, 0.429, 0.413, 0.425, 0.426, 0.438, 0.428, 0.431, 0.423, 0.43, 0.424, 0.434, 0.421, 0.435, 0.419, 0.423, 0.423, 0.427, 0.422], "Energy": [0.0, 0.0, 0.0, 0.0, 0.01, 0.01, 0.01, 0.01, 0.01, 0.02, 0.02, 0.02, 0.02, 0.03, 0.03, 0.03, 0.03, 0.03, 0.04, 0.04, 0.04, 0.04, 0.05, 0.05, 0.05, 0.05, 0.05, 0.06, 0.06, 0.06, 0.06, 0.07, 0.07, 0.07, 0.07, 0.07, 0.08, 0.08, 0.08, 0.08, 0.08, 0.09, 0.09, 0.09, 0.09], "Frequency": [49.39, 49.37, 49.37, 49.37, 49.39, 49.39, 49.39, 49.37, 49.37, 49.37, 49.37, 49.37, 49.37, 49.39, 49.39, 49.39, 49.37, 49.37, 49.37, 49.38, 49.38, 49.38, 49.37, 49.37, 49.37, 49.38, 49.38, 49.38, 49.39, 49.39, 49.39, 49.39, 49.39, 49.39, 49.39, 49.39, 49.39, 49.39, 49.39, 49.39, 49.37, 49.37, 49.37, 49.37, 49.37], "Temp_env": []}