{"Start_Time": [1759091171.2297337], "Time": [1759091173.2324114, 1759091175.2351847, 1759091177.2380562, 1759091179.2409134, 1759091181.2437277, 1759091183.2459471, 1759091185.2489166, 1759091187.2517724, 1759091189.254141, 1759091191.2570608, 1759091193.2601259, 1759091195.26302, 1759091197.2658281, 1759091199.2681592, 1759091201.2708874, 1759091203.273247, 1759091205.2753892, 1759091207.2781427, 1759091209.2812576, 1759091211.2839375, 1759091213.286361, 1759091215.2893648, 1759091217.2922342, 1759091219.295546, 1759091221.298312, 1759091223.3011749, 1759091225.3040326, 1759091227.306291, 1759091229.3090372, 1759091231.3113437, 1759091233.3142467, 1759091235.3162448, 1759091237.318316, 1759091239.321363, 1759091241.324152, 1759091243.3270707, 1759091245.3301523, 1759091247.3329713, 1759091249.3352728, 1759091251.3382745, 1759091253.3410892, 1759091255.3440764, 1759091257.3468149, 1759091259.3498936, 1759091261.3527997], "Voltage": [229.29, 229.35, 229.45, 229.5, 229.45, 229.45, 229.5, 229.45, 229.35, 229.5, 229.45, 229.29, 229.19, 229.19, 228.98, 229.19, 229.19, 229.24, 229.24, 229.4, 229.14, 229.19, 229.19, 229.29, 229.08, 228.93, 229.03, 229.03, 229.14, 229.24, 229.5, 229.45, 229.5, 229.55, 229.61, 229.5, 229.55, 229.55, 229.55, 229.76, 229.66, 229.71, 229.71, 229.61, 229.66], "Current": [0.04, 0.03, 0.03, 0.03, 0.03, 0.03, 0.03, 0.03, 0.03, 0.03, 0.03, 0.04, 0.03, 0.03, 0.04, 0.03, 0.03, 0.04, 0.03, 0.04, 0.04, 0.03, 0.03, 0.03, 0.04, 0.04, 0.04, 0.04, 0.04, 0.03, 0.04, 0.03, 0.03, 0.03, 0.03, 0.03, 0.04, 0.03, 0.03, 0.03, 0.04, 0.04, 0.03, 0.03, 0.04], "Real_Power": [3.97, 3.77, 3.81, 3.74, 3.91, 3.89, 3.85, 3.94, 3.93, 3.64, 3.94, 3.9, 3.78, 3.88, 3.93, 3.91, 3.87, 3.91, 3.83, 3.98, 3.96, 3.86, 3.83, 3.84, 3.79, 3.82, 3.89, 3.93, 3.9, 4.0, 3.89, 3.82, 3.87, 3.85, 3.88, 3.83, 3.91, 3.9, 3.84, 3.86, 3.88, 3.98, 3.73, 3.9, 3.94], "Apparent_Power": [9.17, 6.88, 6.88, 6.88, 6.88, 6.88, 6.88, 6.88, 6.88, 6.88, 6.88, 9.17, 6.87, 6.87, 9.15, 6.87, 6.87, 9.16, 6.87, 9.17, 9.16, 6.87, 6.87, 6.87, 9.16, 9.15, 9.16, 9.16, 9.16, 6.87, 9.18, 6.88, 6.88, 6.88, 6.88, 6.88, 9.18, 6.88, 6.88, 6.89, 9.18, 9.18, 6.89, 6.88, 9.18], "Apparent_Power_Reactive": [8.26, 5.75, 5.72, 5.77, 5.66, 5.67, 5.7, 5.64, 5.64, 5.83, 5.64, 8.29, 5.73, 5.66, 8.26, 5.64, 5.67, 8.28, 5.7, 8.26, 8.25, 5.68, 5.7, 5.69, 8.33, 8.31, 8.29, 8.27, 8.28, 5.58, 8.31, 5.72, 5.68, 5.7, 5.68, 5.71, 8.3, 5.66, 5.7, 5.7, 8.31, 8.27, 5.79, 5.66, 8.29], "Power_Factor": [0.432, 0.547, 0.553, 0.543, 0.568, 0.565, 0.559, 0.572, 0.571, 0.529, 0.572, 0.425, 0.55, 0.564, 0.429, 0.569, 0.563, 0.426, 0.557, 0.434, 0.432, 0.561, 0.557, 0.558, 0.413, 0.417, 0.424, 0.429, 0.425, 0.582, 0.423, 0.555, 0.562, 0.559, 0.563, 0.556, 0.425, 0.566, 0.558, 0.56, 0.422, 0.433, 0.541, 0.566, 0.429], "Energy": [0.0, 0.0, 0.0, 0.0, 0.01, 0.01, 0.01, 0.01, 0.01, 0.02, 0.02, 0.02, 0.02, 0.03, 0.03, 0.03, 0.03, 0.03, 0.04, 0.04, 0.04, 0.04, 0.04, 0.05, 0.05, 0.05, 0.05, 0.06, 0.06, 0.06, 0.06, 0.06, 0.07, 0.07, 0.07, 0.07, 0.08, 0.08, 0.08, 0.08, 0.08, 0.09, 0.09, 0.09, 0.09], "Frequency": [49.4, 49.4, 49.4, 49.4, 49.4, 49.4, 49.4, 49.41, 49.41, 49.41, 49.43, 49.43, 49.43, 49.43, 49.43, 49.43, 49.44, 49.44, 49.44, 49.45, 49.45, 49.45, 49.45, 49.45, 49.45, 49.45, 49.45, 49.45, 49.44, 49.44, 49.44, 49.44, 49.44, 49.44, 49.44, 49.44, 49.44, 49.47, 49.47, 49.47, 49.45, 49.45, 49.45, 49.46, 49.46], "Temp_env": []}