{"Start_Time": [1759182679.6017945], "Time": [1759182681.6042593, 1759182683.6065319, 1759182685.609474, 1759182687.612529, 1759182689.6154163, 1759182691.6182687, 1759182693.6284935, 1759182695.6316805, 1759182697.634651, 1759182699.6372395, 1759182701.6394637, 1759182703.64261, 1759182705.6453824, 1759182707.6479778, 1759182709.6504598, 1759182711.6604035, 1759182713.662843, 1759182715.6656196, 1759182717.6754987, 1759182719.6781437, 1759182721.6809947, 1759182723.6837993, 1759182725.6866229, 1759182727.6890168, 1759182729.6916242, 1759182731.6940372, 1759182733.6970916, 1759182735.7069137, 1759182737.7097728, 1759182739.712166, 1759182741.7148223, 1759182743.717203, 1759182745.7203147, 1759182747.7232141, 1759182749.7261102, 1759182751.7289429, 1759182753.7318995, 1759182755.7345104, 1759182757.7374222, 1759182759.7473783, 1759182761.7500916, 1759182763.7524638, 1759182765.7550292, 1759182767.7573934, 1759182769.7601142], "Voltage": [230.34, 230.39, 230.34, 230.5, 230.39, 230.29, 230.34, 230.34, 230.39, 230.34, 230.34, 230.29, 230.18, 230.34, 230.39, 231.39, 231.39, 231.39, 231.44, 231.39, 231.34, 231.23, 231.23, 231.28, 231.23, 231.39, 231.28, 231.39, 231.34, 231.39, 231.23, 231.39, 231.28, 231.28, 231.28, 231.34, 231.28, 231.28, 231.44, 231.34, 231.34, 231.34, 231.34, 231.44, 231.28], "Current": [0.04, 0.04, 0.04, 0.04, 0.04, 0.04, 0.04, 0.04, 0.04, 0.04, 0.04, 0.04, 0.04, 0.04, 0.04, 0.04, 0.04, 0.04, 0.04, 0.04, 0.04, 0.04, 0.04, 0.04, 0.03, 0.04, 0.04, 0.04, 0.04, 0.04, 0.04, 0.03, 0.04, 0.04, 0.03, 0.04, 0.04, 0.04, 0.04, 0.04, 0.04, 0.04, 0.03, 0.04, 0.04], "Real_Power": [3.95, 3.93, 3.87, 3.93, 3.87, 3.8, 3.85, 3.87, 3.87, 3.97, 3.92, 3.94, 3.92, 3.91, 3.85, 4.03, 3.97, 3.92, 3.95, 3.95, 3.92, 3.83, 3.85, 3.94, 3.92, 4.01, 3.92, 3.85, 3.96, 4.01, 4.01, 3.88, 3.89, 3.93, 3.9, 3.96, 3.92, 3.99, 3.99, 3.93, 4.0, 3.93, 3.91, 3.91, 3.89], "Apparent_Power": [9.21, 9.21, 9.21, 9.22, 9.21, 9.21, 9.21, 9.21, 9.21, 9.21, 9.21, 9.21, 9.2, 9.21, 9.21, 9.25, 9.25, 9.25, 9.25, 9.25, 9.25, 9.24, 9.24, 9.25, 6.93, 9.25, 9.25, 9.25, 9.25, 9.25, 9.24, 6.94, 9.25, 9.25, 6.93, 9.25, 9.25, 9.25, 9.25, 9.25, 9.25, 9.25, 6.94, 9.25, 9.25], "Apparent_Power_Reactive": [8.31, 8.32, 8.35, 8.34, 8.35, 8.38, 8.36, 8.35, 8.35, 8.31, 8.33, 8.32, 8.32, 8.33, 8.36, 8.32, 8.35, 8.37, 8.36, 8.36, 8.37, 8.4, 8.39, 8.36, 5.71, 8.33, 8.37, 8.41, 8.35, 8.33, 8.32, 5.75, 8.39, 8.37, 5.72, 8.35, 8.37, 8.34, 8.34, 8.37, 8.34, 8.37, 5.73, 8.38, 8.39], "Power_Factor": [0.428, 0.426, 0.42, 0.426, 0.42, 0.412, 0.418, 0.42, 0.42, 0.431, 0.425, 0.427, 0.426, 0.424, 0.418, 0.435, 0.429, 0.423, 0.427, 0.427, 0.423, 0.414, 0.416, 0.425, 0.565, 0.433, 0.423, 0.416, 0.428, 0.433, 0.433, 0.559, 0.42, 0.424, 0.562, 0.428, 0.423, 0.431, 0.431, 0.424, 0.432, 0.424, 0.563, 0.422, 0.42], "Energy": [0.0, 0.0, 0.0, 0.0, 0.01, 0.01, 0.01, 0.01, 0.01, 0.02, 0.02, 0.02, 0.02, 0.03, 0.03, 0.03, 0.03, 0.03, 0.04, 0.04, 0.04, 0.04, 0.05, 0.05, 0.05, 0.05, 0.05, 0.06, 0.06, 0.06, 0.06, 0.07, 0.07, 0.07, 0.07, 0.07, 0.08, 0.08, 0.08, 0.08, 0.09, 0.09, 0.09, 0.09, 0.09], "Frequency": [49.37, 49.37, 49.37, 49.38, 49.38, 49.38, 49.38, 49.38, 49.38, 49.37, 49.37, 49.37, 49.39, 49.39, 49.39, 49.38, 49.38, 49.38, 49.39, 49.39, 49.39, 49.39, 49.39, 49.39, 49.39, 49.39, 49.39, 49.39, 49.39, 49.39, 49.39, 49.39, 49.39, 49.39, 49.39, 49.39, 49.39, 49.39, 49.39, 49.39, 49.39, 49.39, 49.39, 49.39, 49.39], "Temp_env": []}