{"Start_Time": [1759153885.7486615], "Time": [1759153887.7516432, 1759153889.7543623, 1759153891.756703, 1759153893.759427, 1759153895.761979, 1759153897.7646127, 1759153899.7667406, 1759153901.769415, 1759153903.7717834, 1759153905.774609, 1759153907.7777236, 1759153909.78085, 1759153911.7830465, 1759153913.7855508, 1759153915.7956917, 1759153917.7985952, 1759153919.8011892, 1759153921.8039925, 1759153923.8069851, 1759153925.8096228, 1759153927.8120422, 1759153929.8148563, 1759153931.8170853, 1759153933.8201506, 1759153935.8233495, 1759153937.8262327, 1759153939.8360767, 1759153941.8388212, 1759153943.8412263, 1759153945.8443286, 1759153947.8471591, 1759153949.8501594, 1759153951.8531835, 1759153953.8560646, 1759153955.8589776, 1759153957.8613682, 1759153959.8634574, 1759153961.8664012, 1759153963.8692036, 1759153965.87233, 1759153967.8750997, 1759153969.8774924, 1759153971.8804376, 1759153973.8836162, 1759153975.8862803], "Voltage": [229.61, 229.61, 229.76, 229.87, 229.87, 229.76, 229.87, 229.82, 229.76, 229.76, 229.66, 229.61, 229.71, 229.61, 229.55, 229.61, 229.76, 229.66, 229.76, 229.82, 229.71, 229.82, 229.71, 229.76, 229.82, 229.82, 229.55, 229.61, 229.66, 229.71, 229.66, 229.5, 229.66, 229.71, 229.76, 229.71, 229.66, 229.66, 229.71, 229.71, 229.76, 229.66, 229.76, 229.66, 229.71], "Current": [0.04, 0.04, 0.04, 0.04, 0.04, 0.04, 0.04, 0.04, 0.04, 0.04, 0.04, 0.04, 0.04, 0.04, 0.04, 0.04, 0.04, 0.04, 0.04, 0.04, 0.04, 0.04, 0.04, 0.04, 0.04, 0.04, 0.04, 0.04, 0.04, 0.04, 0.04, 0.04, 0.04, 0.04, 0.04, 0.04, 0.04, 0.04, 0.04, 0.04, 0.04, 0.04, 0.04, 0.04, 0.04], "Real_Power": [4.06, 3.98, 3.92, 3.97, 4.0, 3.93, 3.94, 4.04, 3.95, 4.09, 4.04, 3.98, 4.13, 3.91, 4.02, 4.04, 4.06, 4.04, 4.08, 4.03, 4.04, 4.0, 4.04, 4.12, 3.8, 3.98, 3.98, 4.03, 3.96, 3.98, 3.95, 3.93, 4.04, 3.97, 4.11, 3.91, 3.9, 3.94, 4.0, 4.0, 3.96, 4.0, 4.04, 4.01, 3.95], "Apparent_Power": [9.18, 9.18, 9.19, 9.19, 9.19, 9.19, 9.19, 9.19, 9.19, 9.19, 9.18, 9.18, 9.18, 9.18, 9.18, 9.18, 9.19, 9.18, 9.19, 9.19, 9.18, 9.19, 9.18, 9.19, 9.19, 9.19, 9.18, 9.18, 9.18, 9.18, 9.18, 9.18, 9.18, 9.18, 9.19, 9.18, 9.18, 9.18, 9.18, 9.18, 9.19, 9.18, 9.19, 9.18, 9.18], "Apparent_Power_Reactive": [8.23, 8.27, 8.31, 8.28, 8.27, 8.3, 8.3, 8.25, 8.29, 8.22, 8.24, 8.27, 8.19, 8.3, 8.25, 8.24, 8.24, 8.24, 8.23, 8.25, 8.24, 8.27, 8.24, 8.21, 8.36, 8.28, 8.27, 8.24, 8.28, 8.27, 8.28, 8.29, 8.24, 8.27, 8.21, 8.3, 8.31, 8.29, 8.26, 8.26, 8.29, 8.26, 8.25, 8.25, 8.28], "Power_Factor": [0.442, 0.433, 0.426, 0.431, 0.435, 0.427, 0.428, 0.439, 0.429, 0.445, 0.44, 0.433, 0.449, 0.425, 0.437, 0.44, 0.441, 0.44, 0.443, 0.438, 0.44, 0.435, 0.44, 0.448, 0.413, 0.433, 0.433, 0.438, 0.431, 0.433, 0.43, 0.428, 0.44, 0.432, 0.447, 0.425, 0.424, 0.429, 0.435, 0.435, 0.43, 0.435, 0.439, 0.436, 0.43], "Energy": [0.0, 0.0, 0.0, 0.0, 0.01, 0.01, 0.01, 0.01, 0.02, 0.02, 0.02, 0.02, 0.02, 0.03, 0.03, 0.03, 0.03, 0.04, 0.04, 0.04, 0.04, 0.04, 0.05, 0.05, 0.05, 0.05, 0.06, 0.06, 0.06, 0.06, 0.06, 0.07, 0.07, 0.07, 0.07, 0.08, 0.08, 0.08, 0.08, 0.08, 0.09, 0.09, 0.09, 0.09, 0.1], "Frequency": [49.38, 49.38, 49.39, 49.39, 49.39, 49.39, 49.39, 49.39, 49.39, 49.39, 49.39, 49.38, 49.38, 49.38, 49.39, 49.39, 49.39, 49.39, 49.39, 49.39, 49.39, 49.39, 49.39, 49.39, 49.39, 49.39, 49.39, 49.39, 49.39, 49.39, 49.39, 49.39, 49.39, 49.39, 49.39, 49.39, 49.39, 49.39, 49.4, 49.4, 49.4, 49.4, 49.4, 49.4, 49.4], "Temp_env": []}