{"Start_Time": [1758894816.002121], "Time": [1758894818.004725, 1758894820.0073261, 1758894822.0101824, 1758894824.0129812, 1758894826.016055, 1758894828.0187838, 1758894830.0210876, 1758894832.023812, 1758894834.0261834, 1758894836.029184, 1758894838.0322773, 1758894840.0351021, 1758894842.0379279, 1758894844.0402641, 1758894846.0434904, 1758894848.0463443, 1758894850.0493538, 1758894852.052291, 1758894854.055274, 1758894856.0582044, 1758894858.0611064, 1758894860.063547, 1758894862.0665197, 1758894864.0693789, 1758894866.0724983, 1758894868.0755315, 1758894870.0782166, 1758894872.0805757, 1758894874.0837064, 1758894876.086325, 1758894878.0886428, 1758894880.0915806, 1758894882.0940206, 1758894884.09668, 1758894886.099435, 1758894888.1017954, 1758894890.1043842, 1758894892.1067224, 1758894894.109461, 1758894896.1120372, 1758894898.1146343, 1758894900.1175177, 1758894902.1199024, 1758894904.1225796, 1758894906.1252406], "Voltage": [229.29, 229.29, 229.4, 229.4, 229.4, 229.45, 229.5, 229.5, 229.35, 229.4, 229.24, 229.4, 229.35, 229.35, 229.29, 229.19, 229.24, 229.29, 229.29, 229.45, 229.29, 229.45, 229.35, 229.4, 229.45, 229.4, 229.5, 229.45, 229.45, 229.45, 229.4, 229.55, 229.5, 229.4, 229.4, 229.29, 229.4, 230.55, 230.45, 230.55, 230.34, 230.5, 230.39, 230.45, 230.5], "Current": [0.04, 0.04, 0.04, 0.04, 0.04, 0.04, 0.04, 0.04, 0.04, 0.04, 0.04, 0.04, 0.04, 0.04, 0.04, 0.04, 0.04, 0.04, 0.04, 0.04, 0.04, 0.04, 0.04, 0.04, 0.04, 0.04, 0.04, 0.04, 0.04, 0.04, 0.04, 0.04, 0.04, 0.04, 0.04, 0.04, 0.04, 0.04, 0.04, 0.04, 0.04, 0.04, 0.04, 0.04, 0.04], "Real_Power": [3.99, 3.92, 3.88, 4.0, 3.99, 3.98, 3.98, 4.04, 3.96, 3.89, 4.01, 3.97, 4.03, 4.01, 3.96, 3.89, 3.98, 3.89, 3.99, 3.99, 4.04, 4.02, 4.01, 4.02, 3.89, 3.95, 3.94, 3.92, 3.98, 3.95, 4.05, 4.04, 4.02, 4.03, 4.03, 4.1, 4.04, 3.92, 4.05, 4.01, 3.97, 4.01, 4.0, 3.93, 3.97], "Apparent_Power": [9.17, 9.17, 9.17, 9.17, 9.17, 9.17, 9.18, 9.18, 9.17, 9.17, 9.16, 9.17, 9.17, 9.17, 9.17, 9.16, 9.16, 9.17, 9.17, 9.17, 9.17, 9.17, 9.17, 9.17, 9.17, 9.17, 9.18, 9.17, 9.17, 9.17, 9.17, 9.18, 9.18, 9.17, 9.17, 9.17, 9.17, 9.22, 9.21, 9.22, 9.21, 9.22, 9.21, 9.21, 9.22], "Apparent_Power_Reactive": [8.25, 8.28, 8.3, 8.25, 8.25, 8.26, 8.27, 8.24, 8.27, 8.3, 8.23, 8.26, 8.23, 8.24, 8.27, 8.29, 8.25, 8.3, 8.25, 8.25, 8.23, 8.24, 8.24, 8.24, 8.3, 8.27, 8.29, 8.28, 8.26, 8.27, 8.22, 8.24, 8.25, 8.23, 8.23, 8.2, 8.23, 8.34, 8.27, 8.3, 8.31, 8.3, 8.29, 8.32, 8.32], "Power_Factor": [0.435, 0.427, 0.423, 0.436, 0.435, 0.434, 0.433, 0.44, 0.431, 0.424, 0.437, 0.432, 0.439, 0.437, 0.431, 0.424, 0.434, 0.424, 0.435, 0.435, 0.44, 0.438, 0.437, 0.438, 0.424, 0.43, 0.429, 0.427, 0.434, 0.43, 0.441, 0.44, 0.437, 0.439, 0.439, 0.447, 0.44, 0.425, 0.439, 0.434, 0.431, 0.434, 0.434, 0.426, 0.43], "Energy": [0.0, 0.0, 0.0, 0.0, 0.01, 0.01, 0.01, 0.01, 0.02, 0.02, 0.02, 0.02, 0.02, 0.03, 0.03, 0.03, 0.03, 0.04, 0.04, 0.04, 0.04, 0.04, 0.05, 0.05, 0.05, 0.05, 0.06, 0.06, 0.06, 0.06, 0.06, 0.07, 0.07, 0.07, 0.07, 0.08, 0.08, 0.08, 0.08, 0.08, 0.09, 0.09, 0.09, 0.09, 0.1], "Frequency": [49.37, 49.37, 49.37, 49.36, 49.36, 49.36, 49.36, 49.36, 49.36, 49.37, 49.37, 49.37, 49.39, 49.39, 49.39, 49.39, 49.39, 49.39, 49.39, 49.39, 49.39, 49.39, 49.39, 49.39, 49.39, 49.39, 49.39, 49.39, 49.39, 49.39, 49.39, 49.39, 49.39, 49.39, 49.39, 49.39, 49.41, 49.41, 49.41, 49.42, 49.42, 49.42, 49.42, 49.42, 49.42], "Temp_env": []}