{"Start_Time": [1759094846.6582136], "Time": [1759094848.6611342, 1759094850.6645775, 1759094852.6674511, 1759094854.6703408, 1759094856.6734204, 1759094858.6763754, 1759094860.6788464, 1759094862.688407, 1759094864.6915822, 1759094866.6944613, 1759094868.6975448, 1759094870.700616, 1759094872.7035193, 1759094874.7058332, 1759094876.7087386, 1759094878.7115602, 1759094880.7136657, 1759094882.716388, 1759094884.7198713, 1759094886.7299945, 1759094888.7328317, 1759094890.734793, 1759094892.7375307, 1759094894.7398424, 1759094896.7425919, 1759094898.7457726, 1759094900.748984, 1759094902.751839, 1759094904.754604, 1759094906.7569315, 1759094908.7598782, 1759094910.7625837, 1759094912.7651725, 1759094914.7680962, 1759094916.7710316, 1759094918.7736008, 1759094920.7759836, 1759094922.7786946, 1759094924.781689, 1759094926.7840273, 1759094928.7903948, 1759094930.793039, 1759094932.7957659, 1759094934.7989404, 1759094936.801818], "Voltage": [229.76, 229.55, 229.66, 229.55, 229.55, 229.61, 229.5, 229.55, 229.5, 229.55, 229.61, 229.55, 229.5, 229.45, 229.35, 229.5, 229.55, 229.55, 229.29, 229.45, 229.4, 229.4, 229.66, 229.61, 229.71, 229.55, 229.55, 229.66, 229.61, 229.66, 229.61, 229.66, 229.76, 229.61, 229.55, 229.76, 229.87, 229.76, 229.71, 229.76, 229.82, 229.76, 229.92, 229.76, 229.82], "Current": [0.04, 0.04, 0.04, 0.04, 0.04, 0.03, 0.04, 0.04, 0.04, 0.03, 0.04, 0.04, 0.04, 0.04, 0.04, 0.04, 0.04, 0.04, 0.04, 0.04, 0.03, 0.03, 0.03, 0.04, 0.03, 0.04, 0.04, 0.04, 0.04, 0.04, 0.04, 0.03, 0.03, 0.03, 0.04, 0.03, 0.04, 0.04, 0.03, 0.04, 0.04, 0.04, 0.04, 0.04, 0.04], "Real_Power": [3.86, 3.89, 3.89, 3.97, 3.89, 3.83, 3.9, 3.97, 3.9, 3.91, 3.8, 3.92, 3.88, 3.86, 3.9, 3.98, 4.02, 3.93, 3.84, 3.94, 3.83, 3.79, 3.88, 4.0, 3.88, 3.98, 3.93, 3.9, 3.93, 3.89, 3.84, 3.98, 3.89, 3.89, 3.91, 3.94, 3.86, 3.9, 3.81, 3.91, 3.94, 3.89, 3.95, 3.91, 3.89], "Apparent_Power": [9.19, 9.18, 9.18, 9.18, 9.18, 6.88, 9.18, 9.18, 9.18, 6.88, 9.18, 9.18, 9.18, 9.17, 9.17, 9.18, 9.18, 9.18, 9.17, 9.17, 6.88, 6.88, 6.88, 9.18, 6.89, 9.18, 9.18, 9.18, 9.18, 9.18, 9.18, 6.88, 6.89, 6.88, 9.18, 6.89, 9.19, 9.19, 6.89, 9.19, 9.19, 9.19, 9.19, 9.19, 9.19], "Apparent_Power_Reactive": [8.34, 8.31, 8.31, 8.27, 8.31, 5.71, 8.31, 8.27, 8.31, 5.66, 8.35, 8.3, 8.31, 8.31, 8.29, 8.27, 8.25, 8.29, 8.32, 8.28, 5.71, 5.74, 5.68, 8.26, 5.69, 8.27, 8.29, 8.31, 8.29, 8.31, 8.33, 5.61, 5.68, 5.67, 8.3, 5.65, 8.34, 8.32, 5.74, 8.31, 8.3, 8.32, 8.29, 8.31, 8.32], "Power_Factor": [0.42, 0.423, 0.423, 0.432, 0.423, 0.556, 0.424, 0.432, 0.424, 0.568, 0.413, 0.427, 0.422, 0.42, 0.425, 0.433, 0.437, 0.428, 0.418, 0.429, 0.556, 0.55, 0.563, 0.435, 0.563, 0.433, 0.428, 0.424, 0.428, 0.423, 0.418, 0.578, 0.564, 0.565, 0.425, 0.571, 0.42, 0.424, 0.552, 0.425, 0.428, 0.423, 0.429, 0.425, 0.423], "Energy": [0.0, 0.0, 0.0, 0.0, 0.01, 0.01, 0.01, 0.01, 0.01, 0.02, 0.02, 0.02, 0.02, 0.03, 0.03, 0.03, 0.03, 0.03, 0.04, 0.04, 0.04, 0.04, 0.05, 0.05, 0.05, 0.05, 0.05, 0.06, 0.06, 0.06, 0.06, 0.07, 0.07, 0.07, 0.07, 0.07, 0.08, 0.08, 0.08, 0.08, 0.09, 0.09, 0.09, 0.09, 0.09], "Frequency": [49.42, 49.42, 49.42, 49.43, 49.43, 49.43, 49.43, 49.43, 49.43, 49.43, 49.43, 49.43, 49.43, 49.43, 49.43, 49.43, 49.43, 49.43, 49.43, 49.43, 49.42, 49.42, 49.42, 49.42, 49.42, 49.42, 49.41, 49.41, 49.41, 49.4, 49.4, 49.4, 49.4, 49.4, 49.4, 49.4, 49.4, 49.4, 49.42, 49.42, 49.42, 49.41, 49.41, 49.41, 49.42], "Temp_env": []}