{"Start_Time": [1758940968.234237], "Time": [1758940970.2366827, 1758940972.2394156, 1758940974.2417371, 1758940976.2445302, 1758940978.246791, 1758940980.2495334, 1758940982.2521932, 1758940984.2550704, 1758940986.2579327, 1758940988.2599401, 1758940990.2626264, 1758940992.2649906, 1758940994.2677317, 1758940996.2700505, 1758940998.2731307, 1758941000.2761111, 1758941002.2787755, 1758941004.2812514, 1758941006.2837834, 1758941008.28611, 1758941010.2892654, 1758941012.2912939, 1758941014.2942457, 1758941016.297115, 1758941018.2999632, 1758941020.302183, 1758941022.3049061, 1758941024.3072343, 1758941026.31018, 1758941028.3132806, 1758941030.316378, 1758941032.3190618, 1758941034.3214822, 1758941036.3244183, 1758941038.3273456, 1758941040.330493, 1758941042.3331594, 1758941044.3358395, 1758941046.3384006, 1758941048.3413882, 1758941050.3436933, 1758941052.3463619, 1758941054.349146, 1758941056.352006, 1758941058.3548653], "Voltage": [231.13, 231.18, 231.02, 230.97, 230.92, 231.07, 230.97, 231.02, 231.02, 231.02, 231.07, 231.07, 231.13, 231.07, 231.13, 231.07, 231.18, 231.18, 231.07, 231.07, 231.13, 231.28, 231.18, 231.07, 231.02, 231.18, 231.13, 231.23, 231.13, 230.97, 231.23, 231.13, 231.07, 231.07, 231.18, 231.13, 231.07, 231.13, 231.13, 231.07, 232.12, 232.33, 232.23, 232.17, 232.12], "Current": [0.04, 0.04, 0.04, 0.04, 0.04, 0.04, 0.04, 0.04, 0.04, 0.04, 0.04, 0.04, 0.04, 0.04, 0.04, 0.04, 0.04, 0.04, 0.04, 0.04, 0.04, 0.04, 0.04, 0.04, 0.04, 0.04, 0.04, 0.04, 0.04, 0.04, 0.04, 0.04, 0.04, 0.04, 0.04, 0.04, 0.04, 0.04, 0.04, 0.04, 0.04, 0.03, 0.04, 0.04, 0.04], "Real_Power": [3.9, 3.84, 3.84, 3.87, 4.02, 3.93, 3.87, 3.86, 3.89, 3.88, 3.91, 3.87, 3.84, 4.05, 3.84, 4.01, 3.97, 3.89, 3.95, 3.8, 3.94, 3.98, 3.93, 3.84, 3.84, 3.95, 3.82, 3.94, 3.98, 3.87, 3.91, 3.87, 3.9, 4.11, 3.87, 3.85, 3.89, 3.94, 3.92, 3.89, 3.94, 3.76, 3.92, 3.84, 3.9], "Apparent_Power": [9.24, 9.24, 9.24, 9.23, 9.23, 9.24, 9.23, 9.24, 9.24, 9.24, 9.24, 9.24, 9.24, 9.24, 9.24, 9.24, 9.24, 9.24, 9.24, 9.24, 9.24, 9.25, 9.24, 9.24, 9.24, 9.24, 9.24, 9.24, 9.24, 9.23, 9.24, 9.24, 9.24, 9.24, 9.24, 9.24, 9.24, 9.24, 9.24, 9.24, 9.28, 6.96, 9.28, 9.28, 9.28], "Apparent_Power_Reactive": [8.37, 8.4, 8.4, 8.37, 8.3, 8.36, 8.37, 8.39, 8.38, 8.38, 8.37, 8.39, 8.4, 8.3, 8.4, 8.32, 8.34, 8.38, 8.35, 8.42, 8.35, 8.34, 8.36, 8.4, 8.4, 8.35, 8.41, 8.35, 8.33, 8.37, 8.37, 8.39, 8.37, 8.27, 8.39, 8.39, 8.38, 8.35, 8.36, 8.38, 8.4, 5.85, 8.41, 8.44, 8.42], "Power_Factor": [0.422, 0.415, 0.415, 0.419, 0.435, 0.425, 0.419, 0.417, 0.42, 0.419, 0.423, 0.418, 0.415, 0.438, 0.415, 0.433, 0.429, 0.42, 0.427, 0.411, 0.426, 0.43, 0.425, 0.415, 0.415, 0.427, 0.413, 0.426, 0.43, 0.419, 0.423, 0.418, 0.422, 0.444, 0.418, 0.416, 0.42, 0.426, 0.424, 0.42, 0.424, 0.54, 0.422, 0.413, 0.42], "Energy": [0.0, 0.0, 0.0, 0.0, 0.01, 0.01, 0.01, 0.01, 0.01, 0.02, 0.02, 0.02, 0.02, 0.03, 0.03, 0.03, 0.03, 0.03, 0.04, 0.04, 0.04, 0.04, 0.05, 0.05, 0.05, 0.05, 0.05, 0.06, 0.06, 0.06, 0.06, 0.06, 0.07, 0.07, 0.07, 0.07, 0.08, 0.08, 0.08, 0.08, 0.08, 0.09, 0.09, 0.09, 0.09], "Frequency": [49.39, 49.39, 49.39, 49.39, 49.39, 49.39, 49.39, 49.39, 49.39, 49.39, 49.39, 49.38, 49.38, 49.38, 49.39, 49.39, 49.39, 49.39, 49.39, 49.39, 49.4, 49.4, 49.4, 49.41, 49.41, 49.41, 49.4, 49.4, 49.4, 49.41, 49.41, 49.41, 49.41, 49.41, 49.41, 49.39, 49.39, 49.39, 49.38, 49.38, 49.38, 49.4, 49.4, 49.4, 49.4], "Temp_env": []}