{"Start_Time": [1759165730.193043], "Time": [1759165732.1956217, 1759165734.198296, 1759165736.2011108, 1759165738.2034676, 1759165740.2064972, 1759165742.2094412, 1759165744.2123306, 1759165746.2144709, 1759165748.2173676, 1759165750.2202408, 1759165752.2225652, 1759165754.2255754, 1759165756.2282016, 1759165758.2305548, 1759165760.233271, 1759165762.2356951, 1759165764.2383826, 1759165766.2415597, 1759165768.2445595, 1759165770.246675, 1759165772.2493865, 1759165774.251976, 1759165776.2547936, 1759165778.2573533, 1759165780.2597096, 1759165782.2624319, 1759165784.2647529, 1759165786.26739, 1759165788.2700121, 1759165790.2725942, 1759165792.2750623, 1759165794.2775521, 1759165796.279874, 1759165798.2825556, 1759165800.2848992, 1759165802.2879412, 1759165804.290699, 1759165806.2937658, 1759165808.2965598, 1759165810.2996647, 1759165812.3020322, 1759165814.3050528, 1759165816.3079112, 1759165818.3106794, 1759165820.3130748], "Voltage": [231.23, 231.18, 231.13, 231.18, 231.02, 231.13, 231.18, 231.23, 231.23, 231.13, 231.07, 231.18, 231.18, 231.13, 231.13, 231.07, 231.02, 231.07, 231.07, 231.07, 231.13, 231.07, 231.02, 231.07, 231.02, 231.07, 230.97, 230.97, 231.02, 230.97, 230.92, 230.92, 231.02, 230.92, 230.86, 230.81, 230.81, 230.86, 230.92, 230.86, 230.92, 230.92, 230.92, 230.86, 230.92], "Current": [0.04, 0.04, 0.04, 0.04, 0.04, 0.04, 0.04, 0.04, 0.04, 0.04, 0.04, 0.04, 0.04, 0.04, 0.04, 0.04, 0.04, 0.04, 0.04, 0.04, 0.04, 0.04, 0.04, 0.04, 0.04, 0.04, 0.04, 0.04, 0.04, 0.04, 0.04, 0.04, 0.04, 0.04, 0.04, 0.04, 0.04, 0.04, 0.04, 0.04, 0.04, 0.04, 0.04, 0.04, 0.04], "Real_Power": [4.01, 3.96, 3.96, 4.02, 3.88, 3.96, 3.91, 3.99, 3.88, 4.07, 4.0, 3.92, 3.87, 3.85, 3.98, 3.98, 3.93, 3.94, 4.0, 3.9, 3.92, 3.91, 3.89, 3.87, 3.99, 3.86, 4.06, 3.94, 3.91, 3.96, 3.91, 3.94, 3.93, 3.98, 4.05, 3.88, 3.98, 3.94, 3.99, 3.86, 3.91, 3.97, 3.95, 3.99, 4.09], "Apparent_Power": [9.24, 9.24, 9.24, 9.24, 9.24, 9.24, 9.24, 9.24, 9.24, 9.24, 9.24, 9.24, 9.24, 9.24, 9.24, 9.24, 9.24, 9.24, 9.24, 9.24, 9.24, 9.24, 9.24, 9.24, 9.24, 9.24, 9.23, 9.23, 9.24, 9.23, 9.23, 9.23, 9.24, 9.23, 9.23, 9.23, 9.23, 9.23, 9.23, 9.23, 9.23, 9.23, 9.23, 9.23, 9.23], "Apparent_Power_Reactive": [8.32, 8.34, 8.34, 8.31, 8.38, 8.34, 8.37, 8.33, 8.38, 8.29, 8.32, 8.36, 8.39, 8.39, 8.33, 8.33, 8.36, 8.35, 8.32, 8.37, 8.36, 8.37, 8.38, 8.39, 8.33, 8.39, 8.28, 8.34, 8.37, 8.33, 8.36, 8.34, 8.36, 8.32, 8.29, 8.37, 8.32, 8.34, 8.32, 8.38, 8.36, 8.33, 8.34, 8.32, 8.27], "Power_Factor": [0.433, 0.428, 0.428, 0.435, 0.419, 0.428, 0.423, 0.431, 0.419, 0.44, 0.432, 0.424, 0.418, 0.416, 0.43, 0.43, 0.425, 0.426, 0.432, 0.422, 0.424, 0.423, 0.42, 0.418, 0.431, 0.417, 0.439, 0.426, 0.423, 0.429, 0.423, 0.426, 0.425, 0.431, 0.438, 0.42, 0.431, 0.426, 0.432, 0.418, 0.423, 0.43, 0.427, 0.432, 0.443], "Energy": [0.0, 0.0, 0.0, 0.0, 0.01, 0.01, 0.01, 0.01, 0.01, 0.02, 0.02, 0.02, 0.02, 0.03, 0.03, 0.03, 0.03, 0.04, 0.04, 0.04, 0.04, 0.04, 0.05, 0.05, 0.05, 0.05, 0.06, 0.06, 0.06, 0.06, 0.06, 0.07, 0.07, 0.07, 0.07, 0.08, 0.08, 0.08, 0.08, 0.08, 0.09, 0.09, 0.09, 0.09, 0.1], "Frequency": [49.43, 49.43, 49.43, 49.43, 49.43, 49.43, 49.43, 49.43, 49.42, 49.42, 49.42, 49.42, 49.42, 49.42, 49.42, 49.42, 49.42, 49.4, 49.4, 49.4, 49.41, 49.41, 49.41, 49.41, 49.41, 49.41, 49.41, 49.41, 49.41, 49.42, 49.42, 49.42, 49.39, 49.39, 49.39, 49.39, 49.39, 49.39, 49.39, 49.39, 49.39, 49.39, 49.39, 49.39, 49.39], "Temp_env": []}