{"Start_Time": [1758771877.666597], "Time": [1758771879.669156, 1758771881.6718905, 1758771883.674982, 1758771885.677804, 1758771887.6801758, 1758771889.683099, 1758771891.68543, 1758771893.6878352, 1758771895.6901913, 1758771897.6921482, 1758771899.7023113, 1758771901.7051845, 1758771903.707746, 1758771905.7101173, 1758771907.712848, 1758771909.7152736, 1758771911.7177467, 1758771913.7201233, 1758771915.7228398, 1758771917.725545, 1758771919.7278183, 1758771921.7301672, 1758771923.7401397, 1758771925.742949, 1758771927.7452323, 1758771929.7477481, 1758771931.7500908, 1758771933.7527835, 1758771935.7552226, 1758771937.7579584, 1758771939.7608619, 1758771941.7708278, 1758771943.7734525, 1758771945.77603, 1758771947.7791307, 1758771949.7820525, 1758771951.7851055, 1758771953.7877724, 1758771955.7907236, 1758771957.793052, 1758771959.7953217, 1758771961.7982197, 1758771963.8010263, 1758771965.8107305, 1758771967.8130634], "Voltage": [232.28, 232.23, 232.17, 232.23, 232.23, 232.23, 232.07, 232.07, 232.07, 232.23, 232.17, 232.33, 232.23, 232.23, 232.23, 232.12, 232.33, 232.28, 232.28, 232.17, 232.28, 232.17, 232.12, 232.17, 232.12, 232.17, 232.28, 232.23, 232.33, 232.23, 232.23, 232.23, 232.17, 231.39, 231.49, 231.65, 231.55, 231.55, 231.49, 231.39, 231.44, 231.44, 231.28, 231.34, 231.49], "Current": [0.04, 0.04, 0.04, 0.04, 0.04, 0.04, 0.04, 0.04, 0.04, 0.04, 0.04, 0.04, 0.04, 0.04, 0.04, 0.04, 0.04, 0.04, 0.04, 0.04, 0.04, 0.04, 0.04, 0.04, 0.04, 0.03, 0.04, 0.04, 0.04, 0.04, 0.04, 0.04, 0.04, 0.04, 0.04, 0.04, 0.04, 0.04, 0.04, 0.04, 0.04, 0.04, 0.04, 0.04, 0.03], "Real_Power": [3.91, 4.04, 3.82, 3.86, 3.95, 4.0, 4.0, 3.88, 3.98, 3.88, 3.93, 3.95, 3.86, 3.99, 3.97, 4.0, 4.02, 3.84, 4.04, 4.0, 3.96, 3.98, 4.04, 3.94, 3.89, 3.92, 4.05, 3.95, 3.98, 4.06, 3.86, 3.9, 3.96, 3.94, 3.84, 3.96, 3.9, 3.93, 3.85, 3.94, 3.86, 4.04, 3.94, 4.08, 3.86], "Apparent_Power": [9.29, 9.28, 9.28, 9.28, 9.28, 9.28, 9.28, 9.28, 9.28, 9.28, 9.28, 9.29, 9.28, 9.28, 9.28, 9.28, 9.29, 9.29, 9.29, 9.28, 9.29, 9.28, 9.28, 9.28, 9.28, 6.96, 9.29, 9.28, 9.29, 9.28, 9.28, 9.28, 9.28, 9.25, 9.25, 9.26, 9.26, 9.26, 9.25, 9.25, 9.25, 9.25, 9.25, 9.25, 6.94], "Apparent_Power_Reactive": [8.42, 8.35, 8.45, 8.43, 8.39, 8.37, 8.37, 8.42, 8.38, 8.42, 8.4, 8.4, 8.43, 8.37, 8.38, 8.37, 8.37, 8.45, 8.36, 8.37, 8.4, 8.38, 8.35, 8.4, 8.42, 5.75, 8.36, 8.39, 8.39, 8.34, 8.43, 8.42, 8.39, 8.36, 8.41, 8.37, 8.39, 8.38, 8.41, 8.36, 8.4, 8.32, 8.36, 8.3, 5.76], "Power_Factor": [0.42, 0.435, 0.411, 0.415, 0.425, 0.431, 0.431, 0.418, 0.428, 0.418, 0.423, 0.425, 0.415, 0.429, 0.427, 0.431, 0.432, 0.413, 0.434, 0.431, 0.426, 0.428, 0.435, 0.424, 0.419, 0.563, 0.435, 0.425, 0.428, 0.437, 0.415, 0.42, 0.426, 0.425, 0.415, 0.427, 0.421, 0.424, 0.416, 0.425, 0.417, 0.436, 0.425, 0.441, 0.556], "Energy": [0.0, 0.0, 0.0, 0.0, 0.01, 0.01, 0.01, 0.01, 0.01, 0.02, 0.02, 0.02, 0.02, 0.03, 0.03, 0.03, 0.03, 0.03, 0.04, 0.04, 0.04, 0.04, 0.05, 0.05, 0.05, 0.05, 0.05, 0.06, 0.06, 0.06, 0.06, 0.07, 0.07, 0.07, 0.07, 0.07, 0.08, 0.08, 0.08, 0.08, 0.09, 0.09, 0.09, 0.09, 0.1], "Frequency": [49.39, 49.39, 49.39, 49.39, 49.39, 49.39, 49.39, 49.39, 49.39, 49.39, 49.39, 49.39, 49.39, 49.39, 49.39, 49.39, 49.39, 49.39, 49.39, 49.39, 49.39, 49.39, 49.39, 49.41, 49.41, 49.41, 49.39, 49.39, 49.39, 49.39, 49.39, 49.39, 49.4, 49.4, 49.4, 49.41, 49.41, 49.41, 49.42, 49.42, 49.42, 49.41, 49.41, 49.41, 49.41], "Temp_env": []}