{"Start_Time": [1759007953.0458589], "Time": [1759007955.0481339, 1759007957.0512338, 1759007959.054395, 1759007961.0572233, 1759007963.060226, 1759007965.0631742, 1759007967.0660267, 1759007969.0683384, 1759007971.0704725, 1759007973.0733411, 1759007975.0762997, 1759007977.078407, 1759007979.0813382, 1759007981.084017, 1759007983.086367, 1759007985.0894666, 1759007987.0924592, 1759007989.0954797, 1759007991.0984433, 1759007993.1008873, 1759007995.1033242, 1759007997.1066098, 1759007999.109566, 1759008001.112245, 1759008003.1145718, 1759008005.1173425, 1759008007.1198828, 1759008009.1223927, 1759008011.1246388, 1759008013.1266098, 1759008015.1293445, 1759008017.1321628, 1759008019.1344953, 1759008021.136987, 1759008023.1396503, 1759008025.142784, 1759008027.1455758, 1759008029.1485138, 1759008031.1512392, 1759008033.1541088, 1759008035.156767, 1759008037.1596806, 1759008039.1625493, 1759008041.1648831, 1759008043.1678016], "Voltage": [231.28, 231.23, 231.34, 231.34, 231.44, 231.34, 231.34, 231.39, 231.39, 231.39, 231.39, 231.34, 231.44, 231.34, 231.28, 231.28, 231.39, 231.34, 231.23, 231.28, 231.34, 231.28, 231.28, 231.34, 231.18, 231.13, 231.28, 231.13, 231.23, 231.18, 231.13, 231.18, 231.23, 231.28, 231.23, 231.18, 231.18, 231.34, 231.39, 231.18, 231.28, 231.28, 232.33, 232.38, 232.44], "Current": [0.04, 0.04, 0.04, 0.04, 0.04, 0.04, 0.04, 0.04, 0.04, 0.04, 0.04, 0.04, 0.04, 0.04, 0.04, 0.04, 0.04, 0.04, 0.04, 0.04, 0.04, 0.04, 0.04, 0.04, 0.04, 0.04, 0.04, 0.04, 0.04, 0.04, 0.04, 0.04, 0.04, 0.04, 0.04, 0.04, 0.04, 0.04, 0.04, 0.04, 0.04, 0.04, 0.04, 0.04, 0.04], "Real_Power": [3.86, 3.79, 3.92, 3.82, 3.89, 3.97, 3.81, 3.82, 3.94, 3.87, 3.83, 3.93, 3.9, 3.91, 3.75, 3.89, 3.99, 3.89, 3.94, 3.93, 3.76, 3.8, 4.01, 3.97, 3.72, 3.91, 3.83, 3.83, 3.86, 3.89, 3.82, 3.85, 3.96, 3.78, 3.8, 3.81, 3.81, 3.95, 3.92, 3.94, 3.96, 3.91, 3.81, 3.71, 3.85], "Apparent_Power": [9.25, 9.24, 9.25, 9.25, 9.25, 9.25, 9.25, 9.25, 9.25, 9.25, 9.25, 9.25, 9.25, 9.25, 9.25, 9.25, 9.25, 9.25, 9.24, 9.25, 9.25, 9.25, 9.25, 9.25, 9.24, 9.24, 9.25, 9.24, 9.24, 9.24, 9.24, 9.24, 9.24, 9.25, 9.24, 9.24, 9.24, 9.25, 9.25, 9.24, 9.25, 9.25, 9.29, 9.29, 9.29], "Apparent_Power_Reactive": [8.4, 8.42, 8.37, 8.42, 8.39, 8.35, 8.42, 8.42, 8.36, 8.4, 8.41, 8.37, 8.38, 8.38, 8.45, 8.39, 8.34, 8.39, 8.35, 8.37, 8.45, 8.43, 8.33, 8.35, 8.45, 8.37, 8.41, 8.4, 8.39, 8.38, 8.41, 8.39, 8.34, 8.44, 8.42, 8.41, 8.41, 8.36, 8.37, 8.35, 8.35, 8.38, 8.47, 8.51, 8.45], "Power_Factor": [0.417, 0.41, 0.423, 0.412, 0.42, 0.429, 0.411, 0.412, 0.425, 0.418, 0.414, 0.424, 0.421, 0.422, 0.405, 0.42, 0.431, 0.42, 0.426, 0.424, 0.406, 0.41, 0.433, 0.429, 0.402, 0.423, 0.414, 0.414, 0.417, 0.42, 0.413, 0.416, 0.428, 0.408, 0.411, 0.412, 0.412, 0.427, 0.423, 0.426, 0.428, 0.422, 0.41, 0.399, 0.414], "Energy": [0.0, 0.0, 0.0, 0.0, 0.01, 0.01, 0.01, 0.01, 0.01, 0.02, 0.02, 0.02, 0.02, 0.03, 0.03, 0.03, 0.03, 0.03, 0.04, 0.04, 0.04, 0.04, 0.04, 0.05, 0.05, 0.05, 0.05, 0.06, 0.06, 0.06, 0.06, 0.06, 0.07, 0.07, 0.07, 0.07, 0.08, 0.08, 0.08, 0.08, 0.08, 0.09, 0.09, 0.09, 0.09], "Frequency": [49.4, 49.41, 49.41, 49.41, 49.4, 49.4, 49.4, 49.39, 49.39, 49.39, 49.39, 49.39, 49.39, 49.41, 49.41, 49.41, 49.41, 49.41, 49.41, 49.42, 49.42, 49.42, 49.4, 49.4, 49.4, 49.4, 49.4, 49.4, 49.39, 49.39, 49.39, 49.37, 49.37, 49.37, 49.39, 49.39, 49.39, 49.39, 49.39, 49.39, 49.39, 49.39, 49.39, 49.4, 49.4], "Temp_env": []}