{"Start_Time": [1758924427.5783203], "Time": [1758924429.5811522, 1758924431.5843937, 1758924433.5872617, 1758924435.5895002, 1758924437.5924523, 1758924439.5951211, 1758924441.5976095, 1758924443.600561, 1758924445.6034067, 1758924447.606525, 1758924449.6164181, 1758924451.6194708, 1758924453.6227937, 1758924455.6326933, 1758924457.6354198, 1758924459.6377728, 1758924461.6403508, 1758924463.643413, 1758924465.6459296, 1758924467.6485116, 1758924469.6516497, 1758924471.654694, 1758924473.664458, 1758924475.6679227, 1758924477.670548, 1758924479.6731124, 1758924481.6757498, 1758924483.6780672, 1758924485.6805716, 1758924487.6836588, 1758924489.6859734, 1758924491.6890826, 1758924493.6919234, 1758924495.6947062, 1758924497.703886, 1758924499.706718, 1758924501.7097692, 1758924503.7121303, 1758924505.7150724, 1758924507.7181156, 1758924509.7208636, 1758924511.7238426, 1758924513.7269354, 1758924515.7298403, 1758924517.7321813], "Voltage": [230.5, 230.5, 230.39, 230.55, 230.45, 230.5, 230.45, 230.39, 230.39, 230.45, 230.55, 230.5, 230.45, 230.6, 230.5, 230.5, 230.5, 230.55, 230.55, 230.39, 230.6, 230.29, 230.45, 230.5, 230.45, 230.55, 230.45, 230.45, 230.5, 230.45, 230.5, 230.55, 230.5, 230.45, 230.39, 230.55, 230.55, 230.71, 230.55, 231.55, 231.49, 231.7, 231.55, 231.6, 231.55], "Current": [0.04, 0.04, 0.04, 0.04, 0.04, 0.04, 0.04, 0.04, 0.04, 0.04, 0.04, 0.04, 0.04, 0.04, 0.04, 0.04, 0.04, 0.04, 0.04, 0.04, 0.04, 0.04, 0.04, 0.04, 0.04, 0.04, 0.04, 0.04, 0.04, 0.04, 0.04, 0.04, 0.04, 0.04, 0.04, 0.04, 0.04, 0.04, 0.04, 0.04, 0.04, 0.04, 0.04, 0.04, 0.04], "Real_Power": [3.9, 3.94, 3.89, 3.88, 3.9, 3.79, 3.84, 3.94, 3.72, 3.84, 3.85, 4.05, 3.87, 3.87, 3.98, 3.82, 3.97, 3.89, 3.83, 3.9, 3.9, 3.9, 3.83, 3.97, 3.86, 3.78, 3.83, 3.91, 3.84, 3.82, 3.9, 3.85, 3.76, 3.9, 3.87, 3.87, 3.84, 3.88, 3.83, 3.84, 3.81, 3.89, 3.89, 3.9, 3.87], "Apparent_Power": [9.22, 9.22, 9.21, 9.22, 9.21, 9.22, 9.21, 9.21, 9.21, 9.21, 9.22, 9.22, 9.21, 9.22, 9.22, 9.22, 9.22, 9.22, 9.22, 9.21, 9.22, 9.21, 9.21, 9.22, 9.21, 9.22, 9.21, 9.21, 9.22, 9.21, 9.22, 9.22, 9.22, 9.21, 9.21, 9.22, 9.22, 9.22, 9.22, 9.26, 9.25, 9.26, 9.26, 9.26, 9.26], "Apparent_Power_Reactive": [8.35, 8.33, 8.34, 8.36, 8.34, 8.4, 8.37, 8.32, 8.42, 8.37, 8.37, 8.28, 8.35, 8.36, 8.31, 8.39, 8.32, 8.35, 8.38, 8.34, 8.35, 8.34, 8.37, 8.32, 8.36, 8.4, 8.37, 8.33, 8.38, 8.38, 8.35, 8.37, 8.41, 8.34, 8.35, 8.36, 8.38, 8.36, 8.38, 8.42, 8.42, 8.4, 8.4, 8.39, 8.41], "Power_Factor": [0.422, 0.427, 0.422, 0.42, 0.423, 0.411, 0.416, 0.427, 0.403, 0.416, 0.417, 0.439, 0.42, 0.419, 0.431, 0.414, 0.43, 0.421, 0.415, 0.423, 0.422, 0.423, 0.415, 0.43, 0.419, 0.409, 0.415, 0.424, 0.416, 0.414, 0.422, 0.417, 0.407, 0.423, 0.42, 0.419, 0.416, 0.42, 0.415, 0.414, 0.411, 0.42, 0.42, 0.421, 0.417], "Energy": [0.0, 0.0, 0.0, 0.0, 0.01, 0.01, 0.01, 0.01, 0.01, 0.02, 0.02, 0.02, 0.02, 0.03, 0.03, 0.03, 0.03, 0.03, 0.04, 0.04, 0.04, 0.04, 0.05, 0.05, 0.05, 0.05, 0.05, 0.06, 0.06, 0.06, 0.06, 0.06, 0.07, 0.07, 0.07, 0.07, 0.08, 0.08, 0.08, 0.08, 0.08, 0.09, 0.09, 0.09, 0.09], "Frequency": [49.38, 49.38, 49.38, 49.39, 49.39, 49.39, 49.39, 49.39, 49.39, 49.39, 49.39, 49.39, 49.39, 49.39, 49.39, 49.4, 49.4, 49.4, 49.41, 49.41, 49.41, 49.4, 49.4, 49.4, 49.4, 49.4, 49.4, 49.39, 49.39, 49.39, 49.4, 49.4, 49.4, 49.42, 49.42, 49.42, 49.41, 49.41, 49.41, 49.4, 49.4, 49.4, 49.4, 49.4, 49.4], "Temp_env": []}