{"Start_Time": [1758821910.5851104], "Time": [1758821912.5876813, 1758821914.589833, 1758821916.592986, 1758821918.5958147, 1758821920.6057298, 1758821922.607977, 1758821924.610671, 1758821926.6206224, 1758821928.623202, 1758821930.626157, 1758821932.6287332, 1758821934.6310208, 1758821936.6337087, 1758821938.6359794, 1758821940.6380713, 1758821942.6410575, 1758821944.651112, 1758821946.6538277, 1758821948.656725, 1758821950.6668499, 1758821952.6697278, 1758821954.672108, 1758821956.6752226, 1758821958.6780236, 1758821960.6808972, 1758821962.6838, 1758821964.686764, 1758821966.6891818, 1758821968.6993034, 1758821970.7020702, 1758821972.7052972, 1758821974.707959, 1758821976.7108686, 1758821978.7134476, 1758821980.716295, 1758821982.7190921, 1758821984.722228, 1758821986.725075, 1758821988.7271276, 1758821990.7304, 1758821992.7403584, 1758821994.7432191, 1758821996.7462292, 1758821998.7490897, 1758822000.751385], "Voltage": [228.51, 228.45, 228.35, 228.56, 228.61, 228.45, 228.56, 228.45, 228.51, 228.56, 228.56, 228.66, 228.72, 228.72, 228.66, 228.56, 228.56, 228.61, 228.66, 228.77, 228.61, 228.61, 228.56, 228.61, 228.61, 228.51, 228.66, 228.56, 228.66, 228.66, 228.56, 228.61, 228.56, 228.56, 228.56, 228.61, 228.72, 228.56, 228.51, 228.61, 228.56, 228.56, 228.35, 228.4, 228.56], "Current": [0.04, 0.04, 0.04, 0.04, 0.04, 0.04, 0.04, 0.04, 0.04, 0.04, 0.04, 0.04, 0.04, 0.04, 0.04, 0.04, 0.04, 0.04, 0.04, 0.04, 0.04, 0.04, 0.04, 0.04, 0.04, 0.04, 0.04, 0.04, 0.04, 0.04, 0.04, 0.04, 0.04, 0.04, 0.04, 0.04, 0.04, 0.04, 0.04, 0.04, 0.04, 0.04, 0.04, 0.04, 0.04], "Real_Power": [4.02, 4.05, 3.94, 3.99, 4.0, 3.9, 3.95, 3.97, 3.93, 3.84, 4.12, 3.95, 3.97, 4.02, 3.91, 4.03, 3.88, 3.93, 4.02, 4.08, 3.96, 3.99, 3.95, 4.04, 3.97, 4.03, 3.98, 3.95, 3.88, 4.01, 3.93, 3.95, 3.97, 3.99, 3.92, 4.02, 4.01, 3.97, 3.99, 3.99, 4.1, 3.92, 4.0, 4.01, 4.01], "Apparent_Power": [9.14, 9.13, 9.13, 9.14, 9.14, 9.13, 9.14, 9.13, 9.14, 9.14, 9.14, 9.14, 9.14, 9.14, 9.14, 9.14, 9.14, 9.14, 9.14, 9.15, 9.14, 9.14, 9.14, 9.14, 9.14, 9.14, 9.14, 9.14, 9.14, 9.14, 9.14, 9.14, 9.14, 9.14, 9.14, 9.14, 9.14, 9.14, 9.14, 9.14, 9.14, 9.14, 9.13, 9.13, 9.14], "Apparent_Power_Reactive": [8.2, 8.18, 8.23, 8.22, 8.21, 8.25, 8.24, 8.22, 8.25, 8.29, 8.15, 8.24, 8.23, 8.2, 8.26, 8.2, 8.27, 8.25, 8.2, 8.19, 8.23, 8.22, 8.24, 8.19, 8.23, 8.2, 8.22, 8.24, 8.27, 8.21, 8.25, 8.24, 8.23, 8.22, 8.25, 8.2, 8.21, 8.23, 8.22, 8.22, 8.16, 8.25, 8.2, 8.2, 8.21], "Power_Factor": [0.439, 0.443, 0.431, 0.436, 0.437, 0.427, 0.432, 0.434, 0.429, 0.42, 0.45, 0.432, 0.434, 0.439, 0.427, 0.44, 0.424, 0.429, 0.439, 0.445, 0.433, 0.436, 0.432, 0.442, 0.434, 0.44, 0.435, 0.432, 0.424, 0.438, 0.429, 0.432, 0.434, 0.436, 0.428, 0.439, 0.438, 0.434, 0.436, 0.436, 0.448, 0.428, 0.438, 0.439, 0.438], "Energy": [0.0, 0.0, 0.0, 0.0, 0.01, 0.01, 0.01, 0.01, 0.01, 0.02, 0.02, 0.02, 0.02, 0.03, 0.03, 0.03, 0.03, 0.03, 0.04, 0.04, 0.04, 0.04, 0.05, 0.05, 0.05, 0.05, 0.05, 0.06, 0.06, 0.06, 0.06, 0.07, 0.07, 0.07, 0.07, 0.07, 0.08, 0.08, 0.08, 0.08, 0.09, 0.09, 0.09, 0.09, 0.1], "Frequency": [49.43, 49.43, 49.41, 49.41, 49.41, 49.41, 49.41, 49.41, 49.38, 49.38, 49.38, 49.39, 49.39, 49.39, 49.4, 49.4, 49.4, 49.4, 49.4, 49.4, 49.39, 49.39, 49.39, 49.39, 49.39, 49.39, 49.39, 49.39, 49.39, 49.39, 49.39, 49.39, 49.4, 49.4, 49.4, 49.4, 49.4, 49.4, 49.39, 49.39, 49.39, 49.39, 49.39, 49.39, 49.4], "Temp_env": []}