{"Start_Time": [1758756868.8657377], "Time": [1758756870.8684402, 1758756872.8714733, 1758756874.8742957, 1758756876.8766356, 1758756878.8785827, 1758756880.8814955, 1758756882.8843904, 1758756884.8877237, 1758756886.890443, 1758756888.8927562, 1758756890.894744, 1758756892.8975208, 1758756894.8999016, 1758756896.90267, 1758756898.9058204, 1758756900.9086373, 1758756902.9111688, 1758756904.913797, 1758756906.9167175, 1758756908.919418, 1758756910.9223137, 1758756912.9247882, 1758756914.92804, 1758756916.930918, 1758756918.9338715, 1758756920.9367125, 1758756922.939978, 1758756924.9427524, 1758756926.945155, 1758756928.948056, 1758756930.950276, 1758756932.9529438, 1758756934.9552639, 1758756936.9579594, 1758756938.960452, 1758756940.9633794, 1758756942.966282, 1758756944.96934, 1758756946.9720047, 1758756948.9746659, 1758756950.9772751, 1758756952.9805424, 1758756954.9833362, 1758756956.9864674, 1758756958.9893458], "Voltage": [229.4, 229.45, 229.35, 229.5, 229.45, 229.4, 229.45, 229.5, 229.4, 229.45, 229.29, 229.29, 229.45, 229.19, 229.4, 229.4, 229.19, 229.35, 229.24, 229.19, 229.19, 229.14, 229.29, 229.29, 229.24, 229.29, 229.29, 229.35, 229.29, 229.35, 229.29, 229.45, 229.4, 229.35, 229.4, 229.24, 229.35, 229.45, 229.45, 229.35, 229.35, 229.35, 229.19, 229.24, 229.14], "Current": [0.04, 0.04, 0.04, 0.04, 0.04, 0.04, 0.04, 0.04, 0.04, 0.04, 0.04, 0.04, 0.04, 0.04, 0.04, 0.04, 0.04, 0.04, 0.04, 0.04, 0.04, 0.04, 0.04, 0.04, 0.04, 0.04, 0.04, 0.04, 0.04, 0.04, 0.04, 0.04, 0.04, 0.04, 0.04, 0.04, 0.04, 0.04, 0.04, 0.04, 0.04, 0.04, 0.04, 0.04, 0.04], "Real_Power": [3.94, 3.92, 3.9, 3.88, 4.0, 3.92, 3.94, 3.89, 3.87, 3.9, 3.89, 3.9, 3.96, 3.98, 3.99, 3.92, 3.93, 3.96, 4.0, 3.82, 3.86, 3.9, 4.09, 3.94, 3.95, 3.95, 3.93, 3.93, 3.92, 3.86, 3.96, 3.97, 3.99, 3.8, 3.89, 3.88, 3.9, 3.86, 3.97, 3.89, 3.95, 4.03, 3.9, 3.88, 3.87], "Apparent_Power": [9.17, 9.17, 9.17, 9.18, 9.17, 9.17, 9.17, 9.18, 9.17, 9.17, 9.17, 9.17, 9.17, 9.16, 9.17, 9.17, 9.16, 9.17, 9.16, 9.16, 9.16, 9.16, 9.17, 9.17, 9.16, 9.17, 9.17, 9.17, 9.17, 9.17, 9.17, 9.17, 9.17, 9.17, 9.17, 9.16, 9.17, 9.17, 9.17, 9.17, 9.17, 9.17, 9.16, 9.16, 9.16], "Apparent_Power_Reactive": [8.28, 8.28, 8.29, 8.31, 8.25, 8.28, 8.28, 8.31, 8.31, 8.29, 8.3, 8.29, 8.27, 8.25, 8.25, 8.28, 8.27, 8.27, 8.24, 8.32, 8.3, 8.28, 8.2, 8.28, 8.26, 8.27, 8.28, 8.28, 8.28, 8.31, 8.27, 8.26, 8.25, 8.34, 8.3, 8.29, 8.29, 8.31, 8.26, 8.3, 8.27, 8.23, 8.28, 8.29, 8.3], "Power_Factor": [0.429, 0.427, 0.425, 0.422, 0.436, 0.427, 0.429, 0.423, 0.422, 0.425, 0.424, 0.425, 0.431, 0.434, 0.435, 0.427, 0.429, 0.431, 0.436, 0.417, 0.421, 0.425, 0.446, 0.429, 0.431, 0.43, 0.428, 0.428, 0.427, 0.42, 0.431, 0.432, 0.435, 0.414, 0.424, 0.423, 0.425, 0.42, 0.432, 0.424, 0.43, 0.439, 0.425, 0.423, 0.422], "Energy": [0.0, 0.0, 0.0, 0.0, 0.01, 0.01, 0.01, 0.01, 0.01, 0.02, 0.02, 0.02, 0.02, 0.03, 0.03, 0.03, 0.03, 0.03, 0.04, 0.04, 0.04, 0.04, 0.05, 0.05, 0.05, 0.05, 0.05, 0.06, 0.06, 0.06, 0.06, 0.07, 0.07, 0.07, 0.07, 0.07, 0.08, 0.08, 0.08, 0.08, 0.09, 0.09, 0.09, 0.09, 0.09], "Frequency": [49.4, 49.4, 49.39, 49.39, 49.39, 49.4, 49.4, 49.4, 49.41, 49.41, 49.41, 49.4, 49.4, 49.4, 49.41, 49.41, 49.41, 49.4, 49.4, 49.4, 49.4, 49.4, 49.4, 49.42, 49.42, 49.42, 49.43, 49.43, 49.43, 49.44, 49.44, 49.44, 49.43, 49.43, 49.43, 49.43, 49.43, 49.43, 49.43, 49.43, 49.43, 49.43, 49.43, 49.43, 49.44], "Temp_env": []}