{"Start_Time": [1759139672.5335913], "Time": [1759139674.536489, 1759139676.5395353, 1759139678.5424883, 1759139680.5455968, 1759139682.5485225, 1759139684.5507143, 1759139686.5534265, 1759139688.5560362, 1759139690.558691, 1759139692.5615306, 1759139694.5639696, 1759139696.5668652, 1759139698.569789, 1759139700.5725985, 1759139702.582555, 1759139704.5849242, 1759139706.5876296, 1759139708.5975437, 1759139710.6002162, 1759139712.6027155, 1759139714.6048748, 1759139716.6071758, 1759139718.6098475, 1759139720.6126685, 1759139722.6152952, 1759139724.618149, 1759139726.628117, 1759139728.630799, 1759139730.6331668, 1759139732.6358714, 1759139734.6382241, 1759139736.6411471, 1759139738.6442542, 1759139740.6463325, 1759139742.6490853, 1759139744.6590188, 1759139746.661263, 1759139748.6632338, 1759139750.673339, 1759139752.6762693, 1759139754.6783652, 1759139756.680651, 1759139758.6831841, 1759139760.685535, 1759139762.6881804], "Voltage": [229.5, 229.55, 229.35, 229.29, 229.45, 229.29, 229.55, 229.45, 229.35, 229.45, 229.35, 229.29, 229.35, 229.29, 229.45, 229.29, 229.24, 229.35, 229.45, 229.5, 229.4, 229.4, 229.4, 229.29, 229.45, 229.4, 229.4, 229.35, 229.35, 229.45, 229.35, 229.24, 229.29, 229.08, 229.24, 229.14, 229.14, 229.24, 228.98, 229.08, 228.93, 229.08, 229.08, 229.29, 229.35], "Current": [0.04, 0.04, 0.04, 0.04, 0.04, 0.04, 0.04, 0.04, 0.04, 0.04, 0.04, 0.04, 0.04, 0.04, 0.04, 0.04, 0.04, 0.04, 0.04, 0.04, 0.04, 0.04, 0.04, 0.04, 0.04, 0.04, 0.04, 0.04, 0.04, 0.04, 0.04, 0.04, 0.04, 0.04, 0.04, 0.04, 0.04, 0.04, 0.04, 0.04, 0.04, 0.04, 0.04, 0.04, 0.04], "Real_Power": [3.88, 4.03, 3.94, 3.89, 4.09, 3.95, 3.94, 3.92, 3.95, 4.01, 3.98, 3.98, 3.97, 3.93, 3.99, 4.04, 3.99, 3.88, 3.87, 3.91, 3.92, 3.89, 3.97, 3.95, 3.97, 4.0, 4.0, 3.92, 3.92, 3.92, 3.93, 3.9, 4.02, 4.03, 3.97, 3.93, 4.02, 3.88, 3.92, 3.88, 4.07, 4.0, 3.9, 3.98, 3.93], "Apparent_Power": [9.18, 9.18, 9.17, 9.17, 9.17, 9.17, 9.18, 9.17, 9.17, 9.17, 9.17, 9.17, 9.17, 9.17, 9.17, 9.17, 9.16, 9.17, 9.17, 9.18, 9.17, 9.17, 9.17, 9.17, 9.17, 9.17, 9.17, 9.17, 9.17, 9.17, 9.17, 9.16, 9.17, 9.16, 9.16, 9.16, 9.16, 9.16, 9.15, 9.16, 9.15, 9.16, 9.16, 9.17, 9.17], "Apparent_Power_Reactive": [8.31, 8.24, 8.28, 8.3, 8.2, 8.27, 8.29, 8.28, 8.27, 8.24, 8.26, 8.26, 8.26, 8.28, 8.25, 8.23, 8.24, 8.3, 8.31, 8.3, 8.28, 8.3, 8.26, 8.27, 8.26, 8.25, 8.25, 8.28, 8.28, 8.28, 8.28, 8.28, 8.24, 8.22, 8.25, 8.27, 8.23, 8.29, 8.26, 8.29, 8.19, 8.24, 8.28, 8.26, 8.28], "Power_Factor": [0.422, 0.438, 0.429, 0.424, 0.446, 0.43, 0.429, 0.427, 0.43, 0.437, 0.434, 0.434, 0.432, 0.428, 0.435, 0.44, 0.435, 0.423, 0.422, 0.425, 0.427, 0.424, 0.432, 0.43, 0.432, 0.436, 0.436, 0.427, 0.427, 0.427, 0.428, 0.425, 0.438, 0.439, 0.433, 0.429, 0.438, 0.423, 0.428, 0.423, 0.444, 0.436, 0.425, 0.434, 0.428], "Energy": [0.0, 0.0, 0.0, 0.0, 0.01, 0.01, 0.01, 0.01, 0.01, 0.02, 0.02, 0.02, 0.02, 0.03, 0.03, 0.03, 0.03, 0.04, 0.04, 0.04, 0.04, 0.04, 0.05, 0.05, 0.05, 0.05, 0.06, 0.06, 0.06, 0.06, 0.06, 0.07, 0.07, 0.07, 0.07, 0.08, 0.08, 0.08, 0.08, 0.08, 0.09, 0.09, 0.09, 0.09, 0.1], "Frequency": [49.41, 49.4, 49.4, 49.4, 49.41, 49.41, 49.41, 49.41, 49.41, 49.41, 49.41, 49.41, 49.41, 49.41, 49.41, 49.41, 49.39, 49.39, 49.39, 49.4, 49.4, 49.4, 49.42, 49.42, 49.42, 49.4, 49.4, 49.4, 49.42, 49.42, 49.42, 49.43, 49.43, 49.43, 49.42, 49.42, 49.42, 49.41, 49.41, 49.41, 49.42, 49.42, 49.42, 49.39, 49.39], "Temp_env": []}