{"Start_Time": [1758817826.274323], "Time": [1758817828.2769573, 1758817830.2792354, 1758817832.281923, 1758817834.2843168, 1758817836.2872968, 1758817838.2903094, 1758817840.2929637, 1758817842.2952976, 1758817844.2980855, 1758817846.3004115, 1758817848.303387, 1758817850.3064215, 1758817852.3090985, 1758817854.3119392, 1758817856.3144276, 1758817858.3171115, 1758817860.3194387, 1758817862.3223825, 1758817864.3252869, 1758817866.3275623, 1758817868.3305566, 1758817870.3332682, 1758817872.3355544, 1758817874.3384705, 1758817876.3415532, 1758817878.344467, 1758817880.346552, 1758817882.3492625, 1758817884.3517258, 1758817886.35443, 1758817888.3567462, 1758817890.36649, 1758817892.3695688, 1758817894.3720164, 1758817896.3821664, 1758817898.3847833, 1758817900.3875122, 1758817902.397473, 1758817904.3997982, 1758817906.4024632, 1758817908.41204, 1758817910.4147577, 1758817912.4174736, 1758817914.4276016, 1758817916.4305058], "Voltage": [228.66, 228.66, 228.77, 228.72, 228.82, 228.82, 228.77, 228.98, 228.93, 228.77, 228.93, 228.93, 228.72, 228.87, 228.82, 228.77, 228.77, 228.77, 228.66, 228.61, 228.72, 228.56, 228.56, 228.56, 228.66, 228.77, 228.51, 228.77, 228.72, 228.61, 228.56, 228.77, 228.66, 228.72, 228.72, 228.61, 228.72, 228.72, 228.66, 228.72, 228.66, 228.66, 228.82, 228.77, 228.66], "Current": [0.04, 0.04, 0.04, 0.04, 0.04, 0.04, 0.04, 0.04, 0.04, 0.04, 0.04, 0.04, 0.04, 0.04, 0.04, 0.04, 0.04, 0.04, 0.04, 0.04, 0.04, 0.04, 0.04, 0.04, 0.04, 0.04, 0.04, 0.04, 0.04, 0.04, 0.04, 0.04, 0.04, 0.04, 0.04, 0.04, 0.04, 0.04, 0.04, 0.04, 0.04, 0.04, 0.04, 0.04, 0.04], "Real_Power": [3.93, 4.02, 3.93, 3.93, 3.97, 4.04, 3.9, 3.87, 4.05, 4.01, 4.04, 3.94, 3.94, 3.9, 3.97, 4.02, 3.99, 4.12, 4.1, 3.84, 4.01, 3.94, 3.9, 3.95, 4.02, 3.98, 4.06, 3.99, 3.91, 3.89, 4.08, 4.09, 3.95, 4.08, 3.98, 3.95, 3.89, 3.97, 3.88, 3.93, 4.02, 3.97, 3.91, 4.04, 4.02], "Apparent_Power": [9.14, 9.14, 9.15, 9.14, 9.15, 9.15, 9.15, 9.15, 9.15, 9.15, 9.15, 9.15, 9.14, 9.15, 9.15, 9.15, 9.15, 9.15, 9.14, 9.14, 9.14, 9.14, 9.14, 9.14, 9.14, 9.15, 9.14, 9.15, 9.14, 9.14, 9.14, 9.15, 9.14, 9.14, 9.14, 9.14, 9.14, 9.14, 9.14, 9.14, 9.14, 9.14, 9.15, 9.15, 9.14], "Apparent_Power_Reactive": [8.25, 8.2, 8.26, 8.25, 8.24, 8.2, 8.27, 8.29, 8.2, 8.22, 8.2, 8.25, 8.24, 8.27, 8.24, 8.21, 8.23, 8.16, 8.16, 8.29, 8.21, 8.24, 8.26, 8.24, 8.2, 8.23, 8.18, 8.23, 8.26, 8.27, 8.17, 8.18, 8.24, 8.17, 8.22, 8.24, 8.27, 8.23, 8.27, 8.25, 8.2, 8.23, 8.27, 8.2, 8.2], "Power_Factor": [0.429, 0.439, 0.429, 0.429, 0.433, 0.441, 0.426, 0.422, 0.442, 0.438, 0.441, 0.43, 0.431, 0.426, 0.433, 0.439, 0.436, 0.45, 0.448, 0.42, 0.438, 0.431, 0.426, 0.432, 0.439, 0.434, 0.444, 0.436, 0.427, 0.425, 0.446, 0.446, 0.432, 0.446, 0.435, 0.432, 0.425, 0.434, 0.424, 0.429, 0.439, 0.434, 0.427, 0.441, 0.439], "Energy": [0.0, 0.0, 0.0, 0.0, 0.01, 0.01, 0.01, 0.01, 0.02, 0.02, 0.02, 0.02, 0.02, 0.03, 0.03, 0.03, 0.03, 0.04, 0.04, 0.04, 0.04, 0.04, 0.05, 0.05, 0.05, 0.05, 0.06, 0.06, 0.06, 0.06, 0.06, 0.07, 0.07, 0.07, 0.07, 0.08, 0.08, 0.08, 0.08, 0.08, 0.09, 0.09, 0.09, 0.09, 0.1], "Frequency": [49.42, 49.43, 49.43, 49.43, 49.43, 49.43, 49.43, 49.43, 49.43, 49.43, 49.43, 49.43, 49.43, 49.43, 49.43, 49.43, 49.44, 49.44, 49.44, 49.44, 49.44, 49.44, 49.43, 49.43, 49.43, 49.45, 49.45, 49.45, 49.45, 49.45, 49.45, 49.43, 49.43, 49.43, 49.43, 49.43, 49.43, 49.45, 49.45, 49.45, 49.44, 49.44, 49.44, 49.45, 49.45], "Temp_env": []}