{"Start_Time": [1759084839.2748792], "Time": [1759084841.2775092, 1759084843.2802927, 1759084845.2832272, 1759084847.2856207, 1759084849.2887106, 1759084851.2913034, 1759084853.293692, 1759084855.2965753, 1759084857.299012, 1759084859.3014817, 1759084861.3044138, 1759084863.3067954, 1759084865.3094926, 1759084867.3121796, 1759084869.3147788, 1759084871.3178964, 1759084873.3207796, 1759084875.3236692, 1759084877.3267925, 1759084879.3290298, 1759084881.3319538, 1759084883.334621, 1759084885.3369384, 1759084887.3396559, 1759084889.3423042, 1759084891.3448982, 1759084893.347137, 1759084895.3502042, 1759084897.3531284, 1759084899.3559651, 1759084901.3658822, 1759084903.3689914, 1759084905.3718488, 1759084907.374189, 1759084909.3772364, 1759084911.380126, 1759084913.3903115, 1759084915.3931274, 1759084917.3960245, 1759084919.4060109, 1759084921.4083831, 1759084923.4113047, 1759084925.4210453, 1759084927.4233747, 1759084929.42632], "Voltage": [228.93, 228.93, 228.87, 228.77, 228.93, 228.93, 228.93, 228.93, 228.93, 228.87, 228.93, 228.87, 228.87, 228.82, 228.87, 228.87, 228.93, 228.98, 228.87, 228.98, 229.03, 228.98, 228.98, 228.93, 228.98, 228.98, 229.03, 229.03, 229.08, 229.08, 229.03, 228.98, 229.03, 228.98, 228.87, 228.93, 228.98, 228.93, 228.98, 228.82, 228.93, 228.87, 228.98, 228.82, 228.87], "Current": [0.04, 0.04, 0.04, 0.04, 0.04, 0.04, 0.04, 0.04, 0.04, 0.04, 0.04, 0.04, 0.03, 0.04, 0.04, 0.04, 0.04, 0.04, 0.04, 0.04, 0.04, 0.04, 0.04, 0.04, 0.04, 0.04, 0.04, 0.04, 0.04, 0.04, 0.04, 0.04, 0.04, 0.04, 0.04, 0.04, 0.04, 0.04, 0.04, 0.04, 0.04, 0.04, 0.04, 0.04, 0.04], "Real_Power": [3.91, 3.9, 3.93, 3.95, 3.85, 3.92, 3.81, 3.84, 3.91, 3.98, 3.92, 3.84, 3.74, 4.09, 3.97, 3.86, 3.85, 3.91, 3.73, 3.88, 3.78, 3.9, 3.91, 3.94, 3.86, 3.97, 3.97, 3.86, 3.95, 3.92, 3.93, 4.0, 3.94, 3.86, 3.84, 3.93, 3.99, 3.88, 3.9, 3.9, 3.84, 3.81, 4.03, 3.85, 3.82], "Apparent_Power": [9.15, 9.15, 9.15, 9.15, 9.15, 9.15, 9.15, 9.15, 9.15, 9.15, 9.15, 9.15, 6.86, 9.15, 9.15, 9.15, 9.15, 9.15, 9.15, 9.15, 9.16, 9.15, 9.15, 9.15, 9.15, 9.15, 9.16, 9.16, 9.16, 9.16, 9.16, 9.15, 9.16, 9.15, 9.15, 9.15, 9.15, 9.15, 9.15, 9.15, 9.15, 9.15, 9.15, 9.15, 9.15], "Apparent_Power_Reactive": [8.27, 8.27, 8.26, 8.25, 8.3, 8.26, 8.31, 8.3, 8.27, 8.23, 8.26, 8.3, 5.75, 8.18, 8.24, 8.29, 8.3, 8.27, 8.35, 8.28, 8.34, 8.27, 8.27, 8.25, 8.29, 8.24, 8.25, 8.3, 8.26, 8.27, 8.27, 8.22, 8.26, 8.29, 8.3, 8.26, 8.23, 8.28, 8.27, 8.27, 8.3, 8.31, 8.21, 8.3, 8.31], "Power_Factor": [0.427, 0.426, 0.429, 0.431, 0.42, 0.428, 0.416, 0.419, 0.427, 0.434, 0.428, 0.419, 0.545, 0.446, 0.433, 0.421, 0.42, 0.427, 0.407, 0.424, 0.412, 0.426, 0.427, 0.43, 0.421, 0.433, 0.433, 0.421, 0.431, 0.427, 0.429, 0.437, 0.43, 0.421, 0.419, 0.429, 0.436, 0.424, 0.426, 0.426, 0.419, 0.416, 0.44, 0.42, 0.417], "Energy": [0.0, 0.0, 0.0, 0.0, 0.01, 0.01, 0.01, 0.01, 0.01, 0.02, 0.02, 0.02, 0.02, 0.03, 0.03, 0.03, 0.03, 0.03, 0.04, 0.04, 0.04, 0.04, 0.05, 0.05, 0.05, 0.05, 0.05, 0.06, 0.06, 0.06, 0.06, 0.07, 0.07, 0.07, 0.07, 0.07, 0.08, 0.08, 0.08, 0.08, 0.08, 0.09, 0.09, 0.09, 0.09], "Frequency": [49.42, 49.42, 49.41, 49.41, 49.41, 49.43, 49.43, 49.43, 49.43, 49.43, 49.43, 49.43, 49.43, 49.43, 49.4, 49.4, 49.4, 49.42, 49.42, 49.42, 49.43, 49.43, 49.43, 49.44, 49.44, 49.44, 49.44, 49.44, 49.44, 49.45, 49.45, 49.45, 49.43, 49.43, 49.43, 49.43, 49.43, 49.43, 49.45, 49.45, 49.45, 49.43, 49.43, 49.43, 49.43], "Temp_env": []}