{"Start_Time": [1759265489.3143363], "Time": [1759265491.3169339, 1759265493.319743, 1759265495.3222754, 1759265497.3247705, 1759265499.326923, 1759265501.3294985, 1759265503.3319693, 1759265505.3348403, 1759265507.3374238, 1759265509.340186, 1759265511.343076, 1759265513.3451707, 1759265515.3549092, 1759265517.3579621, 1759265519.360486, 1759265521.363349, 1759265523.366282, 1759265525.3694189, 1759265527.3796375, 1759265529.3824444, 1759265531.3849492, 1759265533.3943973, 1759265535.3971033, 1759265537.3995376, 1759265539.4095652, 1759265541.4124193, 1759265543.4153159, 1759265545.425118, 1759265547.4274988, 1759265549.430488, 1759265551.439762, 1759265553.4422963, 1759265555.4449918, 1759265557.447348, 1759265559.449801, 1759265561.4524567, 1759265563.4624135, 1759265565.4655612, 1759265567.4686747, 1759265569.4790108, 1759265571.4818678, 1759265573.484399, 1759265575.4945529, 1759265577.4977047, 1759265579.5004246], "Voltage": [230.92, 230.97, 231.02, 230.97, 231.07, 231.02, 231.02, 230.92, 230.92, 231.02, 231.07, 231.13, 230.97, 231.07, 231.07, 231.07, 231.23, 231.28, 231.13, 231.23, 231.28, 231.13, 231.23, 231.02, 231.07, 231.02, 231.07, 231.02, 230.92, 231.13, 231.07, 231.13, 231.13, 230.97, 231.23, 231.18, 231.13, 231.13, 231.02, 230.5, 230.55, 230.66, 230.5, 230.45, 230.45], "Current": [0.04, 0.04, 0.03, 0.03, 0.03, 0.04, 0.03, 0.04, 0.03, 0.03, 0.04, 0.03, 0.04, 0.04, 0.04, 0.03, 0.03, 0.03, 0.03, 0.04, 0.03, 0.03, 0.04, 0.03, 0.03, 0.03, 0.04, 0.04, 0.04, 0.04, 0.04, 0.04, 0.04, 0.03, 0.03, 0.03, 0.03, 0.03, 0.03, 0.03, 0.04, 0.03, 0.04, 0.03, 0.03], "Real_Power": [3.96, 3.99, 3.83, 3.96, 3.94, 3.99, 3.9, 3.9, 3.94, 3.96, 4.04, 3.96, 3.93, 4.0, 3.97, 3.92, 3.96, 3.93, 3.89, 3.91, 3.98, 3.83, 3.9, 3.95, 3.96, 3.95, 3.92, 3.96, 3.86, 3.89, 3.86, 4.0, 3.99, 3.84, 3.91, 3.99, 3.95, 3.91, 3.97, 3.89, 4.02, 3.92, 3.95, 3.87, 3.92], "Apparent_Power": [9.23, 9.23, 6.93, 6.92, 6.93, 9.24, 6.93, 9.23, 6.92, 6.93, 9.24, 6.93, 9.23, 9.24, 9.24, 6.93, 6.93, 6.93, 6.93, 9.24, 6.93, 6.93, 9.24, 6.93, 6.93, 6.93, 9.24, 9.24, 9.23, 9.24, 9.24, 9.24, 9.24, 6.92, 6.93, 6.93, 6.93, 6.93, 6.93, 6.91, 9.22, 6.91, 9.22, 6.91, 6.91], "Apparent_Power_Reactive": [8.33, 8.32, 5.77, 5.67, 5.7, 8.33, 5.72, 8.36, 5.68, 5.68, 8.3, 5.68, 8.35, 8.32, 8.34, 5.71, 5.68, 5.7, 5.73, 8.37, 5.67, 5.77, 8.37, 5.69, 5.68, 5.69, 8.36, 8.34, 8.38, 8.38, 8.39, 8.32, 8.33, 5.75, 5.72, 5.66, 5.69, 5.72, 5.68, 5.71, 8.29, 5.69, 8.33, 5.72, 5.69], "Power_Factor": [0.429, 0.432, 0.552, 0.572, 0.568, 0.431, 0.562, 0.422, 0.569, 0.571, 0.437, 0.571, 0.425, 0.432, 0.429, 0.565, 0.571, 0.567, 0.561, 0.423, 0.574, 0.552, 0.422, 0.569, 0.571, 0.569, 0.424, 0.428, 0.418, 0.42, 0.417, 0.432, 0.431, 0.554, 0.564, 0.575, 0.569, 0.564, 0.572, 0.562, 0.436, 0.567, 0.428, 0.56, 0.567], "Energy": [0.0, 0.0, 0.0, 0.0, 0.01, 0.01, 0.01, 0.01, 0.01, 0.02, 0.02, 0.02, 0.02, 0.03, 0.03, 0.03, 0.03, 0.03, 0.04, 0.04, 0.04, 0.04, 0.05, 0.05, 0.05, 0.05, 0.05, 0.06, 0.06, 0.06, 0.06, 0.07, 0.07, 0.07, 0.07, 0.07, 0.08, 0.08, 0.08, 0.08, 0.09, 0.09, 0.09, 0.09, 0.09], "Frequency": [49.42, 49.43, 49.43, 49.43, 49.42, 49.42, 49.42, 49.42, 49.42, 49.42, 49.43, 49.43, 49.43, 49.43, 49.43, 49.43, 49.42, 49.42, 49.42, 49.41, 49.41, 49.41, 49.41, 49.41, 49.41, 49.43, 49.43, 49.43, 49.39, 49.39, 49.39, 49.4, 49.4, 49.4, 49.39, 49.39, 49.39, 49.39, 49.39, 49.39, 49.39, 49.39, 49.39, 49.39, 49.39], "Temp_env": []}