{"Start_Time": [1759280704.0009656], "Time": [1759280706.0035784, 1759280708.0064688, 1759280710.0090647, 1759280712.011707, 1759280714.0217118, 1759280716.0244796, 1759280718.02677, 1759280720.0287724, 1759280722.0310996, 1759280724.0340292, 1759280726.0366142, 1759280728.0392504, 1759280730.04207, 1759280732.0446582, 1759280734.047119, 1759280736.050154, 1759280738.0529637, 1759280740.055669, 1759280742.058223, 1759280744.060711, 1759280746.0630445, 1759280748.0661, 1759280750.068846, 1759280752.0714655, 1759280754.0741343, 1759280756.076817, 1759280758.0793953, 1759280760.0822804, 1759280762.0849638, 1759280764.0871205, 1759280766.0903473, 1759280768.0929654, 1759280770.0953248, 1759280772.0984006, 1759280774.1010158, 1759280776.103358, 1759280778.1062818, 1759280780.1093738, 1759280782.1114438, 1759280784.1145053, 1759280786.117364, 1759280788.1206112, 1759280790.123324, 1759280792.1254132, 1759280794.128329], "Voltage": [231.86, 231.86, 231.81, 231.91, 231.81, 231.86, 231.76, 231.91, 231.81, 231.86, 231.81, 231.76, 231.86, 231.86, 231.81, 231.86, 231.76, 231.81, 231.86, 231.91, 231.91, 231.81, 231.55, 231.6, 231.6, 231.65, 231.44, 231.39, 231.44, 231.39, 231.55, 231.23, 231.34, 231.34, 231.18, 231.13, 231.23, 231.13, 231.13, 231.13, 232.28, 232.28, 232.28, 232.28, 232.33], "Current": [0.03, 0.03, 0.03, 0.03, 0.03, 0.03, 0.03, 0.03, 0.03, 0.03, 0.04, 0.03, 0.03, 0.03, 0.03, 0.04, 0.04, 0.04, 0.04, 0.03, 0.03, 0.03, 0.03, 0.04, 0.03, 0.03, 0.04, 0.04, 0.04, 0.04, 0.04, 0.03, 0.03, 0.04, 0.03, 0.03, 0.03, 0.03, 0.03, 0.03, 0.03, 0.03, 0.03, 0.03, 0.03], "Real_Power": [3.91, 3.85, 3.9, 3.89, 3.89, 4.01, 3.91, 3.98, 4.0, 3.92, 3.85, 3.97, 3.83, 3.99, 3.92, 3.92, 3.95, 4.11, 3.95, 3.92, 4.05, 3.83, 3.89, 3.93, 3.92, 3.84, 3.96, 3.88, 3.94, 3.89, 4.02, 3.95, 3.92, 3.94, 3.93, 3.89, 3.99, 3.96, 3.93, 4.03, 3.88, 4.02, 3.93, 3.89, 4.03], "Apparent_Power": [6.95, 6.95, 6.95, 6.95, 6.95, 6.95, 6.95, 6.95, 6.95, 6.95, 9.27, 6.95, 6.95, 6.95, 6.95, 9.27, 9.27, 9.27, 9.27, 6.95, 6.95, 6.95, 6.94, 9.26, 6.94, 6.94, 9.25, 9.25, 9.25, 9.25, 9.26, 6.93, 6.94, 9.25, 6.93, 6.93, 6.93, 6.93, 6.93, 6.93, 6.96, 6.96, 6.96, 6.96, 6.96], "Apparent_Power_Reactive": [5.74, 5.78, 5.75, 5.75, 5.75, 5.67, 5.74, 5.69, 5.68, 5.73, 8.43, 5.7, 5.79, 5.69, 5.73, 8.4, 8.38, 8.3, 8.38, 5.73, 5.64, 5.79, 5.74, 8.38, 5.72, 5.78, 8.35, 8.39, 8.36, 8.39, 8.34, 5.69, 5.72, 8.36, 5.7, 5.73, 5.66, 5.68, 5.7, 5.63, 5.77, 5.68, 5.74, 5.77, 5.67], "Power_Factor": [0.562, 0.553, 0.561, 0.559, 0.559, 0.576, 0.562, 0.572, 0.575, 0.564, 0.415, 0.571, 0.551, 0.574, 0.564, 0.422, 0.426, 0.443, 0.426, 0.564, 0.582, 0.551, 0.56, 0.424, 0.564, 0.553, 0.428, 0.419, 0.425, 0.42, 0.434, 0.569, 0.564, 0.425, 0.567, 0.561, 0.575, 0.571, 0.567, 0.581, 0.557, 0.577, 0.564, 0.558, 0.579], "Energy": [0.0, 0.0, 0.0, 0.0, 0.01, 0.01, 0.01, 0.01, 0.01, 0.02, 0.02, 0.02, 0.02, 0.03, 0.03, 0.03, 0.03, 0.03, 0.04, 0.04, 0.04, 0.04, 0.05, 0.05, 0.05, 0.05, 0.05, 0.06, 0.06, 0.06, 0.06, 0.07, 0.07, 0.07, 0.07, 0.07, 0.08, 0.08, 0.08, 0.08, 0.09, 0.09, 0.09, 0.09, 0.09], "Frequency": [49.43, 49.41, 49.41, 49.41, 49.4, 49.4, 49.4, 49.39, 49.39, 49.39, 49.41, 49.41, 49.41, 49.39, 49.39, 49.39, 49.4, 49.4, 49.4, 49.39, 49.39, 49.39, 49.39, 49.39, 49.39, 49.4, 49.4, 49.4, 49.41, 49.41, 49.41, 49.39, 49.39, 49.39, 49.39, 49.39, 49.39, 49.39, 49.39, 49.39, 49.39, 49.39, 49.39, 49.39, 49.39], "Temp_env": []}