{"Start_Time": [1759322568.3065019], "Time": [1759322570.3092387, 1759322572.3118804, 1759322574.314215, 1759322576.3169398, 1759322578.3196156, 1759322580.3223515, 1759322582.3249395, 1759322584.3273036, 1759322586.3295925, 1759322588.3324885, 1759322590.3344421, 1759322592.3363986, 1759322594.339481, 1759322596.3422928, 1759322598.3451617, 1759322600.3473363, 1759322602.3496406, 1759322604.3523717, 1759322606.3554502, 1759322608.3585582, 1759322610.3614364, 1759322612.3643494, 1759322614.3745959, 1759322616.377644, 1759322618.3802865, 1759322620.3901997, 1759322622.392598, 1759322624.395613, 1759322626.4053698, 1759322628.407754, 1759322630.4103782, 1759322632.4203577, 1759322634.4226778, 1759322636.4254968, 1759322638.4354556, 1759322640.4381049, 1759322642.4406734, 1759322644.442918, 1759322646.4456286, 1759322648.4485419, 1759322650.4586198, 1759322652.4608927, 1759322654.4638484, 1759322656.4735978, 1759322658.4759405], "Voltage": [228.4, 228.4, 228.35, 228.3, 228.3, 228.14, 228.35, 228.24, 228.3, 228.3, 228.24, 228.35, 228.3, 228.3, 228.35, 228.35, 228.35, 228.45, 228.3, 228.4, 228.4, 228.3, 228.35, 228.3, 228.4, 228.35, 228.24, 228.04, 228.14, 228.14, 228.24, 228.24, 228.3, 228.24, 228.19, 228.35, 228.24, 228.35, 228.3, 228.77, 228.72, 228.72, 228.72, 228.72, 228.72], "Current": [0.04, 0.04, 0.04, 0.04, 0.04, 0.04, 0.04, 0.04, 0.04, 0.04, 0.04, 0.04, 0.04, 0.04, 0.04, 0.04, 0.04, 0.04, 0.04, 0.04, 0.04, 0.04, 0.04, 0.04, 0.04, 0.04, 0.04, 0.04, 0.04, 0.04, 0.04, 0.04, 0.04, 0.04, 0.04, 0.04, 0.04, 0.04, 0.04, 0.04, 0.04, 0.04, 0.04, 0.04, 0.04], "Real_Power": [3.88, 4.08, 4.0, 4.12, 4.05, 3.93, 3.97, 3.98, 4.1, 4.14, 4.17, 4.11, 4.11, 3.98, 4.01, 3.98, 4.04, 4.05, 3.88, 4.05, 4.09, 4.01, 4.01, 4.08, 3.99, 3.98, 4.08, 4.07, 4.06, 3.98, 4.05, 4.01, 4.14, 4.07, 4.08, 4.06, 4.19, 4.12, 4.11, 3.95, 4.02, 4.07, 4.05, 4.0, 3.98], "Apparent_Power": [9.13, 9.13, 9.13, 9.13, 9.13, 9.12, 9.13, 9.12, 9.13, 9.13, 9.12, 9.13, 9.13, 9.13, 9.13, 9.13, 9.13, 9.13, 9.13, 9.13, 9.13, 9.13, 9.13, 9.13, 9.13, 9.13, 9.12, 9.12, 9.12, 9.12, 9.12, 9.12, 9.13, 9.12, 9.12, 9.13, 9.12, 9.13, 9.13, 9.15, 9.14, 9.14, 9.14, 9.14, 9.14], "Apparent_Power_Reactive": [8.26, 8.16, 8.2, 8.14, 8.18, 8.22, 8.22, 8.2, 8.15, 8.13, 8.11, 8.15, 8.15, 8.21, 8.2, 8.21, 8.18, 8.18, 8.26, 8.18, 8.16, 8.2, 8.2, 8.16, 8.21, 8.21, 8.15, 8.16, 8.16, 8.2, 8.17, 8.19, 8.13, 8.16, 8.15, 8.17, 8.1, 8.14, 8.15, 8.25, 8.2, 8.18, 8.19, 8.21, 8.22], "Power_Factor": [0.424, 0.446, 0.438, 0.451, 0.443, 0.43, 0.434, 0.436, 0.449, 0.453, 0.457, 0.45, 0.45, 0.435, 0.439, 0.435, 0.442, 0.443, 0.424, 0.443, 0.447, 0.439, 0.439, 0.446, 0.437, 0.435, 0.447, 0.446, 0.445, 0.436, 0.444, 0.439, 0.453, 0.446, 0.447, 0.444, 0.459, 0.451, 0.45, 0.431, 0.439, 0.445, 0.443, 0.437, 0.435], "Energy": [0.0, 0.0, 0.0, 0.0, 0.01, 0.01, 0.01, 0.01, 0.02, 0.02, 0.02, 0.02, 0.02, 0.03, 0.03, 0.03, 0.03, 0.04, 0.04, 0.04, 0.04, 0.04, 0.05, 0.05, 0.05, 0.05, 0.06, 0.06, 0.06, 0.06, 0.06, 0.07, 0.07, 0.07, 0.07, 0.08, 0.08, 0.08, 0.08, 0.09, 0.09, 0.09, 0.09, 0.09, 0.1], "Frequency": [49.41, 49.41, 49.41, 49.41, 49.41, 49.41, 49.41, 49.41, 49.4, 49.4, 49.4, 49.42, 49.42, 49.42, 49.43, 49.43, 49.43, 49.41, 49.41, 49.41, 49.41, 49.41, 49.41, 49.4, 49.4, 49.4, 49.4, 49.4, 49.4, 49.37, 49.37, 49.37, 49.36, 49.36, 49.36, 49.37, 49.37, 49.37, 49.36, 49.36, 49.36, 49.39, 49.39, 49.39, 49.41], "Temp_env": []}