{"Start_Time": [1758926878.6424918], "Time": [1758926880.6449656, 1758926882.648471, 1758926884.6513302, 1758926886.6541975, 1758926888.6641493, 1758926890.6672847, 1758926892.6699443, 1758926894.672317, 1758926896.6750226, 1758926898.6773937, 1758926900.6802983, 1758926902.6832511, 1758926904.6863778, 1758926906.696486, 1758926908.699068, 1758926910.7013893, 1758926912.7044973, 1758926914.7074034, 1758926916.7104514, 1758926918.7136471, 1758926920.716492, 1758926922.7187002, 1758926924.7214074, 1758926926.7245457, 1758926928.7276936, 1758926930.7374024, 1758926932.7405357, 1758926934.7430444, 1758926936.7457244, 1758926938.748665, 1758926940.7507553, 1758926942.7535067, 1758926944.7566032, 1758926946.7591543, 1758926948.7620711, 1758926950.7647953, 1758926952.7668705, 1758926954.7695644, 1758926956.7723587, 1758926958.7752032, 1758926960.7780998, 1758926962.7808938, 1758926964.783745, 1758926966.7861066, 1758926968.7890103], "Voltage": [230.76, 230.71, 230.76, 230.76, 230.66, 230.71, 230.66, 230.71, 230.6, 230.03, 230.13, 230.08, 230.18, 229.92, 230.08, 230.08, 230.13, 230.03, 230.08, 230.18, 230.13, 229.97, 229.92, 230.03, 230.03, 229.97, 229.97, 229.97, 230.03, 229.92, 230.03, 229.76, 230.03, 229.92, 229.97, 230.03, 230.03, 229.97, 229.92, 229.97, 229.92, 229.97, 229.87, 229.92, 229.87], "Current": [0.04, 0.04, 0.04, 0.04, 0.04, 0.04, 0.04, 0.04, 0.04, 0.04, 0.04, 0.04, 0.04, 0.04, 0.04, 0.04, 0.04, 0.04, 0.04, 0.04, 0.04, 0.04, 0.04, 0.04, 0.04, 0.04, 0.04, 0.04, 0.04, 0.04, 0.04, 0.04, 0.04, 0.04, 0.04, 0.04, 0.04, 0.04, 0.04, 0.04, 0.04, 0.04, 0.04, 0.04, 0.04], "Real_Power": [3.8, 3.75, 3.87, 3.85, 3.89, 3.82, 3.87, 3.97, 3.82, 3.96, 3.81, 3.73, 3.88, 3.83, 3.91, 3.88, 3.94, 3.9, 4.05, 3.83, 3.83, 3.8, 3.96, 3.83, 3.91, 3.78, 3.85, 3.74, 3.91, 3.91, 3.96, 3.87, 4.06, 3.92, 3.85, 3.88, 3.88, 3.86, 3.79, 3.83, 3.81, 3.88, 3.92, 3.87, 3.73], "Apparent_Power": [9.23, 9.22, 9.23, 9.23, 9.22, 9.22, 9.22, 9.22, 9.22, 9.2, 9.2, 9.2, 9.2, 9.19, 9.2, 9.2, 9.2, 9.2, 9.2, 9.2, 9.2, 9.19, 9.19, 9.2, 9.2, 9.19, 9.19, 9.19, 9.2, 9.19, 9.2, 9.19, 9.2, 9.19, 9.19, 9.2, 9.2, 9.19, 9.19, 9.19, 9.19, 9.19, 9.19, 9.19, 9.19], "Apparent_Power_Reactive": [8.41, 8.42, 8.37, 8.38, 8.35, 8.39, 8.36, 8.32, 8.39, 8.3, 8.37, 8.4, 8.34, 8.35, 8.32, 8.34, 8.31, 8.33, 8.26, 8.36, 8.36, 8.36, 8.29, 8.36, 8.32, 8.37, 8.34, 8.39, 8.32, 8.31, 8.3, 8.33, 8.25, 8.31, 8.34, 8.34, 8.34, 8.34, 8.37, 8.35, 8.36, 8.33, 8.31, 8.33, 8.39], "Power_Factor": [0.411, 0.406, 0.419, 0.417, 0.421, 0.414, 0.419, 0.43, 0.414, 0.43, 0.414, 0.405, 0.421, 0.416, 0.425, 0.421, 0.428, 0.423, 0.44, 0.416, 0.416, 0.413, 0.43, 0.416, 0.425, 0.411, 0.418, 0.406, 0.425, 0.425, 0.43, 0.421, 0.441, 0.426, 0.418, 0.421, 0.421, 0.42, 0.412, 0.416, 0.414, 0.422, 0.426, 0.421, 0.405], "Energy": [0.0, 0.0, 0.0, 0.0, 0.01, 0.01, 0.01, 0.01, 0.01, 0.02, 0.02, 0.02, 0.02, 0.03, 0.03, 0.03, 0.03, 0.03, 0.04, 0.04, 0.04, 0.04, 0.05, 0.05, 0.05, 0.05, 0.05, 0.06, 0.06, 0.06, 0.06, 0.06, 0.07, 0.07, 0.07, 0.07, 0.08, 0.08, 0.08, 0.08, 0.08, 0.09, 0.09, 0.09, 0.09], "Frequency": [49.39, 49.39, 49.41, 49.41, 49.41, 49.4, 49.4, 49.4, 49.42, 49.42, 49.42, 49.42, 49.42, 49.42, 49.42, 49.42, 49.42, 49.41, 49.41, 49.41, 49.38, 49.38, 49.38, 49.38, 49.38, 49.38, 49.38, 49.38, 49.38, 49.39, 49.39, 49.39, 49.38, 49.38, 49.38, 49.39, 49.39, 49.39, 49.39, 49.39, 49.39, 49.4, 49.4, 49.4, 49.41], "Temp_env": []}