{"Start_Time": [1758929840.212989], "Time": [1758929842.2151773, 1758929844.2184546, 1758929846.2211587, 1758929848.2244673, 1758929850.2273107, 1758929852.2304006, 1758929854.2331085, 1758929856.235535, 1758929858.23852, 1758929860.241431, 1758929862.2445416, 1758929864.247446, 1758929866.2505662, 1758929868.2532368, 1758929870.2554948, 1758929872.2585878, 1758929874.2613266, 1758929876.263701, 1758929878.266577, 1758929880.2696238, 1758929882.2717645, 1758929884.2737875, 1758929886.2764566, 1758929888.2788196, 1758929890.2815063, 1758929892.2840917, 1758929894.2869692, 1758929896.2895703, 1758929898.2925982, 1758929900.294971, 1758929902.2976744, 1758929904.3002422, 1758929906.303023, 1758929908.305866, 1758929910.308726, 1758929912.3110983, 1758929914.3137653, 1758929916.3159993, 1758929918.318903, 1758929920.322076, 1758929922.3249273, 1758929924.3270097, 1758929926.3298547, 1758929928.3321767, 1758929930.335364], "Voltage": [229.55, 229.5, 229.5, 229.4, 229.55, 229.45, 229.5, 229.35, 229.45, 229.5, 230.08, 230.18, 230.18, 230.13, 230.08, 230.13, 230.08, 230.08, 230.24, 230.13, 230.03, 230.08, 230.03, 230.13, 230.08, 230.13, 230.24, 230.29, 230.13, 230.18, 230.18, 230.18, 230.18, 230.24, 230.13, 230.13, 230.18, 230.29, 230.24, 230.18, 230.18, 230.34, 230.29, 230.24, 230.24], "Current": [0.04, 0.04, 0.04, 0.04, 0.04, 0.04, 0.04, 0.04, 0.04, 0.04, 0.04, 0.04, 0.04, 0.04, 0.04, 0.04, 0.04, 0.04, 0.04, 0.04, 0.04, 0.04, 0.04, 0.04, 0.04, 0.04, 0.04, 0.04, 0.04, 0.04, 0.04, 0.04, 0.04, 0.04, 0.04, 0.04, 0.04, 0.04, 0.04, 0.04, 0.04, 0.04, 0.04, 0.04, 0.04], "Real_Power": [3.85, 3.96, 3.82, 3.93, 3.86, 3.85, 3.86, 3.91, 3.84, 3.94, 3.92, 3.87, 3.95, 3.83, 4.01, 3.89, 4.0, 3.9, 3.93, 3.89, 3.9, 3.88, 3.84, 3.91, 3.91, 3.97, 3.91, 3.88, 4.01, 3.83, 3.95, 3.88, 4.03, 3.85, 3.85, 3.92, 3.9, 4.01, 3.94, 3.82, 3.81, 3.79, 3.97, 3.94, 3.92], "Apparent_Power": [9.18, 9.18, 9.18, 9.17, 9.18, 9.17, 9.18, 9.17, 9.17, 9.18, 9.2, 9.2, 9.2, 9.2, 9.2, 9.2, 9.2, 9.2, 9.2, 9.2, 9.2, 9.2, 9.2, 9.2, 9.2, 9.2, 9.2, 9.21, 9.2, 9.2, 9.2, 9.2, 9.2, 9.2, 9.2, 9.2, 9.2, 9.21, 9.2, 9.2, 9.2, 9.21, 9.21, 9.2, 9.2], "Apparent_Power_Reactive": [8.33, 8.28, 8.34, 8.28, 8.32, 8.32, 8.32, 8.29, 8.32, 8.29, 8.32, 8.34, 8.3, 8.36, 8.28, 8.33, 8.28, 8.33, 8.31, 8.33, 8.33, 8.34, 8.36, 8.32, 8.32, 8.29, 8.32, 8.35, 8.28, 8.36, 8.3, 8.34, 8.27, 8.35, 8.35, 8.32, 8.33, 8.29, 8.31, 8.36, 8.37, 8.39, 8.31, 8.31, 8.32], "Power_Factor": [0.419, 0.431, 0.416, 0.428, 0.42, 0.419, 0.42, 0.426, 0.418, 0.429, 0.426, 0.42, 0.429, 0.416, 0.435, 0.422, 0.434, 0.423, 0.427, 0.422, 0.423, 0.421, 0.417, 0.425, 0.425, 0.431, 0.425, 0.421, 0.435, 0.416, 0.429, 0.421, 0.438, 0.418, 0.418, 0.426, 0.423, 0.435, 0.428, 0.415, 0.414, 0.411, 0.431, 0.428, 0.426], "Energy": [0.0, 0.0, 0.0, 0.0, 0.01, 0.01, 0.01, 0.01, 0.01, 0.02, 0.02, 0.02, 0.02, 0.03, 0.03, 0.03, 0.03, 0.03, 0.04, 0.04, 0.04, 0.04, 0.04, 0.05, 0.05, 0.05, 0.05, 0.06, 0.06, 0.06, 0.06, 0.06, 0.07, 0.07, 0.07, 0.07, 0.08, 0.08, 0.08, 0.08, 0.08, 0.09, 0.09, 0.09, 0.09], "Frequency": [49.38, 49.38, 49.38, 49.38, 49.38, 49.38, 49.39, 49.39, 49.39, 49.4, 49.4, 49.4, 49.39, 49.39, 49.39, 49.39, 49.39, 49.39, 49.39, 49.39, 49.39, 49.4, 49.4, 49.4, 49.4, 49.4, 49.4, 49.38, 49.38, 49.38, 49.39, 49.39, 49.39, 49.38, 49.38, 49.38, 49.39, 49.39, 49.39, 49.39, 49.39, 49.39, 49.4, 49.4, 49.4], "Temp_env": []}