{"Start_Time": [1759286523.353378], "Time": [1759286525.3555858, 1759286527.3587153, 1759286529.3610377, 1759286531.36375, 1759286533.3734949, 1759286535.3756862, 1759286537.3785114, 1759286539.3885937, 1759286541.3912952, 1759286543.3940194, 1759286545.4036744, 1759286547.4060385, 1759286549.408733, 1759286551.4111717, 1759286553.4137478, 1759286555.41607, 1759286557.4262347, 1759286559.4288526, 1759286561.431146, 1759286563.4415329, 1759286565.4443588, 1759286567.4468405, 1759286569.4570737, 1759286571.4601214, 1759286573.4628894, 1759286575.472321, 1759286577.4749744, 1759286579.4779096, 1759286581.4872508, 1759286583.4902406, 1759286585.4931822, 1759286587.4953039, 1759286589.4973893, 1759286591.500491, 1759286593.503378, 1759286595.5061982, 1759286597.509318, 1759286599.519413, 1759286601.5220528, 1759286603.5243852, 1759286605.53431, 1759286607.5373497, 1759286609.5404615, 1759286611.550481, 1759286613.5533655], "Voltage": [231.13, 231.02, 231.13, 231.13, 231.23, 231.13, 230.97, 231.18, 231.02, 231.13, 231.28, 231.18, 231.28, 231.28, 231.39, 231.28, 231.34, 231.39, 231.28, 231.34, 231.18, 231.07, 231.23, 231.07, 231.07, 231.13, 230.92, 231.07, 230.97, 230.92, 230.97, 230.97, 231.07, 231.07, 231.07, 231.13, 231.13, 231.18, 231.39, 231.34, 231.23, 231.18, 231.28, 231.34, 231.28], "Current": [0.03, 0.03, 0.03, 0.03, 0.04, 0.04, 0.03, 0.03, 0.04, 0.03, 0.03, 0.04, 0.03, 0.03, 0.04, 0.03, 0.03, 0.03, 0.04, 0.04, 0.03, 0.03, 0.03, 0.04, 0.03, 0.03, 0.03, 0.03, 0.03, 0.04, 0.04, 0.03, 0.03, 0.03, 0.04, 0.03, 0.03, 0.03, 0.04, 0.03, 0.03, 0.03, 0.03, 0.03, 0.03], "Real_Power": [3.91, 3.9, 3.91, 3.98, 3.95, 3.83, 4.01, 3.97, 4.03, 3.96, 3.89, 4.05, 3.84, 3.98, 3.9, 3.79, 3.9, 3.97, 3.89, 3.88, 3.93, 3.91, 4.07, 3.97, 3.86, 3.94, 3.86, 3.86, 3.89, 3.92, 4.01, 3.92, 3.87, 3.99, 4.0, 3.88, 3.99, 3.93, 3.94, 3.88, 3.88, 3.94, 3.86, 3.99, 3.95], "Apparent_Power": [6.93, 6.93, 6.93, 6.93, 9.24, 9.24, 6.92, 6.93, 9.24, 6.93, 6.93, 9.24, 6.93, 6.93, 9.25, 6.93, 6.94, 6.94, 9.25, 9.25, 6.93, 6.93, 6.93, 9.24, 6.93, 6.93, 6.92, 6.93, 6.92, 9.23, 9.23, 6.92, 6.93, 6.93, 9.24, 6.93, 6.93, 6.93, 9.25, 6.94, 6.93, 6.93, 6.93, 6.94, 6.93], "Apparent_Power_Reactive": [5.72, 5.72, 5.72, 5.67, 8.35, 8.4, 5.63, 5.68, 8.31, 5.68, 5.73, 8.3, 5.76, 5.67, 8.38, 5.8, 5.74, 5.69, 8.39, 8.39, 5.7, 5.72, 5.6, 8.34, 5.75, 5.7, 5.74, 5.75, 5.72, 8.35, 8.31, 5.7, 5.74, 5.66, 8.32, 5.74, 5.66, 5.7, 8.36, 5.75, 5.74, 5.7, 5.75, 5.67, 5.69], "Power_Factor": [0.564, 0.562, 0.564, 0.574, 0.427, 0.414, 0.579, 0.572, 0.436, 0.571, 0.561, 0.438, 0.554, 0.574, 0.421, 0.546, 0.561, 0.572, 0.42, 0.419, 0.567, 0.564, 0.587, 0.429, 0.556, 0.568, 0.557, 0.556, 0.562, 0.424, 0.434, 0.566, 0.558, 0.575, 0.432, 0.559, 0.575, 0.567, 0.425, 0.559, 0.559, 0.568, 0.556, 0.574, 0.569], "Energy": [0.0, 0.0, 0.0, 0.0, 0.01, 0.01, 0.01, 0.01, 0.01, 0.02, 0.02, 0.02, 0.02, 0.03, 0.03, 0.03, 0.03, 0.03, 0.04, 0.04, 0.04, 0.04, 0.05, 0.05, 0.05, 0.05, 0.05, 0.06, 0.06, 0.06, 0.06, 0.07, 0.07, 0.07, 0.07, 0.07, 0.08, 0.08, 0.08, 0.08, 0.09, 0.09, 0.09, 0.09, 0.09], "Frequency": [49.39, 49.39, 49.39, 49.39, 49.39, 49.39, 49.39, 49.4, 49.4, 49.4, 49.39, 49.39, 49.39, 49.4, 49.4, 49.4, 49.4, 49.4, 49.4, 49.41, 49.41, 49.41, 49.4, 49.4, 49.4, 49.39, 49.39, 49.39, 49.39, 49.39, 49.39, 49.39, 49.39, 49.39, 49.39, 49.39, 49.39, 49.4, 49.4, 49.4, 49.42, 49.42, 49.42, 49.42, 49.42], "Temp_env": []}