{"Start_Time": [1758893386.090423], "Time": [1758893388.0931156, 1758893390.0956936, 1758893392.098358, 1758893394.1006377, 1758893396.1035068, 1758893398.1066444, 1758893400.1095004, 1758893402.1121445, 1758893404.114626, 1758893406.1169088, 1758893408.1195548, 1758893410.1219923, 1758893412.1245084, 1758893414.1270728, 1758893416.129808, 1758893418.1320248, 1758893420.1345725, 1758893422.1373494, 1758893424.1396546, 1758893426.1423333, 1758893428.1450317, 1758893430.1477776, 1758893432.1506097, 1758893434.1528811, 1758893436.1557193, 1758893438.158667, 1758893440.1612537, 1758893442.1641226, 1758893444.166677, 1758893446.1690712, 1758893448.1719255, 1758893450.1747448, 1758893452.1770773, 1758893454.1799705, 1758893456.1827207, 1758893458.1850016, 1758893460.187805, 1758893462.190167, 1758893464.1932025, 1758893466.196032, 1758893468.1990707, 1758893470.2021358, 1758893472.2048354, 1758893474.2071834, 1758893476.2103055], "Voltage": [229.29, 229.19, 229.24, 229.29, 229.24, 229.24, 229.24, 229.14, 229.03, 229.29, 229.24, 229.24, 229.19, 229.29, 229.29, 229.5, 229.4, 229.4, 229.45, 229.35, 229.35, 229.29, 229.19, 229.29, 229.03, 229.03, 228.98, 229.03, 229.03, 228.87, 229.08, 228.93, 229.03, 229.08, 228.87, 228.87, 229.08, 228.93, 229.08, 229.14, 228.98, 229.08, 229.08, 229.24, 229.19], "Current": [0.04, 0.04, 0.04, 0.04, 0.04, 0.04, 0.04, 0.04, 0.04, 0.04, 0.04, 0.04, 0.04, 0.04, 0.04, 0.04, 0.04, 0.04, 0.04, 0.04, 0.04, 0.04, 0.04, 0.04, 0.04, 0.04, 0.04, 0.04, 0.04, 0.04, 0.04, 0.04, 0.04, 0.04, 0.04, 0.04, 0.04, 0.04, 0.04, 0.04, 0.04, 0.04, 0.04, 0.04, 0.04], "Real_Power": [3.99, 3.91, 3.94, 3.96, 3.91, 4.02, 4.03, 3.97, 4.03, 3.98, 4.01, 3.96, 3.99, 4.09, 3.92, 4.04, 4.0, 3.9, 4.02, 4.07, 3.95, 4.05, 3.99, 3.93, 4.11, 3.99, 4.1, 4.15, 4.03, 3.94, 4.01, 4.0, 3.98, 4.02, 3.95, 4.07, 3.89, 4.0, 3.98, 3.97, 4.02, 3.9, 3.95, 3.93, 3.88], "Apparent_Power": [9.17, 9.16, 9.16, 9.17, 9.16, 9.16, 9.16, 9.16, 9.16, 9.17, 9.16, 9.16, 9.16, 9.17, 9.17, 9.18, 9.17, 9.17, 9.17, 9.17, 9.17, 9.17, 9.16, 9.17, 9.16, 9.16, 9.15, 9.16, 9.16, 9.15, 9.16, 9.15, 9.16, 9.16, 9.15, 9.15, 9.16, 9.15, 9.16, 9.16, 9.15, 9.16, 9.16, 9.16, 9.16], "Apparent_Power_Reactive": [8.25, 8.28, 8.26, 8.27, 8.28, 8.23, 8.22, 8.25, 8.22, 8.26, 8.23, 8.25, 8.24, 8.2, 8.28, 8.24, 8.25, 8.29, 8.24, 8.21, 8.27, 8.22, 8.24, 8.28, 8.18, 8.24, 8.18, 8.16, 8.22, 8.25, 8.23, 8.22, 8.25, 8.23, 8.25, 8.19, 8.29, 8.22, 8.25, 8.25, 8.21, 8.28, 8.26, 8.27, 8.29], "Power_Factor": [0.435, 0.426, 0.43, 0.431, 0.426, 0.438, 0.439, 0.433, 0.439, 0.434, 0.437, 0.432, 0.435, 0.446, 0.427, 0.44, 0.436, 0.425, 0.438, 0.443, 0.43, 0.441, 0.435, 0.428, 0.448, 0.435, 0.448, 0.453, 0.439, 0.43, 0.437, 0.437, 0.434, 0.438, 0.431, 0.444, 0.424, 0.437, 0.434, 0.433, 0.439, 0.425, 0.431, 0.429, 0.423], "Energy": [0.0, 0.0, 0.0, 0.0, 0.01, 0.01, 0.01, 0.01, 0.02, 0.02, 0.02, 0.02, 0.02, 0.03, 0.03, 0.03, 0.03, 0.04, 0.04, 0.04, 0.04, 0.04, 0.05, 0.05, 0.05, 0.05, 0.06, 0.06, 0.06, 0.06, 0.06, 0.07, 0.07, 0.07, 0.07, 0.08, 0.08, 0.08, 0.08, 0.08, 0.09, 0.09, 0.09, 0.09, 0.1], "Frequency": [49.38, 49.39, 49.39, 49.39, 49.39, 49.39, 49.39, 49.39, 49.39, 49.39, 49.39, 49.39, 49.39, 49.38, 49.38, 49.38, 49.38, 49.38, 49.38, 49.39, 49.39, 49.39, 49.42, 49.42, 49.42, 49.43, 49.43, 49.43, 49.42, 49.42, 49.42, 49.43, 49.43, 49.43, 49.39, 49.39, 49.39, 49.4, 49.4, 49.4, 49.4, 49.4, 49.4, 49.4, 49.4], "Temp_env": []}