{"Start_Time": [1759318893.050317], "Time": [1759318895.0529914, 1759318897.0553932, 1759318899.0583456, 1759318901.0612988, 1759318903.0634007, 1759318905.0660844, 1759318907.06846, 1759318909.0714037, 1759318911.0743334, 1759318913.0771563, 1759318915.0805256, 1759318917.0837665, 1759318919.0862713, 1759318921.0885768, 1759318923.091424, 1759318925.0943232, 1759318927.0973463, 1759318929.0999231, 1759318931.102406, 1759318933.104764, 1759318935.107428, 1759318937.1097968, 1759318939.1125038, 1759318941.1150742, 1759318943.1179929, 1759318945.1205726, 1759318947.122933, 1759318949.1258235, 1759318951.1286595, 1759318953.13125, 1759318955.1341152, 1759318957.1371443, 1759318959.1397712, 1759318961.142124, 1759318963.1447961, 1759318965.1470652, 1759318967.149787, 1759318969.1521792, 1759318971.155104, 1759318973.1581209, 1759318975.1610048, 1759318977.1639132, 1759318979.1663244, 1759318981.1692734, 1759318983.1721869], "Voltage": [230.55, 230.86, 230.97, 230.92, 230.45, 230.55, 230.6, 230.55, 230.71, 230.66, 230.6, 230.71, 230.71, 230.71, 230.24, 230.6, 230.71, 230.71, 230.6, 230.76, 230.71, 230.13, 230.45, 230.45, 230.6, 230.71, 230.76, 230.76, 230.71, 230.86, 230.86, 230.76, 230.92, 230.71, 230.92, 230.92, 230.76, 230.76, 230.66, 230.71, 230.92, 230.71, 230.97, 230.71, 231.07], "Current": [0.04, 0.04, 0.04, 0.04, 0.04, 0.04, 0.04, 0.04, 0.04, 0.04, 0.04, 0.04, 0.04, 0.04, 0.04, 0.04, 0.04, 0.04, 0.04, 0.04, 0.04, 0.04, 0.04, 0.04, 0.04, 0.04, 0.04, 0.04, 0.04, 0.04, 0.04, 0.04, 0.04, 0.04, 0.04, 0.04, 0.04, 0.04, 0.04, 0.04, 0.04, 0.04, 0.04, 0.04, 0.04], "Real_Power": [3.89, 3.99, 3.94, 3.99, 4.14, 4.09, 4.05, 4.12, 4.17, 4.03, 3.95, 4.08, 4.01, 4.04, 4.05, 4.01, 3.97, 4.0, 4.07, 3.96, 4.18, 3.9, 4.2, 4.06, 4.02, 3.94, 4.05, 4.08, 4.07, 4.05, 4.0, 4.02, 4.05, 4.01, 3.91, 4.11, 4.11, 3.98, 4.05, 4.05, 4.06, 4.01, 4.01, 4.03, 4.03], "Apparent_Power": [9.22, 9.23, 9.23, 9.23, 9.21, 9.22, 9.22, 9.22, 9.22, 9.22, 9.22, 9.22, 9.22, 9.22, 9.2, 9.22, 9.22, 9.22, 9.22, 9.23, 9.22, 9.2, 9.21, 9.21, 9.22, 9.22, 9.23, 9.23, 9.22, 9.23, 9.23, 9.23, 9.23, 9.22, 9.23, 9.23, 9.23, 9.23, 9.22, 9.22, 9.23, 9.22, 9.23, 9.22, 9.24], "Apparent_Power_Reactive": [8.35, 8.32, 8.34, 8.32, 8.22, 8.26, 8.28, 8.24, 8.22, 8.29, 8.33, 8.26, 8.3, 8.28, 8.26, 8.3, 8.32, 8.3, 8.27, 8.33, 8.21, 8.33, 8.19, 8.26, 8.29, 8.33, 8.29, 8.27, 8.27, 8.29, 8.31, 8.3, 8.29, 8.3, 8.36, 8.26, 8.26, 8.32, 8.28, 8.28, 8.28, 8.3, 8.31, 8.29, 8.31], "Power_Factor": [0.421, 0.432, 0.426, 0.432, 0.449, 0.443, 0.439, 0.446, 0.452, 0.437, 0.428, 0.442, 0.434, 0.438, 0.44, 0.434, 0.43, 0.433, 0.441, 0.429, 0.453, 0.423, 0.456, 0.44, 0.436, 0.427, 0.438, 0.442, 0.441, 0.438, 0.433, 0.435, 0.438, 0.434, 0.423, 0.445, 0.445, 0.431, 0.439, 0.439, 0.439, 0.434, 0.434, 0.437, 0.436], "Energy": [0.0, 0.0, 0.0, 0.0, 0.01, 0.01, 0.01, 0.01, 0.02, 0.02, 0.02, 0.02, 0.02, 0.03, 0.03, 0.03, 0.03, 0.04, 0.04, 0.04, 0.04, 0.04, 0.05, 0.05, 0.05, 0.05, 0.06, 0.06, 0.06, 0.06, 0.07, 0.07, 0.07, 0.07, 0.07, 0.08, 0.08, 0.08, 0.08, 0.09, 0.09, 0.09, 0.09, 0.09, 0.1], "Frequency": [49.36, 49.35, 49.35, 49.35, 49.37, 49.37, 49.37, 49.38, 49.38, 49.38, 49.38, 49.38, 49.38, 49.38, 49.38, 49.38, 49.38, 49.38, 49.38, 49.37, 49.37, 49.37, 49.36, 49.36, 49.36, 49.37, 49.37, 49.37, 49.37, 49.37, 49.37, 49.37, 49.37, 49.37, 49.37, 49.37, 49.37, 49.37, 49.37, 49.37, 49.36, 49.36, 49.36, 49.37, 49.37], "Temp_env": []}