{"Start_Time": [1758669156.4580271], "Time": [1758669158.460815, 1758669160.4640245, 1758669162.4666915, 1758669164.4696183, 1758669166.478892, 1758669168.4823976, 1758669170.485052, 1758669172.4951425, 1758669174.4979358, 1758669176.500743, 1758669178.5107772, 1758669180.5137644, 1758669182.516365, 1758669184.5188234, 1758669186.5214312, 1758669188.5239234, 1758669190.533881, 1758669192.5367637, 1758669194.5391128, 1758669196.549261, 1758669198.5522552, 1758669200.5552633, 1758669202.565096, 1758669204.5679345, 1758669206.5702875, 1758669208.5729704, 1758669210.5752513, 1758669212.5782044, 1758669214.5883214, 1758669216.5908718, 1758669218.5938804, 1758669220.6032817, 1758669222.606281, 1758669224.609333, 1758669226.6124427, 1758669228.6152596, 1758669230.6173275, 1758669232.620488, 1758669234.6233346, 1758669236.6263614, 1758669238.6363056, 1758669240.6394129, 1758669242.6422513, 1758669244.6450808, 1758669246.6474106], "Voltage": [229.29, 229.35, 229.45, 229.35, 229.19, 229.19, 229.35, 229.24, 229.35, 229.4, 229.24, 229.4, 229.4, 229.24, 229.35, 229.19, 229.29, 229.35, 229.24, 229.24, 229.19, 229.19, 229.24, 229.19, 229.24, 229.08, 229.14, 229.19, 229.14, 229.14, 229.24, 229.29, 229.29, 229.19, 229.14, 229.19, 229.19, 229.29, 229.19, 229.29, 229.4, 229.29, 229.19, 229.19, 229.19], "Current": [0.04, 0.04, 0.04, 0.04, 0.04, 0.04, 0.04, 0.04, 0.04, 0.04, 0.04, 0.04, 0.04, 0.04, 0.04, 0.04, 0.04, 0.04, 0.04, 0.04, 0.04, 0.03, 0.04, 0.04, 0.04, 0.04, 0.04, 0.04, 0.04, 0.04, 0.04, 0.04, 0.04, 0.04, 0.04, 0.04, 0.04, 0.04, 0.04, 0.04, 0.04, 0.04, 0.04, 0.04, 0.04], "Real_Power": [3.95, 3.83, 3.88, 3.95, 3.84, 3.86, 3.87, 3.96, 3.99, 3.89, 3.89, 3.87, 3.98, 3.9, 3.97, 3.84, 3.91, 4.05, 3.96, 3.85, 3.91, 3.78, 3.92, 3.81, 3.9, 3.93, 3.89, 3.86, 3.77, 3.86, 3.9, 3.88, 3.81, 3.92, 3.82, 3.87, 3.97, 3.92, 3.95, 3.98, 3.77, 3.93, 3.85, 3.87, 3.88], "Apparent_Power": [9.17, 9.17, 9.17, 9.17, 9.16, 9.16, 9.17, 9.16, 9.17, 9.17, 9.16, 9.17, 9.17, 9.16, 9.17, 9.16, 9.17, 9.17, 9.16, 9.16, 9.16, 6.87, 9.16, 9.16, 9.16, 9.16, 9.16, 9.16, 9.16, 9.16, 9.16, 9.17, 9.17, 9.16, 9.16, 9.16, 9.16, 9.17, 9.16, 9.17, 9.17, 9.17, 9.16, 9.16, 9.16], "Apparent_Power_Reactive": [8.27, 8.33, 8.3, 8.27, 8.31, 8.3, 8.31, 8.25, 8.25, 8.3, 8.29, 8.31, 8.26, 8.28, 8.26, 8.31, 8.29, 8.22, 8.25, 8.31, 8.28, 5.73, 8.27, 8.33, 8.28, 8.27, 8.29, 8.3, 8.34, 8.3, 8.28, 8.3, 8.34, 8.27, 8.32, 8.3, 8.25, 8.28, 8.26, 8.26, 8.35, 8.28, 8.31, 8.3, 8.29], "Power_Factor": [0.43, 0.417, 0.423, 0.43, 0.419, 0.421, 0.422, 0.432, 0.435, 0.424, 0.424, 0.422, 0.434, 0.425, 0.432, 0.419, 0.426, 0.441, 0.432, 0.42, 0.426, 0.55, 0.427, 0.415, 0.425, 0.429, 0.424, 0.421, 0.411, 0.421, 0.425, 0.423, 0.415, 0.427, 0.417, 0.422, 0.433, 0.427, 0.431, 0.434, 0.411, 0.428, 0.42, 0.422, 0.423], "Energy": [0.0, 0.0, 0.0, 0.0, 0.01, 0.01, 0.01, 0.01, 0.01, 0.02, 0.02, 0.02, 0.02, 0.03, 0.03, 0.03, 0.03, 0.03, 0.04, 0.04, 0.04, 0.04, 0.05, 0.05, 0.05, 0.05, 0.05, 0.06, 0.06, 0.06, 0.06, 0.07, 0.07, 0.07, 0.07, 0.07, 0.08, 0.08, 0.08, 0.08, 0.08, 0.09, 0.09, 0.09, 0.09], "Frequency": [49.39, 49.39, 49.39, 49.39, 49.4, 49.4, 49.4, 49.41, 49.41, 49.41, 49.41, 49.41, 49.41, 49.41, 49.41, 49.41, 49.41, 49.41, 49.41, 49.41, 49.41, 49.41, 49.39, 49.39, 49.39, 49.39, 49.39, 49.39, 49.4, 49.4, 49.4, 49.39, 49.39, 49.4, 49.4, 49.4, 49.39, 49.39, 49.39, 49.4, 49.4, 49.4, 49.41, 49.41, 49.41], "Temp_env": []}