{"Start_Time": [1758922182.060299], "Time": [1758922184.0632658, 1758922186.0662897, 1758922188.0689692, 1758922190.0713205, 1758922192.074343, 1758922194.0773711, 1758922196.0802732, 1758922198.083384, 1758922200.086065, 1758922202.0883005, 1758922204.0914788, 1758922206.0944974, 1758922208.097519, 1758922210.100355, 1758922212.1028786, 1758922214.105386, 1758922216.1076634, 1758922218.1105785, 1758922220.1132672, 1758922222.1158848, 1758922224.118282, 1758922226.120924, 1758922228.1237497, 1758922230.1263306, 1758922232.1287596, 1758922234.1317563, 1758922236.13443, 1758922238.1370654, 1758922240.139861, 1758922242.1424177, 1758922244.1447575, 1758922246.1476378, 1758922248.150572, 1758922250.153186, 1758922252.156055, 1758922254.159132, 1758922256.1618037, 1758922258.1646917, 1758922260.1677818, 1758922262.170584, 1758922264.1729698, 1758922266.1760232, 1758922268.1789823, 1758922270.1818445, 1758922272.183956], "Voltage": [231.39, 231.55, 231.39, 231.44, 231.49, 231.23, 231.39, 231.34, 231.39, 231.18, 231.07, 231.02, 231.02, 231.02, 231.07, 231.02, 231.07, 230.92, 231.02, 231.07, 231.07, 230.92, 230.81, 230.97, 230.92, 230.92, 231.02, 231.07, 230.97, 230.92, 231.02, 230.92, 231.07, 231.02, 231.13, 231.23, 231.07, 231.07, 231.18, 231.07, 230.97, 231.02, 231.02, 232.12, 232.12], "Current": [0.04, 0.04, 0.04, 0.04, 0.04, 0.04, 0.04, 0.04, 0.04, 0.04, 0.04, 0.04, 0.04, 0.04, 0.04, 0.04, 0.04, 0.04, 0.04, 0.04, 0.04, 0.04, 0.04, 0.04, 0.04, 0.04, 0.04, 0.04, 0.04, 0.04, 0.04, 0.04, 0.04, 0.04, 0.04, 0.04, 0.04, 0.04, 0.04, 0.04, 0.04, 0.04, 0.04, 0.04, 0.03], "Real_Power": [3.94, 4.0, 3.95, 3.88, 4.03, 3.92, 3.86, 3.91, 3.87, 3.84, 3.94, 3.91, 3.83, 3.87, 3.89, 3.87, 3.82, 3.93, 3.9, 3.79, 3.95, 4.0, 3.86, 3.79, 3.85, 3.9, 3.81, 3.89, 3.9, 3.81, 3.87, 3.99, 3.93, 3.84, 3.96, 3.96, 3.94, 3.91, 3.85, 3.88, 3.95, 3.88, 3.95, 3.92, 3.79], "Apparent_Power": [9.25, 9.26, 9.25, 9.25, 9.25, 9.24, 9.25, 9.25, 9.25, 9.24, 9.24, 9.24, 9.24, 9.24, 9.24, 9.24, 9.24, 9.23, 9.24, 9.24, 9.24, 9.23, 9.23, 9.23, 9.23, 9.23, 9.24, 9.24, 9.23, 9.23, 9.24, 9.23, 9.24, 9.24, 9.24, 9.24, 9.24, 9.24, 9.24, 9.24, 9.23, 9.24, 9.24, 9.28, 6.96], "Apparent_Power_Reactive": [8.36, 8.35, 8.36, 8.39, 8.32, 8.36, 8.4, 8.38, 8.4, 8.4, 8.35, 8.37, 8.4, 8.39, 8.38, 8.39, 8.41, 8.35, 8.37, 8.42, 8.35, 8.31, 8.38, 8.41, 8.38, 8.36, 8.41, 8.38, 8.36, 8.4, 8.39, 8.32, 8.36, 8.4, 8.34, 8.34, 8.35, 8.37, 8.39, 8.38, 8.34, 8.38, 8.35, 8.41, 5.83], "Power_Factor": [0.425, 0.431, 0.427, 0.419, 0.435, 0.424, 0.417, 0.422, 0.418, 0.415, 0.426, 0.423, 0.414, 0.418, 0.42, 0.418, 0.413, 0.425, 0.422, 0.41, 0.427, 0.433, 0.418, 0.41, 0.417, 0.422, 0.412, 0.42, 0.422, 0.412, 0.418, 0.432, 0.425, 0.415, 0.428, 0.428, 0.426, 0.423, 0.416, 0.419, 0.427, 0.419, 0.427, 0.422, 0.544], "Energy": [0.0, 0.0, 0.0, 0.0, 0.01, 0.01, 0.01, 0.01, 0.01, 0.02, 0.02, 0.02, 0.02, 0.03, 0.03, 0.03, 0.03, 0.03, 0.04, 0.04, 0.04, 0.04, 0.05, 0.05, 0.05, 0.05, 0.05, 0.06, 0.06, 0.06, 0.06, 0.07, 0.07, 0.07, 0.07, 0.07, 0.08, 0.08, 0.08, 0.08, 0.08, 0.09, 0.09, 0.09, 0.09], "Frequency": [49.41, 49.41, 49.41, 49.41, 49.39, 49.39, 49.39, 49.39, 49.39, 49.39, 49.39, 49.39, 49.39, 49.36, 49.36, 49.36, 49.35, 49.35, 49.35, 49.35, 49.35, 49.35, 49.35, 49.35, 49.35, 49.36, 49.36, 49.36, 49.35, 49.35, 49.35, 49.35, 49.35, 49.35, 49.35, 49.35, 49.35, 49.35, 49.35, 49.35, 49.34, 49.34, 49.34, 49.35, 49.35], "Temp_env": []}