{"Start_Time": [1759241084.8341937], "Time": [1759241086.8367474, 1759241088.8393176, 1759241090.8416336, 1759241092.8443, 1759241094.846783, 1759241096.8496203, 1759241098.8524904, 1759241100.8545651, 1759241102.857478, 1759241104.8605216, 1759241106.863795, 1759241108.8666356, 1759241110.8692877, 1759241112.8716063, 1759241114.874543, 1759241116.8775268, 1759241118.880216, 1759241120.8825364, 1759241122.88564, 1759241124.8882716, 1759241126.8906164, 1759241128.8932796, 1759241130.895928, 1759241132.8984258, 1759241134.9012818, 1759241136.9035852, 1759241138.9064596, 1759241140.9095764, 1759241142.9122317, 1759241144.91456, 1759241146.9175515, 1759241148.9205058, 1759241150.9231799, 1759241152.9256077, 1759241154.9285455, 1759241156.9313045, 1759241158.9335768, 1759241160.9356806, 1759241162.938365, 1759241164.9412773, 1759241166.9439898, 1759241168.9464428, 1759241170.949302, 1759241172.951656, 1759241174.9543855], "Voltage": [230.92, 231.07, 231.02, 231.02, 231.07, 230.97, 231.13, 231.07, 231.02, 230.97, 231.07, 231.02, 231.13, 231.13, 231.13, 231.07, 231.13, 231.02, 230.97, 231.02, 230.92, 231.02, 231.02, 230.97, 231.07, 231.13, 231.18, 231.13, 231.23, 231.23, 231.13, 231.18, 231.23, 231.18, 231.07, 230.86, 231.02, 230.92, 231.07, 230.97, 231.02, 231.02, 231.07, 231.02, 231.07], "Current": [0.04, 0.04, 0.04, 0.04, 0.04, 0.04, 0.04, 0.04, 0.04, 0.04, 0.04, 0.04, 0.04, 0.04, 0.04, 0.04, 0.04, 0.04, 0.04, 0.04, 0.04, 0.04, 0.04, 0.04, 0.04, 0.04, 0.04, 0.04, 0.04, 0.04, 0.04, 0.04, 0.04, 0.04, 0.04, 0.04, 0.04, 0.04, 0.04, 0.04, 0.04, 0.04, 0.04, 0.04, 0.04], "Real_Power": [4.06, 4.04, 4.0, 4.09, 4.02, 4.07, 3.98, 4.01, 3.94, 3.9, 3.91, 3.94, 3.99, 3.92, 3.97, 3.94, 3.98, 3.98, 3.94, 3.97, 3.99, 3.88, 4.08, 4.02, 3.91, 3.97, 3.92, 3.95, 4.06, 3.95, 4.1, 3.89, 4.11, 4.02, 4.0, 3.85, 4.02, 4.02, 4.04, 4.03, 3.96, 3.98, 4.09, 3.93, 3.99], "Apparent_Power": [9.23, 9.24, 9.24, 9.24, 9.24, 9.23, 9.24, 9.24, 9.24, 9.23, 9.24, 9.24, 9.24, 9.24, 9.24, 9.24, 9.24, 9.24, 9.23, 9.24, 9.23, 9.24, 9.24, 9.23, 9.24, 9.24, 9.24, 9.24, 9.24, 9.24, 9.24, 9.24, 9.24, 9.24, 9.24, 9.23, 9.24, 9.23, 9.24, 9.23, 9.24, 9.24, 9.24, 9.24, 9.24], "Apparent_Power_Reactive": [8.28, 8.3, 8.32, 8.28, 8.31, 8.28, 8.33, 8.32, 8.35, 8.36, 8.37, 8.35, 8.33, 8.36, 8.34, 8.35, 8.33, 8.33, 8.34, 8.34, 8.32, 8.38, 8.29, 8.3, 8.37, 8.34, 8.36, 8.35, 8.3, 8.35, 8.28, 8.38, 8.27, 8.31, 8.32, 8.38, 8.31, 8.3, 8.3, 8.3, 8.34, 8.33, 8.28, 8.36, 8.33], "Power_Factor": [0.439, 0.437, 0.432, 0.442, 0.435, 0.44, 0.43, 0.433, 0.426, 0.422, 0.423, 0.426, 0.431, 0.424, 0.429, 0.426, 0.43, 0.43, 0.426, 0.429, 0.432, 0.419, 0.441, 0.435, 0.423, 0.429, 0.424, 0.427, 0.439, 0.427, 0.443, 0.42, 0.444, 0.435, 0.432, 0.417, 0.435, 0.435, 0.437, 0.436, 0.428, 0.43, 0.442, 0.425, 0.431], "Energy": [0.0, 0.0, 0.0, 0.0, 0.01, 0.01, 0.01, 0.01, 0.02, 0.02, 0.02, 0.02, 0.02, 0.03, 0.03, 0.03, 0.03, 0.04, 0.04, 0.04, 0.04, 0.04, 0.05, 0.05, 0.05, 0.05, 0.06, 0.06, 0.06, 0.06, 0.06, 0.07, 0.07, 0.07, 0.07, 0.08, 0.08, 0.08, 0.08, 0.08, 0.09, 0.09, 0.09, 0.09, 0.1], "Frequency": [49.42, 49.43, 49.43, 49.43, 49.43, 49.43, 49.43, 49.43, 49.43, 49.43, 49.42, 49.42, 49.42, 49.42, 49.42, 49.42, 49.42, 49.42, 49.42, 49.43, 49.43, 49.43, 49.42, 49.42, 49.42, 49.43, 49.43, 49.43, 49.43, 49.43, 49.43, 49.42, 49.42, 49.42, 49.43, 49.43, 49.43, 49.41, 49.41, 49.41, 49.41, 49.41, 49.41, 49.41, 49.41], "Temp_env": []}