{"Start_Time": [1758659557.6822515], "Time": [1758659559.684587, 1758659561.6877627, 1758659563.6903768, 1758659565.6927533, 1758659567.6954405, 1758659569.698013, 1758659571.7004168, 1758659573.7027802, 1758659575.705459, 1758659577.7079098, 1758659579.7176876, 1758659581.7205093, 1758659583.7228577, 1758659585.7255523, 1758659587.7283251, 1758659589.7311678, 1758659591.7340143, 1758659593.736861, 1758659595.7395682, 1758659597.7418976, 1758659599.7446249, 1758659601.747707, 1758659603.7581577, 1758659605.7606046, 1758659607.762946, 1758659609.7656658, 1758659611.768531, 1758659613.770829, 1758659615.7736273, 1758659617.7762024, 1758659619.7788577, 1758659621.781834, 1758659623.7847135, 1758659625.7877688, 1758659627.790708, 1758659629.7930593, 1758659631.7957475, 1758659633.7980921, 1758659635.8008058, 1758659637.803706, 1758659639.805974, 1758659641.808168, 1758659643.8108804, 1758659645.8209448, 1758659647.8238614], "Voltage": [230.92, 230.81, 230.81, 230.92, 230.81, 230.81, 230.92, 230.86, 230.97, 230.86, 231.02, 230.86, 230.97, 231.02, 231.13, 230.97, 230.92, 230.92, 231.07, 230.97, 231.02, 230.92, 230.92, 230.86, 230.92, 230.81, 230.81, 230.81, 230.92, 230.92, 230.92, 230.86, 230.86, 230.92, 230.86, 230.92, 230.97, 231.02, 230.97, 230.97, 231.07, 230.92, 231.02, 231.02, 231.13], "Current": [0.04, 0.03, 0.04, 0.03, 0.03, 0.03, 0.03, 0.03, 0.03, 0.03, 0.03, 0.03, 0.03, 0.04, 0.03, 0.03, 0.03, 0.03, 0.03, 0.03, 0.03, 0.03, 0.03, 0.04, 0.03, 0.03, 0.04, 0.03, 0.03, 0.03, 0.03, 0.03, 0.04, 0.04, 0.04, 0.04, 0.04, 0.04, 0.04, 0.04, 0.04, 0.04, 0.03, 0.03, 0.03], "Real_Power": [3.89, 3.95, 3.88, 3.91, 3.88, 3.9, 3.93, 3.91, 3.89, 3.85, 4.01, 3.9, 3.88, 4.02, 3.88, 3.81, 3.84, 3.89, 3.94, 3.85, 3.92, 3.87, 3.87, 3.93, 3.86, 3.83, 3.96, 3.91, 3.99, 3.85, 3.91, 3.84, 3.89, 3.93, 3.93, 3.93, 3.83, 3.87, 3.89, 3.94, 3.89, 3.89, 3.9, 3.9, 3.97], "Apparent_Power": [9.23, 6.92, 9.23, 6.92, 6.92, 6.92, 6.92, 6.92, 6.92, 6.92, 6.93, 6.92, 6.92, 9.24, 6.93, 6.92, 6.92, 6.92, 6.93, 6.92, 6.93, 6.92, 6.92, 9.23, 6.92, 6.92, 9.23, 6.92, 6.92, 6.92, 6.92, 6.92, 9.23, 9.23, 9.23, 9.23, 9.23, 9.24, 9.23, 9.23, 9.24, 9.23, 6.93, 6.93, 6.93], "Apparent_Power_Reactive": [8.37, 5.68, 8.37, 5.7, 5.72, 5.71, 5.69, 5.7, 5.72, 5.75, 5.65, 5.71, 5.72, 8.31, 5.74, 5.77, 5.75, 5.72, 5.7, 5.75, 5.71, 5.73, 5.73, 8.35, 5.74, 5.76, 8.33, 5.7, 5.65, 5.75, 5.7, 5.75, 8.37, 8.35, 8.35, 8.35, 8.39, 8.39, 8.37, 8.34, 8.38, 8.37, 5.72, 5.72, 5.68], "Power_Factor": [0.421, 0.57, 0.42, 0.565, 0.56, 0.563, 0.567, 0.565, 0.562, 0.556, 0.578, 0.563, 0.56, 0.435, 0.559, 0.55, 0.554, 0.562, 0.568, 0.556, 0.565, 0.559, 0.559, 0.425, 0.557, 0.553, 0.429, 0.565, 0.576, 0.556, 0.565, 0.554, 0.421, 0.425, 0.425, 0.425, 0.414, 0.418, 0.421, 0.426, 0.42, 0.421, 0.562, 0.562, 0.572], "Energy": [0.0, 0.0, 0.0, 0.0, 0.01, 0.01, 0.01, 0.01, 0.01, 0.02, 0.02, 0.02, 0.02, 0.03, 0.03, 0.03, 0.03, 0.03, 0.04, 0.04, 0.04, 0.04, 0.05, 0.05, 0.05, 0.05, 0.05, 0.06, 0.06, 0.06, 0.06, 0.07, 0.07, 0.07, 0.07, 0.07, 0.08, 0.08, 0.08, 0.08, 0.09, 0.09, 0.09, 0.09, 0.09], "Frequency": [49.37, 49.37, 49.37, 49.35, 49.35, 49.35, 49.36, 49.36, 49.36, 49.37, 49.37, 49.37, 49.37, 49.37, 49.37, 49.36, 49.36, 49.36, 49.35, 49.35, 49.35, 49.35, 49.35, 49.35, 49.36, 49.36, 49.36, 49.36, 49.36, 49.36, 49.37, 49.37, 49.37, 49.36, 49.36, 49.36, 49.35, 49.35, 49.35, 49.36, 49.36, 49.36, 49.36, 49.36, 49.36], "Temp_env": []}