{"Start_Time": [1758676406.050007], "Time": [1758676408.0530078, 1758676410.0558624, 1758676412.0582783, 1758676414.0611043, 1758676416.0631554, 1758676418.0662456, 1758676420.069246, 1758676422.0723155, 1758676424.0748823, 1758676426.0772598, 1758676428.0799828, 1758676430.082224, 1758676432.084334, 1758676434.0872192, 1758676436.0895765, 1758676438.0918243, 1758676440.0950482, 1758676442.09742, 1758676444.0993993, 1758676446.1023574, 1758676448.104461, 1758676450.1071417, 1758676452.1095014, 1758676454.1125033, 1758676456.1145158, 1758676458.1171808, 1758676460.1195183, 1758676462.1219075, 1758676464.1243849, 1758676466.126545, 1758676468.1287193, 1758676470.1315982, 1758676472.1346748, 1758676474.1373396, 1758676476.1399255, 1758676478.1427763, 1758676480.1455052, 1758676482.1486337, 1758676484.1516392, 1758676486.1540926, 1758676488.1570885, 1758676490.159931, 1758676492.162564, 1758676494.16491, 1758676496.167648], "Voltage": [229.76, 229.71, 229.87, 229.76, 229.55, 229.66, 229.55, 229.71, 229.76, 229.76, 229.87, 229.66, 229.82, 229.82, 229.76, 229.76, 229.66, 229.71, 229.76, 229.66, 229.55, 229.76, 229.61, 229.66, 229.71, 229.66, 229.66, 229.71, 229.61, 230.18, 230.24, 230.08, 230.13, 230.24, 230.13, 230.08, 230.18, 230.08, 229.97, 230.13, 230.03, 229.97, 230.13, 230.13, 230.24], "Current": [0.04, 0.04, 0.04, 0.04, 0.04, 0.04, 0.04, 0.04, 0.04, 0.04, 0.04, 0.04, 0.04, 0.04, 0.04, 0.04, 0.04, 0.04, 0.04, 0.04, 0.04, 0.04, 0.04, 0.04, 0.04, 0.04, 0.04, 0.04, 0.04, 0.03, 0.04, 0.03, 0.04, 0.04, 0.04, 0.04, 0.04, 0.04, 0.04, 0.04, 0.04, 0.04, 0.04, 0.04, 0.04], "Real_Power": [3.8, 3.85, 3.89, 3.94, 3.89, 3.95, 3.9, 3.95, 3.85, 3.95, 3.83, 3.87, 3.9, 3.96, 3.9, 3.89, 3.97, 3.84, 3.88, 3.9, 3.86, 3.94, 3.86, 3.89, 3.8, 3.83, 3.93, 3.87, 3.88, 3.87, 3.86, 3.87, 3.87, 3.91, 3.92, 3.92, 3.91, 3.88, 3.92, 3.98, 3.84, 3.92, 3.87, 3.93, 3.88], "Apparent_Power": [9.19, 9.18, 9.19, 9.19, 9.18, 9.18, 9.18, 9.18, 9.19, 9.19, 9.19, 9.18, 9.19, 9.19, 9.19, 9.19, 9.18, 9.18, 9.19, 9.18, 9.18, 9.19, 9.18, 9.18, 9.18, 9.18, 9.18, 9.18, 9.18, 6.9, 9.2, 6.9, 9.2, 9.2, 9.2, 9.2, 9.2, 9.2, 9.19, 9.2, 9.2, 9.19, 9.2, 9.2, 9.2], "Apparent_Power_Reactive": [8.36, 8.33, 8.32, 8.3, 8.31, 8.28, 8.31, 8.28, 8.34, 8.29, 8.35, 8.32, 8.32, 8.29, 8.32, 8.32, 8.27, 8.33, 8.33, 8.31, 8.32, 8.3, 8.32, 8.31, 8.35, 8.34, 8.29, 8.32, 8.31, 5.71, 8.35, 5.71, 8.34, 8.32, 8.32, 8.32, 8.32, 8.34, 8.31, 8.29, 8.36, 8.31, 8.34, 8.31, 8.34], "Power_Factor": [0.413, 0.419, 0.423, 0.428, 0.423, 0.43, 0.424, 0.43, 0.418, 0.429, 0.416, 0.421, 0.424, 0.43, 0.424, 0.423, 0.432, 0.418, 0.422, 0.424, 0.42, 0.428, 0.42, 0.423, 0.413, 0.417, 0.428, 0.421, 0.422, 0.56, 0.419, 0.56, 0.42, 0.425, 0.426, 0.426, 0.425, 0.421, 0.426, 0.432, 0.417, 0.426, 0.42, 0.427, 0.421], "Energy": [0.0, 0.0, 0.0, 0.0, 0.01, 0.01, 0.01, 0.01, 0.01, 0.02, 0.02, 0.02, 0.02, 0.03, 0.03, 0.03, 0.03, 0.03, 0.04, 0.04, 0.04, 0.04, 0.05, 0.05, 0.05, 0.05, 0.05, 0.06, 0.06, 0.06, 0.06, 0.06, 0.07, 0.07, 0.07, 0.07, 0.08, 0.08, 0.08, 0.08, 0.08, 0.09, 0.09, 0.09, 0.09], "Frequency": [49.4, 49.4, 49.4, 49.4, 49.4, 49.4, 49.4, 49.4, 49.4, 49.4, 49.4, 49.4, 49.41, 49.41, 49.41, 49.39, 49.39, 49.39, 49.39, 49.39, 49.39, 49.4, 49.4, 49.4, 49.4, 49.4, 49.4, 49.39, 49.39, 49.39, 49.39, 49.39, 49.39, 49.39, 49.39, 49.39, 49.39, 49.39, 49.39, 49.39, 49.39, 49.39, 49.41, 49.41, 49.41], "Temp_env": []}