{"Start_Time": [1759326959.6692889], "Time": [1759326961.671537, 1759326963.6743412, 1759326965.676655, 1759326967.6793284, 1759326969.6816542, 1759326971.691655, 1759326973.6943133, 1759326975.696682, 1759326977.6993792, 1759326979.7019308, 1759326981.7047095, 1759326983.7076159, 1759326985.71067, 1759326987.7134109, 1759326989.718107, 1759326991.7204888, 1759326993.722799, 1759326995.7327108, 1759326997.7348247, 1759326999.7376623, 1759327001.740566, 1759327003.7430723, 1759327005.7459056, 1759327007.7485685, 1759327009.7507, 1759327011.7527735, 1759327013.762536, 1759327015.765153, 1759327017.7681835, 1759327019.7710953, 1759327021.7735977, 1759327023.776223, 1759327025.7787857, 1759327027.7816253, 1759327029.7842517, 1759327031.7870572, 1759327033.7897456, 1759327035.7918696, 1759327037.801596, 1759327039.804692, 1759327041.807093, 1759327043.810037, 1759327045.8126538, 1759327047.8149343, 1759327049.817066], "Voltage": [228.35, 228.56, 228.4, 228.45, 228.45, 228.4, 228.4, 228.4, 228.45, 228.45, 228.4, 228.45, 228.4, 228.4, 228.4, 228.4, 228.35, 228.3, 228.35, 228.45, 228.3, 228.3, 228.45, 228.45, 228.4, 228.24, 228.3, 228.4, 228.19, 228.24, 228.3, 228.19, 228.19, 228.14, 228.19, 228.4, 228.45, 228.45, 228.4, 228.35, 228.24, 228.35, 228.19, 228.19, 228.24], "Current": [0.04, 0.04, 0.04, 0.04, 0.04, 0.04, 0.04, 0.04, 0.04, 0.04, 0.04, 0.04, 0.04, 0.04, 0.04, 0.04, 0.04, 0.04, 0.04, 0.04, 0.04, 0.04, 0.04, 0.04, 0.04, 0.04, 0.04, 0.04, 0.04, 0.04, 0.04, 0.04, 0.04, 0.04, 0.04, 0.04, 0.04, 0.04, 0.04, 0.04, 0.04, 0.04, 0.04, 0.04, 0.04], "Real_Power": [4.0, 4.07, 3.99, 3.97, 3.99, 3.82, 3.95, 3.94, 3.99, 3.95, 4.04, 3.97, 4.01, 4.03, 4.14, 3.91, 3.97, 3.94, 4.03, 3.89, 3.94, 4.1, 4.05, 4.08, 4.07, 3.94, 4.05, 4.05, 4.07, 3.91, 4.08, 4.01, 4.05, 3.89, 4.02, 4.07, 4.04, 4.05, 4.06, 4.0, 4.0, 3.9, 3.98, 4.02, 4.01], "Apparent_Power": [9.13, 9.14, 9.13, 9.13, 9.13, 9.13, 9.13, 9.13, 9.13, 9.13, 9.13, 9.13, 9.13, 9.13, 9.13, 9.13, 9.13, 9.13, 9.13, 9.13, 9.13, 9.13, 9.13, 9.13, 9.13, 9.12, 9.13, 9.13, 9.12, 9.12, 9.13, 9.12, 9.12, 9.12, 9.12, 9.13, 9.13, 9.13, 9.13, 9.13, 9.12, 9.13, 9.12, 9.12, 9.12], "Apparent_Power_Reactive": [8.2, 8.18, 8.21, 8.22, 8.21, 8.29, 8.23, 8.23, 8.21, 8.23, 8.18, 8.22, 8.2, 8.19, 8.13, 8.25, 8.22, 8.23, 8.19, 8.25, 8.23, 8.15, 8.18, 8.16, 8.17, 8.22, 8.18, 8.18, 8.16, 8.23, 8.16, 8.19, 8.17, 8.24, 8.18, 8.17, 8.18, 8.18, 8.17, 8.2, 8.19, 8.25, 8.2, 8.18, 8.19], "Power_Factor": [0.438, 0.445, 0.437, 0.434, 0.437, 0.418, 0.432, 0.431, 0.437, 0.432, 0.442, 0.434, 0.439, 0.441, 0.453, 0.428, 0.434, 0.431, 0.441, 0.426, 0.431, 0.449, 0.443, 0.446, 0.445, 0.432, 0.443, 0.443, 0.446, 0.428, 0.446, 0.439, 0.444, 0.426, 0.44, 0.445, 0.442, 0.443, 0.444, 0.438, 0.438, 0.427, 0.436, 0.44, 0.439], "Energy": [0.0, 0.0, 0.0, 0.0, 0.01, 0.01, 0.01, 0.01, 0.02, 0.02, 0.02, 0.02, 0.02, 0.03, 0.03, 0.03, 0.03, 0.04, 0.04, 0.04, 0.04, 0.04, 0.05, 0.05, 0.05, 0.05, 0.06, 0.06, 0.06, 0.06, 0.06, 0.07, 0.07, 0.07, 0.07, 0.08, 0.08, 0.08, 0.08, 0.09, 0.09, 0.09, 0.09, 0.09, 0.1], "Frequency": [49.4, 49.4, 49.41, 49.41, 49.41, 49.42, 49.42, 49.42, 49.41, 49.41, 49.41, 49.4, 49.4, 49.4, 49.39, 49.39, 49.39, 49.39, 49.39, 49.39, 49.39, 49.39, 49.39, 49.39, 49.39, 49.39, 49.38, 49.38, 49.38, 49.39, 49.39, 49.39, 49.39, 49.39, 49.39, 49.4, 49.4, 49.4, 49.4, 49.4, 49.4, 49.39, 49.39, 49.39, 49.39], "Temp_env": []}