{"Start_Time": [1758696624.6818292], "Time": [1758696626.6844738, 1758696628.6875472, 1758696630.6905282, 1758696632.6934047, 1758696634.7026002, 1758696636.70551, 1758696638.7085235, 1758696640.710592, 1758696642.7129803, 1758696644.7158208, 1758696646.7188962, 1758696648.7215781, 1758696650.7245176, 1758696652.7267358, 1758696654.7293978, 1758696656.7317111, 1758696658.7414715, 1758696660.7437828, 1758696662.7467144, 1758696664.7495246, 1758696666.7524633, 1758696668.7550106, 1758696670.757861, 1758696672.7604856, 1758696674.7630568, 1758696676.7655296, 1758696678.7679095, 1758696680.7708097, 1758696682.7739413, 1758696684.7768042, 1758696686.7790427, 1758696688.7815697, 1758696690.78388, 1758696692.786821, 1758696694.789, 1758696696.7909973, 1758696698.7937129, 1758696700.8031094, 1758696702.8057685, 1758696704.808279, 1758696706.8107328, 1758696708.8130395, 1758696710.8159652, 1758696712.818988, 1758696714.8217413], "Voltage": [229.4, 229.35, 229.4, 229.29, 229.45, 229.5, 229.35, 229.35, 229.35, 229.4, 229.29, 229.35, 229.4, 229.35, 229.29, 229.29, 229.35, 229.19, 229.35, 229.24, 229.35, 229.35, 229.24, 229.29, 229.29, 229.14, 229.14, 229.24, 229.4, 229.29, 229.4, 229.29, 229.29, 229.4, 229.55, 229.61, 229.97, 229.82, 229.82, 229.71, 229.71, 229.87, 229.82, 229.87, 229.92], "Current": [0.04, 0.04, 0.04, 0.04, 0.04, 0.04, 0.04, 0.04, 0.04, 0.04, 0.04, 0.04, 0.04, 0.04, 0.04, 0.04, 0.04, 0.04, 0.04, 0.04, 0.04, 0.04, 0.04, 0.04, 0.04, 0.04, 0.04, 0.04, 0.04, 0.04, 0.04, 0.04, 0.04, 0.04, 0.04, 0.04, 0.04, 0.04, 0.04, 0.04, 0.04, 0.04, 0.04, 0.04, 0.04], "Real_Power": [3.96, 3.99, 3.99, 3.87, 3.95, 4.1, 4.06, 3.95, 3.94, 3.94, 3.88, 3.97, 3.99, 3.99, 4.01, 3.96, 3.89, 3.97, 4.03, 3.96, 3.85, 4.0, 3.88, 3.92, 3.9, 4.0, 3.98, 4.06, 3.98, 4.01, 3.96, 3.92, 3.98, 4.02, 3.99, 3.93, 3.85, 4.01, 3.93, 3.95, 3.91, 3.92, 3.94, 3.86, 4.03], "Apparent_Power": [9.17, 9.17, 9.17, 9.17, 9.17, 9.18, 9.17, 9.17, 9.17, 9.17, 9.17, 9.17, 9.17, 9.17, 9.17, 9.17, 9.17, 9.16, 9.17, 9.16, 9.17, 9.17, 9.16, 9.17, 9.17, 9.16, 9.16, 9.16, 9.17, 9.17, 9.17, 9.17, 9.17, 9.17, 9.18, 9.18, 9.19, 9.19, 9.19, 9.18, 9.18, 9.19, 9.19, 9.19, 9.19], "Apparent_Power_Reactive": [8.27, 8.25, 8.25, 8.31, 8.27, 8.21, 8.22, 8.27, 8.28, 8.28, 8.3, 8.26, 8.25, 8.25, 8.24, 8.27, 8.3, 8.25, 8.23, 8.25, 8.32, 8.25, 8.29, 8.28, 8.29, 8.24, 8.25, 8.21, 8.26, 8.24, 8.27, 8.28, 8.26, 8.24, 8.26, 8.29, 8.34, 8.26, 8.3, 8.28, 8.3, 8.31, 8.3, 8.34, 8.25], "Power_Factor": [0.431, 0.435, 0.435, 0.422, 0.43, 0.446, 0.442, 0.43, 0.429, 0.429, 0.423, 0.432, 0.435, 0.435, 0.437, 0.431, 0.424, 0.433, 0.439, 0.432, 0.419, 0.436, 0.423, 0.427, 0.425, 0.436, 0.434, 0.443, 0.434, 0.437, 0.431, 0.427, 0.434, 0.438, 0.434, 0.428, 0.418, 0.436, 0.427, 0.43, 0.425, 0.426, 0.428, 0.42, 0.438], "Energy": [0.0, 0.0, 0.0, 0.0, 0.01, 0.01, 0.01, 0.01, 0.01, 0.02, 0.02, 0.02, 0.02, 0.03, 0.03, 0.03, 0.03, 0.03, 0.04, 0.04, 0.04, 0.04, 0.05, 0.05, 0.05, 0.05, 0.05, 0.06, 0.06, 0.06, 0.06, 0.07, 0.07, 0.07, 0.07, 0.07, 0.08, 0.08, 0.08, 0.08, 0.09, 0.09, 0.09, 0.09, 0.09], "Frequency": [49.39, 49.39, 49.39, 49.38, 49.38, 49.38, 49.38, 49.38, 49.38, 49.4, 49.4, 49.4, 49.42, 49.42, 49.42, 49.41, 49.41, 49.41, 49.41, 49.41, 49.41, 49.41, 49.41, 49.41, 49.42, 49.42, 49.42, 49.42, 49.42, 49.42, 49.44, 49.44, 49.44, 49.43, 49.43, 49.43, 49.41, 49.41, 49.41, 49.41, 49.41, 49.41, 49.4, 49.4, 49.4], "Temp_env": []}