{"Start_Time": [1758749312.3942423], "Time": [1758749314.3968017, 1758749316.3990912, 1758749318.4018686, 1758749320.404825, 1758749322.4150884, 1758749324.4181583, 1758749326.420906, 1758749328.431052, 1758749330.434005, 1758749332.436723, 1758749334.4394672, 1758749336.4423795, 1758749338.4452746, 1758749340.4544952, 1758749342.4575474, 1758749344.460312, 1758749346.470651, 1758749348.4736044, 1758749350.4766333, 1758749352.4866683, 1758749354.4895709, 1758749356.4920568, 1758749358.4949377, 1758749360.4978878, 1758749362.500569, 1758749364.5100324, 1758749366.5127516, 1758749368.5150685, 1758749370.5252476, 1758749372.5273523, 1758749374.5301535, 1758749376.533225, 1758749378.535871, 1758749380.538305, 1758749382.5485044, 1758749384.5513785, 1758749386.554368, 1758749388.5642934, 1758749390.5663729, 1758749392.569353, 1758749394.579312, 1758749396.5826478, 1758749398.5856154, 1758749400.588366, 1758749402.5907338], "Voltage": [229.71, 229.55, 229.76, 229.61, 229.66, 229.66, 229.66, 229.55, 229.66, 229.76, 229.76, 229.61, 229.55, 229.66, 229.61, 229.55, 229.66, 229.61, 229.55, 229.55, 229.76, 229.61, 229.71, 229.61, 229.66, 229.55, 229.61, 229.55, 229.61, 229.66, 229.82, 229.71, 229.71, 229.82, 229.66, 229.71, 229.76, 230.66, 230.76, 230.81, 230.81, 230.71, 230.66, 230.45, 230.71], "Current": [0.03, 0.03, 0.03, 0.04, 0.03, 0.03, 0.04, 0.03, 0.03, 0.03, 0.04, 0.04, 0.04, 0.03, 0.03, 0.03, 0.04, 0.03, 0.04, 0.03, 0.03, 0.04, 0.03, 0.04, 0.04, 0.04, 0.04, 0.04, 0.04, 0.04, 0.04, 0.04, 0.04, 0.04, 0.04, 0.04, 0.04, 0.03, 0.03, 0.03, 0.04, 0.03, 0.03, 0.04, 0.03], "Real_Power": [3.79, 3.85, 3.98, 3.95, 3.88, 3.96, 3.9, 3.86, 3.96, 3.9, 3.95, 3.99, 3.9, 3.88, 3.95, 4.01, 4.05, 3.91, 3.94, 3.91, 3.84, 3.98, 3.94, 3.84, 3.94, 3.95, 3.91, 3.86, 3.84, 3.98, 3.82, 3.84, 3.96, 3.9, 3.9, 3.97, 3.85, 3.96, 3.95, 3.94, 3.95, 3.91, 3.87, 3.93, 3.96], "Apparent_Power": [6.89, 6.88, 6.89, 9.18, 6.88, 6.88, 9.18, 6.88, 6.88, 6.89, 9.19, 9.18, 9.18, 6.88, 6.88, 6.88, 9.18, 6.88, 9.18, 6.88, 6.89, 9.18, 6.89, 9.18, 9.18, 9.18, 9.18, 9.18, 9.18, 9.18, 9.19, 9.18, 9.18, 9.19, 9.18, 9.18, 9.19, 6.91, 6.92, 6.92, 9.23, 6.92, 6.91, 9.21, 6.92], "Apparent_Power_Reactive": [5.75, 5.7, 5.62, 8.28, 5.68, 5.62, 8.31, 5.69, 5.62, 5.67, 8.29, 8.26, 8.31, 5.68, 5.63, 5.59, 8.23, 5.66, 8.29, 5.66, 5.72, 8.27, 5.65, 8.33, 8.29, 8.28, 8.3, 8.32, 8.33, 8.27, 8.35, 8.33, 8.28, 8.32, 8.31, 8.27, 8.34, 5.66, 5.68, 5.68, 8.34, 5.7, 5.72, 8.32, 5.67], "Power_Factor": [0.55, 0.559, 0.577, 0.43, 0.563, 0.575, 0.424, 0.561, 0.575, 0.566, 0.429, 0.434, 0.424, 0.563, 0.574, 0.582, 0.441, 0.568, 0.429, 0.568, 0.557, 0.433, 0.571, 0.418, 0.429, 0.43, 0.425, 0.42, 0.418, 0.433, 0.415, 0.418, 0.431, 0.424, 0.424, 0.432, 0.418, 0.573, 0.57, 0.569, 0.427, 0.565, 0.56, 0.426, 0.572], "Energy": [0.0, 0.0, 0.0, 0.0, 0.01, 0.01, 0.01, 0.01, 0.01, 0.02, 0.02, 0.02, 0.02, 0.03, 0.03, 0.03, 0.03, 0.03, 0.04, 0.04, 0.04, 0.04, 0.05, 0.05, 0.05, 0.05, 0.05, 0.06, 0.06, 0.06, 0.06, 0.07, 0.07, 0.07, 0.07, 0.07, 0.08, 0.08, 0.08, 0.08, 0.09, 0.09, 0.09, 0.09, 0.09], "Frequency": [49.39, 49.39, 49.39, 49.39, 49.41, 49.41, 49.41, 49.41, 49.41, 49.41, 49.42, 49.42, 49.42, 49.42, 49.42, 49.42, 49.41, 49.41, 49.41, 49.41, 49.41, 49.41, 49.41, 49.41, 49.41, 49.42, 49.42, 49.42, 49.42, 49.42, 49.42, 49.42, 49.42, 49.42, 49.41, 49.41, 49.41, 49.42, 49.42, 49.42, 49.41, 49.41, 49.41, 49.41, 49.41], "Temp_env": []}