{"Start_Time": [1758633621.8976002], "Time": [1758633623.8998544, 1758633625.9027083, 1758633627.905232, 1758633629.9083478, 1758633631.9108295, 1758633633.913648, 1758633635.9160078, 1758633637.9186654, 1758633639.9212663, 1758633641.924028, 1758633643.927132, 1758633645.929736, 1758633647.9322937, 1758633649.9347615, 1758633651.9371157, 1758633653.9401217, 1758633655.94314, 1758633657.946063, 1758633659.9490764, 1758633661.9511948, 1758633663.9539092, 1758633665.9565024, 1758633667.9593956, 1758633669.9622333, 1758633671.9651282, 1758633673.9672742, 1758633675.9700167, 1758633677.9804835, 1758633679.9832954, 1758633681.9863956, 1758633683.9890501, 1758633685.9913573, 1758633687.9944103, 1758633689.9971294, 1758633691.9994075, 1758633694.001439, 1758633696.0044262, 1758633698.0075476, 1758633700.010513, 1758633702.0133352, 1758633704.01554, 1758633706.0187976, 1758633708.0213435, 1758633710.0236793, 1758633712.0263436], "Voltage": [230.92, 230.76, 230.86, 230.76, 230.81, 230.81, 230.81, 230.71, 230.71, 230.6, 230.76, 230.71, 230.71, 230.71, 230.71, 230.81, 230.86, 230.71, 230.81, 230.71, 230.81, 230.76, 230.81, 230.71, 230.92, 230.81, 230.76, 230.97, 231.07, 231.02, 230.92, 230.97, 230.97, 231.02, 230.92, 230.86, 230.81, 230.92, 230.92, 231.02, 230.81, 230.86, 230.86, 230.86, 230.81], "Current": [0.04, 0.04, 0.04, 0.04, 0.04, 0.04, 0.04, 0.04, 0.04, 0.04, 0.04, 0.04, 0.04, 0.04, 0.04, 0.04, 0.04, 0.04, 0.04, 0.04, 0.04, 0.04, 0.04, 0.04, 0.04, 0.04, 0.04, 0.04, 0.04, 0.04, 0.04, 0.04, 0.04, 0.04, 0.04, 0.04, 0.04, 0.04, 0.04, 0.04, 0.04, 0.04, 0.04, 0.04, 0.04], "Real_Power": [3.98, 3.91, 3.99, 4.04, 4.08, 3.96, 4.01, 3.98, 4.06, 3.95, 3.93, 3.83, 3.89, 3.9, 4.15, 3.92, 3.94, 3.93, 3.98, 3.98, 4.02, 3.89, 4.04, 4.02, 3.98, 3.94, 3.94, 4.03, 3.94, 3.95, 3.86, 3.96, 3.98, 4.0, 3.99, 3.99, 3.93, 3.99, 3.96, 4.11, 4.04, 3.94, 3.98, 3.97, 4.07], "Apparent_Power": [9.23, 9.23, 9.23, 9.23, 9.23, 9.23, 9.23, 9.22, 9.22, 9.22, 9.23, 9.22, 9.22, 9.22, 9.22, 9.23, 9.23, 9.22, 9.23, 9.22, 9.23, 9.23, 9.23, 9.22, 9.23, 9.23, 9.23, 9.23, 9.24, 9.24, 9.23, 9.23, 9.23, 9.24, 9.23, 9.23, 9.23, 9.23, 9.23, 9.24, 9.23, 9.23, 9.23, 9.23, 9.23], "Apparent_Power_Reactive": [8.32, 8.36, 8.32, 8.29, 8.27, 8.33, 8.31, 8.31, 8.27, 8.33, 8.35, 8.38, 8.35, 8.35, 8.23, 8.35, 8.34, 8.34, 8.32, 8.31, 8.3, 8.37, 8.29, 8.29, 8.32, 8.34, 8.34, 8.3, 8.35, 8.35, 8.38, 8.33, 8.32, 8.32, 8.32, 8.32, 8.35, 8.32, 8.33, 8.27, 8.29, 8.34, 8.32, 8.33, 8.28], "Power_Factor": [0.431, 0.423, 0.432, 0.437, 0.442, 0.429, 0.434, 0.431, 0.44, 0.428, 0.425, 0.415, 0.421, 0.422, 0.45, 0.424, 0.426, 0.426, 0.431, 0.431, 0.435, 0.421, 0.437, 0.436, 0.431, 0.426, 0.426, 0.436, 0.426, 0.427, 0.418, 0.429, 0.431, 0.432, 0.432, 0.432, 0.425, 0.432, 0.429, 0.444, 0.437, 0.426, 0.431, 0.43, 0.44], "Energy": [0.0, 0.0, 0.0, 0.0, 0.01, 0.01, 0.01, 0.01, 0.02, 0.02, 0.02, 0.02, 0.02, 0.03, 0.03, 0.03, 0.03, 0.04, 0.04, 0.04, 0.04, 0.04, 0.05, 0.05, 0.05, 0.05, 0.06, 0.06, 0.06, 0.06, 0.06, 0.07, 0.07, 0.07, 0.07, 0.08, 0.08, 0.08, 0.08, 0.08, 0.09, 0.09, 0.09, 0.09, 0.1], "Frequency": [49.42, 49.42, 49.42, 49.42, 49.42, 49.42, 49.42, 49.41, 49.41, 49.41, 49.4, 49.4, 49.4, 49.42, 49.42, 49.42, 49.42, 49.42, 49.42, 49.43, 49.43, 49.43, 49.42, 49.42, 49.42, 49.43, 49.43, 49.43, 49.43, 49.43, 49.43, 49.43, 49.43, 49.43, 49.4, 49.4, 49.4, 49.43, 49.43, 49.43, 49.43, 49.43, 49.43, 49.39, 49.39], "Temp_env": []}