{"Start_Time": [1759067788.145831], "Time": [1759067790.1481335, 1759067792.1508083, 1759067794.1531825, 1759067796.156343, 1759067798.1592145, 1759067800.162173, 1759067802.1648605, 1759067804.1673267, 1759067806.1700451, 1759067808.172979, 1759067810.1753352, 1759067812.1774585, 1759067814.1802566, 1759067816.1823454, 1759067818.1850765, 1759067820.187532, 1759067822.1900995, 1759067824.1924388, 1759067826.195147, 1759067828.1976104, 1759067830.2001617, 1759067832.2025423, 1759067834.2052324, 1759067836.2076735, 1759067838.2103908, 1759067840.213527, 1759067842.216585, 1759067844.2196488, 1759067846.2225413, 1759067848.2257144, 1759067850.2284393, 1759067852.230789, 1759067854.2335327, 1759067856.2367148, 1759067858.2394736, 1759067860.242092, 1759067862.2447987, 1759067864.2477872, 1759067866.2506425, 1759067868.2536077, 1759067870.2561953, 1759067872.2590532, 1759067874.262068, 1759067876.2647161, 1759067878.26707], "Voltage": [230.08, 230.24, 230.24, 230.34, 230.29, 230.18, 230.29, 230.24, 230.29, 230.34, 230.24, 230.18, 230.24, 230.29, 230.29, 230.24, 230.29, 230.24, 230.18, 230.29, 230.24, 230.45, 230.18, 230.45, 230.29, 230.18, 230.34, 230.29, 230.24, 230.34, 230.39, 230.39, 230.24, 230.45, 230.34, 230.34, 230.34, 230.39, 230.45, 230.34, 230.18, 230.29, 230.34, 230.39, 230.18], "Current": [0.04, 0.04, 0.04, 0.04, 0.04, 0.04, 0.04, 0.04, 0.04, 0.04, 0.04, 0.04, 0.04, 0.04, 0.04, 0.04, 0.04, 0.04, 0.04, 0.04, 0.04, 0.04, 0.04, 0.04, 0.04, 0.04, 0.04, 0.04, 0.04, 0.04, 0.04, 0.04, 0.04, 0.04, 0.04, 0.04, 0.04, 0.04, 0.04, 0.04, 0.04, 0.04, 0.04, 0.04, 0.04], "Real_Power": [3.86, 3.84, 3.88, 3.87, 3.86, 3.9, 3.85, 3.87, 3.93, 3.87, 3.89, 3.86, 3.96, 3.89, 3.87, 3.8, 4.01, 4.02, 4.0, 3.88, 3.96, 3.92, 3.82, 3.96, 3.94, 3.88, 3.87, 3.88, 3.99, 3.84, 3.88, 3.94, 3.86, 3.88, 3.88, 3.87, 3.83, 3.78, 3.82, 3.83, 3.86, 3.94, 3.89, 3.91, 3.91], "Apparent_Power": [9.2, 9.2, 9.2, 9.21, 9.21, 9.2, 9.21, 9.2, 9.21, 9.21, 9.2, 9.2, 9.2, 9.21, 9.21, 9.2, 9.21, 9.2, 9.2, 9.21, 9.2, 9.21, 9.2, 9.21, 9.21, 9.2, 9.21, 9.21, 9.2, 9.21, 9.21, 9.21, 9.2, 9.21, 9.21, 9.21, 9.21, 9.21, 9.21, 9.21, 9.2, 9.21, 9.21, 9.21, 9.2], "Apparent_Power_Reactive": [8.35, 8.36, 8.34, 8.35, 8.36, 8.33, 8.36, 8.34, 8.32, 8.35, 8.33, 8.35, 8.3, 8.34, 8.35, 8.37, 8.29, 8.27, 8.28, 8.35, 8.3, 8.33, 8.36, 8.31, 8.32, 8.34, 8.35, 8.35, 8.28, 8.37, 8.35, 8.32, 8.35, 8.35, 8.35, 8.35, 8.37, 8.39, 8.38, 8.37, 8.35, 8.32, 8.34, 8.33, 8.32], "Power_Factor": [0.419, 0.417, 0.421, 0.42, 0.419, 0.423, 0.418, 0.42, 0.426, 0.42, 0.422, 0.419, 0.43, 0.422, 0.42, 0.413, 0.435, 0.436, 0.434, 0.421, 0.43, 0.425, 0.415, 0.429, 0.427, 0.421, 0.42, 0.421, 0.433, 0.416, 0.421, 0.427, 0.419, 0.421, 0.421, 0.42, 0.415, 0.41, 0.414, 0.415, 0.419, 0.427, 0.422, 0.424, 0.425], "Energy": [0.0, 0.0, 0.0, 0.0, 0.01, 0.01, 0.01, 0.01, 0.01, 0.02, 0.02, 0.02, 0.02, 0.03, 0.03, 0.03, 0.03, 0.03, 0.04, 0.04, 0.04, 0.04, 0.05, 0.05, 0.05, 0.05, 0.05, 0.06, 0.06, 0.06, 0.06, 0.07, 0.07, 0.07, 0.07, 0.07, 0.08, 0.08, 0.08, 0.08, 0.08, 0.09, 0.09, 0.09, 0.09], "Frequency": [49.36, 49.37, 49.37, 49.37, 49.38, 49.38, 49.38, 49.37, 49.37, 49.37, 49.39, 49.39, 49.39, 49.39, 49.39, 49.39, 49.36, 49.36, 49.36, 49.37, 49.37, 49.37, 49.39, 49.39, 49.39, 49.42, 49.42, 49.42, 49.42, 49.42, 49.42, 49.42, 49.42, 49.42, 49.43, 49.43, 49.43, 49.43, 49.43, 49.43, 49.43, 49.43, 49.43, 49.43, 49.43], "Temp_env": []}