{"Start_Time": [1759279479.5177372], "Time": [1759279481.5199826, 1759279483.52302, 1759279485.52587, 1759279487.5292554, 1759279489.5321217, 1759279491.5351639, 1759279493.5378387, 1759279495.5402606, 1759279497.5500016, 1759279499.5529313, 1759279501.5555055, 1759279503.5583968, 1759279505.5613043, 1759279507.5641994, 1759279509.5670855, 1759279511.5695834, 1759279513.5722876, 1759279515.575059, 1759279517.5774348, 1759279519.5874417, 1759279521.5899298, 1759279523.5923808, 1759279525.6025724, 1759279527.605128, 1759279529.6076846, 1759279531.6103349, 1759279533.6134157, 1759279535.616542, 1759279537.6197054, 1759279539.6223946, 1759279541.6255054, 1759279543.6353092, 1759279545.6376185, 1759279547.640155, 1759279549.6500845, 1759279551.6527247, 1759279553.655684, 1759279555.6585197, 1759279557.6613941, 1759279559.6647959, 1759279561.6674361, 1759279563.6702862, 1759279565.6728349, 1759279567.6825864, 1759279569.6849334], "Voltage": [231.23, 231.13, 231.18, 231.13, 231.23, 231.07, 231.02, 231.13, 231.07, 231.07, 231.07, 231.07, 231.07, 230.81, 231.02, 230.92, 230.97, 231.02, 230.86, 230.97, 231.02, 231.02, 231.02, 231.02, 231.18, 231.23, 231.07, 231.23, 231.13, 231.13, 231.18, 231.23, 231.18, 231.13, 231.23, 231.28, 231.28, 231.23, 231.18, 231.28, 231.18, 231.18, 231.28, 231.28, 231.28], "Current": [0.04, 0.03, 0.03, 0.04, 0.03, 0.04, 0.04, 0.04, 0.04, 0.04, 0.03, 0.03, 0.03, 0.03, 0.03, 0.04, 0.04, 0.04, 0.04, 0.03, 0.04, 0.03, 0.03, 0.03, 0.03, 0.03, 0.03, 0.03, 0.04, 0.04, 0.03, 0.04, 0.03, 0.03, 0.04, 0.04, 0.04, 0.04, 0.04, 0.03, 0.04, 0.04, 0.04, 0.03, 0.03], "Real_Power": [3.96, 3.8, 3.86, 4.04, 3.87, 4.07, 3.97, 4.07, 3.98, 3.96, 3.95, 3.91, 3.84, 4.05, 3.9, 4.06, 4.02, 3.96, 3.85, 3.85, 3.97, 3.91, 3.89, 3.95, 3.86, 3.93, 4.02, 3.8, 3.96, 4.01, 3.85, 4.01, 3.93, 3.92, 3.95, 3.97, 3.96, 3.91, 3.96, 3.92, 4.04, 3.9, 3.93, 3.85, 3.79], "Apparent_Power": [9.24, 6.93, 6.93, 9.24, 6.93, 9.24, 9.24, 9.24, 9.24, 9.24, 6.93, 6.93, 6.93, 6.92, 6.93, 9.23, 9.23, 9.24, 9.23, 6.92, 9.24, 6.93, 6.93, 6.93, 6.93, 6.93, 6.93, 6.93, 9.24, 9.24, 6.93, 9.24, 6.93, 6.93, 9.24, 9.25, 9.25, 9.24, 9.24, 6.93, 9.24, 9.24, 9.25, 6.93, 6.93], "Apparent_Power_Reactive": [8.34, 5.79, 5.75, 8.3, 5.74, 8.29, 8.34, 8.29, 8.33, 8.34, 5.69, 5.72, 5.76, 5.61, 5.72, 8.28, 8.3, 8.34, 8.38, 5.75, 8.34, 5.72, 5.73, 5.69, 5.75, 5.7, 5.64, 5.79, 8.34, 8.32, 5.76, 8.32, 5.7, 5.71, 8.35, 8.35, 8.35, 8.37, 8.34, 5.71, 8.3, 8.37, 8.37, 5.76, 5.8], "Power_Factor": [0.428, 0.548, 0.556, 0.437, 0.558, 0.44, 0.429, 0.44, 0.43, 0.428, 0.569, 0.564, 0.554, 0.585, 0.562, 0.439, 0.435, 0.428, 0.417, 0.556, 0.429, 0.564, 0.561, 0.569, 0.556, 0.567, 0.58, 0.548, 0.428, 0.433, 0.555, 0.433, 0.567, 0.565, 0.427, 0.429, 0.428, 0.423, 0.428, 0.565, 0.437, 0.422, 0.424, 0.555, 0.546], "Energy": [0.0, 0.0, 0.0, 0.0, 0.01, 0.01, 0.01, 0.01, 0.01, 0.02, 0.02, 0.02, 0.02, 0.03, 0.03, 0.03, 0.03, 0.03, 0.04, 0.04, 0.04, 0.04, 0.05, 0.05, 0.05, 0.05, 0.05, 0.06, 0.06, 0.06, 0.06, 0.07, 0.07, 0.07, 0.07, 0.07, 0.08, 0.08, 0.08, 0.08, 0.09, 0.09, 0.09, 0.09, 0.09], "Frequency": [49.4, 49.39, 49.39, 49.39, 49.4, 49.4, 49.4, 49.41, 49.41, 49.41, 49.39, 49.39, 49.39, 49.4, 49.4, 49.4, 49.39, 49.39, 49.39, 49.4, 49.4, 49.4, 49.39, 49.39, 49.39, 49.39, 49.39, 49.39, 49.39, 49.39, 49.39, 49.39, 49.39, 49.39, 49.39, 49.39, 49.39, 49.39, 49.39, 49.39, 49.4, 49.4, 49.4, 49.4, 49.4], "Temp_env": []}