{"Start_Time": [1758930655.7860389], "Time": [1758930657.788485, 1758930659.7909606, 1758930661.7936082, 1758930663.7974763, 1758930665.79979, 1758930667.802118, 1758930669.8045847, 1758930671.8069937, 1758930673.8098507, 1758930675.8120537, 1758930677.814582, 1758930679.8167083, 1758930681.8190436, 1758930683.8209238, 1758930685.8230772, 1758930687.825016, 1758930689.8269732, 1758930691.8290281, 1758930693.8309667, 1758930695.8331084, 1758930697.8361285, 1758930699.8391445, 1758930701.8420386, 1758930703.8449244, 1758930705.847239, 1758930707.857426, 1758930709.860276, 1758930711.8623974, 1758930713.8651423, 1758930715.8682773, 1758930717.871115, 1758930719.873982, 1758930721.8763454, 1758930723.8783088, 1758930725.881244, 1758930727.884419, 1758930729.8873196, 1758930731.890198, 1758930733.893062, 1758930735.8954, 1758930737.8983335, 1758930739.9014623, 1758930741.9034798, 1758930743.906464, 1758930745.9096794], "Voltage": [230.76, 230.76, 230.92, 230.76, 230.76, 230.76, 230.76, 230.71, 230.92, 230.86, 230.76, 230.71, 230.76, 230.81, 230.81, 230.81, 230.66, 230.81, 230.66, 230.66, 230.55, 230.55, 230.71, 230.6, 230.66, 230.66, 230.71, 230.6, 230.71, 230.81, 230.76, 230.76, 230.81, 230.76, 230.76, 230.76, 230.76, 230.81, 230.71, 230.76, 230.76, 230.76, 230.76, 230.86, 230.71], "Current": [0.04, 0.03, 0.04, 0.03, 0.04, 0.04, 0.04, 0.04, 0.04, 0.04, 0.03, 0.03, 0.04, 0.04, 0.04, 0.04, 0.03, 0.04, 0.04, 0.04, 0.04, 0.03, 0.04, 0.04, 0.04, 0.04, 0.04, 0.04, 0.03, 0.04, 0.04, 0.04, 0.04, 0.04, 0.04, 0.04, 0.04, 0.03, 0.04, 0.04, 0.04, 0.04, 0.04, 0.04, 0.04], "Real_Power": [3.89, 3.76, 3.84, 3.7, 3.92, 3.88, 3.94, 3.85, 3.88, 3.89, 3.78, 3.77, 3.82, 3.88, 3.82, 3.84, 3.78, 3.86, 3.81, 3.95, 3.86, 3.77, 3.74, 3.86, 3.82, 3.94, 3.73, 3.91, 3.79, 3.92, 3.99, 3.93, 3.84, 3.93, 3.92, 3.82, 3.83, 3.86, 3.85, 3.79, 3.94, 3.84, 3.87, 3.83, 3.93], "Apparent_Power": [9.23, 6.92, 9.23, 6.92, 9.23, 9.23, 9.23, 9.22, 9.23, 9.23, 6.92, 6.92, 9.23, 9.23, 9.23, 9.23, 6.91, 9.23, 9.22, 9.22, 9.22, 6.91, 9.22, 9.22, 9.22, 9.22, 9.22, 9.22, 6.92, 9.23, 9.23, 9.23, 9.23, 9.23, 9.23, 9.23, 9.23, 6.92, 9.22, 9.23, 9.23, 9.23, 9.23, 9.23, 9.22], "Apparent_Power_Reactive": [8.37, 5.8, 8.39, 5.84, 8.35, 8.37, 8.34, 8.37, 8.37, 8.37, 5.79, 5.8, 8.4, 8.37, 8.4, 8.39, 5.78, 8.38, 8.39, 8.33, 8.37, 5.79, 8.42, 8.37, 8.39, 8.33, 8.43, 8.34, 5.78, 8.35, 8.32, 8.35, 8.39, 8.35, 8.35, 8.4, 8.39, 5.74, 8.37, 8.41, 8.34, 8.39, 8.37, 8.39, 8.34], "Power_Factor": [0.421, 0.543, 0.416, 0.534, 0.424, 0.42, 0.426, 0.417, 0.42, 0.421, 0.546, 0.544, 0.413, 0.42, 0.413, 0.416, 0.547, 0.418, 0.413, 0.428, 0.418, 0.545, 0.405, 0.418, 0.414, 0.427, 0.404, 0.424, 0.547, 0.424, 0.432, 0.425, 0.416, 0.425, 0.424, 0.413, 0.414, 0.557, 0.417, 0.41, 0.426, 0.416, 0.419, 0.414, 0.426], "Energy": [0.0, 0.0, 0.0, 0.0, 0.01, 0.01, 0.01, 0.01, 0.01, 0.02, 0.02, 0.02, 0.02, 0.03, 0.03, 0.03, 0.03, 0.03, 0.04, 0.04, 0.04, 0.04, 0.05, 0.05, 0.05, 0.05, 0.05, 0.06, 0.06, 0.06, 0.06, 0.06, 0.07, 0.07, 0.07, 0.07, 0.08, 0.08, 0.08, 0.08, 0.08, 0.09, 0.09, 0.09, 0.09], "Frequency": [49.39, 49.39, 49.39, 49.39, 49.39, 49.39, 49.39, 49.39, 49.39, 49.39, 49.39, 49.39, 49.39, 49.39, 49.39, 49.39, 49.39, 49.39, 49.43, 49.43, 49.43, 49.45, 49.45, 49.45, 49.46, 49.46, 49.46, 49.45, 49.45, 49.45, 49.43, 49.43, 49.43, 49.44, 49.44, 49.44, 49.43, 49.43, 49.43, 49.41, 49.41, 49.41, 49.4, 49.4, 49.4], "Temp_env": []}