{"Start_Time": [1759066767.0181253], "Time": [1759066769.020735, 1759066771.0237253, 1759066773.0269125, 1759066775.0297616, 1759066777.032155, 1759066779.035087, 1759066781.0383573, 1759066783.0409346, 1759066785.0434108, 1759066787.0465949, 1759066789.0494545, 1759066791.0521321, 1759066793.054345, 1759066795.0574138, 1759066797.0606184, 1759066799.06381, 1759066801.066299, 1759066803.0686421, 1759066805.0706217, 1759066807.0727684, 1759066809.0754263, 1759066811.0780735, 1759066813.0809479, 1759066815.0837374, 1759066817.086542, 1759066819.0889118, 1759066821.0916545, 1759066823.0941257, 1759066825.0966785, 1759066827.0990076, 1759066829.1019814, 1759066831.1047711, 1759066833.107135, 1759066835.1098604, 1759066837.1122322, 1759066839.1153445, 1759066841.1182466, 1759066843.1213431, 1759066845.1244533, 1759066847.1272786, 1759066849.1301715, 1759066851.132476, 1759066853.1354342, 1759066855.1375828, 1759066857.1405556], "Voltage": [229.71, 229.71, 229.71, 229.82, 229.55, 229.66, 229.71, 229.71, 229.71, 229.76, 229.71, 229.76, 229.76, 229.71, 229.71, 229.71, 229.61, 229.76, 229.76, 229.82, 229.71, 229.76, 229.66, 229.66, 229.61, 229.71, 229.82, 229.87, 229.61, 229.66, 229.71, 229.82, 229.76, 229.71, 229.66, 229.55, 229.71, 229.66, 229.61, 229.66, 229.66, 229.61, 229.66, 229.71, 229.5], "Current": [0.04, 0.04, 0.04, 0.04, 0.04, 0.04, 0.04, 0.04, 0.04, 0.04, 0.04, 0.04, 0.04, 0.04, 0.04, 0.04, 0.04, 0.04, 0.04, 0.04, 0.04, 0.04, 0.04, 0.04, 0.04, 0.04, 0.04, 0.04, 0.04, 0.04, 0.04, 0.04, 0.04, 0.04, 0.04, 0.04, 0.04, 0.04, 0.04, 0.04, 0.04, 0.04, 0.04, 0.04, 0.04], "Real_Power": [3.91, 3.86, 3.93, 3.9, 3.83, 3.82, 3.87, 3.84, 3.91, 3.92, 3.98, 3.96, 3.86, 3.87, 3.85, 3.96, 3.8, 3.82, 3.85, 3.84, 3.91, 3.88, 3.93, 3.92, 3.89, 3.81, 3.97, 3.92, 3.74, 3.8, 3.88, 3.95, 3.95, 3.91, 3.92, 3.82, 3.77, 3.82, 3.72, 4.0, 3.93, 3.91, 3.93, 3.85, 3.86], "Apparent_Power": [9.18, 9.18, 9.18, 9.19, 9.18, 9.18, 9.18, 9.18, 9.18, 9.19, 9.18, 9.19, 9.19, 9.18, 9.18, 9.18, 9.18, 9.19, 9.19, 9.19, 9.18, 9.19, 9.18, 9.18, 9.18, 9.18, 9.19, 9.19, 9.18, 9.18, 9.18, 9.19, 9.19, 9.18, 9.18, 9.18, 9.18, 9.18, 9.18, 9.18, 9.18, 9.18, 9.18, 9.18, 9.18], "Apparent_Power_Reactive": [8.3, 8.32, 8.29, 8.32, 8.34, 8.34, 8.32, 8.33, 8.3, 8.31, 8.27, 8.29, 8.34, 8.32, 8.33, 8.28, 8.35, 8.35, 8.34, 8.34, 8.3, 8.33, 8.29, 8.3, 8.31, 8.35, 8.28, 8.31, 8.38, 8.35, 8.31, 8.29, 8.29, 8.3, 8.3, 8.34, 8.37, 8.34, 8.39, 8.26, 8.29, 8.3, 8.29, 8.33, 8.32], "Power_Factor": [0.425, 0.42, 0.428, 0.424, 0.417, 0.416, 0.421, 0.418, 0.425, 0.426, 0.433, 0.43, 0.42, 0.421, 0.419, 0.431, 0.413, 0.415, 0.418, 0.417, 0.425, 0.422, 0.428, 0.427, 0.423, 0.415, 0.431, 0.426, 0.407, 0.413, 0.422, 0.429, 0.429, 0.425, 0.427, 0.416, 0.41, 0.416, 0.405, 0.435, 0.428, 0.425, 0.428, 0.419, 0.42], "Energy": [0.0, 0.0, 0.0, 0.0, 0.01, 0.01, 0.01, 0.01, 0.01, 0.02, 0.02, 0.02, 0.02, 0.03, 0.03, 0.03, 0.03, 0.03, 0.04, 0.04, 0.04, 0.04, 0.05, 0.05, 0.05, 0.05, 0.05, 0.06, 0.06, 0.06, 0.06, 0.06, 0.07, 0.07, 0.07, 0.07, 0.08, 0.08, 0.08, 0.08, 0.08, 0.09, 0.09, 0.09, 0.09], "Frequency": [49.35, 49.35, 49.35, 49.35, 49.35, 49.35, 49.35, 49.37, 49.37, 49.37, 49.36, 49.36, 49.36, 49.35, 49.35, 49.35, 49.36, 49.36, 49.36, 49.35, 49.35, 49.35, 49.35, 49.35, 49.35, 49.35, 49.35, 49.35, 49.37, 49.37, 49.37, 49.35, 49.35, 49.35, 49.35, 49.35, 49.35, 49.36, 49.36, 49.36, 49.37, 49.37, 49.37, 49.38, 49.38], "Temp_env": []}