{"Start_Time": [1758842128.594308], "Time": [1758842130.5969272, 1758842132.5999098, 1758842134.6023793, 1758842136.6049247, 1758842138.6072512, 1758842140.6099925, 1758842142.6124375, 1758842144.6223867, 1758842146.6251204, 1758842148.6281075, 1758842150.6384938, 1758842152.6413927, 1758842154.644479, 1758842156.647438, 1758842158.6499462, 1758842160.652622, 1758842162.655642, 1758842164.6582963, 1758842166.6606352, 1758842168.670356, 1758842170.673523, 1758842172.676396, 1758842174.6865664, 1758842176.6897414, 1758842178.6926014, 1758842180.69544, 1758842182.697842, 1758842184.7005997, 1758842186.7031686, 1758842188.7060556, 1758842190.7087498, 1758842192.7186232, 1758842194.7209458, 1758842196.723685, 1758842198.726003, 1758842200.7287223, 1758842202.7310827, 1758842204.7337432, 1758842206.7361014, 1758842208.7388227, 1758842210.7412152, 1758842212.7443097, 1758842214.7471123, 1758842216.757022, 1758842218.7601287], "Voltage": [231.86, 231.76, 231.76, 231.76, 231.76, 231.81, 231.81, 231.76, 231.81, 231.86, 231.7, 231.76, 231.65, 231.65, 231.65, 231.65, 231.65, 231.76, 231.6, 231.65, 231.65, 231.76, 231.65, 231.44, 231.55, 231.49, 231.55, 231.7, 231.6, 231.55, 231.49, 231.6, 231.39, 231.6, 231.65, 231.76, 231.76, 231.6, 231.76, 231.6, 231.7, 231.7, 231.65, 231.6, 231.76], "Current": [0.04, 0.04, 0.04, 0.04, 0.04, 0.04, 0.04, 0.04, 0.04, 0.04, 0.03, 0.04, 0.04, 0.04, 0.04, 0.03, 0.04, 0.04, 0.04, 0.03, 0.04, 0.04, 0.04, 0.03, 0.04, 0.04, 0.04, 0.04, 0.04, 0.04, 0.04, 0.04, 0.04, 0.04, 0.04, 0.04, 0.04, 0.04, 0.04, 0.04, 0.04, 0.04, 0.04, 0.04, 0.04], "Real_Power": [3.85, 3.93, 4.01, 3.89, 3.92, 3.84, 3.81, 3.88, 3.86, 3.97, 3.87, 4.01, 3.82, 3.89, 3.89, 3.85, 3.89, 3.91, 3.86, 3.91, 3.83, 3.83, 3.96, 3.83, 3.93, 3.95, 3.98, 3.89, 3.89, 3.87, 3.86, 3.99, 3.9, 3.85, 3.9, 4.0, 3.85, 3.83, 3.83, 4.0, 3.9, 3.97, 3.82, 3.86, 3.98], "Apparent_Power": [9.27, 9.27, 9.27, 9.27, 9.27, 9.27, 9.27, 9.27, 9.27, 9.27, 6.95, 9.27, 9.26, 9.26, 9.26, 6.94, 9.26, 9.27, 9.26, 6.94, 9.26, 9.27, 9.26, 6.94, 9.26, 9.25, 9.26, 9.26, 9.26, 9.26, 9.25, 9.26, 9.25, 9.26, 9.26, 9.27, 9.27, 9.26, 9.27, 9.26, 9.26, 9.26, 9.26, 9.26, 9.27], "Apparent_Power_Reactive": [8.43, 8.39, 8.35, 8.41, 8.4, 8.43, 8.45, 8.41, 8.42, 8.37, 5.77, 8.35, 8.43, 8.4, 8.4, 5.77, 8.4, 8.4, 8.41, 5.73, 8.43, 8.44, 8.37, 5.78, 8.38, 8.36, 8.36, 8.4, 8.4, 8.41, 8.4, 8.35, 8.38, 8.42, 8.39, 8.36, 8.43, 8.43, 8.44, 8.35, 8.39, 8.36, 8.43, 8.41, 8.37], "Power_Factor": [0.415, 0.423, 0.432, 0.419, 0.422, 0.414, 0.411, 0.418, 0.416, 0.428, 0.556, 0.432, 0.412, 0.42, 0.42, 0.554, 0.42, 0.421, 0.416, 0.563, 0.413, 0.413, 0.427, 0.551, 0.424, 0.427, 0.429, 0.42, 0.42, 0.417, 0.417, 0.43, 0.421, 0.415, 0.421, 0.431, 0.415, 0.413, 0.413, 0.431, 0.421, 0.428, 0.412, 0.416, 0.429], "Energy": [0.0, 0.0, 0.0, 0.0, 0.01, 0.01, 0.01, 0.01, 0.01, 0.02, 0.02, 0.02, 0.02, 0.03, 0.03, 0.03, 0.03, 0.03, 0.04, 0.04, 0.04, 0.04, 0.05, 0.05, 0.05, 0.05, 0.05, 0.06, 0.06, 0.06, 0.06, 0.07, 0.07, 0.07, 0.07, 0.07, 0.08, 0.08, 0.08, 0.08, 0.08, 0.09, 0.09, 0.09, 0.09], "Frequency": [49.42, 49.42, 49.42, 49.42, 49.42, 49.42, 49.43, 49.43, 49.43, 49.4, 49.4, 49.4, 49.4, 49.4, 49.4, 49.39, 49.39, 49.39, 49.39, 49.39, 49.39, 49.4, 49.4, 49.4, 49.39, 49.39, 49.39, 49.4, 49.4, 49.4, 49.39, 49.39, 49.39, 49.39, 49.39, 49.39, 49.4, 49.4, 49.4, 49.42, 49.42, 49.42, 49.4, 49.4, 49.4], "Temp_env": []}