{"Start_Time": [1758668645.9462128], "Time": [1758668647.9488375, 1758668649.9511068, 1758668651.9542782, 1758668653.9570508, 1758668655.96009, 1758668657.9629676, 1758668659.9658558, 1758668661.9689095, 1758668663.971251, 1758668665.973355, 1758668667.976286, 1758668669.9793139, 1758668671.9819555, 1758668673.9842985, 1758668675.9874215, 1758668677.9903402, 1758668679.9934344, 1758668681.9963264, 1758668683.999348, 1758668686.0022242, 1758668688.0045307, 1758668690.0076523, 1758668692.0102165, 1758668694.0125616, 1758668696.015507, 1758668698.0182765, 1758668700.020633, 1758668702.0235953, 1758668704.0264554, 1758668706.0293965, 1758668708.0327275, 1758668710.035395, 1758668712.0378146, 1758668714.0407965, 1758668716.043409, 1758668718.0457907, 1758668720.0488763, 1758668722.0514581, 1758668724.0540602, 1758668726.0569444, 1758668728.0596037, 1758668730.0626993, 1758668732.0658188, 1758668734.0685675, 1758668736.0719893], "Voltage": [230.24, 230.18, 230.18, 230.24, 230.18, 230.13, 230.03, 230.08, 230.08, 230.18, 230.24, 230.08, 230.18, 230.24, 230.18, 230.18, 230.29, 230.18, 230.13, 230.08, 230.13, 230.08, 230.13, 230.18, 230.08, 230.08, 230.13, 230.08, 230.13, 230.13, 230.13, 230.13, 230.08, 230.13, 230.13, 230.03, 230.13, 230.08, 230.03, 229.92, 229.92, 229.92, 230.03, 229.92, 229.97], "Current": [0.03, 0.04, 0.04, 0.04, 0.04, 0.04, 0.03, 0.04, 0.04, 0.04, 0.04, 0.03, 0.04, 0.04, 0.04, 0.04, 0.04, 0.04, 0.04, 0.03, 0.04, 0.04, 0.03, 0.04, 0.04, 0.03, 0.04, 0.04, 0.04, 0.04, 0.04, 0.04, 0.04, 0.04, 0.04, 0.04, 0.04, 0.04, 0.04, 0.04, 0.04, 0.04, 0.04, 0.04, 0.04], "Real_Power": [3.92, 3.95, 3.93, 3.98, 3.93, 3.87, 3.87, 4.01, 3.94, 3.95, 3.85, 3.85, 3.89, 3.86, 3.89, 3.87, 3.83, 3.9, 3.92, 4.01, 3.84, 3.89, 3.84, 3.89, 3.99, 3.8, 4.0, 3.85, 4.07, 3.97, 3.97, 3.86, 4.01, 3.91, 3.93, 4.03, 3.95, 3.94, 4.01, 3.91, 3.85, 3.84, 3.87, 3.97, 3.92], "Apparent_Power": [6.9, 9.2, 9.2, 9.2, 9.2, 9.2, 6.9, 9.2, 9.2, 9.2, 9.2, 6.9, 9.2, 9.2, 9.2, 9.2, 9.21, 9.2, 9.2, 6.9, 9.2, 9.2, 6.9, 9.2, 9.2, 6.9, 9.2, 9.2, 9.2, 9.2, 9.2, 9.2, 9.2, 9.2, 9.2, 9.2, 9.2, 9.2, 9.2, 9.19, 9.19, 9.19, 9.2, 9.19, 9.19], "Apparent_Power_Reactive": [5.67, 8.3, 8.31, 8.29, 8.31, 8.34, 5.71, 8.28, 8.31, 8.3, 8.35, 5.72, 8.33, 8.35, 8.33, 8.34, 8.37, 8.33, 8.32, 5.61, 8.36, 8.33, 5.73, 8.33, 8.28, 5.75, 8.28, 8.35, 8.25, 8.29, 8.29, 8.35, 8.28, 8.32, 8.31, 8.27, 8.3, 8.31, 8.28, 8.31, 8.34, 8.34, 8.34, 8.28, 8.31], "Power_Factor": [0.568, 0.429, 0.427, 0.432, 0.427, 0.42, 0.56, 0.435, 0.428, 0.429, 0.418, 0.557, 0.422, 0.419, 0.422, 0.42, 0.415, 0.423, 0.426, 0.581, 0.417, 0.422, 0.556, 0.422, 0.433, 0.55, 0.434, 0.418, 0.442, 0.431, 0.431, 0.419, 0.435, 0.425, 0.427, 0.438, 0.429, 0.428, 0.435, 0.425, 0.418, 0.417, 0.42, 0.431, 0.426], "Energy": [0.0, 0.0, 0.0, 0.0, 0.01, 0.01, 0.01, 0.01, 0.01, 0.02, 0.02, 0.02, 0.02, 0.03, 0.03, 0.03, 0.03, 0.03, 0.04, 0.04, 0.04, 0.04, 0.05, 0.05, 0.05, 0.05, 0.05, 0.06, 0.06, 0.06, 0.06, 0.07, 0.07, 0.07, 0.07, 0.07, 0.08, 0.08, 0.08, 0.08, 0.08, 0.09, 0.09, 0.09, 0.09], "Frequency": [49.39, 49.39, 49.39, 49.39, 49.39, 49.39, 49.39, 49.39, 49.39, 49.39, 49.39, 49.39, 49.39, 49.41, 49.41, 49.41, 49.42, 49.42, 49.42, 49.41, 49.41, 49.41, 49.4, 49.4, 49.4, 49.39, 49.39, 49.39, 49.41, 49.41, 49.41, 49.41, 49.41, 49.41, 49.41, 49.41, 49.41, 49.39, 49.39, 49.39, 49.4, 49.4, 49.4, 49.39, 49.39], "Temp_env": []}