{"Start_Time": [1758993554.114512], "Time": [1758993556.1173747, 1758993558.1198559, 1758993560.1230927, 1758993562.126129, 1758993564.1293154, 1758993566.1319294, 1758993568.1344264, 1758993570.137121, 1758993572.1400023, 1758993574.1425536, 1758993576.1454124, 1758993578.1483533, 1758993580.1510143, 1758993582.1534865, 1758993584.1562488, 1758993586.1586797, 1758993588.1612868, 1758993590.1644382, 1758993592.1674194, 1758993594.170537, 1758993596.1736312, 1758993598.1761713, 1758993600.1792693, 1758993602.1815722, 1758993604.1842453, 1758993606.1865969, 1758993608.1893144, 1758993610.191947, 1758993612.1943593, 1758993614.1966875, 1758993616.1996229, 1758993618.2023115, 1758993620.204709, 1758993622.207431, 1758993624.2100015, 1758993626.2126627, 1758993628.2147934, 1758993630.217532, 1758993632.2198675, 1758993634.222596, 1758993636.2250512, 1758993638.2279015, 1758993640.2305996, 1758993642.233134, 1758993644.2357159], "Voltage": [230.39, 230.29, 230.34, 230.29, 230.34, 230.39, 230.18, 230.29, 230.39, 230.29, 230.29, 230.29, 230.34, 230.34, 230.45, 230.39, 230.24, 230.34, 230.39, 230.5, 230.45, 230.5, 230.45, 230.45, 230.45, 230.45, 230.29, 230.5, 230.34, 230.24, 230.34, 230.29, 230.39, 230.45, 230.45, 229.87, 229.76, 229.76, 229.82, 229.76, 229.76, 229.82, 229.82, 229.76, 229.82], "Current": [0.04, 0.04, 0.04, 0.04, 0.04, 0.04, 0.04, 0.03, 0.04, 0.04, 0.04, 0.04, 0.04, 0.04, 0.04, 0.04, 0.04, 0.04, 0.04, 0.04, 0.04, 0.04, 0.04, 0.04, 0.04, 0.04, 0.04, 0.04, 0.04, 0.04, 0.04, 0.04, 0.04, 0.04, 0.04, 0.04, 0.04, 0.04, 0.04, 0.04, 0.04, 0.04, 0.04, 0.04, 0.04], "Real_Power": [3.84, 3.9, 3.83, 3.99, 3.81, 3.8, 3.91, 3.84, 3.89, 3.87, 3.79, 4.0, 3.91, 3.94, 3.93, 3.87, 4.05, 3.91, 3.81, 3.96, 3.85, 3.94, 3.86, 3.91, 3.92, 3.88, 3.84, 3.8, 3.97, 3.94, 3.97, 3.84, 3.89, 4.0, 3.95, 3.81, 3.94, 3.89, 3.87, 4.01, 3.82, 3.87, 3.96, 3.93, 3.9], "Apparent_Power": [9.21, 9.21, 9.21, 9.21, 9.21, 9.21, 9.2, 6.9, 9.21, 9.21, 9.21, 9.21, 9.21, 9.21, 9.21, 9.21, 9.2, 9.21, 9.21, 9.22, 9.21, 9.22, 9.21, 9.21, 9.21, 9.21, 9.21, 9.22, 9.21, 9.2, 9.21, 9.21, 9.21, 9.21, 9.21, 9.19, 9.19, 9.19, 9.19, 9.19, 9.19, 9.19, 9.19, 9.19, 9.19], "Apparent_Power_Reactive": [8.37, 8.34, 8.37, 8.3, 8.38, 8.38, 8.32, 5.73, 8.34, 8.35, 8.39, 8.29, 8.33, 8.32, 8.32, 8.35, 8.26, 8.33, 8.38, 8.32, 8.36, 8.33, 8.36, 8.33, 8.33, 8.35, 8.37, 8.4, 8.31, 8.31, 8.31, 8.37, 8.34, 8.29, 8.31, 8.36, 8.3, 8.32, 8.33, 8.26, 8.35, 8.33, 8.29, 8.3, 8.32], "Power_Factor": [0.416, 0.423, 0.415, 0.433, 0.413, 0.412, 0.425, 0.556, 0.422, 0.42, 0.411, 0.434, 0.424, 0.427, 0.426, 0.42, 0.44, 0.424, 0.413, 0.429, 0.418, 0.427, 0.419, 0.424, 0.425, 0.421, 0.416, 0.412, 0.431, 0.428, 0.431, 0.416, 0.422, 0.434, 0.428, 0.414, 0.428, 0.423, 0.421, 0.436, 0.415, 0.421, 0.43, 0.427, 0.424], "Energy": [0.0, 0.0, 0.0, 0.0, 0.01, 0.01, 0.01, 0.01, 0.01, 0.02, 0.02, 0.02, 0.02, 0.03, 0.03, 0.03, 0.03, 0.03, 0.04, 0.04, 0.04, 0.04, 0.05, 0.05, 0.05, 0.05, 0.05, 0.06, 0.06, 0.06, 0.06, 0.06, 0.07, 0.07, 0.07, 0.07, 0.08, 0.08, 0.08, 0.08, 0.08, 0.09, 0.09, 0.09, 0.09], "Frequency": [49.42, 49.42, 49.42, 49.42, 49.44, 49.44, 49.44, 49.43, 49.43, 49.43, 49.43, 49.43, 49.43, 49.43, 49.43, 49.43, 49.43, 49.43, 49.43, 49.43, 49.43, 49.43, 49.43, 49.43, 49.43, 49.43, 49.43, 49.43, 49.44, 49.44, 49.44, 49.43, 49.43, 49.43, 49.42, 49.42, 49.42, 49.42, 49.42, 49.42, 49.4, 49.4, 49.4, 49.42, 49.42], "Temp_env": []}