{"Start_Time": [1759158582.465676], "Time": [1759158584.468635, 1759158586.4712498, 1759158588.473983, 1759158590.4765935, 1759158592.4790192, 1759158594.4816794, 1759158596.483827, 1759158598.4867015, 1759158600.4961638, 1759158602.498984, 1759158604.5018988, 1759158606.5111036, 1759158608.5138202, 1759158610.5167043, 1759158612.518838, 1759158614.5211685, 1759158616.5231304, 1759158618.526074, 1759158620.5289087, 1759158622.531253, 1759158624.5411882, 1759158626.5438414, 1759158628.5462275, 1759158630.555972, 1759158632.5582662, 1759158634.5612302, 1759158636.5640087, 1759158638.5663664, 1759158640.569061, 1759158642.57934, 1759158644.5822165, 1759158646.5852883, 1759158648.5950403, 1759158650.5974305, 1759158652.6004822, 1759158654.610362, 1759158656.613257, 1759158658.615401, 1759158660.6184566, 1759158662.621588, 1759158664.6246405, 1759158666.6343982, 1759158668.6366372, 1759158670.6393683, 1759158672.648563], "Voltage": [230.34, 230.08, 230.5, 230.34, 230.39, 230.18, 230.34, 230.29, 230.34, 230.24, 230.24, 230.24, 230.29, 230.29, 230.29, 230.34, 230.29, 230.24, 230.39, 230.29, 230.39, 230.13, 230.34, 230.39, 230.45, 230.18, 230.29, 230.29, 230.29, 230.34, 230.34, 230.34, 230.29, 230.34, 230.29, 230.08, 230.18, 230.18, 230.24, 230.45, 230.13, 230.24, 230.29, 230.18, 230.24], "Current": [0.04, 0.04, 0.04, 0.04, 0.04, 0.04, 0.04, 0.04, 0.04, 0.04, 0.04, 0.04, 0.04, 0.04, 0.04, 0.04, 0.04, 0.04, 0.04, 0.04, 0.04, 0.04, 0.04, 0.04, 0.04, 0.04, 0.04, 0.04, 0.04, 0.04, 0.04, 0.04, 0.04, 0.04, 0.04, 0.04, 0.04, 0.04, 0.04, 0.04, 0.04, 0.04, 0.04, 0.04, 0.04], "Real_Power": [3.94, 4.04, 4.08, 4.0, 3.9, 4.05, 4.03, 3.95, 3.97, 4.06, 4.01, 4.0, 3.99, 3.91, 4.01, 4.01, 4.05, 4.0, 3.98, 3.99, 3.94, 4.03, 4.02, 4.03, 4.07, 3.97, 3.94, 3.98, 4.1, 3.95, 4.14, 4.01, 4.07, 4.0, 4.01, 4.05, 4.05, 4.09, 3.95, 3.96, 3.96, 4.0, 4.05, 3.96, 3.91], "Apparent_Power": [9.21, 9.2, 9.22, 9.21, 9.21, 9.2, 9.21, 9.21, 9.21, 9.2, 9.2, 9.2, 9.21, 9.21, 9.21, 9.21, 9.21, 9.2, 9.21, 9.21, 9.21, 9.2, 9.21, 9.21, 9.21, 9.2, 9.21, 9.21, 9.21, 9.21, 9.21, 9.21, 9.21, 9.21, 9.21, 9.2, 9.2, 9.2, 9.2, 9.21, 9.2, 9.2, 9.21, 9.2, 9.2], "Apparent_Power_Reactive": [8.32, 8.26, 8.26, 8.29, 8.34, 8.26, 8.28, 8.31, 8.31, 8.25, 8.28, 8.28, 8.3, 8.33, 8.29, 8.29, 8.27, 8.28, 8.3, 8.3, 8.32, 8.27, 8.28, 8.28, 8.26, 8.29, 8.32, 8.3, 8.24, 8.31, 8.22, 8.29, 8.26, 8.29, 8.29, 8.26, 8.26, 8.24, 8.3, 8.31, 8.3, 8.28, 8.27, 8.3, 8.32], "Power_Factor": [0.427, 0.439, 0.442, 0.434, 0.423, 0.44, 0.437, 0.428, 0.431, 0.441, 0.435, 0.434, 0.433, 0.424, 0.435, 0.435, 0.439, 0.434, 0.432, 0.433, 0.427, 0.438, 0.436, 0.437, 0.441, 0.431, 0.427, 0.432, 0.445, 0.428, 0.449, 0.435, 0.441, 0.434, 0.435, 0.44, 0.44, 0.444, 0.429, 0.429, 0.43, 0.434, 0.439, 0.43, 0.425], "Energy": [0.0, 0.0, 0.0, 0.0, 0.01, 0.01, 0.01, 0.01, 0.02, 0.02, 0.02, 0.02, 0.02, 0.03, 0.03, 0.03, 0.03, 0.04, 0.04, 0.04, 0.04, 0.04, 0.05, 0.05, 0.05, 0.05, 0.06, 0.06, 0.06, 0.06, 0.06, 0.07, 0.07, 0.07, 0.07, 0.08, 0.08, 0.08, 0.08, 0.09, 0.09, 0.09, 0.09, 0.09, 0.1], "Frequency": [49.36, 49.36, 49.37, 49.37, 49.37, 49.38, 49.38, 49.38, 49.38, 49.38, 49.38, 49.37, 49.37, 49.37, 49.36, 49.36, 49.36, 49.35, 49.35, 49.35, 49.35, 49.35, 49.35, 49.37, 49.37, 49.37, 49.38, 49.38, 49.38, 49.37, 49.37, 49.37, 49.36, 49.36, 49.36, 49.35, 49.35, 49.35, 49.35, 49.35, 49.35, 49.36, 49.36, 49.36, 49.35], "Temp_env": []}