{"Start_Time": [1759034194.1219652], "Time": [1759034196.124618, 1759034198.1269922, 1759034200.1296422, 1759034202.1319788, 1759034204.1350846, 1759034206.1379402, 1759034208.1405442, 1759034210.1429174, 1759034212.1455789, 1759034214.1486013, 1759034216.1511767, 1759034218.1539507, 1759034220.1568725, 1759034222.1595564, 1759034224.1618683, 1759034226.1645384, 1759034228.167137, 1759034230.1699843, 1759034232.1727126, 1759034234.1748812, 1759034236.1777139, 1759034238.18063, 1759034240.1831925, 1759034242.1861033, 1759034244.1886842, 1759034246.1908848, 1759034248.1935303, 1759034250.1958947, 1759034252.1985307, 1759034254.201132, 1759034256.2039368, 1759034258.2067957, 1759034260.2096255, 1759034262.2119286, 1759034264.2146256, 1759034266.2172778, 1759034268.2201629, 1759034270.22262, 1759034272.225185, 1759034274.2277884, 1759034276.2305849, 1759034278.2331893, 1759034280.2360008, 1759034282.2388053, 1759034284.2416916], "Voltage": [229.61, 229.55, 229.55, 229.66, 229.61, 229.55, 229.66, 229.61, 229.61, 229.71, 229.61, 229.82, 229.71, 229.66, 229.71, 229.71, 229.66, 229.71, 229.71, 229.71, 229.55, 229.71, 229.71, 229.55, 229.66, 229.66, 229.61, 229.66, 229.66, 229.66, 229.66, 229.71, 229.66, 229.76, 229.76, 229.71, 229.71, 229.76, 229.76, 229.82, 229.55, 229.61, 229.66, 229.76, 229.66], "Current": [0.04, 0.04, 0.04, 0.04, 0.04, 0.04, 0.04, 0.04, 0.04, 0.04, 0.04, 0.04, 0.04, 0.04, 0.04, 0.04, 0.04, 0.04, 0.04, 0.04, 0.04, 0.04, 0.04, 0.04, 0.04, 0.04, 0.04, 0.04, 0.04, 0.04, 0.04, 0.04, 0.04, 0.04, 0.04, 0.04, 0.04, 0.04, 0.04, 0.04, 0.04, 0.04, 0.04, 0.04, 0.04], "Real_Power": [3.82, 3.76, 3.79, 3.85, 3.78, 3.89, 3.89, 3.79, 4.04, 3.78, 3.79, 3.84, 3.89, 3.87, 3.75, 3.76, 3.9, 3.9, 3.87, 3.77, 3.76, 3.86, 3.82, 3.82, 3.83, 3.84, 3.82, 3.95, 3.77, 3.94, 3.87, 3.76, 3.81, 3.85, 3.9, 3.8, 3.78, 3.79, 3.95, 3.86, 3.81, 3.73, 3.88, 3.84, 3.84], "Apparent_Power": [9.18, 9.18, 9.18, 9.18, 9.18, 9.18, 9.18, 9.18, 9.18, 9.18, 9.18, 9.19, 9.18, 9.18, 9.18, 9.18, 9.18, 9.18, 9.18, 9.18, 9.18, 9.18, 9.18, 9.18, 9.18, 9.18, 9.18, 9.18, 9.18, 9.18, 9.18, 9.18, 9.18, 9.19, 9.19, 9.18, 9.18, 9.19, 9.19, 9.19, 9.18, 9.18, 9.18, 9.19, 9.18], "Apparent_Power_Reactive": [8.34, 8.37, 8.36, 8.33, 8.36, 8.31, 8.31, 8.36, 8.24, 8.36, 8.36, 8.34, 8.31, 8.32, 8.37, 8.37, 8.31, 8.31, 8.32, 8.37, 8.37, 8.32, 8.34, 8.34, 8.34, 8.33, 8.34, 8.28, 8.37, 8.29, 8.32, 8.37, 8.35, 8.34, 8.32, 8.35, 8.36, 8.37, 8.29, 8.34, 8.35, 8.38, 8.31, 8.34, 8.33], "Power_Factor": [0.416, 0.409, 0.412, 0.419, 0.411, 0.423, 0.423, 0.412, 0.44, 0.411, 0.412, 0.417, 0.423, 0.421, 0.408, 0.409, 0.424, 0.424, 0.421, 0.41, 0.409, 0.42, 0.416, 0.416, 0.417, 0.418, 0.416, 0.43, 0.41, 0.429, 0.421, 0.409, 0.415, 0.418, 0.424, 0.413, 0.411, 0.412, 0.429, 0.42, 0.415, 0.406, 0.422, 0.417, 0.418], "Energy": [0.0, 0.0, 0.0, 0.0, 0.01, 0.01, 0.01, 0.01, 0.01, 0.02, 0.02, 0.02, 0.02, 0.03, 0.03, 0.03, 0.03, 0.03, 0.04, 0.04, 0.04, 0.04, 0.04, 0.05, 0.05, 0.05, 0.05, 0.06, 0.06, 0.06, 0.06, 0.06, 0.07, 0.07, 0.07, 0.07, 0.07, 0.08, 0.08, 0.08, 0.08, 0.09, 0.09, 0.09, 0.09], "Frequency": [49.39, 49.39, 49.39, 49.39, 49.39, 49.39, 49.39, 49.39, 49.39, 49.39, 49.39, 49.39, 49.39, 49.4, 49.4, 49.4, 49.4, 49.4, 49.4, 49.39, 49.39, 49.39, 49.38, 49.38, 49.38, 49.39, 49.39, 49.39, 49.38, 49.38, 49.38, 49.38, 49.38, 49.38, 49.39, 49.39, 49.39, 49.39, 49.39, 49.39, 49.39, 49.39, 49.39, 49.39, 49.39], "Temp_env": []}