{"Start_Time": [1759204020.7702584], "Time": [1759204022.7728543, 1759204024.774934, 1759204026.7769575, 1759204028.7797568, 1759204030.790071, 1759204032.7921846, 1759204034.7949297, 1759204036.7978039, 1759204038.8001237, 1759204040.8031437, 1759204042.8061566, 1759204044.8090756, 1759204046.8118553, 1759204048.8141916, 1759204050.8163497, 1759204052.8190458, 1759204054.8213809, 1759204056.8240933, 1759204058.8262734, 1759204060.8290968, 1759204062.8315878, 1759204064.8344293, 1759204066.8371906, 1759204068.839501, 1759204070.842005, 1759204072.8518627, 1759204074.8543272, 1759204076.8565607, 1759204078.8594906, 1759204080.8616772, 1759204082.8643727, 1759204084.867499, 1759204086.870563, 1759204088.8737366, 1759204090.8763258, 1759204092.8786664, 1759204094.8815684, 1759204096.8846703, 1759204098.8873878, 1759204100.8897579, 1759204102.8924458, 1759204104.8948267, 1759204106.897531, 1759204108.899872, 1759204110.9021254], "Voltage": [229.19, 229.19, 229.08, 229.19, 229.24, 229.19, 229.19, 229.08, 229.14, 229.03, 229.19, 229.03, 229.19, 229.14, 229.29, 229.08, 229.08, 229.14, 229.14, 229.08, 229.14, 229.03, 229.08, 229.08, 228.98, 229.19, 229.08, 229.08, 229.29, 229.14, 229.08, 228.98, 229.03, 229.03, 229.14, 229.03, 229.14, 228.87, 228.98, 228.93, 228.93, 228.98, 228.93, 230.03, 229.97], "Current": [0.04, 0.04, 0.04, 0.04, 0.04, 0.04, 0.04, 0.04, 0.04, 0.04, 0.04, 0.04, 0.04, 0.04, 0.04, 0.04, 0.04, 0.04, 0.04, 0.04, 0.04, 0.04, 0.04, 0.04, 0.04, 0.04, 0.04, 0.04, 0.04, 0.04, 0.04, 0.04, 0.04, 0.04, 0.04, 0.04, 0.04, 0.04, 0.04, 0.04, 0.04, 0.04, 0.04, 0.04, 0.04], "Real_Power": [3.91, 3.99, 3.88, 3.98, 3.89, 3.97, 3.96, 4.03, 3.92, 3.94, 3.91, 3.94, 3.97, 3.89, 3.97, 3.89, 3.89, 3.99, 3.86, 3.85, 3.85, 3.9, 3.88, 3.91, 3.91, 3.9, 3.95, 3.95, 3.98, 3.91, 4.04, 3.89, 4.01, 4.01, 3.96, 3.9, 4.05, 3.91, 3.86, 4.05, 4.02, 3.89, 3.91, 3.85, 3.94], "Apparent_Power": [9.16, 9.16, 9.16, 9.16, 9.16, 9.16, 9.16, 9.16, 9.16, 9.16, 9.16, 9.16, 9.16, 9.16, 9.17, 9.16, 9.16, 9.16, 9.16, 9.16, 9.16, 9.16, 9.16, 9.16, 9.15, 9.16, 9.16, 9.16, 9.17, 9.16, 9.16, 9.15, 9.16, 9.16, 9.16, 9.16, 9.16, 9.15, 9.15, 9.15, 9.15, 9.15, 9.15, 9.2, 9.19], "Apparent_Power_Reactive": [8.28, 8.24, 8.29, 8.25, 8.29, 8.25, 8.25, 8.22, 8.27, 8.26, 8.28, 8.26, 8.25, 8.29, 8.26, 8.29, 8.29, 8.24, 8.3, 8.31, 8.31, 8.28, 8.29, 8.28, 8.27, 8.28, 8.26, 8.26, 8.26, 8.28, 8.22, 8.28, 8.23, 8.23, 8.25, 8.28, 8.21, 8.27, 8.29, 8.2, 8.21, 8.28, 8.27, 8.35, 8.3], "Power_Factor": [0.426, 0.435, 0.423, 0.434, 0.424, 0.433, 0.432, 0.439, 0.427, 0.43, 0.426, 0.43, 0.433, 0.424, 0.432, 0.424, 0.424, 0.435, 0.421, 0.42, 0.42, 0.425, 0.423, 0.426, 0.427, 0.425, 0.431, 0.431, 0.434, 0.426, 0.441, 0.425, 0.437, 0.437, 0.432, 0.425, 0.442, 0.427, 0.421, 0.442, 0.439, 0.425, 0.427, 0.418, 0.428], "Energy": [0.0, 0.0, 0.0, 0.0, 0.01, 0.01, 0.01, 0.01, 0.01, 0.02, 0.02, 0.02, 0.02, 0.03, 0.03, 0.03, 0.03, 0.03, 0.04, 0.04, 0.04, 0.04, 0.05, 0.05, 0.05, 0.05, 0.05, 0.06, 0.06, 0.06, 0.06, 0.07, 0.07, 0.07, 0.07, 0.07, 0.08, 0.08, 0.08, 0.08, 0.09, 0.09, 0.09, 0.09, 0.09], "Frequency": [49.4, 49.4, 49.4, 49.4, 49.4, 49.4, 49.4, 49.39, 49.39, 49.39, 49.4, 49.4, 49.4, 49.4, 49.4, 49.4, 49.4, 49.4, 49.4, 49.39, 49.39, 49.39, 49.41, 49.41, 49.41, 49.4, 49.4, 49.4, 49.41, 49.41, 49.41, 49.39, 49.39, 49.39, 49.39, 49.39, 49.39, 49.37, 49.37, 49.37, 49.37, 49.37, 49.37, 49.37, 49.37], "Temp_env": []}