{"Start_Time": [1759245272.9974728], "Time": [1759245275.0001922, 1759245277.0029857, 1759245279.0055957, 1759245281.0086775, 1759245283.0115373, 1759245285.0146105, 1759245287.0173316, 1759245289.0201113, 1759245291.0230243, 1759245293.02585, 1759245295.028536, 1759245297.0316727, 1759245299.034572, 1759245301.0374925, 1759245303.0401664, 1759245305.0429776, 1759245307.045854, 1759245309.0486858, 1759245311.0508301, 1759245313.0536697, 1759245315.0560424, 1759245317.0591457, 1759245319.0620043, 1759245321.0650637, 1759245323.0677512, 1759245325.0702243, 1759245327.0727391, 1759245329.0751622, 1759245331.0781384, 1759245333.081071, 1759245335.0841768, 1759245337.0868652, 1759245339.090104, 1759245341.0929806, 1759245343.0953157, 1759245345.09799, 1759245347.1004367, 1759245349.1031835, 1759245351.1061108, 1759245353.109044, 1759245355.11127, 1759245357.1142986, 1759245359.1163719, 1759245361.1193142, 1759245363.1223767], "Voltage": [230.6, 230.71, 230.66, 230.71, 230.76, 230.66, 230.6, 230.71, 230.55, 230.71, 230.66, 230.6, 230.71, 230.6, 230.71, 230.76, 230.71, 230.71, 230.66, 230.81, 230.71, 230.76, 230.81, 230.71, 230.81, 230.92, 230.66, 230.76, 230.86, 230.76, 230.71, 230.81, 230.76, 230.76, 230.86, 230.76, 230.6, 230.71, 230.76, 230.66, 230.71, 230.66, 230.66, 230.71, 230.66], "Current": [0.04, 0.04, 0.04, 0.04, 0.04, 0.04, 0.04, 0.04, 0.04, 0.04, 0.04, 0.04, 0.04, 0.04, 0.04, 0.04, 0.04, 0.04, 0.04, 0.04, 0.04, 0.04, 0.04, 0.04, 0.04, 0.04, 0.04, 0.04, 0.04, 0.04, 0.04, 0.04, 0.04, 0.04, 0.04, 0.04, 0.04, 0.04, 0.04, 0.04, 0.04, 0.04, 0.04, 0.04, 0.04], "Real_Power": [3.95, 3.97, 3.92, 3.96, 3.83, 3.99, 3.99, 4.04, 3.98, 3.98, 3.98, 3.9, 4.01, 3.97, 3.98, 4.05, 4.01, 3.95, 4.04, 4.01, 3.84, 3.99, 4.03, 3.97, 3.89, 3.97, 3.95, 3.91, 3.94, 3.93, 3.94, 4.01, 3.95, 3.93, 3.97, 3.99, 3.99, 4.0, 3.86, 4.02, 3.89, 3.87, 4.0, 3.95, 3.95], "Apparent_Power": [9.22, 9.22, 9.22, 9.22, 9.23, 9.22, 9.22, 9.22, 9.22, 9.22, 9.22, 9.22, 9.22, 9.22, 9.22, 9.23, 9.22, 9.22, 9.22, 9.23, 9.22, 9.23, 9.23, 9.22, 9.23, 9.23, 9.22, 9.23, 9.23, 9.23, 9.22, 9.23, 9.23, 9.23, 9.23, 9.23, 9.22, 9.22, 9.23, 9.22, 9.22, 9.22, 9.22, 9.22, 9.22], "Apparent_Power_Reactive": [8.33, 8.32, 8.34, 8.32, 8.39, 8.31, 8.31, 8.28, 8.31, 8.31, 8.31, 8.35, 8.3, 8.32, 8.31, 8.29, 8.3, 8.33, 8.28, 8.31, 8.38, 8.32, 8.3, 8.32, 8.37, 8.33, 8.33, 8.36, 8.34, 8.35, 8.33, 8.31, 8.34, 8.35, 8.33, 8.32, 8.31, 8.3, 8.38, 8.29, 8.35, 8.36, 8.3, 8.33, 8.33], "Power_Factor": [0.428, 0.43, 0.425, 0.429, 0.414, 0.432, 0.432, 0.438, 0.431, 0.431, 0.431, 0.422, 0.434, 0.43, 0.431, 0.438, 0.434, 0.428, 0.438, 0.434, 0.416, 0.432, 0.436, 0.43, 0.421, 0.43, 0.428, 0.423, 0.426, 0.425, 0.427, 0.434, 0.427, 0.425, 0.43, 0.432, 0.432, 0.433, 0.418, 0.436, 0.421, 0.419, 0.433, 0.428, 0.428], "Energy": [0.0, 0.0, 0.0, 0.0, 0.01, 0.01, 0.01, 0.01, 0.01, 0.02, 0.02, 0.02, 0.02, 0.03, 0.03, 0.03, 0.03, 0.04, 0.04, 0.04, 0.04, 0.04, 0.05, 0.05, 0.05, 0.05, 0.06, 0.06, 0.06, 0.06, 0.06, 0.07, 0.07, 0.07, 0.07, 0.08, 0.08, 0.08, 0.08, 0.08, 0.09, 0.09, 0.09, 0.09, 0.1], "Frequency": [49.41, 49.42, 49.42, 49.42, 49.41, 49.41, 49.41, 49.41, 49.41, 49.41, 49.41, 49.41, 49.41, 49.41, 49.41, 49.41, 49.41, 49.41, 49.41, 49.43, 49.43, 49.43, 49.43, 49.43, 49.43, 49.44, 49.44, 49.44, 49.45, 49.45, 49.45, 49.45, 49.45, 49.45, 49.46, 49.46, 49.46, 49.46, 49.46, 49.46, 49.44, 49.44, 49.44, 49.46, 49.46], "Temp_env": []}