{"Start_Time": [1758687026.0020423], "Time": [1758687028.0047445, 1758687030.0079854, 1758687032.0109117, 1758687034.013135, 1758687036.0157206, 1758687038.0187669, 1758687040.020901, 1758687042.0232313, 1758687044.0261314, 1758687046.028691, 1758687048.0310361, 1758687050.033726, 1758687052.0360289, 1758687054.0387788, 1758687056.041109, 1758687058.0432377, 1758687060.0459223, 1758687062.0487864, 1758687064.0511472, 1758687066.0532782, 1758687068.0562296, 1758687070.0591016, 1758687072.0621543, 1758687074.0649197, 1758687076.0672941, 1758687078.0699236, 1758687080.07223, 1758687082.0751271, 1758687084.0782294, 1758687086.0809042, 1758687088.0833395, 1758687090.0864806, 1758687092.0893319, 1758687094.0923128, 1758687096.0951905, 1758687098.09829, 1758687100.1012287, 1758687102.1035166, 1758687104.106029, 1758687106.1083686, 1758687108.1104887, 1758687110.113639, 1758687112.1161003, 1758687114.1183941, 1758687116.1205497], "Voltage": [231.55, 231.44, 231.39, 231.55, 231.49, 231.44, 231.44, 231.07, 230.97, 230.97, 231.02, 230.97, 230.97, 231.02, 231.18, 231.13, 230.39, 230.5, 230.34, 230.29, 230.29, 230.24, 230.29, 230.34, 230.18, 230.29, 230.29, 230.18, 230.18, 230.13, 230.08, 229.97, 230.08, 230.13, 229.97, 229.92, 229.87, 229.97, 230.08, 230.03, 229.97, 229.97, 229.87, 229.87, 229.97], "Current": [0.04, 0.04, 0.04, 0.04, 0.04, 0.04, 0.04, 0.04, 0.04, 0.04, 0.04, 0.04, 0.04, 0.04, 0.04, 0.04, 0.04, 0.04, 0.04, 0.04, 0.04, 0.04, 0.04, 0.04, 0.04, 0.04, 0.04, 0.04, 0.04, 0.04, 0.04, 0.04, 0.04, 0.04, 0.04, 0.04, 0.04, 0.04, 0.04, 0.04, 0.04, 0.04, 0.04, 0.04, 0.04], "Real_Power": [4.0, 3.96, 3.96, 3.94, 3.89, 3.97, 4.01, 4.0, 3.97, 3.93, 4.07, 4.07, 4.0, 4.01, 4.06, 3.95, 4.0, 3.87, 3.92, 3.91, 4.05, 3.94, 3.98, 4.01, 3.85, 4.02, 3.92, 3.96, 3.98, 3.93, 4.04, 3.98, 3.85, 4.04, 4.02, 3.95, 4.0, 3.94, 4.07, 4.07, 3.92, 3.98, 3.82, 3.89, 4.05], "Apparent_Power": [9.26, 9.25, 9.25, 9.26, 9.25, 9.25, 9.25, 9.24, 9.23, 9.23, 9.24, 9.23, 9.23, 9.24, 9.24, 9.24, 9.21, 9.22, 9.21, 9.21, 9.21, 9.2, 9.21, 9.21, 9.2, 9.21, 9.21, 9.2, 9.2, 9.2, 9.2, 9.19, 9.2, 9.2, 9.19, 9.19, 9.19, 9.19, 9.2, 9.2, 9.19, 9.19, 9.19, 9.19, 9.19], "Apparent_Power_Reactive": [8.35, 8.35, 8.35, 8.37, 8.39, 8.35, 8.33, 8.32, 8.33, 8.35, 8.29, 8.28, 8.31, 8.32, 8.3, 8.35, 8.29, 8.36, 8.33, 8.33, 8.27, 8.31, 8.3, 8.29, 8.35, 8.28, 8.33, 8.3, 8.29, 8.31, 8.26, 8.28, 8.35, 8.26, 8.26, 8.29, 8.27, 8.3, 8.25, 8.25, 8.31, 8.28, 8.35, 8.32, 8.24], "Power_Factor": [0.431, 0.428, 0.428, 0.425, 0.42, 0.429, 0.433, 0.432, 0.43, 0.425, 0.44, 0.44, 0.433, 0.433, 0.439, 0.427, 0.434, 0.419, 0.425, 0.424, 0.439, 0.428, 0.432, 0.435, 0.418, 0.436, 0.425, 0.43, 0.432, 0.427, 0.439, 0.433, 0.418, 0.439, 0.437, 0.429, 0.435, 0.428, 0.442, 0.442, 0.426, 0.433, 0.415, 0.423, 0.44], "Energy": [0.0, 0.0, 0.0, 0.0, 0.01, 0.01, 0.01, 0.01, 0.01, 0.02, 0.02, 0.02, 0.02, 0.03, 0.03, 0.03, 0.03, 0.03, 0.04, 0.04, 0.04, 0.04, 0.05, 0.05, 0.05, 0.05, 0.05, 0.06, 0.06, 0.06, 0.06, 0.07, 0.07, 0.07, 0.07, 0.07, 0.08, 0.08, 0.08, 0.08, 0.09, 0.09, 0.09, 0.09, 0.09], "Frequency": [49.39, 49.39, 49.39, 49.38, 49.38, 49.38, 49.39, 49.39, 49.39, 49.38, 49.38, 49.38, 49.38, 49.38, 49.38, 49.39, 49.39, 49.39, 49.39, 49.39, 49.39, 49.4, 49.4, 49.4, 49.4, 49.4, 49.4, 49.39, 49.39, 49.39, 49.39, 49.39, 49.39, 49.39, 49.39, 49.39, 49.39, 49.39, 49.39, 49.39, 49.39, 49.39, 49.39, 49.39, 49.39], "Temp_env": []}