{"Start_Time": [1759054514.177944], "Time": [1759054516.1804485, 1759054518.18364, 1759054520.1867433, 1759054522.189422, 1759054524.1921504, 1759054526.1944256, 1759054528.196965, 1759054530.1995835, 1759054532.2019799, 1759054534.204663, 1759054536.2070072, 1759054538.210108, 1759054540.212763, 1759054542.2152326, 1759054544.2177002, 1759054546.2200427, 1759054548.2221868, 1759054550.2252734, 1759054552.228137, 1759054554.2310674, 1759054556.2340593, 1759054558.2369523, 1759054560.2391124, 1759054562.2424393, 1759054564.245051, 1759054566.2472343, 1759054568.2501812, 1759054570.2531593, 1759054572.256031, 1759054574.2583644, 1759054576.2614663, 1759054578.2643185, 1759054580.2672822, 1759054582.270349, 1759054584.2729056, 1759054586.2755046, 1759054588.278619, 1759054590.281486, 1759054592.2843401, 1759054594.2864363, 1759054596.2895496, 1759054598.2926433, 1759054600.295462, 1759054602.2986493, 1759054604.301308], "Voltage": [231.23, 231.18, 231.23, 231.18, 231.07, 231.18, 231.18, 231.02, 231.13, 231.23, 231.23, 231.28, 231.23, 231.18, 231.13, 231.23, 231.23, 231.13, 231.07, 231.13, 231.13, 231.23, 230.97, 231.18, 231.18, 231.18, 231.18, 231.23, 231.02, 231.07, 231.07, 231.18, 231.23, 231.18, 231.07, 231.13, 231.49, 231.49, 231.49, 231.39, 230.55, 230.6, 230.5, 230.5, 230.6], "Current": [0.04, 0.04, 0.04, 0.04, 0.04, 0.04, 0.04, 0.04, 0.04, 0.04, 0.04, 0.04, 0.04, 0.04, 0.04, 0.04, 0.04, 0.04, 0.04, 0.04, 0.04, 0.04, 0.04, 0.04, 0.04, 0.04, 0.04, 0.04, 0.04, 0.04, 0.04, 0.04, 0.04, 0.04, 0.04, 0.04, 0.04, 0.04, 0.04, 0.04, 0.04, 0.04, 0.04, 0.04, 0.04], "Real_Power": [3.91, 3.92, 3.85, 3.94, 3.91, 3.87, 3.84, 3.91, 3.88, 3.93, 3.93, 3.92, 3.93, 3.82, 3.85, 3.81, 3.69, 3.89, 3.92, 3.89, 4.0, 3.94, 3.84, 3.85, 3.93, 3.93, 3.75, 3.97, 3.83, 3.75, 3.94, 3.94, 3.96, 3.8, 3.86, 3.89, 3.88, 3.89, 3.92, 3.91, 3.92, 3.93, 3.93, 3.96, 3.99], "Apparent_Power": [9.24, 9.24, 9.24, 9.24, 9.24, 9.24, 9.24, 9.24, 9.24, 9.24, 9.24, 9.25, 9.24, 9.24, 9.24, 9.24, 9.24, 9.24, 9.24, 9.24, 9.24, 9.24, 9.23, 9.24, 9.24, 9.24, 9.24, 9.24, 9.24, 9.24, 9.24, 9.24, 9.24, 9.24, 9.24, 9.24, 9.25, 9.25, 9.25, 9.25, 9.22, 9.22, 9.22, 9.22, 9.22], "Apparent_Power_Reactive": [8.37, 8.36, 8.39, 8.35, 8.37, 8.39, 8.4, 8.37, 8.38, 8.36, 8.36, 8.37, 8.36, 8.41, 8.39, 8.41, 8.47, 8.38, 8.36, 8.38, 8.32, 8.35, 8.39, 8.39, 8.36, 8.36, 8.44, 8.34, 8.4, 8.44, 8.35, 8.35, 8.34, 8.42, 8.39, 8.38, 8.39, 8.39, 8.37, 8.38, 8.34, 8.34, 8.34, 8.32, 8.31], "Power_Factor": [0.423, 0.424, 0.416, 0.426, 0.423, 0.418, 0.415, 0.423, 0.419, 0.425, 0.425, 0.423, 0.425, 0.413, 0.416, 0.412, 0.399, 0.42, 0.424, 0.42, 0.432, 0.426, 0.416, 0.416, 0.425, 0.425, 0.405, 0.429, 0.414, 0.405, 0.426, 0.426, 0.428, 0.411, 0.417, 0.42, 0.419, 0.42, 0.423, 0.422, 0.425, 0.426, 0.426, 0.429, 0.432], "Energy": [0.0, 0.0, 0.0, 0.0, 0.01, 0.01, 0.01, 0.01, 0.01, 0.02, 0.02, 0.02, 0.02, 0.03, 0.03, 0.03, 0.03, 0.03, 0.04, 0.04, 0.04, 0.04, 0.05, 0.05, 0.05, 0.05, 0.05, 0.06, 0.06, 0.06, 0.06, 0.06, 0.07, 0.07, 0.07, 0.07, 0.08, 0.08, 0.08, 0.08, 0.08, 0.09, 0.09, 0.09, 0.09], "Frequency": [49.45, 49.44, 49.44, 49.44, 49.45, 49.45, 49.45, 49.45, 49.45, 49.45, 49.43, 49.43, 49.43, 49.41, 49.41, 49.41, 49.43, 49.43, 49.43, 49.43, 49.43, 49.43, 49.44, 49.44, 49.44, 49.45, 49.45, 49.45, 49.45, 49.45, 49.45, 49.46, 49.46, 49.46, 49.44, 49.44, 49.44, 49.43, 49.43, 49.43, 49.43, 49.43, 49.43, 49.45, 49.45], "Temp_env": []}