{"Start_Time": [1758715004.3221474], "Time": [1758715006.3248236, 1758715008.3277276, 1758715010.3298233, 1758715012.332808, 1758715014.3348627, 1758715016.3379996, 1758715018.340595, 1758715020.3429005, 1758715022.3456154, 1758715024.3483918, 1758715026.3506296, 1758715028.352899, 1758715030.3559215, 1758715032.365732, 1758715034.3680356, 1758715036.3705792, 1758715038.380699, 1758715040.3832977, 1758715042.386178, 1758715044.3961537, 1758715046.3987978, 1758715048.4017503, 1758715050.4047928, 1758715052.4072764, 1758715054.4101417, 1758715056.4202483, 1758715058.422737, 1758715060.425043, 1758715062.4348416, 1758715064.437926, 1758715066.4407554, 1758715068.4511344, 1758715070.4541273, 1758715072.4567442, 1758715074.4590507, 1758715076.4619014, 1758715078.464799, 1758715080.474162, 1758715082.4769511, 1758715084.4801135, 1758715086.4898477, 1758715088.4929562, 1758715090.4951022, 1758715092.498359, 1758715094.5010443], "Voltage": [228.82, 228.77, 228.77, 229.03, 228.87, 228.93, 228.98, 228.82, 228.98, 228.98, 228.98, 228.98, 228.93, 228.93, 229.35, 229.29, 229.14, 229.35, 229.29, 229.35, 229.24, 229.24, 229.19, 229.29, 229.35, 229.24, 229.35, 229.24, 229.35, 229.35, 229.24, 229.45, 229.35, 229.5, 229.4, 229.35, 229.45, 229.35, 229.24, 229.19, 229.45, 229.19, 229.35, 229.29, 229.24], "Current": [0.04, 0.04, 0.04, 0.04, 0.04, 0.04, 0.04, 0.04, 0.04, 0.04, 0.04, 0.04, 0.04, 0.04, 0.04, 0.04, 0.04, 0.04, 0.04, 0.04, 0.04, 0.04, 0.04, 0.04, 0.04, 0.04, 0.04, 0.04, 0.04, 0.04, 0.04, 0.04, 0.04, 0.04, 0.04, 0.04, 0.04, 0.04, 0.04, 0.04, 0.04, 0.04, 0.04, 0.04, 0.04], "Real_Power": [3.92, 3.9, 4.08, 3.97, 3.9, 3.99, 4.09, 3.97, 4.0, 4.04, 4.03, 4.03, 3.87, 3.99, 4.12, 3.98, 4.04, 3.88, 3.96, 3.83, 4.0, 3.97, 3.99, 3.96, 4.07, 3.92, 4.11, 3.98, 3.99, 4.07, 3.95, 4.03, 4.02, 3.98, 3.94, 4.0, 4.01, 3.97, 4.08, 3.9, 3.92, 3.95, 4.07, 4.05, 3.96], "Apparent_Power": [9.15, 9.15, 9.15, 9.16, 9.15, 9.15, 9.15, 9.15, 9.15, 9.15, 9.15, 9.15, 9.15, 9.15, 9.17, 9.17, 9.16, 9.17, 9.17, 9.17, 9.16, 9.16, 9.16, 9.17, 9.17, 9.16, 9.17, 9.16, 9.17, 9.17, 9.16, 9.17, 9.17, 9.18, 9.17, 9.17, 9.17, 9.17, 9.16, 9.16, 9.17, 9.16, 9.17, 9.17, 9.16], "Apparent_Power_Reactive": [8.26, 8.27, 8.19, 8.25, 8.27, 8.23, 8.18, 8.24, 8.22, 8.2, 8.21, 8.21, 8.29, 8.23, 8.19, 8.26, 8.22, 8.3, 8.27, 8.33, 8.24, 8.25, 8.24, 8.27, 8.21, 8.27, 8.19, 8.25, 8.25, 8.21, 8.26, 8.23, 8.24, 8.27, 8.28, 8.25, 8.24, 8.26, 8.2, 8.28, 8.28, 8.26, 8.21, 8.22, 8.25], "Power_Factor": [0.428, 0.426, 0.445, 0.433, 0.426, 0.436, 0.446, 0.433, 0.437, 0.441, 0.44, 0.44, 0.422, 0.436, 0.449, 0.434, 0.441, 0.423, 0.431, 0.417, 0.436, 0.433, 0.435, 0.431, 0.443, 0.427, 0.448, 0.434, 0.435, 0.443, 0.431, 0.439, 0.438, 0.433, 0.429, 0.436, 0.437, 0.432, 0.445, 0.425, 0.427, 0.431, 0.443, 0.441, 0.432], "Energy": [0.0, 0.0, 0.0, 0.0, 0.01, 0.01, 0.01, 0.01, 0.02, 0.02, 0.02, 0.02, 0.02, 0.03, 0.03, 0.03, 0.03, 0.04, 0.04, 0.04, 0.04, 0.04, 0.05, 0.05, 0.05, 0.05, 0.06, 0.06, 0.06, 0.06, 0.06, 0.07, 0.07, 0.07, 0.07, 0.08, 0.08, 0.08, 0.08, 0.08, 0.09, 0.09, 0.09, 0.09, 0.1], "Frequency": [49.41, 49.41, 49.41, 49.4, 49.4, 49.4, 49.4, 49.4, 49.4, 49.4, 49.4, 49.4, 49.39, 49.39, 49.39, 49.4, 49.4, 49.4, 49.4, 49.4, 49.4, 49.39, 49.39, 49.39, 49.39, 49.39, 49.39, 49.4, 49.4, 49.4, 49.39, 49.39, 49.39, 49.39, 49.39, 49.39, 49.39, 49.39, 49.39, 49.39, 49.39, 49.39, 49.39, 49.39, 49.39], "Temp_env": []}