{"Start_Time": [1758810066.474043], "Time": [1758810068.4764774, 1758810070.479486, 1758810072.4824362, 1758810074.4853365, 1758810076.4944162, 1758810078.4975758, 1758810080.5004292, 1758810082.5103605, 1758810084.5135212, 1758810086.5165613, 1758810088.526309, 1758810090.5286474, 1758810092.5315998, 1758810094.5345445, 1758810096.53664, 1758810098.5395513, 1758810100.5494938, 1758810102.5523174, 1758810104.5547006, 1758810106.564432, 1758810108.566964, 1758810110.5694106, 1758810112.5717201, 1758810114.5738373, 1758810116.576543, 1758810118.579125, 1758810120.5819852, 1758810122.5848372, 1758810124.5946681, 1758810126.5970013, 1758810128.5995862, 1758810130.6097114, 1758810132.612047, 1758810134.6150088, 1758810136.6181061, 1758810138.6207128, 1758810140.623109, 1758810142.6258209, 1758810144.6283333, 1758810146.6311448, 1758810148.6412454, 1758810150.6440458, 1758810152.6469572, 1758810154.6498213, 1758810156.6524396], "Voltage": [230.86, 230.76, 230.81, 230.76, 230.97, 230.97, 230.97, 231.02, 231.07, 231.02, 230.81, 231.02, 231.07, 231.18, 231.02, 231.13, 231.02, 231.18, 231.02, 231.13, 231.18, 230.86, 231.07, 230.92, 230.86, 230.81, 230.86, 230.81, 230.81, 230.97, 230.92, 231.02, 230.97, 231.02, 230.86, 230.81, 230.81, 230.92, 230.76, 230.86, 230.81, 231.07, 231.07, 231.02, 231.13], "Current": [0.04, 0.04, 0.04, 0.04, 0.04, 0.04, 0.04, 0.04, 0.04, 0.04, 0.04, 0.04, 0.04, 0.04, 0.04, 0.04, 0.04, 0.04, 0.04, 0.04, 0.04, 0.04, 0.04, 0.04, 0.04, 0.04, 0.04, 0.04, 0.04, 0.04, 0.04, 0.04, 0.04, 0.04, 0.04, 0.04, 0.04, 0.04, 0.04, 0.04, 0.04, 0.04, 0.04, 0.04, 0.04], "Real_Power": [3.95, 3.88, 3.93, 3.92, 3.98, 4.06, 4.09, 3.99, 3.96, 4.0, 3.88, 3.97, 4.08, 4.04, 3.92, 3.91, 3.87, 4.01, 4.03, 4.0, 3.92, 3.93, 3.94, 4.03, 4.02, 4.07, 3.95, 3.89, 3.89, 4.01, 4.01, 3.99, 3.98, 3.97, 3.96, 4.09, 3.96, 4.0, 3.91, 4.06, 3.94, 4.01, 3.95, 3.95, 3.96], "Apparent_Power": [9.23, 9.23, 9.23, 9.23, 9.23, 9.23, 9.23, 9.24, 9.24, 9.24, 9.23, 9.24, 9.24, 9.24, 9.24, 9.24, 9.24, 9.24, 9.24, 9.24, 9.24, 9.23, 9.24, 9.23, 9.23, 9.23, 9.23, 9.23, 9.23, 9.23, 9.23, 9.24, 9.23, 9.24, 9.23, 9.23, 9.23, 9.23, 9.23, 9.23, 9.23, 9.24, 9.24, 9.24, 9.24], "Apparent_Power_Reactive": [8.34, 8.37, 8.35, 8.35, 8.32, 8.28, 8.27, 8.33, 8.34, 8.32, 8.37, 8.34, 8.29, 8.3, 8.36, 8.37, 8.39, 8.32, 8.31, 8.32, 8.36, 8.35, 8.35, 8.3, 8.3, 8.28, 8.34, 8.37, 8.37, 8.31, 8.31, 8.33, 8.32, 8.34, 8.33, 8.27, 8.33, 8.31, 8.36, 8.28, 8.34, 8.32, 8.35, 8.35, 8.34], "Power_Factor": [0.427, 0.42, 0.425, 0.424, 0.431, 0.439, 0.443, 0.431, 0.428, 0.432, 0.42, 0.429, 0.441, 0.437, 0.424, 0.423, 0.418, 0.433, 0.436, 0.432, 0.424, 0.425, 0.426, 0.436, 0.435, 0.44, 0.427, 0.421, 0.421, 0.434, 0.434, 0.431, 0.431, 0.429, 0.429, 0.443, 0.429, 0.433, 0.423, 0.439, 0.426, 0.433, 0.427, 0.427, 0.428], "Energy": [0.0, 0.0, 0.0, 0.0, 0.01, 0.01, 0.01, 0.01, 0.02, 0.02, 0.02, 0.02, 0.02, 0.03, 0.03, 0.03, 0.03, 0.04, 0.04, 0.04, 0.04, 0.04, 0.05, 0.05, 0.05, 0.05, 0.06, 0.06, 0.06, 0.06, 0.06, 0.07, 0.07, 0.07, 0.07, 0.08, 0.08, 0.08, 0.08, 0.08, 0.09, 0.09, 0.09, 0.09, 0.1], "Frequency": [49.43, 49.43, 49.43, 49.43, 49.41, 49.41, 49.41, 49.39, 49.39, 49.39, 49.41, 49.41, 49.41, 49.41, 49.41, 49.41, 49.4, 49.4, 49.4, 49.39, 49.39, 49.39, 49.39, 49.39, 49.39, 49.37, 49.37, 49.37, 49.38, 49.38, 49.38, 49.38, 49.38, 49.38, 49.39, 49.39, 49.39, 49.38, 49.38, 49.38, 49.38, 49.38, 49.38, 49.38, 49.38], "Temp_env": []}