{"Start_Time": [1758753498.3777325], "Time": [1758753500.380571, 1758753502.3830464, 1758753504.3861685, 1758753506.3890195, 1758753508.3990753, 1758753510.4018948, 1758753512.4051223, 1758753514.4071918, 1758753516.410299, 1758753518.4129403, 1758753520.4230695, 1758753522.4251716, 1758753524.4292402, 1758753526.4390125, 1758753528.4411886, 1758753530.444317, 1758753532.4542449, 1758753534.4571662, 1758753536.4602554, 1758753538.4629686, 1758753540.4653118, 1758753542.4684446, 1758753544.4782798, 1758753546.4805863, 1758753548.4833412, 1758753550.493065, 1758753552.495256, 1758753554.4980695, 1758753556.5005245, 1758753558.5024867, 1758753560.505428, 1758753562.5153913, 1758753564.5185099, 1758753566.521231, 1758753568.5307767, 1758753570.5334394, 1758753572.5362718, 1758753574.5464623, 1758753576.549317, 1758753578.5516057, 1758753580.5535862, 1758753582.5565479, 1758753584.5586665, 1758753586.568414, 1758753588.5711398], "Voltage": [230.92, 231.02, 231.02, 230.86, 230.92, 231.07, 231.07, 231.07, 230.97, 231.07, 230.97, 230.92, 231.07, 231.02, 231.18, 231.02, 231.07, 231.02, 230.86, 230.97, 230.92, 230.92, 231.02, 231.02, 231.07, 231.13, 231.23, 231.23, 231.13, 231.07, 231.13, 231.07, 231.02, 231.13, 231.13, 231.18, 231.18, 231.13, 231.07, 230.97, 231.23, 231.18, 231.34, 231.18, 231.28], "Current": [0.04, 0.04, 0.04, 0.04, 0.04, 0.04, 0.04, 0.04, 0.04, 0.04, 0.04, 0.04, 0.04, 0.04, 0.04, 0.04, 0.04, 0.04, 0.04, 0.04, 0.04, 0.04, 0.04, 0.04, 0.04, 0.04, 0.04, 0.04, 0.04, 0.04, 0.04, 0.04, 0.04, 0.04, 0.04, 0.04, 0.04, 0.04, 0.04, 0.04, 0.04, 0.04, 0.04, 0.04, 0.04], "Real_Power": [3.78, 3.92, 4.05, 3.95, 3.93, 3.84, 3.91, 3.82, 3.98, 3.93, 3.86, 3.82, 3.81, 3.86, 3.98, 3.81, 3.87, 3.99, 3.91, 3.88, 3.79, 3.84, 3.82, 3.82, 3.9, 3.94, 3.94, 3.92, 3.9, 3.91, 3.87, 3.93, 3.96, 3.96, 3.99, 3.82, 3.94, 3.91, 3.9, 3.87, 3.79, 3.94, 3.86, 3.84, 3.94], "Apparent_Power": [9.23, 9.24, 9.24, 9.23, 9.23, 9.24, 9.24, 9.24, 9.23, 9.24, 9.23, 9.23, 9.24, 9.24, 9.24, 9.24, 9.24, 9.24, 9.23, 9.23, 9.23, 9.23, 9.24, 9.24, 9.24, 9.24, 9.24, 9.24, 9.24, 9.24, 9.24, 9.24, 9.24, 9.24, 9.24, 9.24, 9.24, 9.24, 9.24, 9.23, 9.24, 9.24, 9.25, 9.24, 9.25], "Apparent_Power_Reactive": [8.42, 8.36, 8.3, 8.34, 8.35, 8.4, 8.37, 8.41, 8.32, 8.36, 8.38, 8.4, 8.41, 8.39, 8.33, 8.41, 8.39, 8.33, 8.36, 8.37, 8.41, 8.39, 8.41, 8.41, 8.37, 8.35, 8.35, 8.36, 8.37, 8.37, 8.39, 8.36, 8.34, 8.34, 8.33, 8.41, 8.35, 8.37, 8.37, 8.37, 8.42, 8.35, 8.4, 8.4, 8.36], "Power_Factor": [0.409, 0.424, 0.438, 0.427, 0.425, 0.415, 0.423, 0.413, 0.431, 0.425, 0.418, 0.413, 0.412, 0.417, 0.43, 0.412, 0.418, 0.431, 0.423, 0.42, 0.41, 0.416, 0.413, 0.413, 0.422, 0.426, 0.426, 0.424, 0.422, 0.423, 0.418, 0.425, 0.428, 0.428, 0.431, 0.413, 0.426, 0.423, 0.422, 0.419, 0.41, 0.426, 0.417, 0.415, 0.425], "Energy": [0.0, 0.0, 0.0, 0.0, 0.01, 0.01, 0.01, 0.01, 0.01, 0.02, 0.02, 0.02, 0.02, 0.03, 0.03, 0.03, 0.03, 0.03, 0.04, 0.04, 0.04, 0.04, 0.05, 0.05, 0.05, 0.05, 0.05, 0.06, 0.06, 0.06, 0.06, 0.07, 0.07, 0.07, 0.07, 0.07, 0.08, 0.08, 0.08, 0.08, 0.08, 0.09, 0.09, 0.09, 0.09], "Frequency": [49.44, 49.44, 49.43, 49.43, 49.43, 49.43, 49.43, 49.43, 49.44, 49.44, 49.44, 49.43, 49.43, 49.43, 49.44, 49.44, 49.44, 49.46, 49.46, 49.46, 49.46, 49.46, 49.46, 49.46, 49.46, 49.46, 49.46, 49.46, 49.46, 49.46, 49.46, 49.46, 49.42, 49.42, 49.42, 49.43, 49.43, 49.43, 49.43, 49.43, 49.43, 49.42, 49.42, 49.42, 49.41], "Temp_env": []}