{"Start_Time": [1759182270.754132], "Time": [1759182272.7568293, 1759182274.7596345, 1759182276.762247, 1759182278.764895, 1759182280.7679753, 1759182282.7707884, 1759182284.7731256, 1759182286.7758682, 1759182288.779427, 1759182290.782024, 1759182292.7851894, 1759182294.7881267, 1759182296.7911599, 1759182298.7940104, 1759182300.7969384, 1759182302.7993853, 1759182304.8022964, 1759182306.8052297, 1759182308.8073456, 1759182310.8103049, 1759182312.8131242, 1759182314.8154755, 1759182316.8181753, 1759182318.820449, 1759182320.8233876, 1759182322.826515, 1759182324.8294148, 1759182326.8314724, 1759182328.8346632, 1759182330.837349, 1759182332.8397567, 1759182334.8422716, 1759182336.8445685, 1759182338.8469443, 1759182340.8498204, 1759182342.8524168, 1759182344.8547893, 1759182346.8574905, 1759182348.8599167, 1759182350.862473, 1759182352.8649955, 1759182354.8678832, 1759182356.8705354, 1759182358.8728878, 1759182360.8756192], "Voltage": [230.5, 230.55, 230.55, 230.6, 230.6, 230.5, 230.39, 230.45, 230.5, 230.6, 230.5, 230.55, 230.5, 230.6, 230.55, 230.55, 230.6, 230.55, 230.6, 230.55, 230.45, 230.55, 230.45, 230.55, 230.39, 230.5, 230.5, 230.34, 230.5, 230.5, 230.45, 230.29, 230.45, 230.39, 229.5, 229.61, 229.5, 229.45, 229.55, 229.55, 229.71, 229.61, 229.5, 229.61, 229.61], "Current": [0.04, 0.04, 0.04, 0.04, 0.04, 0.04, 0.04, 0.04, 0.04, 0.04, 0.04, 0.04, 0.04, 0.04, 0.04, 0.04, 0.03, 0.03, 0.04, 0.03, 0.04, 0.04, 0.04, 0.04, 0.03, 0.04, 0.04, 0.03, 0.04, 0.03, 0.03, 0.04, 0.04, 0.04, 0.04, 0.04, 0.04, 0.04, 0.04, 0.04, 0.04, 0.04, 0.04, 0.04, 0.04], "Real_Power": [3.9, 3.8, 4.05, 4.0, 3.92, 3.9, 3.93, 3.88, 3.87, 3.89, 3.96, 3.97, 4.0, 3.81, 3.91, 3.94, 3.86, 3.91, 3.9, 3.87, 3.92, 3.93, 3.97, 3.94, 3.86, 4.03, 3.91, 3.8, 3.88, 3.83, 3.88, 3.84, 3.88, 3.9, 3.88, 3.98, 3.89, 3.92, 3.93, 3.9, 3.94, 4.05, 3.93, 3.95, 3.91], "Apparent_Power": [9.22, 9.22, 9.22, 9.22, 9.22, 9.22, 9.21, 9.21, 9.22, 9.22, 9.22, 9.22, 9.22, 9.22, 9.22, 9.22, 6.91, 6.91, 9.22, 6.91, 9.21, 9.22, 9.21, 9.22, 6.91, 9.22, 9.22, 6.91, 9.22, 6.91, 6.91, 9.21, 9.21, 9.21, 9.18, 9.18, 9.18, 9.17, 9.18, 9.18, 9.18, 9.18, 9.18, 9.18, 9.18], "Apparent_Power_Reactive": [8.35, 8.4, 8.28, 8.3, 8.34, 8.35, 8.32, 8.35, 8.36, 8.35, 8.32, 8.32, 8.3, 8.39, 8.34, 8.33, 5.73, 5.69, 8.35, 5.72, 8.33, 8.34, 8.31, 8.33, 5.73, 8.29, 8.34, 5.77, 8.36, 5.75, 5.71, 8.37, 8.35, 8.34, 8.31, 8.27, 8.31, 8.28, 8.29, 8.31, 8.29, 8.23, 8.29, 8.28, 8.3], "Power_Factor": [0.422, 0.412, 0.439, 0.433, 0.425, 0.422, 0.426, 0.421, 0.419, 0.421, 0.429, 0.43, 0.433, 0.413, 0.424, 0.427, 0.558, 0.565, 0.422, 0.56, 0.425, 0.426, 0.431, 0.427, 0.558, 0.437, 0.424, 0.549, 0.42, 0.554, 0.561, 0.416, 0.421, 0.423, 0.422, 0.433, 0.423, 0.427, 0.428, 0.424, 0.429, 0.441, 0.428, 0.43, 0.425], "Energy": [0.0, 0.0, 0.0, 0.0, 0.01, 0.01, 0.01, 0.01, 0.01, 0.02, 0.02, 0.02, 0.02, 0.03, 0.03, 0.03, 0.03, 0.03, 0.04, 0.04, 0.04, 0.04, 0.05, 0.05, 0.05, 0.05, 0.05, 0.06, 0.06, 0.06, 0.06, 0.07, 0.07, 0.07, 0.07, 0.07, 0.08, 0.08, 0.08, 0.08, 0.09, 0.09, 0.09, 0.09, 0.09], "Frequency": [49.39, 49.39, 49.39, 49.4, 49.4, 49.4, 49.41, 49.41, 49.41, 49.39, 49.39, 49.39, 49.39, 49.39, 49.39, 49.39, 49.39, 49.39, 49.38, 49.38, 49.38, 49.39, 49.39, 49.39, 49.37, 49.37, 49.37, 49.36, 49.36, 49.36, 49.35, 49.35, 49.35, 49.36, 49.36, 49.36, 49.36, 49.36, 49.36, 49.37, 49.37, 49.37, 49.36, 49.36, 49.36], "Temp_env": []}