{"Start_Time": [1759062886.122449], "Time": [1759062888.1248438, 1759062890.127452, 1759062892.129807, 1759062894.1325655, 1759062896.1351697, 1759062898.1380434, 1759062900.1411512, 1759062902.143656, 1759062904.1461878, 1759062906.1487582, 1759062908.1511805, 1759062910.1542656, 1759062912.1568825, 1759062914.1594367, 1759062916.1621203, 1759062918.1650014, 1759062920.167365, 1759062922.1704965, 1759062924.173169, 1759062926.1763246, 1759062928.179458, 1759062930.1819942, 1759062932.184458, 1759062934.187188, 1759062936.1895401, 1759062938.1916804, 1759062940.1944318, 1759062942.197347, 1759062944.2000663, 1759062946.2029338, 1759062948.2054763, 1759062950.2078543, 1759062952.2105868, 1759062954.2128134, 1759062956.2155733, 1759062958.218167, 1759062960.221026, 1759062962.2239306, 1759062964.226713, 1759062966.2290442, 1759062968.2319574, 1759062970.2348163, 1759062972.2371542, 1759062974.2401006, 1759062976.2431464], "Voltage": [228.82, 228.72, 228.82, 228.66, 228.66, 228.56, 228.66, 228.66, 228.66, 229.76, 229.82, 229.87, 229.87, 229.87, 229.92, 229.87, 229.87, 229.92, 229.76, 229.82, 229.82, 229.71, 229.76, 229.71, 229.76, 229.71, 229.55, 229.66, 229.5, 229.66, 229.66, 229.76, 229.87, 229.82, 229.87, 229.71, 229.76, 229.76, 229.66, 229.66, 229.55, 229.66, 229.66, 229.61, 229.66], "Current": [0.04, 0.04, 0.04, 0.04, 0.04, 0.04, 0.04, 0.04, 0.04, 0.04, 0.04, 0.04, 0.04, 0.04, 0.04, 0.04, 0.04, 0.04, 0.04, 0.04, 0.04, 0.04, 0.04, 0.04, 0.04, 0.04, 0.04, 0.04, 0.04, 0.04, 0.04, 0.04, 0.04, 0.04, 0.04, 0.04, 0.04, 0.04, 0.04, 0.04, 0.04, 0.04, 0.04, 0.04, 0.04], "Real_Power": [3.84, 3.78, 4.02, 3.91, 3.91, 3.79, 3.85, 3.9, 3.96, 3.77, 3.81, 3.84, 3.87, 3.88, 3.91, 3.85, 3.89, 4.0, 3.88, 3.89, 3.87, 3.91, 3.94, 3.94, 3.83, 3.79, 3.97, 3.97, 3.82, 3.99, 3.96, 3.83, 3.95, 3.89, 3.91, 3.94, 3.94, 3.82, 3.82, 3.86, 3.89, 3.78, 3.92, 3.8, 3.85], "Apparent_Power": [9.15, 9.14, 9.15, 9.14, 9.14, 9.14, 9.14, 9.14, 9.14, 9.19, 9.19, 9.19, 9.19, 9.19, 9.19, 9.19, 9.19, 9.19, 9.19, 9.19, 9.19, 9.18, 9.19, 9.18, 9.19, 9.18, 9.18, 9.18, 9.18, 9.18, 9.18, 9.19, 9.19, 9.19, 9.19, 9.18, 9.19, 9.19, 9.18, 9.18, 9.18, 9.18, 9.18, 9.18, 9.18], "Apparent_Power_Reactive": [8.3, 8.32, 8.21, 8.26, 8.26, 8.31, 8.28, 8.26, 8.23, 8.38, 8.36, 8.34, 8.33, 8.33, 8.31, 8.34, 8.32, 8.27, 8.33, 8.32, 8.33, 8.3, 8.3, 8.29, 8.35, 8.36, 8.27, 8.27, 8.34, 8.26, 8.28, 8.35, 8.29, 8.32, 8.31, 8.29, 8.3, 8.35, 8.34, 8.32, 8.31, 8.36, 8.3, 8.35, 8.33], "Power_Factor": [0.419, 0.413, 0.439, 0.427, 0.427, 0.414, 0.421, 0.426, 0.433, 0.41, 0.414, 0.417, 0.421, 0.422, 0.425, 0.418, 0.423, 0.435, 0.422, 0.423, 0.421, 0.425, 0.428, 0.429, 0.416, 0.412, 0.432, 0.432, 0.416, 0.434, 0.431, 0.416, 0.429, 0.423, 0.425, 0.429, 0.428, 0.415, 0.416, 0.42, 0.423, 0.411, 0.427, 0.413, 0.419], "Energy": [0.0, 0.0, 0.0, 0.0, 0.01, 0.01, 0.01, 0.01, 0.01, 0.02, 0.02, 0.02, 0.02, 0.03, 0.03, 0.03, 0.03, 0.03, 0.04, 0.04, 0.04, 0.04, 0.05, 0.05, 0.05, 0.05, 0.05, 0.06, 0.06, 0.06, 0.06, 0.06, 0.07, 0.07, 0.07, 0.07, 0.08, 0.08, 0.08, 0.08, 0.08, 0.09, 0.09, 0.09, 0.09], "Frequency": [49.39, 49.38, 49.38, 49.38, 49.37, 49.37, 49.37, 49.36, 49.36, 49.36, 49.36, 49.36, 49.36, 49.37, 49.37, 49.37, 49.38, 49.38, 49.38, 49.38, 49.38, 49.38, 49.37, 49.37, 49.37, 49.37, 49.37, 49.37, 49.37, 49.37, 49.37, 49.37, 49.37, 49.37, 49.37, 49.37, 49.37, 49.39, 49.39, 49.37, 49.37, 49.37, 49.37, 49.37, 49.37], "Temp_env": []}