{"Start_Time": [1758757481.074102], "Time": [1758757483.0765154, 1758757485.0794148, 1758757487.0820613, 1758757489.0845056, 1758757491.0872383, 1758757493.0905485, 1758757495.0932472, 1758757497.095355, 1758757499.0983932, 1758757501.1013377, 1758757503.1037827, 1758757505.1062975, 1758757507.1085556, 1758757509.1115491, 1758757511.1143632, 1758757513.11718, 1758757515.119861, 1758757517.1222491, 1758757519.124692, 1758757521.1266205, 1758757523.1293166, 1758757525.131471, 1758757527.1344702, 1758757529.1375377, 1758757531.140637, 1758757533.1425924, 1758757535.1455252, 1758757537.1485462, 1758757539.1515374, 1758757541.154861, 1758757543.1572936, 1758757545.159636, 1758757547.1623657, 1758757549.1648026, 1758757551.1675317, 1758757553.1705976, 1758757555.1738062, 1758757557.1767418, 1758757559.179331, 1758757561.1816785, 1758757563.184562, 1758757565.187608, 1758757567.1908743, 1758757569.1935434, 1758757571.1960678], "Voltage": [230.6, 230.5, 230.66, 230.6, 230.6, 230.66, 230.66, 230.55, 230.6, 230.6, 230.6, 230.55, 230.6, 230.71, 230.5, 230.5, 230.45, 230.39, 230.55, 230.39, 230.6, 230.55, 230.55, 230.5, 230.66, 230.55, 230.66, 230.66, 230.76, 230.71, 230.86, 230.71, 230.6, 230.81, 230.71, 231.02, 230.66, 230.71, 230.76, 230.6, 230.81, 230.76, 230.6, 230.71, 230.66], "Current": [0.03, 0.03, 0.03, 0.03, 0.03, 0.04, 0.03, 0.03, 0.03, 0.04, 0.04, 0.04, 0.04, 0.04, 0.03, 0.03, 0.04, 0.04, 0.04, 0.03, 0.03, 0.03, 0.03, 0.03, 0.03, 0.04, 0.03, 0.03, 0.03, 0.04, 0.04, 0.03, 0.03, 0.03, 0.04, 0.04, 0.04, 0.03, 0.04, 0.04, 0.04, 0.04, 0.03, 0.04, 0.03], "Real_Power": [3.93, 3.84, 3.85, 3.87, 3.81, 4.0, 3.88, 3.88, 3.98, 4.03, 4.05, 4.02, 3.95, 3.9, 3.94, 3.87, 4.02, 3.98, 3.95, 3.78, 3.85, 3.79, 4.0, 3.83, 3.94, 3.95, 3.96, 3.94, 3.97, 3.99, 3.95, 3.92, 3.96, 3.83, 4.02, 3.91, 3.89, 3.87, 3.98, 3.93, 3.94, 3.96, 3.96, 3.9, 4.0], "Apparent_Power": [6.91, 6.91, 6.91, 6.91, 6.91, 9.22, 6.91, 6.91, 6.91, 9.22, 9.22, 9.22, 9.22, 9.22, 6.91, 6.91, 9.21, 9.21, 9.22, 6.91, 6.91, 6.91, 6.91, 6.91, 6.91, 9.22, 6.91, 6.91, 6.92, 9.22, 9.23, 6.92, 6.91, 6.92, 9.22, 9.24, 9.22, 6.92, 9.23, 9.22, 9.23, 9.23, 6.91, 9.22, 6.91], "Apparent_Power_Reactive": [5.68, 5.74, 5.73, 5.72, 5.76, 8.3, 5.71, 5.71, 5.64, 8.29, 8.28, 8.29, 8.33, 8.35, 5.67, 5.72, 8.28, 8.3, 8.33, 5.78, 5.73, 5.77, 5.63, 5.75, 5.67, 8.33, 5.66, 5.67, 5.66, 8.31, 8.34, 5.7, 5.66, 5.76, 8.29, 8.37, 8.35, 5.73, 8.32, 8.34, 8.34, 8.33, 5.66, 8.35, 5.63], "Power_Factor": [0.568, 0.555, 0.557, 0.56, 0.551, 0.433, 0.561, 0.561, 0.575, 0.437, 0.439, 0.436, 0.428, 0.422, 0.57, 0.56, 0.436, 0.432, 0.428, 0.547, 0.557, 0.548, 0.578, 0.554, 0.57, 0.428, 0.573, 0.57, 0.573, 0.432, 0.427, 0.566, 0.573, 0.553, 0.436, 0.423, 0.421, 0.559, 0.431, 0.426, 0.426, 0.429, 0.573, 0.422, 0.578], "Energy": [0.0, 0.0, 0.0, 0.0, 0.01, 0.01, 0.01, 0.01, 0.01, 0.02, 0.02, 0.02, 0.02, 0.03, 0.03, 0.03, 0.03, 0.03, 0.04, 0.04, 0.04, 0.04, 0.05, 0.05, 0.05, 0.05, 0.05, 0.06, 0.06, 0.06, 0.06, 0.07, 0.07, 0.07, 0.07, 0.07, 0.08, 0.08, 0.08, 0.08, 0.09, 0.09, 0.09, 0.09, 0.09], "Frequency": [49.43, 49.43, 49.42, 49.42, 49.42, 49.43, 49.43, 49.43, 49.42, 49.42, 49.42, 49.4, 49.4, 49.4, 49.41, 49.41, 49.41, 49.41, 49.41, 49.41, 49.4, 49.4, 49.4, 49.39, 49.39, 49.39, 49.39, 49.39, 49.39, 49.39, 49.39, 49.39, 49.39, 49.39, 49.39, 49.39, 49.39, 49.39, 49.39, 49.39, 49.39, 49.39, 49.39, 49.39, 49.37], "Temp_env": []}