{"Start_Time": [1758844884.6420276], "Time": [1758844886.6445088, 1758844888.6475215, 1758844890.6501198, 1758844892.6527588, 1758844894.655166, 1758844896.657587, 1758844898.6599689, 1758844900.6696768, 1758844902.6717894, 1758844904.6746097, 1758844906.6769345, 1758844908.6791217, 1758844910.6817815, 1758844912.6846497, 1758844914.6868024, 1758844916.689266, 1758844918.6920748, 1758844920.6949294, 1758844922.6979873, 1758844924.7077248, 1758844926.7100685, 1758844928.7127557, 1758844930.7151153, 1758844932.7180638, 1758844934.7212868, 1758844936.723845, 1758844938.7262287, 1758844940.7289412, 1758844942.7388997, 1758844944.7413123, 1758844946.743291, 1758844948.7462206, 1758844950.7490945, 1758844952.7513902, 1758844954.7544734, 1758844956.7573233, 1758844958.760312, 1758844960.763222, 1758844962.766308, 1758844964.7690015, 1758844966.7790375, 1758844968.781482, 1758844970.7844245, 1758844972.7873511, 1758844974.7904599], "Voltage": [230.71, 230.76, 230.92, 230.66, 230.76, 230.71, 230.66, 230.66, 230.6, 230.6, 230.6, 230.71, 230.66, 230.55, 230.66, 230.5, 230.66, 230.71, 230.66, 230.55, 230.55, 231.13, 231.13, 231.23, 231.18, 231.18, 231.13, 231.34, 231.18, 231.18, 231.18, 231.23, 231.23, 231.39, 231.13, 231.23, 231.13, 231.18, 231.18, 231.02, 231.13, 231.13, 231.07, 231.07, 231.02], "Current": [0.04, 0.04, 0.04, 0.04, 0.04, 0.04, 0.04, 0.04, 0.04, 0.04, 0.04, 0.04, 0.04, 0.04, 0.04, 0.04, 0.04, 0.04, 0.04, 0.04, 0.04, 0.04, 0.04, 0.04, 0.04, 0.04, 0.04, 0.04, 0.04, 0.04, 0.04, 0.04, 0.04, 0.04, 0.04, 0.04, 0.04, 0.04, 0.04, 0.04, 0.04, 0.04, 0.04, 0.04, 0.04], "Real_Power": [3.86, 3.93, 3.8, 4.0, 3.86, 3.88, 3.81, 3.88, 3.85, 3.88, 3.88, 3.78, 3.91, 4.04, 3.92, 3.77, 3.91, 3.79, 3.95, 3.87, 3.87, 3.96, 3.88, 3.88, 3.87, 3.89, 3.91, 3.83, 4.01, 3.84, 3.92, 3.78, 3.91, 3.83, 3.88, 3.98, 3.84, 3.89, 3.83, 3.82, 4.01, 3.94, 3.91, 3.9, 3.95], "Apparent_Power": [9.22, 9.23, 9.23, 9.22, 9.23, 9.22, 9.22, 9.22, 9.22, 9.22, 9.22, 9.22, 9.22, 9.22, 9.22, 9.22, 9.22, 9.22, 9.22, 9.22, 9.22, 9.24, 9.24, 9.24, 9.24, 9.24, 9.24, 9.25, 9.24, 9.24, 9.24, 9.24, 9.24, 9.25, 9.24, 9.24, 9.24, 9.24, 9.24, 9.24, 9.24, 9.24, 9.24, 9.24, 9.24], "Apparent_Power_Reactive": [8.37, 8.35, 8.41, 8.3, 8.38, 8.36, 8.39, 8.36, 8.37, 8.36, 8.36, 8.4, 8.34, 8.28, 8.34, 8.41, 8.34, 8.4, 8.33, 8.36, 8.36, 8.34, 8.38, 8.38, 8.39, 8.38, 8.37, 8.41, 8.32, 8.4, 8.36, 8.43, 8.37, 8.41, 8.38, 8.33, 8.4, 8.38, 8.4, 8.41, 8.32, 8.35, 8.37, 8.37, 8.35], "Power_Factor": [0.418, 0.425, 0.411, 0.433, 0.418, 0.42, 0.413, 0.42, 0.417, 0.42, 0.42, 0.409, 0.424, 0.438, 0.425, 0.408, 0.424, 0.411, 0.428, 0.419, 0.419, 0.428, 0.419, 0.419, 0.418, 0.42, 0.423, 0.414, 0.433, 0.415, 0.424, 0.409, 0.423, 0.414, 0.419, 0.43, 0.415, 0.42, 0.414, 0.413, 0.433, 0.426, 0.423, 0.422, 0.427], "Energy": [0.0, 0.0, 0.0, 0.0, 0.01, 0.01, 0.01, 0.01, 0.01, 0.02, 0.02, 0.02, 0.02, 0.03, 0.03, 0.03, 0.03, 0.03, 0.04, 0.04, 0.04, 0.04, 0.05, 0.05, 0.05, 0.05, 0.05, 0.06, 0.06, 0.06, 0.06, 0.06, 0.07, 0.07, 0.07, 0.07, 0.08, 0.08, 0.08, 0.08, 0.08, 0.09, 0.09, 0.09, 0.09], "Frequency": [49.35, 49.35, 49.35, 49.35, 49.35, 49.35, 49.35, 49.35, 49.35, 49.35, 49.35, 49.35, 49.35, 49.35, 49.35, 49.35, 49.35, 49.35, 49.35, 49.35, 49.35, 49.35, 49.35, 49.35, 49.35, 49.35, 49.36, 49.36, 49.36, 49.36, 49.36, 49.36, 49.37, 49.37, 49.37, 49.37, 49.37, 49.37, 49.38, 49.38, 49.38, 49.38, 49.38, 49.38, 49.37], "Temp_env": []}