{"Start_Time": [1758855095.4258852], "Time": [1758855097.428392, 1758855099.4313977, 1758855101.4342391, 1758855103.4365933, 1758855105.4385808, 1758855107.4415364, 1758855109.4446292, 1758855111.4550202, 1758855113.4578717, 1758855115.4605536, 1758855117.4705064, 1758855119.4735672, 1758855121.476703, 1758855123.4864323, 1758855125.4890342, 1758855127.4919088, 1758855129.494444, 1758855131.4967778, 1758855133.499694, 1758855135.50952, 1758855137.512808, 1758855139.5151298, 1758855141.524887, 1758855143.52761, 1758855145.5299418, 1758855147.5326605, 1758855149.5353081, 1758855151.538167, 1758855153.5477169, 1758855155.5510886, 1758855157.5536773, 1758855159.5630803, 1758855161.5657728, 1758855163.5683615, 1758855165.5780895, 1758855167.581187, 1758855169.5842352, 1758855171.5868418, 1758855173.5892346, 1758855175.5919409, 1758855177.6013467, 1758855179.6042385, 1758855181.6071787, 1758855183.6100652, 1758855185.6129615], "Voltage": [230.55, 230.45, 230.55, 230.76, 230.6, 230.6, 230.5, 230.55, 230.55, 230.45, 230.5, 230.55, 230.55, 230.55, 230.55, 230.71, 230.66, 230.66, 230.66, 230.5, 230.6, 230.5, 230.45, 230.6, 230.5, 230.6, 230.55, 230.55, 230.5, 230.55, 230.66, 230.55, 230.6, 230.55, 230.5, 230.39, 230.39, 230.6, 230.5, 230.6, 230.55, 230.39, 230.55, 230.6, 230.55], "Current": [0.03, 0.03, 0.03, 0.03, 0.03, 0.03, 0.03, 0.03, 0.03, 0.03, 0.03, 0.03, 0.04, 0.03, 0.03, 0.03, 0.03, 0.03, 0.04, 0.03, 0.04, 0.04, 0.04, 0.04, 0.04, 0.04, 0.03, 0.03, 0.03, 0.03, 0.03, 0.03, 0.03, 0.04, 0.03, 0.03, 0.04, 0.03, 0.03, 0.03, 0.03, 0.03, 0.03, 0.04, 0.04], "Real_Power": [3.89, 3.84, 3.87, 3.83, 3.97, 3.89, 3.87, 3.99, 3.9, 3.82, 3.95, 3.97, 4.02, 3.85, 3.89, 3.85, 3.91, 3.92, 4.06, 3.93, 4.02, 3.77, 3.92, 3.99, 3.94, 3.89, 3.94, 3.85, 3.99, 4.02, 3.89, 3.88, 3.95, 3.93, 3.92, 3.87, 3.96, 3.96, 3.89, 3.87, 3.9, 3.81, 3.91, 4.05, 3.94], "Apparent_Power": [6.91, 6.91, 6.91, 6.92, 6.91, 6.91, 6.91, 6.91, 6.91, 6.91, 6.91, 6.91, 9.22, 6.91, 6.91, 6.92, 6.91, 6.91, 9.22, 6.91, 9.22, 9.22, 9.21, 9.22, 9.22, 9.22, 6.91, 6.91, 6.91, 6.91, 6.91, 6.91, 6.91, 9.22, 6.91, 6.91, 9.21, 6.91, 6.91, 6.91, 6.91, 6.91, 6.91, 9.22, 9.22], "Apparent_Power_Reactive": [5.71, 5.74, 5.72, 5.76, 5.65, 5.71, 5.72, 5.64, 5.7, 5.75, 5.66, 5.65, 8.29, 5.73, 5.71, 5.75, 5.69, 5.69, 8.27, 5.68, 8.29, 8.41, 8.33, 8.31, 8.33, 8.35, 5.67, 5.73, 5.64, 5.62, 5.71, 5.71, 5.66, 8.34, 5.69, 5.72, 8.31, 5.66, 5.71, 5.72, 5.7, 5.76, 5.69, 8.28, 8.33], "Power_Factor": [0.562, 0.555, 0.56, 0.553, 0.574, 0.562, 0.56, 0.577, 0.564, 0.552, 0.571, 0.574, 0.436, 0.557, 0.562, 0.556, 0.565, 0.567, 0.44, 0.568, 0.436, 0.408, 0.425, 0.432, 0.427, 0.421, 0.57, 0.557, 0.577, 0.581, 0.562, 0.561, 0.571, 0.426, 0.567, 0.56, 0.429, 0.573, 0.562, 0.56, 0.564, 0.551, 0.565, 0.439, 0.427], "Energy": [0.0, 0.0, 0.0, 0.0, 0.01, 0.01, 0.01, 0.01, 0.01, 0.02, 0.02, 0.02, 0.02, 0.03, 0.03, 0.03, 0.03, 0.03, 0.04, 0.04, 0.04, 0.04, 0.05, 0.05, 0.05, 0.05, 0.05, 0.06, 0.06, 0.06, 0.06, 0.07, 0.07, 0.07, 0.07, 0.07, 0.08, 0.08, 0.08, 0.08, 0.09, 0.09, 0.09, 0.09, 0.09], "Frequency": [49.41, 49.41, 49.41, 49.4, 49.4, 49.4, 49.4, 49.4, 49.4, 49.39, 49.39, 49.39, 49.39, 49.39, 49.39, 49.39, 49.39, 49.39, 49.39, 49.39, 49.39, 49.39, 49.39, 49.39, 49.39, 49.39, 49.39, 49.39, 49.39, 49.39, 49.38, 49.38, 49.38, 49.38, 49.38, 49.38, 49.38, 49.38, 49.38, 49.37, 49.37, 49.37, 49.38, 49.38, 49.38], "Temp_env": []}