{"Start_Time": [1759335944.042333], "Time": [1759335946.0452714, 1759335948.0485198, 1759335950.0513737, 1759335952.054399, 1759335954.0574887, 1759335956.0601125, 1759335958.0624495, 1759335960.06513, 1759335962.0674667, 1759335964.0705657, 1759335966.0734649, 1759335968.076583, 1759335970.0790555, 1759335972.0815306, 1759335974.0846426, 1759335976.0867019, 1759335978.089391, 1759335980.0917192, 1759335982.0943758, 1759335984.0969691, 1759335986.0994418, 1759335988.1018198, 1759335990.1045237, 1759335992.1068423, 1759335994.1095064, 1759335996.112109, 1759335998.115016, 1759336000.11767, 1759336002.1199305, 1759336004.122599, 1759336006.1257026, 1759336008.129171, 1759336010.1320262, 1759336012.1349158, 1759336014.1377313, 1759336016.1400306, 1759336018.1427133, 1759336020.145018, 1759336022.1477373, 1759336024.1499941, 1759336026.152953, 1759336028.1558084, 1759336030.1590698, 1759336032.1617486, 1759336034.164065], "Voltage": [229.82, 229.87, 229.71, 229.76, 229.87, 229.82, 229.82, 229.76, 229.87, 229.82, 229.76, 229.71, 229.71, 229.82, 229.87, 229.82, 229.76, 229.82, 229.87, 229.76, 229.76, 229.66, 229.71, 229.71, 229.66, 229.76, 229.71, 229.66, 229.71, 229.66, 229.82, 229.76, 229.76, 229.61, 229.76, 229.87, 229.55, 229.71, 229.71, 229.71, 229.66, 229.61, 229.61, 229.76, 229.82], "Current": [0.04, 0.04, 0.04, 0.04, 0.04, 0.04, 0.04, 0.04, 0.04, 0.04, 0.04, 0.04, 0.04, 0.04, 0.04, 0.04, 0.04, 0.04, 0.04, 0.04, 0.04, 0.04, 0.04, 0.04, 0.04, 0.04, 0.04, 0.04, 0.04, 0.04, 0.04, 0.04, 0.04, 0.04, 0.04, 0.04, 0.04, 0.04, 0.04, 0.04, 0.04, 0.04, 0.04, 0.04, 0.04], "Real_Power": [4.0, 4.06, 4.0, 3.88, 4.04, 3.98, 3.94, 3.96, 4.01, 4.02, 3.93, 4.04, 4.02, 3.99, 4.09, 4.01, 3.93, 4.01, 3.92, 4.01, 3.92, 3.97, 4.01, 3.93, 4.08, 3.96, 3.98, 3.9, 3.94, 3.96, 3.99, 3.99, 3.96, 4.06, 3.94, 4.0, 4.03, 3.98, 3.88, 4.03, 3.98, 4.03, 4.0, 4.01, 3.94], "Apparent_Power": [9.19, 9.19, 9.18, 9.19, 9.19, 9.19, 9.19, 9.19, 9.19, 9.19, 9.19, 9.18, 9.18, 9.19, 9.19, 9.19, 9.19, 9.19, 9.19, 9.19, 9.19, 9.18, 9.18, 9.18, 9.18, 9.19, 9.18, 9.18, 9.18, 9.18, 9.19, 9.19, 9.19, 9.18, 9.19, 9.19, 9.18, 9.18, 9.18, 9.18, 9.18, 9.18, 9.18, 9.19, 9.19], "Apparent_Power_Reactive": [8.27, 8.24, 8.26, 8.33, 8.25, 8.28, 8.3, 8.29, 8.26, 8.26, 8.3, 8.24, 8.25, 8.27, 8.22, 8.26, 8.3, 8.26, 8.31, 8.26, 8.31, 8.27, 8.25, 8.29, 8.22, 8.29, 8.27, 8.31, 8.29, 8.28, 8.27, 8.27, 8.29, 8.23, 8.3, 8.27, 8.24, 8.27, 8.31, 8.24, 8.27, 8.24, 8.26, 8.26, 8.3], "Power_Factor": [0.435, 0.441, 0.435, 0.422, 0.439, 0.433, 0.428, 0.43, 0.436, 0.437, 0.427, 0.44, 0.437, 0.434, 0.445, 0.436, 0.427, 0.436, 0.426, 0.436, 0.426, 0.432, 0.436, 0.428, 0.444, 0.43, 0.433, 0.424, 0.429, 0.431, 0.434, 0.434, 0.43, 0.442, 0.428, 0.435, 0.438, 0.433, 0.422, 0.438, 0.433, 0.438, 0.435, 0.436, 0.428], "Energy": [0.0, 0.0, 0.0, 0.0, 0.01, 0.01, 0.01, 0.01, 0.02, 0.02, 0.02, 0.02, 0.02, 0.03, 0.03, 0.03, 0.03, 0.04, 0.04, 0.04, 0.04, 0.04, 0.05, 0.05, 0.05, 0.05, 0.06, 0.06, 0.06, 0.06, 0.06, 0.07, 0.07, 0.07, 0.07, 0.08, 0.08, 0.08, 0.08, 0.08, 0.09, 0.09, 0.09, 0.09, 0.1], "Frequency": [49.38, 49.38, 49.38, 49.37, 49.37, 49.37, 49.39, 49.39, 49.39, 49.38, 49.38, 49.38, 49.39, 49.39, 49.39, 49.38, 49.38, 49.38, 49.35, 49.35, 49.35, 49.35, 49.35, 49.35, 49.35, 49.35, 49.35, 49.37, 49.37, 49.37, 49.36, 49.36, 49.36, 49.36, 49.36, 49.36, 49.35, 49.35, 49.35, 49.36, 49.36, 49.36, 49.36, 49.36, 49.36], "Temp_env": []}