{"Start_Time": [1758641279.890014], "Time": [1758641281.8929634, 1758641283.895771, 1758641285.8979867, 1758641287.901115, 1758641289.904129, 1758641291.9072192, 1758641293.910026, 1758641295.9128852, 1758641297.915222, 1758641299.9183033, 1758641301.921092, 1758641303.9241667, 1758641305.926289, 1758641307.9288943, 1758641309.9312701, 1758641311.9343119, 1758641313.9372697, 1758641315.9392748, 1758641317.942243, 1758641319.9449012, 1758641321.9473228, 1758641323.9504027, 1758641325.9532573, 1758641327.9562833, 1758641329.9582808, 1758641331.9612753, 1758641333.9640985, 1758641335.9663107, 1758641337.9694073, 1758641339.9723287, 1758641341.975463, 1758641343.9783378, 1758641345.9804156, 1758641347.9831371, 1758641349.98547, 1758641351.9883888, 1758641353.9914837, 1758641355.9944258, 1758641357.9978523, 1758641360.000742, 1758641362.003247, 1758641364.0055192, 1758641366.00837, 1758641368.0114236, 1758641370.0145562], "Voltage": [230.92, 231.02, 231.07, 231.07, 231.07, 231.13, 231.18, 231.18, 231.13, 231.23, 231.07, 231.28, 231.23, 231.34, 231.23, 231.23, 231.18, 231.07, 231.34, 230.81, 230.71, 230.34, 230.18, 230.34, 230.18, 230.24, 230.34, 230.24, 230.29, 230.39, 230.5, 230.45, 230.39, 230.39, 230.34, 230.24, 230.29, 230.5, 230.39, 230.45, 230.45, 230.55, 230.39, 230.24, 230.29], "Current": [0.04, 0.04, 0.04, 0.04, 0.04, 0.04, 0.04, 0.04, 0.04, 0.04, 0.04, 0.04, 0.04, 0.04, 0.04, 0.04, 0.04, 0.04, 0.04, 0.04, 0.04, 0.04, 0.04, 0.04, 0.04, 0.04, 0.04, 0.04, 0.04, 0.04, 0.04, 0.04, 0.04, 0.04, 0.04, 0.04, 0.04, 0.04, 0.04, 0.04, 0.04, 0.04, 0.04, 0.04, 0.04], "Real_Power": [4.04, 3.91, 4.08, 3.93, 3.88, 4.02, 3.83, 4.01, 3.93, 3.96, 3.94, 4.0, 3.97, 3.97, 4.0, 3.95, 4.01, 4.07, 4.0, 3.92, 3.99, 3.92, 3.97, 3.92, 4.04, 3.92, 4.0, 3.92, 4.04, 4.0, 4.17, 3.91, 3.89, 3.97, 3.91, 4.0, 4.03, 3.89, 4.04, 3.94, 4.01, 3.91, 3.96, 3.86, 3.97], "Apparent_Power": [9.23, 9.24, 9.24, 9.24, 9.24, 9.24, 9.24, 9.24, 9.24, 9.24, 9.24, 9.25, 9.24, 9.25, 9.24, 9.24, 9.24, 9.24, 9.25, 9.23, 9.22, 9.21, 9.2, 9.21, 9.2, 9.2, 9.21, 9.2, 9.21, 9.21, 9.22, 9.21, 9.21, 9.21, 9.21, 9.2, 9.21, 9.22, 9.21, 9.21, 9.21, 9.22, 9.21, 9.2, 9.21], "Apparent_Power_Reactive": [8.29, 8.37, 8.29, 8.36, 8.38, 8.31, 8.4, 8.32, 8.36, 8.34, 8.35, 8.34, 8.34, 8.35, 8.32, 8.35, 8.32, 8.29, 8.34, 8.35, 8.31, 8.33, 8.29, 8.33, 8.26, 8.32, 8.29, 8.32, 8.27, 8.29, 8.22, 8.33, 8.34, 8.31, 8.33, 8.28, 8.28, 8.35, 8.27, 8.32, 8.29, 8.34, 8.31, 8.35, 8.31], "Power_Factor": [0.437, 0.423, 0.441, 0.425, 0.419, 0.435, 0.414, 0.433, 0.425, 0.428, 0.426, 0.432, 0.429, 0.429, 0.432, 0.427, 0.433, 0.44, 0.432, 0.424, 0.432, 0.425, 0.431, 0.425, 0.439, 0.426, 0.434, 0.426, 0.438, 0.434, 0.452, 0.424, 0.422, 0.431, 0.424, 0.434, 0.437, 0.421, 0.438, 0.427, 0.435, 0.424, 0.429, 0.419, 0.431], "Energy": [0.0, 0.0, 0.0, 0.0, 0.01, 0.01, 0.01, 0.01, 0.02, 0.02, 0.02, 0.02, 0.02, 0.03, 0.03, 0.03, 0.03, 0.04, 0.04, 0.04, 0.04, 0.04, 0.05, 0.05, 0.05, 0.05, 0.06, 0.06, 0.06, 0.06, 0.06, 0.07, 0.07, 0.07, 0.07, 0.08, 0.08, 0.08, 0.08, 0.08, 0.09, 0.09, 0.09, 0.09, 0.1], "Frequency": [49.39, 49.39, 49.39, 49.39, 49.36, 49.36, 49.36, 49.37, 49.37, 49.37, 49.41, 49.41, 49.41, 49.43, 49.43, 49.43, 49.43, 49.43, 49.43, 49.42, 49.42, 49.42, 49.42, 49.42, 49.42, 49.43, 49.43, 49.43, 49.42, 49.42, 49.42, 49.42, 49.42, 49.42, 49.43, 49.43, 49.43, 49.42, 49.42, 49.42, 49.41, 49.41, 49.41, 49.41, 49.41], "Temp_env": []}