{"Start_Time": [1758691212.1143146], "Time": [1758691214.1171691, 1758691216.1198685, 1758691218.1224318, 1758691220.124786, 1758691222.1274843, 1758691224.1296697, 1758691226.1326892, 1758691228.134776, 1758691230.1378703, 1758691232.1407344, 1758691234.1429307, 1758691236.1455903, 1758691238.1486776, 1758691240.1511545, 1758691242.153691, 1758691244.15701, 1758691246.1609821, 1758691248.1636658, 1758691250.1659956, 1758691252.168678, 1758691254.171032, 1758691256.1740239, 1758691258.177301, 1758691260.179906, 1758691262.1829264, 1758691264.185857, 1758691266.188314, 1758691268.1909163, 1758691270.1940877, 1758691272.1974518, 1758691274.2002482, 1758691276.2029164, 1758691278.2052963, 1758691280.2083244, 1758691282.2112916, 1758691284.2139916, 1758691286.2163885, 1758691288.2191937, 1758691290.2221284, 1758691292.2244549, 1758691294.2275674, 1758691296.230394, 1758691298.2334883, 1758691300.2361765, 1758691302.238409], "Voltage": [230.03, 230.03, 230.03, 229.97, 229.92, 229.92, 230.03, 229.92, 229.82, 229.87, 229.82, 229.92, 229.87, 229.82, 229.92, 229.82, 229.87, 229.92, 229.76, 229.87, 230.13, 230.08, 229.92, 229.92, 230.08, 230.08, 229.97, 230.03, 230.08, 230.13, 230.18, 230.03, 230.13, 230.08, 230.03, 230.08, 230.18, 230.18, 230.18, 230.24, 230.13, 230.03, 229.97, 229.92, 230.03], "Current": [0.04, 0.04, 0.04, 0.04, 0.04, 0.04, 0.04, 0.04, 0.04, 0.04, 0.04, 0.04, 0.04, 0.04, 0.04, 0.04, 0.04, 0.04, 0.04, 0.04, 0.04, 0.04, 0.04, 0.04, 0.04, 0.04, 0.04, 0.04, 0.04, 0.04, 0.04, 0.04, 0.04, 0.04, 0.04, 0.04, 0.04, 0.04, 0.04, 0.04, 0.04, 0.04, 0.04, 0.04, 0.04], "Real_Power": [3.96, 3.91, 4.03, 4.04, 3.96, 4.03, 3.94, 3.99, 3.92, 3.96, 3.93, 3.94, 4.05, 3.97, 4.01, 3.94, 3.92, 3.93, 3.87, 3.91, 3.96, 3.9, 3.85, 3.87, 3.97, 3.95, 4.08, 3.99, 3.98, 3.94, 3.97, 3.92, 3.92, 4.03, 3.87, 3.95, 3.99, 4.03, 3.95, 3.88, 3.99, 4.0, 3.87, 4.08, 4.0], "Apparent_Power": [9.2, 9.2, 9.2, 9.19, 9.19, 9.19, 9.2, 9.19, 9.19, 9.19, 9.19, 9.19, 9.19, 9.19, 9.19, 9.19, 9.19, 9.19, 9.19, 9.19, 9.2, 9.2, 9.19, 9.19, 9.2, 9.2, 9.19, 9.2, 9.2, 9.2, 9.2, 9.2, 9.2, 9.2, 9.2, 9.2, 9.2, 9.2, 9.2, 9.2, 9.2, 9.2, 9.19, 9.19, 9.2], "Apparent_Power_Reactive": [8.3, 8.32, 8.27, 8.25, 8.29, 8.25, 8.31, 8.27, 8.31, 8.29, 8.3, 8.3, 8.24, 8.28, 8.26, 8.3, 8.31, 8.3, 8.33, 8.31, 8.3, 8.33, 8.34, 8.33, 8.29, 8.3, 8.23, 8.28, 8.29, 8.31, 8.29, 8.32, 8.32, 8.27, 8.34, 8.3, 8.28, 8.27, 8.3, 8.34, 8.28, 8.28, 8.33, 8.23, 8.28], "Power_Factor": [0.43, 0.425, 0.438, 0.439, 0.43, 0.438, 0.428, 0.434, 0.426, 0.43, 0.427, 0.428, 0.44, 0.431, 0.436, 0.428, 0.426, 0.427, 0.421, 0.425, 0.43, 0.423, 0.418, 0.421, 0.431, 0.429, 0.443, 0.433, 0.432, 0.428, 0.431, 0.426, 0.426, 0.438, 0.42, 0.429, 0.433, 0.438, 0.429, 0.421, 0.433, 0.434, 0.421, 0.443, 0.434], "Energy": [0.0, 0.0, 0.0, 0.0, 0.01, 0.01, 0.01, 0.01, 0.01, 0.02, 0.02, 0.02, 0.02, 0.03, 0.03, 0.03, 0.03, 0.04, 0.04, 0.04, 0.04, 0.04, 0.05, 0.05, 0.05, 0.05, 0.06, 0.06, 0.06, 0.06, 0.06, 0.07, 0.07, 0.07, 0.07, 0.08, 0.08, 0.08, 0.08, 0.08, 0.09, 0.09, 0.09, 0.09, 0.1], "Frequency": [49.39, 49.38, 49.38, 49.38, 49.38, 49.38, 49.38, 49.38, 49.38, 49.38, 49.37, 49.37, 49.37, 49.37, 49.37, 49.37, 49.39, 49.39, 49.39, 49.39, 49.39, 49.39, 49.39, 49.39, 49.39, 49.39, 49.39, 49.39, 49.39, 49.39, 49.39, 49.38, 49.38, 49.38, 49.39, 49.39, 49.39, 49.39, 49.39, 49.39, 49.4, 49.4, 49.4, 49.44, 49.44], "Temp_env": []}