{"Start_Time": [1759356060.4853117], "Time": [1759356062.488302, 1759356064.4912996, 1759356066.4943695, 1759356068.497218, 1759356070.4994142, 1759356072.5020921, 1759356074.5045443, 1759356076.507452, 1759356078.510293, 1759356080.5134246, 1759356082.5162256, 1759356084.52614, 1759356086.528572, 1759356088.5314395, 1759356090.5414052, 1759356092.5447261, 1759356094.547159, 1759356096.5494976, 1759356098.5526347, 1759356100.5546794, 1759356102.5573409, 1759356104.5595062, 1759356106.5625062, 1759356108.5719101, 1759356110.5747848, 1759356112.5773306, 1759356114.5875103, 1759356116.5906303, 1759356118.5935242, 1759356120.5965505, 1759356122.5996454, 1759356124.6027367, 1759356126.612512, 1759356128.6148334, 1759356130.6175516, 1759356132.6274252, 1759356134.630037, 1759356136.6328602, 1759356138.6355083, 1759356140.6378665, 1759356142.6405733, 1759356144.6429086, 1759356146.6455238, 1759356148.6481225, 1759356150.6510205], "Voltage": [229.24, 229.19, 229.24, 229.29, 229.35, 229.5, 229.5, 229.5, 229.5, 229.61, 229.5, 229.4, 229.4, 229.45, 229.35, 229.35, 229.29, 229.4, 229.45, 229.45, 229.5, 229.5, 229.61, 229.61, 229.55, 229.66, 229.76, 229.55, 229.61, 229.66, 229.82, 229.66, 229.66, 229.35, 229.5, 229.61, 229.5, 229.4, 229.45, 229.5, 229.55, 229.45, 229.66, 229.35, 229.45], "Current": [0.04, 0.04, 0.04, 0.04, 0.04, 0.04, 0.04, 0.04, 0.04, 0.04, 0.04, 0.04, 0.04, 0.04, 0.04, 0.04, 0.04, 0.04, 0.04, 0.04, 0.04, 0.04, 0.04, 0.04, 0.04, 0.04, 0.04, 0.04, 0.04, 0.04, 0.04, 0.04, 0.04, 0.04, 0.04, 0.04, 0.04, 0.04, 0.04, 0.04, 0.04, 0.04, 0.04, 0.04, 0.04], "Real_Power": [3.94, 3.79, 3.76, 3.94, 3.91, 3.95, 4.01, 3.94, 3.88, 3.84, 3.89, 3.84, 3.93, 3.97, 3.84, 3.91, 3.97, 3.86, 3.92, 4.0, 3.96, 3.95, 3.92, 3.98, 3.94, 3.97, 3.85, 4.02, 3.88, 3.79, 3.91, 3.86, 3.91, 3.95, 3.96, 3.91, 3.95, 3.94, 3.94, 3.95, 3.89, 3.9, 3.99, 3.93, 3.88], "Apparent_Power": [9.16, 9.16, 9.16, 9.17, 9.17, 9.18, 9.18, 9.18, 9.18, 9.18, 9.18, 9.17, 9.17, 9.17, 9.17, 9.17, 9.17, 9.17, 9.17, 9.17, 9.18, 9.18, 9.18, 9.18, 9.18, 9.18, 9.19, 9.18, 9.18, 9.18, 9.19, 9.18, 9.18, 9.17, 9.18, 9.18, 9.18, 9.17, 9.17, 9.18, 9.18, 9.17, 9.18, 9.17, 9.17], "Apparent_Power_Reactive": [8.26, 8.33, 8.35, 8.28, 8.29, 8.28, 8.25, 8.29, 8.31, 8.33, 8.31, 8.32, 8.28, 8.26, 8.32, 8.29, 8.26, 8.31, 8.28, 8.25, 8.28, 8.28, 8.3, 8.27, 8.29, 8.27, 8.34, 8.25, 8.31, 8.36, 8.31, 8.32, 8.3, 8.27, 8.28, 8.3, 8.28, 8.28, 8.28, 8.28, 8.31, 8.29, 8.26, 8.28, 8.3], "Power_Factor": [0.43, 0.413, 0.41, 0.429, 0.426, 0.43, 0.436, 0.429, 0.422, 0.418, 0.423, 0.418, 0.428, 0.432, 0.418, 0.426, 0.432, 0.42, 0.427, 0.436, 0.431, 0.43, 0.427, 0.433, 0.429, 0.432, 0.418, 0.437, 0.422, 0.412, 0.425, 0.42, 0.425, 0.43, 0.431, 0.425, 0.43, 0.429, 0.429, 0.43, 0.423, 0.425, 0.434, 0.428, 0.423], "Energy": [0.0, 0.0, 0.0, 0.0, 0.01, 0.01, 0.01, 0.01, 0.01, 0.02, 0.02, 0.02, 0.02, 0.03, 0.03, 0.03, 0.03, 0.03, 0.04, 0.04, 0.04, 0.04, 0.05, 0.05, 0.05, 0.05, 0.05, 0.06, 0.06, 0.06, 0.06, 0.07, 0.07, 0.07, 0.07, 0.07, 0.08, 0.08, 0.08, 0.08, 0.09, 0.09, 0.09, 0.09, 0.09], "Frequency": [49.39, 49.39, 49.39, 49.39, 49.39, 49.39, 49.41, 49.41, 49.41, 49.4, 49.4, 49.4, 49.42, 49.42, 49.42, 49.43, 49.43, 49.43, 49.41, 49.41, 49.41, 49.4, 49.4, 49.4, 49.41, 49.41, 49.41, 49.42, 49.42, 49.42, 49.43, 49.43, 49.43, 49.43, 49.43, 49.43, 49.43, 49.43, 49.43, 49.43, 49.43, 49.43, 49.43, 49.43, 49.43], "Temp_env": []}