{"Start_Time": [1759089842.969853], "Time": [1759089844.9724352, 1759089846.9753976, 1759089848.978428, 1759089850.9810715, 1759089852.9834013, 1759089854.9865358, 1759089856.9891572, 1759089858.9915771, 1759089860.9945953, 1759089862.9973922, 1759089865.0008285, 1759089867.0033605, 1759089869.0057285, 1759089871.0085063, 1759089873.0116394, 1759089875.0148044, 1759089877.0177858, 1759089879.0209117, 1759089881.0234995, 1759089883.0258856, 1759089885.0285642, 1759089887.0313692, 1759089889.034239, 1759089891.036793, 1759089893.0391324, 1759089895.041849, 1759089897.0441105, 1759089899.0468094, 1759089901.049132, 1759089903.0512693, 1759089905.0541544, 1759089907.0569232, 1759089909.0598483, 1759089911.0621388, 1759089913.0650914, 1759089915.0679452, 1759089917.070275, 1759089919.0732007, 1759089921.0763083, 1759089923.079225, 1759089925.0815163, 1759089927.0840812, 1759089929.086412, 1759089931.0891647, 1759089933.0916364], "Voltage": [229.61, 229.45, 229.61, 229.55, 229.4, 229.5, 229.5, 229.55, 229.45, 229.61, 229.71, 229.71, 229.61, 229.66, 229.71, 229.55, 229.5, 229.66, 229.55, 229.5, 229.61, 229.55, 229.45, 229.71, 229.5, 229.61, 229.4, 229.61, 229.55, 229.55, 229.5, 229.55, 229.55, 229.55, 229.66, 229.55, 229.55, 229.55, 229.45, 229.61, 229.66, 229.45, 229.61, 229.66, 229.55], "Current": [0.04, 0.04, 0.04, 0.04, 0.04, 0.04, 0.04, 0.04, 0.04, 0.04, 0.04, 0.04, 0.04, 0.04, 0.04, 0.04, 0.04, 0.04, 0.04, 0.04, 0.04, 0.04, 0.04, 0.04, 0.04, 0.04, 0.04, 0.04, 0.04, 0.04, 0.04, 0.04, 0.04, 0.04, 0.04, 0.04, 0.04, 0.04, 0.04, 0.04, 0.04, 0.04, 0.04, 0.04, 0.04], "Real_Power": [3.87, 3.83, 3.86, 3.83, 3.91, 3.9, 3.84, 3.98, 3.85, 3.91, 3.92, 3.89, 3.87, 3.93, 4.02, 3.89, 3.91, 3.95, 3.81, 3.84, 3.95, 3.9, 3.79, 3.89, 3.93, 3.94, 3.82, 3.98, 3.89, 3.82, 3.85, 3.87, 3.85, 3.85, 3.83, 3.84, 3.85, 3.87, 3.62, 3.89, 3.96, 3.87, 3.87, 3.93, 3.96], "Apparent_Power": [9.18, 9.17, 9.18, 9.18, 9.17, 9.18, 9.18, 9.18, 9.17, 9.18, 9.18, 9.18, 9.18, 9.18, 9.18, 9.18, 9.18, 9.18, 9.18, 9.18, 9.18, 9.18, 9.17, 9.18, 9.18, 9.18, 9.17, 9.18, 9.18, 9.18, 9.18, 9.18, 9.18, 9.18, 9.18, 9.18, 9.18, 9.18, 9.17, 9.18, 9.18, 9.17, 9.18, 9.18, 9.18], "Apparent_Power_Reactive": [8.32, 8.33, 8.32, 8.34, 8.29, 8.31, 8.33, 8.27, 8.32, 8.3, 8.3, 8.31, 8.32, 8.29, 8.25, 8.31, 8.3, 8.28, 8.35, 8.33, 8.28, 8.31, 8.35, 8.31, 8.29, 8.29, 8.33, 8.27, 8.31, 8.34, 8.33, 8.32, 8.33, 8.33, 8.34, 8.33, 8.33, 8.32, 8.42, 8.31, 8.28, 8.31, 8.32, 8.29, 8.28], "Power_Factor": [0.421, 0.417, 0.42, 0.417, 0.426, 0.424, 0.418, 0.433, 0.419, 0.425, 0.427, 0.423, 0.421, 0.428, 0.437, 0.423, 0.425, 0.43, 0.415, 0.418, 0.43, 0.424, 0.413, 0.423, 0.428, 0.429, 0.416, 0.433, 0.423, 0.416, 0.419, 0.421, 0.419, 0.419, 0.417, 0.418, 0.419, 0.421, 0.394, 0.423, 0.431, 0.422, 0.421, 0.428, 0.431], "Energy": [0.0, 0.0, 0.0, 0.0, 0.01, 0.01, 0.01, 0.01, 0.01, 0.02, 0.02, 0.02, 0.02, 0.03, 0.03, 0.03, 0.03, 0.03, 0.04, 0.04, 0.04, 0.04, 0.05, 0.05, 0.05, 0.05, 0.05, 0.06, 0.06, 0.06, 0.06, 0.06, 0.07, 0.07, 0.07, 0.07, 0.08, 0.08, 0.08, 0.08, 0.08, 0.09, 0.09, 0.09, 0.09], "Frequency": [49.39, 49.39, 49.4, 49.4, 49.4, 49.41, 49.41, 49.41, 49.4, 49.4, 49.4, 49.39, 49.39, 49.39, 49.4, 49.4, 49.4, 49.4, 49.4, 49.4, 49.39, 49.39, 49.39, 49.41, 49.41, 49.41, 49.42, 49.42, 49.42, 49.42, 49.42, 49.42, 49.43, 49.43, 49.43, 49.43, 49.43, 49.43, 49.43, 49.43, 49.43, 49.43, 49.43, 49.43, 49.43], "Temp_env": []}