{"Start_Time": [1758962514.7418897], "Time": [1758962516.744259, 1758962518.7470818, 1758962520.7498055, 1758962522.7523944, 1758962524.755047, 1758962526.7577593, 1758962528.7600052, 1758962530.7630715, 1758962532.7660093, 1758962534.7679987, 1758962536.7710924, 1758962538.7738938, 1758962540.776782, 1758962542.7791653, 1758962544.7818365, 1758962546.7842386, 1758962548.7870214, 1758962550.7898145, 1758962552.792121, 1758962554.7948322, 1758962556.804746, 1758962558.8070943, 1758962560.8099895, 1758962562.8128252, 1758962564.8157444, 1758962566.8189535, 1758962568.82178, 1758962570.8251243, 1758962572.8280032, 1758962574.830747, 1758962576.8330352, 1758962578.8359864, 1758962580.8389888, 1758962582.842138, 1758962584.8449855, 1758962586.847061, 1758962588.8497512, 1758962590.852665, 1758962592.8557398, 1758962594.8579884, 1758962596.8606472, 1758962598.8631947, 1758962600.8658316, 1758962602.8688028, 1758962604.8713446], "Voltage": [228.66, 228.77, 228.93, 228.87, 228.66, 228.77, 228.66, 228.56, 228.45, 228.51, 228.66, 228.56, 228.61, 228.45, 228.45, 228.35, 228.45, 228.56, 228.66, 228.45, 228.51, 228.4, 228.45, 228.51, 228.56, 228.45, 228.51, 228.56, 228.3, 228.4, 228.4, 228.51, 228.3, 228.3, 228.24, 228.19, 228.19, 228.3, 228.45, 228.3, 228.19, 228.14, 228.35, 228.19, 228.14], "Current": [0.04, 0.04, 0.04, 0.04, 0.04, 0.04, 0.04, 0.04, 0.04, 0.04, 0.04, 0.04, 0.04, 0.04, 0.04, 0.04, 0.04, 0.04, 0.04, 0.04, 0.04, 0.04, 0.04, 0.04, 0.04, 0.04, 0.04, 0.04, 0.04, 0.04, 0.04, 0.04, 0.04, 0.04, 0.04, 0.04, 0.04, 0.04, 0.04, 0.04, 0.04, 0.04, 0.04, 0.04, 0.04], "Real_Power": [3.83, 4.01, 3.94, 3.9, 3.82, 3.87, 3.81, 3.89, 3.95, 3.95, 3.88, 3.87, 3.83, 3.97, 3.81, 3.96, 3.8, 3.95, 3.96, 3.78, 3.85, 3.82, 3.9, 3.96, 3.85, 3.95, 3.76, 3.95, 3.9, 3.89, 3.88, 3.91, 3.88, 3.88, 3.9, 3.85, 3.94, 3.89, 3.96, 3.99, 3.81, 3.85, 3.91, 3.88, 3.83], "Apparent_Power": [9.14, 9.15, 9.15, 9.15, 9.14, 9.15, 9.14, 9.14, 9.13, 9.14, 9.14, 9.14, 9.14, 9.13, 9.13, 9.13, 9.13, 9.14, 9.14, 9.13, 9.14, 9.13, 9.13, 9.14, 9.14, 9.13, 9.14, 9.14, 9.13, 9.13, 9.13, 9.14, 9.13, 9.13, 9.12, 9.12, 9.12, 9.13, 9.13, 9.13, 9.12, 9.12, 9.13, 9.12, 9.12], "Apparent_Power_Reactive": [8.29, 8.22, 8.25, 8.27, 8.3, 8.29, 8.3, 8.27, 8.23, 8.24, 8.27, 8.28, 8.29, 8.22, 8.29, 8.22, 8.3, 8.24, 8.23, 8.31, 8.28, 8.29, 8.25, 8.23, 8.28, 8.23, 8.33, 8.24, 8.25, 8.25, 8.26, 8.26, 8.26, 8.26, 8.24, 8.26, 8.22, 8.25, 8.22, 8.21, 8.28, 8.26, 8.25, 8.25, 8.27], "Power_Factor": [0.419, 0.438, 0.43, 0.426, 0.417, 0.422, 0.416, 0.425, 0.432, 0.432, 0.424, 0.423, 0.419, 0.434, 0.417, 0.433, 0.416, 0.432, 0.433, 0.414, 0.421, 0.418, 0.427, 0.433, 0.421, 0.432, 0.411, 0.432, 0.427, 0.426, 0.424, 0.427, 0.424, 0.424, 0.427, 0.422, 0.432, 0.426, 0.433, 0.437, 0.417, 0.422, 0.428, 0.425, 0.419], "Energy": [0.0, 0.0, 0.0, 0.0, 0.01, 0.01, 0.01, 0.01, 0.01, 0.02, 0.02, 0.02, 0.02, 0.03, 0.03, 0.03, 0.03, 0.03, 0.04, 0.04, 0.04, 0.04, 0.05, 0.05, 0.05, 0.05, 0.05, 0.06, 0.06, 0.06, 0.06, 0.06, 0.07, 0.07, 0.07, 0.07, 0.08, 0.08, 0.08, 0.08, 0.08, 0.09, 0.09, 0.09, 0.09], "Frequency": [49.46, 49.46, 49.45, 49.45, 49.45, 49.44, 49.44, 49.44, 49.47, 49.47, 49.47, 49.44, 49.44, 49.43, 49.43, 49.43, 49.43, 49.43, 49.43, 49.45, 49.45, 49.45, 49.46, 49.46, 49.46, 49.46, 49.46, 49.46, 49.47, 49.47, 49.47, 49.44, 49.44, 49.44, 49.46, 49.46, 49.46, 49.44, 49.44, 49.44, 49.44, 49.44, 49.44, 49.44, 49.44], "Temp_env": []}