{"Start_Time": [1758830386.3543758], "Time": [1758830388.3569877, 1758830390.3597026, 1758830392.3622136, 1758830394.364832, 1758830396.3670235, 1758830398.3698127, 1758830400.372051, 1758830402.374312, 1758830404.3773065, 1758830406.3801174, 1758830408.3831844, 1758830410.3860378, 1758830412.3889482, 1758830414.391636, 1758830416.3943744, 1758830418.397237, 1758830420.3993342, 1758830422.4022558, 1758830424.4050808, 1758830426.4144428, 1758830428.417539, 1758830430.4203808, 1758830432.4301348, 1758830434.4331238, 1758830436.4354844, 1758830438.445382, 1758830440.4482408, 1758830442.4505453, 1758830444.4535217, 1758830446.4556096, 1758830448.4582927, 1758830450.4685388, 1758830452.4718347, 1758830454.474294, 1758830456.484416, 1758830458.4876122, 1758830460.4904473, 1758830462.5003893, 1758830464.5029833, 1758830466.5054622, 1758830468.5077565, 1758830470.510515, 1758830472.5127559, 1758830474.5225425, 1758830476.524831], "Voltage": [229.08, 229.19, 229.24, 229.14, 229.03, 229.19, 228.72, 228.82, 228.72, 228.82, 229.03, 229.08, 229.24, 229.24, 229.35, 229.45, 229.5, 229.45, 229.5, 229.55, 229.66, 229.61, 229.71, 229.61, 229.92, 229.66, 229.82, 229.82, 229.87, 229.87, 229.87, 229.92, 229.82, 229.87, 229.76, 229.82, 229.87, 229.92, 229.97, 229.76, 229.71, 229.76, 229.5, 229.45, 229.66], "Current": [0.04, 0.04, 0.04, 0.04, 0.04, 0.04, 0.04, 0.04, 0.04, 0.04, 0.04, 0.04, 0.04, 0.04, 0.04, 0.04, 0.04, 0.04, 0.04, 0.04, 0.04, 0.04, 0.04, 0.04, 0.04, 0.04, 0.04, 0.04, 0.04, 0.04, 0.04, 0.04, 0.04, 0.04, 0.04, 0.04, 0.04, 0.04, 0.04, 0.04, 0.04, 0.04, 0.04, 0.04, 0.04], "Real_Power": [3.79, 3.84, 3.84, 3.88, 3.84, 3.94, 3.83, 3.86, 3.89, 3.85, 3.87, 3.94, 3.93, 3.81, 3.86, 3.94, 3.91, 3.9, 4.0, 3.82, 3.95, 3.81, 3.92, 3.95, 3.89, 3.93, 3.94, 3.97, 3.78, 3.95, 4.04, 4.03, 3.85, 3.91, 4.05, 3.93, 3.89, 3.97, 3.91, 3.84, 3.9, 4.03, 3.89, 3.94, 3.86], "Apparent_Power": [9.16, 9.16, 9.16, 9.16, 9.16, 9.16, 9.14, 9.15, 9.14, 9.15, 9.16, 9.16, 9.16, 9.16, 9.17, 9.17, 9.18, 9.17, 9.18, 9.18, 9.18, 9.18, 9.18, 9.18, 9.19, 9.18, 9.19, 9.19, 9.19, 9.19, 9.19, 9.19, 9.19, 9.19, 9.19, 9.19, 9.19, 9.19, 9.19, 9.19, 9.18, 9.19, 9.18, 9.17, 9.18], "Apparent_Power_Reactive": [8.33, 8.31, 8.31, 8.29, 8.31, 8.26, 8.29, 8.29, 8.27, 8.3, 8.3, 8.26, 8.27, 8.33, 8.31, 8.28, 8.3, 8.29, 8.26, 8.34, 8.28, 8.35, 8.3, 8.28, 8.32, 8.29, 8.3, 8.28, 8.37, 8.29, 8.25, 8.25, 8.34, 8.31, 8.24, 8.3, 8.32, 8.28, 8.31, 8.34, 8.31, 8.25, 8.31, 8.28, 8.32], "Power_Factor": [0.413, 0.419, 0.419, 0.423, 0.419, 0.43, 0.419, 0.421, 0.425, 0.42, 0.422, 0.43, 0.429, 0.415, 0.42, 0.429, 0.425, 0.425, 0.435, 0.416, 0.43, 0.415, 0.427, 0.43, 0.423, 0.428, 0.428, 0.431, 0.411, 0.429, 0.439, 0.438, 0.418, 0.425, 0.44, 0.427, 0.423, 0.431, 0.425, 0.417, 0.424, 0.438, 0.423, 0.429, 0.42], "Energy": [0.0, 0.0, 0.0, 0.0, 0.01, 0.01, 0.01, 0.01, 0.01, 0.02, 0.02, 0.02, 0.02, 0.03, 0.03, 0.03, 0.03, 0.03, 0.04, 0.04, 0.04, 0.04, 0.05, 0.05, 0.05, 0.05, 0.05, 0.06, 0.06, 0.06, 0.06, 0.07, 0.07, 0.07, 0.07, 0.07, 0.08, 0.08, 0.08, 0.08, 0.08, 0.09, 0.09, 0.09, 0.09], "Frequency": [49.43, 49.43, 49.43, 49.42, 49.42, 49.42, 49.43, 49.43, 49.43, 49.4, 49.4, 49.4, 49.37, 49.37, 49.37, 49.35, 49.35, 49.35, 49.32, 49.32, 49.32, 49.3, 49.3, 49.3, 49.32, 49.32, 49.32, 49.35, 49.35, 49.35, 49.34, 49.34, 49.34, 49.34, 49.34, 49.34, 49.35, 49.35, 49.35, 49.35, 49.35, 49.35, 49.36, 49.36, 49.36], "Temp_env": []}