{"Start_Time": [1759117922.6981702], "Time": [1759117924.700709, 1759117926.7037554, 1759117928.7066672, 1759117930.709095, 1759117932.711047, 1759117934.713952, 1759117936.7168262, 1759117938.719574, 1759117940.7224472, 1759117942.7248514, 1759117944.727406, 1759117946.730286, 1759117948.7328813, 1759117950.7352395, 1759117952.737918, 1759117954.7401416, 1759117956.7422788, 1759117958.7451868, 1759117960.7483146, 1759117962.7512598, 1759117964.7541394, 1759117966.7570734, 1759117968.7663555, 1759117970.769306, 1759117972.7722914, 1759117974.7743793, 1759117976.777343, 1759117978.7795336, 1759117980.7825804, 1759117982.785435, 1759117984.7874832, 1759117986.7905598, 1759117988.7934809, 1759117990.7965136, 1759117992.8062644, 1759117994.8085742, 1759117996.8115299, 1759117998.8145826, 1759118000.8175747, 1759118002.8201275, 1759118004.8229609, 1759118006.8254848, 1759118008.8286018, 1759118010.830621, 1759118012.8334706], "Voltage": [229.03, 228.98, 229.03, 229.03, 229.03, 228.82, 228.93, 229.14, 228.98, 229.14, 229.03, 229.14, 229.08, 229.14, 229.08, 229.03, 229.08, 229.03, 229.08, 229.14, 229.08, 229.08, 229.19, 229.08, 229.24, 229.14, 228.93, 229.03, 229.08, 229.08, 228.98, 229.03, 228.93, 229.03, 229.03, 228.87, 228.98, 229.03, 228.98, 228.98, 228.98, 228.93, 228.98, 229.14, 229.08], "Current": [0.04, 0.04, 0.04, 0.04, 0.04, 0.04, 0.04, 0.04, 0.04, 0.04, 0.04, 0.04, 0.04, 0.04, 0.04, 0.04, 0.04, 0.04, 0.04, 0.04, 0.04, 0.04, 0.04, 0.04, 0.04, 0.04, 0.04, 0.04, 0.04, 0.04, 0.04, 0.04, 0.04, 0.04, 0.04, 0.04, 0.04, 0.04, 0.04, 0.04, 0.04, 0.04, 0.04, 0.04, 0.04], "Real_Power": [3.86, 3.92, 4.02, 3.94, 3.96, 3.9, 3.9, 3.95, 3.85, 3.98, 3.99, 3.9, 4.02, 3.98, 3.79, 3.96, 4.06, 3.94, 3.9, 3.86, 3.89, 3.92, 3.91, 3.96, 3.95, 3.91, 3.9, 3.91, 3.94, 3.86, 3.99, 4.02, 3.92, 3.98, 4.02, 4.0, 3.91, 3.95, 3.95, 3.76, 3.91, 3.97, 4.0, 3.98, 3.94], "Apparent_Power": [9.16, 9.15, 9.16, 9.16, 9.16, 9.15, 9.15, 9.16, 9.15, 9.16, 9.16, 9.16, 9.16, 9.16, 9.16, 9.16, 9.16, 9.16, 9.16, 9.16, 9.16, 9.16, 9.16, 9.16, 9.16, 9.16, 9.15, 9.16, 9.16, 9.16, 9.15, 9.16, 9.15, 9.16, 9.16, 9.15, 9.15, 9.16, 9.15, 9.15, 9.15, 9.15, 9.15, 9.16, 9.16], "Apparent_Power_Reactive": [8.3, 8.26, 8.23, 8.26, 8.25, 8.27, 8.27, 8.26, 8.3, 8.25, 8.24, 8.28, 8.23, 8.25, 8.33, 8.25, 8.21, 8.26, 8.28, 8.3, 8.29, 8.27, 8.28, 8.25, 8.26, 8.28, 8.27, 8.28, 8.26, 8.3, 8.23, 8.23, 8.26, 8.25, 8.23, 8.22, 8.27, 8.26, 8.25, 8.34, 8.27, 8.24, 8.22, 8.25, 8.26], "Power_Factor": [0.421, 0.428, 0.438, 0.43, 0.432, 0.426, 0.426, 0.431, 0.42, 0.434, 0.435, 0.425, 0.438, 0.434, 0.413, 0.432, 0.443, 0.43, 0.425, 0.421, 0.424, 0.427, 0.426, 0.432, 0.431, 0.426, 0.426, 0.426, 0.43, 0.421, 0.436, 0.438, 0.428, 0.434, 0.438, 0.437, 0.427, 0.431, 0.431, 0.41, 0.427, 0.433, 0.437, 0.434, 0.43], "Energy": [0.0, 0.0, 0.0, 0.0, 0.01, 0.01, 0.01, 0.01, 0.01, 0.02, 0.02, 0.02, 0.02, 0.03, 0.03, 0.03, 0.03, 0.03, 0.04, 0.04, 0.04, 0.04, 0.05, 0.05, 0.05, 0.05, 0.05, 0.06, 0.06, 0.06, 0.06, 0.07, 0.07, 0.07, 0.07, 0.07, 0.08, 0.08, 0.08, 0.08, 0.09, 0.09, 0.09, 0.09, 0.09], "Frequency": [49.35, 49.35, 49.35, 49.35, 49.35, 49.35, 49.35, 49.35, 49.35, 49.35, 49.35, 49.35, 49.35, 49.35, 49.35, 49.36, 49.36, 49.36, 49.37, 49.37, 49.37, 49.37, 49.37, 49.37, 49.36, 49.36, 49.36, 49.38, 49.38, 49.38, 49.36, 49.36, 49.36, 49.37, 49.37, 49.37, 49.38, 49.38, 49.38, 49.36, 49.36, 49.36, 49.36, 49.36, 49.36], "Temp_env": []}