{"Start_Time": [1759259159.3617096], "Time": [1759259161.364071, 1759259163.3664968, 1759259165.3688462, 1759259167.3715582, 1759259169.3814657, 1759259171.3841822, 1759259173.3866665, 1759259175.3966033, 1759259177.3989265, 1759259179.401656, 1759259181.4118643, 1759259183.4146166, 1759259185.4172194, 1759259187.4269571, 1759259189.429666, 1759259191.43198, 1759259193.4418795, 1759259195.4442227, 1759259197.4471066, 1759259199.450056, 1759259201.4527898, 1759259203.4550385, 1759259205.4643824, 1759259207.466884, 1759259209.4692307, 1759259211.479204, 1759259213.4820583, 1759259215.484951, 1759259217.4944754, 1759259219.496961, 1759259221.4992464, 1759259223.5022914, 1759259225.5052567, 1759259227.5083659, 1759259229.5184736, 1759259231.5210729, 1759259233.52341, 1759259235.533389, 1759259237.535435, 1759259239.5383728, 1759259241.5412664, 1759259243.5442839, 1759259245.5465293, 1759259247.549241, 1759259249.5515723], "Voltage": [228.61, 228.56, 228.51, 228.45, 228.56, 228.51, 228.51, 228.51, 228.3, 228.45, 228.45, 228.45, 228.45, 228.56, 228.56, 228.61, 228.66, 228.66, 228.45, 228.61, 228.56, 228.45, 228.51, 228.45, 228.45, 228.45, 228.51, 228.51, 228.56, 228.56, 228.51, 228.45, 228.56, 228.35, 228.56, 228.35, 228.4, 228.4, 228.4, 228.35, 228.3, 228.3, 228.35, 228.24, 228.4], "Current": [0.04, 0.04, 0.04, 0.04, 0.04, 0.04, 0.04, 0.04, 0.04, 0.04, 0.04, 0.03, 0.04, 0.04, 0.04, 0.04, 0.04, 0.04, 0.04, 0.04, 0.04, 0.04, 0.04, 0.04, 0.04, 0.04, 0.04, 0.04, 0.04, 0.04, 0.04, 0.04, 0.04, 0.04, 0.04, 0.04, 0.04, 0.04, 0.04, 0.04, 0.04, 0.04, 0.04, 0.04, 0.04], "Real_Power": [3.87, 3.91, 3.86, 4.06, 3.95, 3.97, 3.88, 3.9, 3.96, 3.89, 4.03, 3.84, 3.96, 3.89, 4.02, 3.98, 3.98, 4.07, 3.88, 3.98, 3.96, 4.0, 3.93, 3.94, 3.91, 4.04, 3.89, 4.01, 3.96, 4.1, 4.09, 3.93, 4.0, 4.05, 3.94, 3.94, 3.87, 3.95, 3.92, 4.02, 3.87, 3.85, 4.0, 3.99, 3.98], "Apparent_Power": [9.14, 9.14, 9.14, 9.13, 9.14, 9.14, 9.14, 9.14, 9.13, 9.13, 9.13, 6.85, 9.13, 9.14, 9.14, 9.14, 9.14, 9.14, 9.13, 9.14, 9.14, 9.13, 9.14, 9.13, 9.13, 9.13, 9.14, 9.14, 9.14, 9.14, 9.14, 9.13, 9.14, 9.13, 9.14, 9.13, 9.13, 9.13, 9.13, 9.13, 9.13, 9.13, 9.13, 9.12, 9.13], "Apparent_Power_Reactive": [8.28, 8.26, 8.28, 8.17, 8.24, 8.23, 8.27, 8.26, 8.22, 8.25, 8.19, 5.67, 8.22, 8.27, 8.2, 8.22, 8.22, 8.18, 8.26, 8.22, 8.23, 8.2, 8.25, 8.23, 8.25, 8.18, 8.27, 8.21, 8.23, 8.16, 8.17, 8.24, 8.21, 8.18, 8.24, 8.23, 8.26, 8.23, 8.24, 8.19, 8.26, 8.27, 8.2, 8.2, 8.21], "Power_Factor": [0.423, 0.427, 0.422, 0.444, 0.432, 0.434, 0.424, 0.426, 0.433, 0.426, 0.441, 0.56, 0.433, 0.425, 0.439, 0.435, 0.435, 0.445, 0.424, 0.435, 0.433, 0.438, 0.429, 0.431, 0.428, 0.442, 0.425, 0.438, 0.433, 0.448, 0.447, 0.43, 0.437, 0.443, 0.431, 0.431, 0.423, 0.432, 0.429, 0.44, 0.423, 0.421, 0.438, 0.437, 0.435], "Energy": [0.0, 0.0, 0.0, 0.0, 0.01, 0.01, 0.01, 0.01, 0.01, 0.02, 0.02, 0.02, 0.02, 0.03, 0.03, 0.03, 0.03, 0.03, 0.04, 0.04, 0.04, 0.04, 0.05, 0.05, 0.05, 0.05, 0.05, 0.06, 0.06, 0.06, 0.06, 0.07, 0.07, 0.07, 0.07, 0.07, 0.08, 0.08, 0.08, 0.08, 0.09, 0.09, 0.09, 0.09, 0.09], "Frequency": [49.38, 49.39, 49.39, 49.39, 49.39, 49.39, 49.39, 49.38, 49.38, 49.38, 49.37, 49.37, 49.37, 49.38, 49.38, 49.38, 49.38, 49.38, 49.38, 49.39, 49.39, 49.39, 49.38, 49.38, 49.38, 49.38, 49.38, 49.38, 49.37, 49.37, 49.37, 49.38, 49.38, 49.38, 49.38, 49.38, 49.38, 49.42, 49.42, 49.42, 49.42, 49.42, 49.42, 49.41, 49.41], "Temp_env": []}