{"Start_Time": [1758946482.5295055], "Time": [1758946484.5321894, 1758946486.534987, 1758946488.5378788, 1758946490.5402386, 1758946492.5503132, 1758946494.553144, 1758946496.5562668, 1758946498.5591207, 1758946500.5613468, 1758946502.5641096, 1758946504.5662355, 1758946506.5681918, 1758946508.5713074, 1758946510.5741212, 1758946512.5770073, 1758946514.5868964, 1758946516.589369, 1758946518.5922775, 1758946520.5950801, 1758946522.5981894, 1758946524.6015103, 1758946526.6115315, 1758946528.614047, 1758946530.6164365, 1758946532.626143, 1758946534.629306, 1758946536.6323373, 1758946538.6350088, 1758946540.6373599, 1758946542.6404572, 1758946544.6432967, 1758946546.6453683, 1758946548.6482742, 1758946550.65841, 1758946552.6612172, 1758946554.664064, 1758946556.6744432, 1758946558.6771066, 1758946560.6794095, 1758946562.6819565, 1758946564.6843805, 1758946566.6864822, 1758946568.6895137, 1758946570.692398, 1758946572.6955352], "Voltage": [228.66, 228.82, 228.77, 228.82, 228.72, 228.72, 228.93, 228.82, 228.82, 228.61, 228.72, 228.66, 228.77, 228.72, 228.72, 228.77, 228.72, 228.66, 228.66, 228.51, 228.61, 228.61, 228.56, 228.61, 228.72, 228.61, 228.77, 228.66, 228.72, 228.82, 229.45, 229.35, 229.45, 229.55, 229.29, 229.61, 229.5, 229.5, 229.45, 229.45, 229.45, 229.55, 229.35, 229.29, 229.35], "Current": [0.04, 0.04, 0.04, 0.04, 0.04, 0.04, 0.04, 0.04, 0.04, 0.04, 0.04, 0.04, 0.04, 0.04, 0.04, 0.04, 0.04, 0.04, 0.04, 0.04, 0.04, 0.04, 0.04, 0.04, 0.04, 0.04, 0.04, 0.04, 0.04, 0.04, 0.04, 0.04, 0.04, 0.04, 0.04, 0.04, 0.04, 0.04, 0.04, 0.04, 0.04, 0.04, 0.04, 0.04, 0.04], "Real_Power": [3.83, 3.94, 3.89, 3.8, 3.93, 3.86, 3.95, 3.83, 3.81, 3.83, 3.73, 3.73, 3.89, 3.85, 3.95, 3.93, 3.92, 3.81, 3.78, 3.85, 3.9, 3.83, 3.72, 3.8, 3.87, 3.82, 3.86, 3.9, 3.98, 3.96, 3.81, 3.9, 3.87, 3.91, 3.89, 3.83, 3.8, 4.01, 3.86, 3.83, 3.95, 3.77, 3.83, 3.9, 3.81], "Apparent_Power": [9.14, 9.15, 9.15, 9.15, 9.14, 9.14, 9.15, 9.15, 9.15, 9.14, 9.14, 9.14, 9.15, 9.14, 9.14, 9.15, 9.14, 9.14, 9.14, 9.14, 9.14, 9.14, 9.14, 9.14, 9.14, 9.14, 9.15, 9.14, 9.14, 9.15, 9.17, 9.17, 9.17, 9.18, 9.17, 9.18, 9.18, 9.18, 9.17, 9.17, 9.17, 9.18, 9.17, 9.17, 9.17], "Apparent_Power_Reactive": [8.29, 8.25, 8.28, 8.32, 8.25, 8.28, 8.25, 8.3, 8.31, 8.29, 8.34, 8.34, 8.28, 8.28, 8.24, 8.26, 8.25, 8.3, 8.32, 8.28, 8.26, 8.29, 8.34, 8.31, 8.28, 8.3, 8.29, 8.26, 8.22, 8.24, 8.34, 8.29, 8.31, 8.3, 8.3, 8.34, 8.35, 8.25, 8.31, 8.33, 8.27, 8.37, 8.33, 8.29, 8.34], "Power_Factor": [0.419, 0.43, 0.425, 0.415, 0.429, 0.422, 0.431, 0.418, 0.416, 0.419, 0.408, 0.408, 0.425, 0.421, 0.432, 0.429, 0.428, 0.416, 0.413, 0.421, 0.426, 0.419, 0.407, 0.415, 0.423, 0.417, 0.421, 0.426, 0.435, 0.432, 0.415, 0.425, 0.422, 0.425, 0.424, 0.417, 0.413, 0.436, 0.42, 0.417, 0.43, 0.41, 0.417, 0.425, 0.415], "Energy": [0.0, 0.0, 0.0, 0.0, 0.01, 0.01, 0.01, 0.01, 0.01, 0.02, 0.02, 0.02, 0.02, 0.03, 0.03, 0.03, 0.03, 0.03, 0.04, 0.04, 0.04, 0.04, 0.04, 0.05, 0.05, 0.05, 0.05, 0.06, 0.06, 0.06, 0.06, 0.06, 0.07, 0.07, 0.07, 0.07, 0.08, 0.08, 0.08, 0.08, 0.08, 0.09, 0.09, 0.09, 0.09], "Frequency": [49.41, 49.41, 49.42, 49.42, 49.42, 49.41, 49.41, 49.41, 49.42, 49.42, 49.42, 49.41, 49.41, 49.41, 49.41, 49.41, 49.41, 49.41, 49.41, 49.41, 49.41, 49.41, 49.41, 49.42, 49.42, 49.42, 49.41, 49.41, 49.41, 49.44, 49.44, 49.44, 49.45, 49.45, 49.45, 49.45, 49.45, 49.45, 49.45, 49.45, 49.45, 49.43, 49.43, 49.43, 49.42], "Temp_env": []}