{"Start_Time": [1759035725.745881], "Time": [1759035727.748383, 1759035729.7506883, 1759035731.753361, 1759035733.7557669, 1759035735.7584925, 1759035737.7611468, 1759035739.763998, 1759035741.766852, 1759035743.7688718, 1759035745.7716134, 1759035747.7738318, 1759035749.7760317, 1759035751.778773, 1759035753.781979, 1759035755.7849126, 1759035757.7877836, 1759035759.790665, 1759035761.7933965, 1759035763.796263, 1759035765.799104, 1759035767.801055, 1759035769.8029993, 1759035771.8058794, 1759035773.8079398, 1759035775.811016, 1759035777.8138416, 1759035779.8171012, 1759035781.8190567, 1759035783.822158, 1759035785.8248723, 1759035787.8281515, 1759035789.8308256, 1759035791.8334155, 1759035793.8365214, 1759035795.8464, 1759035797.8491282, 1759035799.852004, 1759035801.8549054, 1759035803.857339, 1759035805.860289, 1759035807.8623698, 1759035809.8652966, 1759035811.8682945, 1759035813.8703835, 1759035815.8734844], "Voltage": [227.88, 227.77, 227.93, 227.88, 227.98, 227.77, 227.93, 227.98, 227.93, 227.83, 227.93, 227.93, 228.04, 227.93, 227.83, 227.98, 227.98, 227.98, 227.88, 227.88, 227.88, 227.83, 227.88, 227.83, 227.93, 227.98, 227.88, 227.93, 227.93, 227.93, 227.98, 227.93, 227.88, 227.83, 227.83, 227.93, 227.88, 227.88, 227.88, 227.67, 227.83, 227.83, 227.83, 227.88, 227.83], "Current": [0.04, 0.04, 0.04, 0.04, 0.04, 0.04, 0.04, 0.04, 0.04, 0.04, 0.04, 0.04, 0.04, 0.04, 0.04, 0.04, 0.04, 0.04, 0.04, 0.04, 0.04, 0.04, 0.04, 0.04, 0.04, 0.04, 0.04, 0.04, 0.04, 0.04, 0.04, 0.04, 0.04, 0.04, 0.04, 0.04, 0.04, 0.04, 0.04, 0.04, 0.04, 0.04, 0.04, 0.04, 0.04], "Real_Power": [3.86, 3.7, 3.84, 3.82, 3.84, 3.79, 3.97, 3.8, 3.84, 3.85, 3.75, 3.86, 3.95, 3.68, 3.86, 3.83, 3.84, 3.82, 3.83, 3.77, 3.92, 3.86, 3.91, 3.92, 3.84, 3.9, 3.83, 3.84, 3.98, 3.83, 3.78, 3.91, 3.81, 3.89, 3.83, 3.82, 3.9, 3.76, 3.7, 3.73, 3.83, 3.93, 3.95, 3.78, 3.76], "Apparent_Power": [9.11, 9.11, 9.11, 9.11, 9.11, 9.11, 9.11, 9.11, 9.11, 9.11, 9.11, 9.11, 9.12, 9.11, 9.11, 9.11, 9.11, 9.11, 9.11, 9.11, 9.11, 9.11, 9.11, 9.11, 9.11, 9.11, 9.11, 9.11, 9.11, 9.11, 9.11, 9.11, 9.11, 9.11, 9.11, 9.11, 9.11, 9.11, 9.11, 9.1, 9.11, 9.11, 9.11, 9.11, 9.11], "Apparent_Power_Reactive": [8.25, 8.32, 8.26, 8.27, 8.26, 8.28, 8.19, 8.27, 8.26, 8.25, 8.3, 8.25, 8.22, 8.33, 8.25, 8.26, 8.26, 8.27, 8.26, 8.29, 8.22, 8.25, 8.22, 8.22, 8.26, 8.23, 8.26, 8.26, 8.19, 8.26, 8.28, 8.22, 8.27, 8.23, 8.26, 8.27, 8.23, 8.29, 8.32, 8.3, 8.26, 8.21, 8.2, 8.28, 8.29], "Power_Factor": [0.423, 0.406, 0.421, 0.419, 0.421, 0.416, 0.435, 0.417, 0.421, 0.422, 0.411, 0.423, 0.433, 0.403, 0.423, 0.42, 0.421, 0.419, 0.42, 0.413, 0.43, 0.423, 0.429, 0.43, 0.421, 0.428, 0.42, 0.421, 0.436, 0.42, 0.414, 0.429, 0.418, 0.427, 0.42, 0.419, 0.428, 0.412, 0.406, 0.409, 0.42, 0.431, 0.433, 0.414, 0.412], "Energy": [0.0, 0.0, 0.0, 0.0, 0.01, 0.01, 0.01, 0.01, 0.01, 0.02, 0.02, 0.02, 0.02, 0.03, 0.03, 0.03, 0.03, 0.03, 0.04, 0.04, 0.04, 0.04, 0.04, 0.05, 0.05, 0.05, 0.05, 0.06, 0.06, 0.06, 0.06, 0.06, 0.07, 0.07, 0.07, 0.07, 0.08, 0.08, 0.08, 0.08, 0.08, 0.09, 0.09, 0.09, 0.09], "Frequency": [49.4, 49.4, 49.4, 49.39, 49.39, 49.39, 49.39, 49.39, 49.39, 49.41, 49.41, 49.41, 49.4, 49.4, 49.4, 49.41, 49.41, 49.41, 49.41, 49.41, 49.41, 49.4, 49.4, 49.4, 49.4, 49.4, 49.4, 49.39, 49.39, 49.39, 49.4, 49.4, 49.4, 49.4, 49.4, 49.4, 49.41, 49.41, 49.41, 49.41, 49.41, 49.41, 49.41, 49.41, 49.41], "Temp_env": []}