{"Start_Time": [1758973643.0261335], "Time": [1758973645.028412, 1758973647.0313652, 1758973649.034352, 1758973651.0374284, 1758973653.0403948, 1758973655.0431023, 1758973657.0454242, 1758973659.0484693, 1758973661.05136, 1758973663.0534787, 1758973665.056518, 1758973667.059583, 1758973669.0624626, 1758973671.065647, 1758973673.0685546, 1758973675.0716157, 1758973677.074386, 1758973679.0770617, 1758973681.079475, 1758973683.0818112, 1758973685.0845523, 1758973687.0866604, 1758973689.0895536, 1758973691.092622, 1758973693.0957334, 1758973695.0988915, 1758973697.1016011, 1758973699.1038144, 1758973701.10655, 1758973703.1096609, 1758973705.1121538, 1758973707.115019, 1758973709.1179855, 1758973711.1207545, 1758973713.1231217, 1758973715.1257172, 1758973717.1288297, 1758973719.1317265, 1758973721.135034, 1758973723.138117, 1758973725.1407652, 1758973727.1432033, 1758973729.1459482, 1758973731.1488352, 1758973733.1511605], "Voltage": [231.28, 231.23, 231.28, 231.34, 231.18, 231.18, 230.97, 231.13, 231.28, 230.97, 230.97, 231.13, 230.97, 231.07, 231.18, 231.18, 231.23, 231.18, 231.07, 231.13, 231.18, 231.18, 231.18, 231.28, 231.28, 231.28, 231.18, 231.28, 231.34, 231.28, 231.34, 231.39, 231.39, 231.28, 231.39, 231.39, 231.23, 231.18, 231.23, 231.44, 231.28, 231.39, 231.44, 231.34, 231.18], "Current": [0.04, 0.04, 0.04, 0.04, 0.04, 0.04, 0.04, 0.04, 0.04, 0.04, 0.04, 0.04, 0.04, 0.04, 0.04, 0.04, 0.04, 0.04, 0.04, 0.04, 0.04, 0.04, 0.04, 0.04, 0.04, 0.04, 0.04, 0.04, 0.04, 0.04, 0.04, 0.04, 0.04, 0.04, 0.04, 0.04, 0.04, 0.04, 0.04, 0.04, 0.04, 0.04, 0.04, 0.04, 0.04], "Real_Power": [3.87, 3.95, 3.88, 3.82, 3.95, 3.87, 3.77, 3.78, 3.82, 3.94, 3.84, 3.84, 3.81, 3.84, 3.8, 3.83, 3.88, 3.8, 3.79, 3.83, 3.87, 3.76, 3.83, 3.87, 3.91, 3.88, 3.88, 3.86, 3.88, 3.83, 4.0, 3.96, 3.88, 3.88, 3.93, 3.77, 3.84, 3.89, 3.98, 3.91, 3.84, 3.88, 3.91, 3.86, 3.88], "Apparent_Power": [9.25, 9.24, 9.25, 9.25, 9.24, 9.24, 9.23, 9.24, 9.25, 9.23, 9.23, 9.24, 9.23, 9.24, 9.24, 9.24, 9.24, 9.24, 9.24, 9.24, 9.24, 9.24, 9.24, 9.25, 9.25, 9.25, 9.24, 9.25, 9.25, 9.25, 9.25, 9.25, 9.25, 9.25, 9.25, 9.25, 9.24, 9.24, 9.24, 9.25, 9.25, 9.25, 9.25, 9.25, 9.24], "Apparent_Power_Reactive": [8.4, 8.35, 8.39, 8.42, 8.35, 8.39, 8.42, 8.43, 8.42, 8.34, 8.39, 8.4, 8.4, 8.4, 8.42, 8.4, 8.38, 8.42, 8.42, 8.4, 8.39, 8.44, 8.4, 8.4, 8.38, 8.39, 8.38, 8.4, 8.39, 8.41, 8.34, 8.35, 8.39, 8.39, 8.37, 8.44, 8.4, 8.38, 8.33, 8.38, 8.41, 8.39, 8.38, 8.4, 8.38], "Power_Factor": [0.418, 0.427, 0.419, 0.412, 0.427, 0.418, 0.408, 0.409, 0.412, 0.426, 0.416, 0.415, 0.412, 0.415, 0.411, 0.414, 0.419, 0.411, 0.41, 0.414, 0.418, 0.406, 0.414, 0.418, 0.422, 0.419, 0.419, 0.417, 0.419, 0.414, 0.432, 0.428, 0.419, 0.419, 0.424, 0.407, 0.415, 0.42, 0.43, 0.422, 0.415, 0.419, 0.422, 0.417, 0.419], "Energy": [0.0, 0.0, 0.0, 0.0, 0.01, 0.01, 0.01, 0.01, 0.01, 0.02, 0.02, 0.02, 0.02, 0.03, 0.03, 0.03, 0.03, 0.03, 0.04, 0.04, 0.04, 0.04, 0.04, 0.05, 0.05, 0.05, 0.05, 0.06, 0.06, 0.06, 0.06, 0.06, 0.07, 0.07, 0.07, 0.07, 0.08, 0.08, 0.08, 0.08, 0.08, 0.09, 0.09, 0.09, 0.09], "Frequency": [49.41, 49.41, 49.41, 49.41, 49.4, 49.4, 49.4, 49.41, 49.41, 49.41, 49.4, 49.4, 49.4, 49.4, 49.4, 49.4, 49.4, 49.4, 49.4, 49.41, 49.41, 49.41, 49.4, 49.4, 49.4, 49.41, 49.41, 49.41, 49.42, 49.42, 49.42, 49.4, 49.4, 49.4, 49.43, 49.43, 49.43, 49.43, 49.43, 49.43, 49.43, 49.43, 49.43, 49.44, 49.44], "Temp_env": []}