{"Start_Time": [1759177881.4294174], "Time": [1759177883.4314158, 1759177885.4343097, 1759177887.4370947, 1759177889.439448, 1759177891.4423635, 1759177893.4445865, 1759177895.4465404, 1759177897.4493268, 1759177899.4522557, 1759177901.454693, 1759177903.45764, 1759177905.4676034, 1759177907.4705377, 1759177909.4736555, 1759177911.4835913, 1759177913.4863899, 1759177915.48875, 1759177917.4985075, 1759177919.5008476, 1759177921.5038233, 1759177923.5064719, 1759177925.5090425, 1759177927.5118668, 1759177929.5216565, 1759177931.5247567, 1759177933.5275733, 1759177935.5375893, 1759177937.540202, 1759177939.543046, 1759177941.5457144, 1759177943.548041, 1759177945.5507815, 1759177947.553058, 1759177949.5557208, 1759177951.5580552, 1759177953.5680866, 1759177955.5711696, 1759177957.5738566, 1759177959.583153, 1759177961.585492, 1759177963.5883734, 1759177965.5912266, 1759177967.5940342, 1759177969.597021, 1759177971.6060407], "Voltage": [230.66, 230.55, 229.55, 229.45, 229.4, 229.45, 229.5, 229.5, 229.55, 229.5, 229.5, 229.4, 229.5, 229.5, 229.45, 229.45, 229.55, 229.5, 229.4, 229.45, 229.5, 229.45, 229.45, 229.35, 229.45, 229.45, 229.45, 229.19, 229.19, 229.08, 229.14, 229.14, 229.19, 229.19, 229.14, 229.08, 229.14, 229.08, 229.19, 229.08, 229.08, 229.03, 228.98, 229.08, 228.93], "Current": [0.03, 0.03, 0.04, 0.04, 0.04, 0.04, 0.04, 0.04, 0.04, 0.04, 0.04, 0.04, 0.04, 0.04, 0.04, 0.04, 0.04, 0.04, 0.04, 0.04, 0.04, 0.04, 0.04, 0.04, 0.04, 0.04, 0.04, 0.04, 0.04, 0.04, 0.04, 0.04, 0.04, 0.04, 0.04, 0.04, 0.04, 0.04, 0.04, 0.04, 0.04, 0.04, 0.04, 0.04, 0.04], "Real_Power": [3.89, 3.86, 3.85, 3.96, 4.03, 3.94, 4.02, 3.94, 3.95, 3.92, 3.92, 3.84, 3.94, 3.91, 3.9, 3.96, 3.95, 3.98, 3.94, 3.9, 3.95, 3.95, 4.01, 3.87, 3.9, 3.99, 4.03, 3.83, 3.92, 3.96, 3.82, 3.94, 3.84, 3.96, 3.95, 3.85, 3.93, 3.88, 3.91, 3.81, 3.93, 3.93, 3.98, 4.02, 4.03], "Apparent_Power": [6.91, 6.91, 9.18, 9.17, 9.17, 9.17, 9.18, 9.18, 9.18, 9.18, 9.18, 9.17, 9.18, 9.18, 9.17, 9.17, 9.18, 9.18, 9.17, 9.17, 9.18, 9.17, 9.17, 9.17, 9.17, 9.17, 9.17, 9.16, 9.16, 9.16, 9.16, 9.16, 9.16, 9.16, 9.16, 9.16, 9.16, 9.16, 9.16, 9.16, 9.16, 9.16, 9.15, 9.16, 9.15], "Apparent_Power_Reactive": [5.71, 5.73, 8.33, 8.27, 8.23, 8.28, 8.25, 8.29, 8.28, 8.3, 8.3, 8.32, 8.29, 8.3, 8.29, 8.27, 8.28, 8.27, 8.28, 8.29, 8.28, 8.27, 8.24, 8.31, 8.29, 8.25, 8.23, 8.32, 8.27, 8.25, 8.32, 8.26, 8.31, 8.25, 8.26, 8.31, 8.27, 8.29, 8.28, 8.33, 8.27, 8.27, 8.23, 8.23, 8.21], "Power_Factor": [0.562, 0.558, 0.419, 0.431, 0.439, 0.429, 0.437, 0.429, 0.43, 0.427, 0.427, 0.418, 0.429, 0.425, 0.425, 0.431, 0.43, 0.433, 0.429, 0.425, 0.43, 0.43, 0.437, 0.422, 0.425, 0.435, 0.439, 0.418, 0.427, 0.432, 0.417, 0.43, 0.419, 0.432, 0.431, 0.42, 0.429, 0.423, 0.426, 0.415, 0.429, 0.429, 0.434, 0.438, 0.44], "Energy": [0.0, 0.0, 0.0, 0.0, 0.01, 0.01, 0.01, 0.01, 0.01, 0.02, 0.02, 0.02, 0.02, 0.03, 0.03, 0.03, 0.03, 0.03, 0.04, 0.04, 0.04, 0.04, 0.05, 0.05, 0.05, 0.05, 0.05, 0.06, 0.06, 0.06, 0.06, 0.07, 0.07, 0.07, 0.07, 0.07, 0.08, 0.08, 0.08, 0.08, 0.09, 0.09, 0.09, 0.09, 0.09], "Frequency": [49.34, 49.34, 49.35, 49.35, 49.35, 49.35, 49.35, 49.35, 49.35, 49.35, 49.35, 49.35, 49.35, 49.35, 49.37, 49.37, 49.37, 49.38, 49.38, 49.38, 49.38, 49.38, 49.38, 49.37, 49.37, 49.37, 49.37, 49.37, 49.37, 49.36, 49.36, 49.36, 49.36, 49.36, 49.36, 49.38, 49.38, 49.38, 49.37, 49.37, 49.37, 49.38, 49.38, 49.38, 49.38], "Temp_env": []}