{"Start_Time": [1758637299.4614165], "Time": [1758637301.4634101, 1758637303.4663053, 1758637305.4685287, 1758637307.471048, 1758637309.4734151, 1758637311.476356, 1758637313.4785254, 1758637315.4814315, 1758637317.4913101, 1758637319.4941826, 1758637321.496556, 1758637323.5063384, 1758637325.508831, 1758637327.511321, 1758637329.5214975, 1758637331.5245192, 1758637333.5269127, 1758637335.5293384, 1758637337.5316439, 1758637339.5345662, 1758637341.5437248, 1758637343.5464015, 1758637345.549076, 1758637347.5588548, 1758637349.5614576, 1758637351.5637972, 1758637353.5665107, 1758637355.5692637, 1758637357.572115, 1758637359.5745149, 1758637361.5771298, 1758637363.579691, 1758637365.58908, 1758637367.5917811, 1758637369.5946648, 1758637371.6040318, 1758637373.6070251, 1758637375.6099303, 1758637377.6128213, 1758637379.6157377, 1758637381.6181228, 1758637383.6207314, 1758637385.6232977, 1758637387.6262467, 1758637389.6292608], "Voltage": [230.66, 230.6, 230.5, 230.5, 230.5, 230.55, 230.6, 230.6, 230.6, 230.5, 230.55, 230.55, 230.66, 230.66, 230.66, 230.6, 230.55, 230.66, 230.76, 230.66, 230.66, 230.71, 230.71, 230.81, 230.71, 230.71, 230.76, 230.6, 230.6, 230.71, 230.81, 230.71, 230.76, 230.71, 230.76, 230.86, 230.71, 230.81, 230.81, 230.76, 230.76, 230.81, 230.71, 230.81, 230.76], "Current": [0.04, 0.04, 0.04, 0.04, 0.04, 0.04, 0.04, 0.04, 0.04, 0.04, 0.04, 0.04, 0.04, 0.04, 0.04, 0.04, 0.04, 0.04, 0.04, 0.04, 0.04, 0.04, 0.04, 0.04, 0.04, 0.04, 0.04, 0.04, 0.04, 0.04, 0.04, 0.04, 0.04, 0.04, 0.04, 0.04, 0.04, 0.04, 0.04, 0.04, 0.04, 0.04, 0.04, 0.04, 0.04], "Real_Power": [3.94, 3.95, 3.93, 3.94, 3.94, 3.94, 3.97, 3.95, 3.99, 3.99, 3.97, 4.02, 3.93, 4.05, 3.95, 3.95, 3.93, 4.08, 3.99, 4.04, 3.97, 4.02, 3.99, 4.03, 4.0, 3.93, 3.99, 3.9, 3.92, 4.1, 4.04, 3.95, 3.99, 3.9, 3.86, 3.93, 4.03, 3.86, 4.02, 3.98, 4.02, 3.93, 3.94, 4.04, 3.93], "Apparent_Power": [9.22, 9.22, 9.22, 9.22, 9.22, 9.22, 9.22, 9.22, 9.22, 9.22, 9.22, 9.22, 9.22, 9.22, 9.22, 9.22, 9.22, 9.22, 9.23, 9.22, 9.22, 9.22, 9.22, 9.23, 9.22, 9.22, 9.23, 9.22, 9.22, 9.22, 9.23, 9.22, 9.23, 9.22, 9.23, 9.23, 9.22, 9.23, 9.23, 9.23, 9.23, 9.23, 9.22, 9.23, 9.23], "Apparent_Power_Reactive": [8.33, 8.33, 8.34, 8.33, 8.33, 8.33, 8.32, 8.33, 8.31, 8.31, 8.32, 8.29, 8.34, 8.28, 8.33, 8.33, 8.34, 8.26, 8.32, 8.28, 8.32, 8.29, 8.31, 8.3, 8.3, 8.34, 8.32, 8.35, 8.34, 8.25, 8.29, 8.33, 8.32, 8.35, 8.38, 8.35, 8.29, 8.38, 8.3, 8.32, 8.3, 8.35, 8.33, 8.29, 8.35], "Power_Factor": [0.427, 0.428, 0.426, 0.427, 0.427, 0.427, 0.43, 0.428, 0.432, 0.432, 0.43, 0.436, 0.426, 0.439, 0.428, 0.428, 0.426, 0.442, 0.432, 0.438, 0.43, 0.436, 0.432, 0.436, 0.433, 0.426, 0.432, 0.422, 0.425, 0.444, 0.437, 0.428, 0.432, 0.422, 0.418, 0.425, 0.437, 0.418, 0.435, 0.431, 0.435, 0.425, 0.427, 0.437, 0.425], "Energy": [0.0, 0.0, 0.0, 0.0, 0.01, 0.01, 0.01, 0.01, 0.01, 0.02, 0.02, 0.02, 0.02, 0.03, 0.03, 0.03, 0.03, 0.04, 0.04, 0.04, 0.04, 0.04, 0.05, 0.05, 0.05, 0.05, 0.06, 0.06, 0.06, 0.06, 0.06, 0.07, 0.07, 0.07, 0.07, 0.08, 0.08, 0.08, 0.08, 0.08, 0.09, 0.09, 0.09, 0.09, 0.1], "Frequency": [49.38, 49.38, 49.37, 49.37, 49.37, 49.35, 49.35, 49.35, 49.36, 49.36, 49.36, 49.36, 49.36, 49.36, 49.36, 49.36, 49.36, 49.35, 49.35, 49.35, 49.36, 49.36, 49.36, 49.37, 49.37, 49.37, 49.37, 49.37, 49.37, 49.36, 49.36, 49.36, 49.36, 49.36, 49.36, 49.36, 49.36, 49.36, 49.36, 49.36, 49.36, 49.36, 49.36, 49.36, 49.36], "Temp_env": []}