{"Start_Time": [1759069830.242252], "Time": [1759069832.245091, 1759069834.2474473, 1759069836.2504056, 1759069838.2532961, 1759069840.2553563, 1759069842.2594535, 1759069844.2621071, 1759069846.2644658, 1759069848.2675197, 1759069850.2703788, 1759069852.273485, 1759069854.2764134, 1759069856.2794106, 1759069858.2824605, 1759069860.284453, 1759069862.2876883, 1759069864.2903135, 1759069866.2926338, 1759069868.295557, 1759069870.297975, 1759069872.3006308, 1759069874.3035553, 1759069876.3066504, 1759069878.309352, 1759069880.3126252, 1759069882.315624, 1759069884.3178086, 1759069886.32062, 1759069888.3236923, 1759069890.3265288, 1759069892.3297048, 1759069894.3325217, 1759069896.3350585, 1759069898.3378208, 1759069900.3405633, 1759069902.342719, 1759069904.3455644, 1759069906.3482957, 1759069908.3510008, 1759069910.353856, 1759069912.3566506, 1759069914.358777, 1759069916.36157, 1759069918.3639114, 1759069920.3671014], "Voltage": [231.28, 231.28, 231.28, 231.39, 231.39, 231.44, 231.23, 231.44, 231.28, 231.28, 231.34, 231.18, 231.23, 231.28, 231.13, 231.13, 231.18, 231.18, 231.07, 231.18, 231.18, 231.18, 231.13, 231.07, 231.07, 231.07, 231.23, 231.34, 231.44, 231.39, 231.28, 231.28, 231.18, 231.18, 231.23, 231.28, 231.07, 231.18, 231.18, 231.18, 231.18, 231.34, 231.18, 231.18, 231.28], "Current": [0.04, 0.04, 0.04, 0.04, 0.04, 0.04, 0.04, 0.04, 0.04, 0.04, 0.04, 0.04, 0.04, 0.04, 0.04, 0.04, 0.04, 0.04, 0.04, 0.04, 0.04, 0.04, 0.04, 0.04, 0.04, 0.04, 0.04, 0.04, 0.04, 0.04, 0.04, 0.04, 0.04, 0.04, 0.04, 0.04, 0.04, 0.04, 0.04, 0.04, 0.04, 0.04, 0.04, 0.04, 0.04], "Real_Power": [3.93, 3.9, 3.81, 3.94, 3.98, 4.0, 3.97, 4.02, 3.85, 3.95, 4.01, 3.87, 3.93, 3.9, 3.75, 3.86, 3.8, 3.87, 3.85, 3.95, 3.91, 3.89, 3.99, 3.78, 3.81, 3.95, 3.96, 3.95, 3.95, 3.99, 3.89, 3.93, 3.92, 3.88, 4.01, 3.92, 3.92, 3.9, 3.98, 3.88, 3.81, 3.91, 3.88, 3.9, 4.01], "Apparent_Power": [9.25, 9.25, 9.25, 9.25, 9.25, 9.25, 9.24, 9.25, 9.25, 9.25, 9.25, 9.24, 9.24, 9.25, 9.24, 9.24, 9.24, 9.24, 9.24, 9.24, 9.24, 9.24, 9.24, 9.24, 9.24, 9.24, 9.24, 9.25, 9.25, 9.25, 9.25, 9.25, 9.24, 9.24, 9.24, 9.25, 9.24, 9.24, 9.24, 9.24, 9.24, 9.25, 9.24, 9.24, 9.25], "Apparent_Power_Reactive": [8.37, 8.38, 8.42, 8.36, 8.34, 8.34, 8.34, 8.33, 8.41, 8.36, 8.33, 8.39, 8.36, 8.38, 8.44, 8.39, 8.42, 8.39, 8.39, 8.35, 8.37, 8.38, 8.33, 8.43, 8.41, 8.35, 8.34, 8.36, 8.36, 8.34, 8.39, 8.37, 8.36, 8.38, 8.32, 8.37, 8.36, 8.37, 8.33, 8.38, 8.41, 8.38, 8.38, 8.37, 8.33], "Power_Factor": [0.424, 0.421, 0.411, 0.425, 0.43, 0.432, 0.429, 0.434, 0.416, 0.427, 0.433, 0.418, 0.425, 0.421, 0.405, 0.417, 0.411, 0.418, 0.416, 0.427, 0.423, 0.42, 0.431, 0.409, 0.412, 0.427, 0.428, 0.427, 0.427, 0.431, 0.42, 0.424, 0.424, 0.419, 0.433, 0.423, 0.424, 0.422, 0.43, 0.419, 0.412, 0.422, 0.419, 0.422, 0.433], "Energy": [0.0, 0.0, 0.0, 0.0, 0.01, 0.01, 0.01, 0.01, 0.01, 0.02, 0.02, 0.02, 0.02, 0.03, 0.03, 0.03, 0.03, 0.03, 0.04, 0.04, 0.04, 0.04, 0.05, 0.05, 0.05, 0.05, 0.05, 0.06, 0.06, 0.06, 0.06, 0.07, 0.07, 0.07, 0.07, 0.07, 0.08, 0.08, 0.08, 0.08, 0.08, 0.09, 0.09, 0.09, 0.09], "Frequency": [49.42, 49.42, 49.42, 49.42, 49.42, 49.42, 49.43, 49.43, 49.43, 49.44, 49.44, 49.44, 49.43, 49.43, 49.43, 49.43, 49.43, 49.43, 49.42, 49.42, 49.42, 49.4, 49.4, 49.4, 49.4, 49.4, 49.4, 49.4, 49.4, 49.4, 49.39, 49.39, 49.39, 49.41, 49.41, 49.41, 49.4, 49.4, 49.4, 49.39, 49.39, 49.39, 49.39, 49.39, 49.39], "Temp_env": []}