{"Start_Time": [1758841923.1701462], "Time": [1758841925.1725242, 1758841927.175417, 1758841929.1785536, 1758841931.1814466, 1758841933.1835475, 1758841935.1856725, 1758841937.1886427, 1758841939.1906826, 1758841941.1934493, 1758841943.1959934, 1758841945.198485, 1758841947.2010088, 1758841949.2038295, 1758841951.2064958, 1758841953.208846, 1758841955.2115982, 1758841957.2139516, 1758841959.216663, 1758841961.2191892, 1758841963.2218606, 1758841965.2238994, 1758841967.2267637, 1758841969.2300327, 1758841971.2327378, 1758841973.2350857, 1758841975.2380872, 1758841977.241058, 1758841979.2439616, 1758841981.2468932, 1758841983.2492356, 1758841985.2519305, 1758841987.2542975, 1758841989.257219, 1758841991.2605066, 1758841993.2633436, 1758841995.2660668, 1758841997.2684088, 1758841999.271464, 1758842001.274414, 1758842003.2773159, 1758842005.2807024, 1758842007.2832685, 1758842009.2856588, 1758842011.2886567, 1758842013.2916074], "Voltage": [232.28, 232.33, 232.28, 232.23, 232.23, 232.33, 232.17, 232.23, 232.28, 232.28, 232.07, 232.17, 232.17, 232.07, 232.17, 232.12, 232.17, 232.23, 232.07, 232.17, 232.12, 232.02, 232.07, 232.17, 232.12, 232.17, 232.17, 232.17, 232.28, 232.17, 232.12, 232.17, 232.17, 232.07, 232.07, 232.12, 232.07, 232.02, 232.17, 232.12, 232.02, 232.07, 232.17, 232.12, 232.07], "Current": [0.04, 0.04, 0.04, 0.04, 0.04, 0.04, 0.03, 0.04, 0.03, 0.04, 0.04, 0.04, 0.04, 0.04, 0.04, 0.04, 0.04, 0.04, 0.03, 0.04, 0.04, 0.04, 0.04, 0.04, 0.04, 0.04, 0.04, 0.04, 0.03, 0.04, 0.04, 0.04, 0.04, 0.04, 0.04, 0.04, 0.04, 0.04, 0.04, 0.04, 0.04, 0.04, 0.04, 0.04, 0.04], "Real_Power": [3.83, 3.85, 3.97, 3.88, 3.93, 3.95, 3.8, 3.9, 3.86, 3.95, 3.94, 3.89, 3.82, 3.91, 3.88, 3.86, 3.99, 3.81, 3.87, 3.97, 3.95, 3.9, 3.92, 3.92, 3.86, 3.95, 3.92, 3.78, 3.88, 3.78, 3.88, 3.86, 3.94, 3.83, 3.99, 3.86, 3.84, 3.96, 3.91, 3.92, 3.83, 3.84, 3.84, 3.83, 3.98], "Apparent_Power": [9.29, 9.29, 9.29, 9.28, 9.28, 9.29, 6.96, 9.28, 6.96, 9.29, 9.28, 9.28, 9.28, 9.28, 9.28, 9.28, 9.28, 9.28, 6.96, 9.28, 9.28, 9.28, 9.28, 9.28, 9.28, 9.28, 9.28, 9.28, 6.96, 9.28, 9.28, 9.28, 9.28, 9.28, 9.28, 9.28, 9.28, 9.28, 9.28, 9.28, 9.28, 9.28, 9.28, 9.28, 9.28], "Apparent_Power_Reactive": [8.46, 8.45, 8.39, 8.42, 8.4, 8.4, 5.83, 8.42, 5.79, 8.4, 8.4, 8.42, 8.45, 8.41, 8.42, 8.43, 8.37, 8.46, 5.78, 8.38, 8.39, 8.42, 8.41, 8.41, 8.43, 8.39, 8.41, 8.47, 5.77, 8.47, 8.42, 8.43, 8.4, 8.45, 8.37, 8.43, 8.44, 8.39, 8.41, 8.41, 8.45, 8.44, 8.44, 8.45, 8.38], "Power_Factor": [0.412, 0.414, 0.427, 0.418, 0.423, 0.425, 0.545, 0.42, 0.554, 0.425, 0.424, 0.419, 0.411, 0.421, 0.418, 0.415, 0.429, 0.41, 0.556, 0.427, 0.425, 0.42, 0.422, 0.422, 0.415, 0.425, 0.422, 0.407, 0.557, 0.407, 0.418, 0.415, 0.424, 0.412, 0.429, 0.415, 0.413, 0.426, 0.421, 0.422, 0.412, 0.413, 0.413, 0.412, 0.428], "Energy": [0.0, 0.0, 0.0, 0.0, 0.01, 0.01, 0.01, 0.01, 0.01, 0.02, 0.02, 0.02, 0.02, 0.03, 0.03, 0.03, 0.03, 0.03, 0.04, 0.04, 0.04, 0.04, 0.05, 0.05, 0.05, 0.05, 0.05, 0.06, 0.06, 0.06, 0.06, 0.06, 0.07, 0.07, 0.07, 0.07, 0.08, 0.08, 0.08, 0.08, 0.08, 0.09, 0.09, 0.09, 0.09], "Frequency": [49.42, 49.4, 49.4, 49.4, 49.42, 49.42, 49.42, 49.42, 49.42, 49.42, 49.43, 49.43, 49.43, 49.43, 49.43, 49.43, 49.42, 49.42, 49.42, 49.43, 49.43, 49.43, 49.43, 49.43, 49.43, 49.42, 49.42, 49.42, 49.42, 49.42, 49.42, 49.42, 49.42, 49.42, 49.41, 49.41, 49.41, 49.41, 49.41, 49.41, 49.41, 49.41, 49.41, 49.41, 49.41], "Temp_env": []}