{"Start_Time": [1758988654.2099893], "Time": [1758988656.212794, 1758988658.215592, 1758988660.2179003, 1758988662.2203104, 1758988664.223069, 1758988666.2260616, 1758988668.2286344, 1758988670.2313278, 1758988672.2338116, 1758988674.2361572, 1758988676.2391748, 1758988678.2420793, 1758988680.244999, 1758988682.2471015, 1758988684.2499828, 1758988686.2528546, 1758988688.255274, 1758988690.2581596, 1758988692.2603085, 1758988694.26302, 1758988696.265953, 1758988698.2690487, 1758988700.271273, 1758988702.2743099, 1758988704.2770722, 1758988706.2794104, 1758988708.2820766, 1758988710.2844384, 1758988712.2871027, 1758988714.289494, 1758988716.2924523, 1758988718.2955055, 1758988720.298587, 1758988722.3012354, 1758988724.3035839, 1758988726.306632, 1758988728.309422, 1758988730.3125176, 1758988732.31564, 1758988734.3183236, 1758988736.3209388, 1758988738.3236644, 1758988740.3263726, 1758988742.3287206, 1758988744.331349], "Voltage": [229.03, 228.98, 229.03, 229.08, 229.03, 229.14, 229.08, 229.19, 229.14, 229.14, 229.08, 228.98, 229.08, 229.14, 229.14, 229.08, 229.24, 229.08, 229.08, 229.24, 229.29, 229.14, 229.19, 229.24, 229.19, 229.19, 229.19, 229.24, 229.19, 229.24, 229.35, 229.35, 229.35, 229.35, 229.35, 229.29, 229.29, 229.24, 229.35, 229.29, 229.35, 229.35, 229.24, 229.35, 229.5], "Current": [0.04, 0.04, 0.04, 0.04, 0.04, 0.04, 0.04, 0.04, 0.04, 0.04, 0.04, 0.04, 0.04, 0.04, 0.04, 0.04, 0.04, 0.04, 0.04, 0.04, 0.04, 0.04, 0.04, 0.04, 0.04, 0.04, 0.04, 0.04, 0.04, 0.04, 0.04, 0.04, 0.04, 0.04, 0.04, 0.04, 0.04, 0.04, 0.04, 0.04, 0.04, 0.04, 0.04, 0.04, 0.04], "Real_Power": [3.98, 3.89, 4.02, 3.88, 3.92, 3.92, 3.83, 4.03, 4.04, 3.91, 3.96, 3.84, 3.93, 3.92, 3.94, 3.96, 3.91, 3.93, 3.9, 3.89, 4.01, 3.92, 3.92, 4.04, 3.92, 3.75, 3.9, 3.92, 3.89, 3.94, 3.89, 4.02, 4.02, 3.84, 3.93, 4.0, 3.97, 4.02, 3.93, 3.9, 3.98, 4.03, 3.92, 3.86, 3.93], "Apparent_Power": [9.16, 9.15, 9.16, 9.16, 9.16, 9.16, 9.16, 9.16, 9.16, 9.16, 9.16, 9.15, 9.16, 9.16, 9.16, 9.16, 9.16, 9.16, 9.16, 9.16, 9.17, 9.16, 9.16, 9.16, 9.16, 9.16, 9.16, 9.16, 9.16, 9.16, 9.17, 9.17, 9.17, 9.17, 9.17, 9.17, 9.17, 9.16, 9.17, 9.17, 9.17, 9.17, 9.16, 9.17, 9.18], "Apparent_Power_Reactive": [8.25, 8.28, 8.23, 8.29, 8.27, 8.27, 8.32, 8.22, 8.22, 8.28, 8.25, 8.3, 8.27, 8.27, 8.26, 8.25, 8.28, 8.27, 8.28, 8.29, 8.24, 8.27, 8.27, 8.22, 8.27, 8.35, 8.28, 8.27, 8.29, 8.26, 8.3, 8.24, 8.24, 8.32, 8.28, 8.25, 8.26, 8.23, 8.28, 8.29, 8.26, 8.23, 8.27, 8.31, 8.29], "Power_Factor": [0.434, 0.425, 0.438, 0.423, 0.427, 0.427, 0.418, 0.439, 0.441, 0.426, 0.432, 0.419, 0.429, 0.427, 0.43, 0.432, 0.426, 0.429, 0.425, 0.424, 0.437, 0.427, 0.427, 0.441, 0.427, 0.409, 0.425, 0.427, 0.424, 0.43, 0.424, 0.438, 0.438, 0.418, 0.428, 0.436, 0.432, 0.438, 0.428, 0.425, 0.434, 0.439, 0.427, 0.42, 0.428], "Energy": [0.0, 0.0, 0.0, 0.0, 0.01, 0.01, 0.01, 0.01, 0.01, 0.02, 0.02, 0.02, 0.02, 0.03, 0.03, 0.03, 0.03, 0.03, 0.04, 0.04, 0.04, 0.04, 0.05, 0.05, 0.05, 0.05, 0.05, 0.06, 0.06, 0.06, 0.06, 0.07, 0.07, 0.07, 0.07, 0.07, 0.08, 0.08, 0.08, 0.08, 0.09, 0.09, 0.09, 0.09, 0.09], "Frequency": [49.39, 49.39, 49.39, 49.39, 49.39, 49.39, 49.38, 49.38, 49.38, 49.39, 49.39, 49.39, 49.39, 49.39, 49.39, 49.39, 49.39, 49.39, 49.39, 49.39, 49.39, 49.39, 49.39, 49.39, 49.39, 49.39, 49.39, 49.39, 49.39, 49.39, 49.39, 49.39, 49.39, 49.37, 49.37, 49.37, 49.39, 49.39, 49.39, 49.38, 49.38, 49.38, 49.4, 49.4, 49.4], "Temp_env": []}