{"Start_Time": [1759185435.6821468], "Time": [1759185437.68501, 1759185439.6876428, 1759185441.689995, 1759185443.692695, 1759185445.7027416, 1759185447.705236, 1759185449.7081552, 1759185451.7107651, 1759185453.7130854, 1759185455.7157607, 1759185457.7181108, 1759185459.721188, 1759185461.7238183, 1759185463.7261283, 1759185465.7287755, 1759185467.7311087, 1759185469.7414072, 1759185471.7437193, 1759185473.7459402, 1759185475.7487729, 1759185477.7511191, 1759185479.7538402, 1759185481.756124, 1759185483.7592707, 1759185485.7621133, 1759185487.7660487, 1759185489.7686987, 1759185491.7710192, 1759185493.773699, 1759185495.7759137, 1759185497.7791123, 1759185499.7819533, 1759185501.7840369, 1759185503.7867343, 1759185505.7898211, 1759185507.7926996, 1759185509.7951741, 1759185511.8050468, 1759185513.8071706, 1759185515.8098075, 1759185517.8126683, 1759185519.8156555, 1759185521.8182335, 1759185523.8212838, 1759185525.8241289], "Voltage": [231.55, 231.6, 231.55, 231.55, 231.49, 231.7, 231.6, 231.6, 231.65, 231.65, 231.6, 231.65, 231.6, 231.65, 231.65, 231.7, 231.76, 231.76, 231.55, 231.76, 231.65, 231.49, 231.55, 231.44, 231.65, 231.65, 231.65, 231.7, 231.6, 231.65, 231.6, 231.6, 231.6, 231.65, 231.6, 231.65, 231.6, 231.65, 231.65, 231.65, 231.7, 231.76, 231.65, 231.65, 231.7], "Current": [0.03, 0.03, 0.04, 0.04, 0.03, 0.03, 0.03, 0.04, 0.03, 0.04, 0.04, 0.03, 0.04, 0.03, 0.03, 0.04, 0.04, 0.04, 0.03, 0.03, 0.04, 0.04, 0.04, 0.04, 0.03, 0.04, 0.04, 0.04, 0.03, 0.04, 0.04, 0.03, 0.04, 0.04, 0.04, 0.04, 0.03, 0.04, 0.04, 0.04, 0.03, 0.04, 0.03, 0.04, 0.04], "Real_Power": [3.92, 3.91, 4.02, 3.95, 3.87, 3.91, 3.98, 3.97, 3.94, 3.96, 3.94, 3.9, 3.91, 3.83, 3.83, 3.94, 3.95, 3.93, 3.89, 3.9, 3.97, 3.97, 4.03, 3.99, 3.83, 3.99, 3.89, 3.91, 3.95, 3.88, 4.01, 3.84, 3.96, 3.91, 3.98, 3.93, 3.91, 3.87, 3.88, 3.92, 3.85, 3.9, 3.82, 3.74, 3.82], "Apparent_Power": [6.94, 6.94, 9.26, 9.26, 6.94, 6.95, 6.94, 9.26, 6.94, 9.26, 9.26, 6.94, 9.26, 6.94, 6.94, 9.26, 9.27, 9.27, 6.94, 6.95, 9.26, 9.25, 9.26, 9.25, 6.94, 9.26, 9.26, 9.26, 6.94, 9.26, 9.26, 6.94, 9.26, 9.26, 9.26, 9.26, 6.94, 9.26, 9.26, 9.26, 6.95, 9.27, 6.94, 9.26, 9.26], "Apparent_Power_Reactive": [5.72, 5.73, 8.34, 8.37, 5.76, 5.74, 5.68, 8.36, 5.71, 8.37, 8.37, 5.74, 8.39, 5.78, 5.78, 8.37, 8.38, 8.39, 5.74, 5.75, 8.36, 8.35, 8.33, 8.34, 5.78, 8.35, 8.4, 8.39, 5.7, 8.4, 8.34, 5.78, 8.37, 8.39, 8.36, 8.38, 5.73, 8.41, 8.4, 8.38, 5.78, 8.4, 5.79, 8.47, 8.43], "Power_Factor": [0.564, 0.563, 0.434, 0.426, 0.557, 0.562, 0.573, 0.428, 0.567, 0.427, 0.425, 0.561, 0.422, 0.551, 0.551, 0.425, 0.426, 0.423, 0.56, 0.561, 0.428, 0.429, 0.435, 0.431, 0.551, 0.43, 0.42, 0.422, 0.569, 0.419, 0.433, 0.553, 0.427, 0.422, 0.429, 0.424, 0.563, 0.417, 0.419, 0.423, 0.553, 0.42, 0.55, 0.403, 0.412], "Energy": [0.0, 0.0, 0.0, 0.0, 0.01, 0.01, 0.01, 0.01, 0.01, 0.02, 0.02, 0.02, 0.02, 0.03, 0.03, 0.03, 0.03, 0.03, 0.04, 0.04, 0.04, 0.04, 0.05, 0.05, 0.05, 0.05, 0.05, 0.06, 0.06, 0.06, 0.06, 0.07, 0.07, 0.07, 0.07, 0.07, 0.08, 0.08, 0.08, 0.08, 0.09, 0.09, 0.09, 0.09, 0.09], "Frequency": [49.4, 49.4, 49.39, 49.39, 49.39, 49.39, 49.39, 49.39, 49.4, 49.4, 49.4, 49.39, 49.39, 49.39, 49.4, 49.4, 49.4, 49.41, 49.41, 49.41, 49.39, 49.39, 49.39, 49.39, 49.39, 49.39, 49.38, 49.38, 49.38, 49.39, 49.39, 49.39, 49.39, 49.39, 49.39, 49.39, 49.39, 49.39, 49.38, 49.38, 49.38, 49.4, 49.4, 49.4, 49.4], "Temp_env": []}