{"Start_Time": [1758733383.826271], "Time": [1758733385.8286371, 1758733387.8315768, 1758733389.8341906, 1758733391.8367786, 1758733393.839003, 1758733395.8418581, 1758733397.8447378, 1758733399.847649, 1758733401.8505974, 1758733403.8534615, 1758733405.8568072, 1758733407.8600397, 1758733409.8628983, 1758733411.8656983, 1758733413.86797, 1758733415.870672, 1758733417.8735716, 1758733419.8766592, 1758733421.8791764, 1758733423.881971, 1758733425.8849933, 1758733427.8879194, 1758733429.8907745, 1758733431.8931098, 1758733433.895793, 1758733435.89827, 1758733437.9009604, 1758733439.9040954, 1758733441.9069772, 1758733443.9100285, 1758733445.9129527, 1758733447.9152863, 1758733449.9184477, 1758733451.9212453, 1758733453.9243753, 1758733455.927041, 1758733457.929334, 1758733459.9324942, 1758733461.9350924, 1758733463.9374392, 1758733465.9405632, 1758733467.9434512, 1758733469.9465559, 1758733471.949241, 1758733473.951566], "Voltage": [229.08, 229.08, 228.87, 229.03, 229.14, 229.03, 229.08, 229.14, 229.03, 229.14, 229.14, 229.03, 228.98, 229.14, 229.14, 229.19, 229.03, 229.03, 229.03, 229.03, 228.98, 229.08, 228.93, 229.03, 228.98, 229.08, 229.14, 228.98, 229.08, 230.03, 230.03, 230.08, 230.03, 229.97, 229.97, 229.92, 230.03, 230.03, 229.92, 230.03, 230.03, 230.08, 229.97, 230.13, 230.03], "Current": [0.04, 0.04, 0.04, 0.04, 0.04, 0.04, 0.04, 0.04, 0.04, 0.04, 0.04, 0.04, 0.04, 0.04, 0.04, 0.04, 0.04, 0.04, 0.04, 0.04, 0.04, 0.04, 0.04, 0.04, 0.04, 0.04, 0.04, 0.04, 0.04, 0.04, 0.04, 0.04, 0.04, 0.04, 0.04, 0.04, 0.04, 0.04, 0.04, 0.04, 0.04, 0.04, 0.04, 0.04, 0.04], "Real_Power": [4.03, 3.92, 4.08, 3.99, 3.97, 3.94, 3.9, 3.93, 3.96, 3.99, 3.86, 3.89, 3.98, 3.95, 4.13, 4.06, 3.94, 4.01, 4.02, 3.89, 3.96, 3.91, 4.06, 3.87, 3.97, 3.94, 3.97, 3.92, 3.99, 4.01, 3.98, 4.0, 4.0, 4.0, 4.04, 4.0, 3.92, 3.97, 4.09, 4.02, 3.94, 3.89, 4.02, 3.96, 3.95], "Apparent_Power": [9.16, 9.16, 9.15, 9.16, 9.16, 9.16, 9.16, 9.16, 9.16, 9.16, 9.16, 9.16, 9.15, 9.16, 9.16, 9.16, 9.16, 9.16, 9.16, 9.16, 9.15, 9.16, 9.15, 9.16, 9.15, 9.16, 9.16, 9.15, 9.16, 9.2, 9.2, 9.2, 9.2, 9.19, 9.19, 9.19, 9.2, 9.2, 9.19, 9.2, 9.2, 9.2, 9.19, 9.2, 9.2], "Apparent_Power_Reactive": [8.22, 8.27, 8.19, 8.24, 8.25, 8.26, 8.28, 8.27, 8.25, 8.24, 8.3, 8.29, 8.23, 8.26, 8.17, 8.21, 8.26, 8.23, 8.23, 8.29, 8.24, 8.28, 8.19, 8.3, 8.24, 8.26, 8.25, 8.26, 8.24, 8.28, 8.29, 8.28, 8.28, 8.27, 8.25, 8.27, 8.32, 8.29, 8.22, 8.27, 8.31, 8.33, 8.26, 8.3, 8.3], "Power_Factor": [0.439, 0.427, 0.445, 0.435, 0.433, 0.43, 0.425, 0.429, 0.432, 0.435, 0.421, 0.424, 0.434, 0.431, 0.45, 0.443, 0.43, 0.437, 0.438, 0.424, 0.432, 0.426, 0.443, 0.422, 0.433, 0.43, 0.433, 0.428, 0.435, 0.435, 0.432, 0.434, 0.434, 0.435, 0.439, 0.435, 0.426, 0.431, 0.445, 0.436, 0.428, 0.422, 0.437, 0.43, 0.429], "Energy": [0.0, 0.0, 0.0, 0.0, 0.01, 0.01, 0.01, 0.01, 0.01, 0.02, 0.02, 0.02, 0.02, 0.03, 0.03, 0.03, 0.03, 0.04, 0.04, 0.04, 0.04, 0.04, 0.05, 0.05, 0.05, 0.05, 0.06, 0.06, 0.06, 0.06, 0.06, 0.07, 0.07, 0.07, 0.07, 0.08, 0.08, 0.08, 0.08, 0.08, 0.09, 0.09, 0.09, 0.09, 0.1], "Frequency": [49.41, 49.41, 49.41, 49.41, 49.4, 49.4, 49.4, 49.42, 49.42, 49.43, 49.43, 49.43, 49.43, 49.43, 49.43, 49.44, 49.44, 49.44, 49.42, 49.42, 49.42, 49.43, 49.43, 49.43, 49.42, 49.42, 49.42, 49.43, 49.43, 49.43, 49.42, 49.42, 49.42, 49.43, 49.43, 49.43, 49.42, 49.42, 49.42, 49.4, 49.4, 49.4, 49.4, 49.4, 49.4], "Temp_env": []}