{"Start_Time": [1759173182.7383177], "Time": [1759173184.740863, 1759173186.7435575, 1759173188.7458572, 1759173190.748752, 1759173192.751565, 1759173194.7540917, 1759173196.7567365, 1759173198.7590258, 1759173200.761651, 1759173202.7646718, 1759173204.7670045, 1759173206.7698371, 1759173208.772373, 1759173210.7747233, 1759173212.7773745, 1759173214.7795851, 1759173216.7826037, 1759173218.7857773, 1759173220.7886016, 1759173222.7985296, 1759173224.8012905, 1759173226.8036122, 1759173228.806301, 1759173230.8087022, 1759173232.8111973, 1759173234.8135135, 1759173236.816183, 1759173238.8190472, 1759173240.8219059, 1759173242.8244174, 1759173244.827522, 1759173246.837377, 1759173248.840433, 1759173250.8433073, 1759173252.846399, 1759173254.8486392, 1759173256.851496, 1759173258.8544195, 1759173260.8572938, 1759173262.8602417, 1759173264.8630924, 1759173266.8654094, 1759173268.868461, 1759173270.8711212, 1759173272.8741527], "Voltage": [229.61, 229.4, 229.55, 229.55, 229.55, 229.55, 229.4, 229.45, 229.5, 229.55, 229.45, 229.5, 229.61, 229.55, 229.55, 229.61, 229.45, 229.61, 229.4, 229.55, 229.4, 229.35, 229.4, 229.4, 229.4, 229.29, 229.24, 229.35, 229.29, 229.45, 229.4, 229.24, 229.35, 229.45, 229.24, 229.29, 229.35, 229.4, 229.45, 229.35, 229.35, 229.29, 229.35, 229.4, 229.45], "Current": [0.04, 0.04, 0.04, 0.04, 0.04, 0.04, 0.04, 0.04, 0.04, 0.04, 0.04, 0.04, 0.04, 0.04, 0.04, 0.04, 0.04, 0.04, 0.04, 0.04, 0.04, 0.04, 0.04, 0.04, 0.04, 0.04, 0.04, 0.04, 0.04, 0.04, 0.04, 0.04, 0.04, 0.04, 0.04, 0.04, 0.04, 0.04, 0.04, 0.04, 0.04, 0.04, 0.04, 0.04, 0.04], "Real_Power": [3.96, 3.93, 3.83, 3.9, 3.9, 3.92, 3.98, 3.94, 3.97, 4.05, 3.94, 3.85, 3.98, 3.94, 3.96, 3.85, 3.92, 3.96, 3.98, 4.01, 3.95, 3.95, 3.96, 3.95, 4.04, 3.96, 4.01, 3.89, 4.01, 3.94, 3.87, 3.91, 3.94, 3.89, 3.89, 3.93, 3.89, 3.95, 3.94, 3.84, 3.97, 4.03, 3.89, 3.98, 3.87], "Apparent_Power": [9.18, 9.17, 9.18, 9.18, 9.18, 9.18, 9.17, 9.17, 9.18, 9.18, 9.17, 9.18, 9.18, 9.18, 9.18, 9.18, 9.17, 9.18, 9.17, 9.18, 9.17, 9.17, 9.17, 9.17, 9.17, 9.17, 9.16, 9.17, 9.17, 9.17, 9.17, 9.16, 9.17, 9.17, 9.16, 9.17, 9.17, 9.17, 9.17, 9.17, 9.17, 9.17, 9.17, 9.17, 9.17], "Apparent_Power_Reactive": [8.28, 8.28, 8.34, 8.31, 8.31, 8.3, 8.26, 8.28, 8.27, 8.23, 8.28, 8.33, 8.27, 8.29, 8.28, 8.33, 8.28, 8.28, 8.26, 8.25, 8.27, 8.27, 8.27, 8.27, 8.23, 8.27, 8.23, 8.3, 8.24, 8.28, 8.31, 8.28, 8.28, 8.3, 8.29, 8.28, 8.3, 8.27, 8.28, 8.32, 8.26, 8.23, 8.3, 8.26, 8.31], "Power_Factor": [0.431, 0.428, 0.417, 0.424, 0.424, 0.427, 0.434, 0.429, 0.432, 0.441, 0.429, 0.419, 0.433, 0.429, 0.431, 0.419, 0.427, 0.431, 0.434, 0.436, 0.43, 0.43, 0.431, 0.43, 0.44, 0.431, 0.437, 0.424, 0.437, 0.429, 0.422, 0.426, 0.429, 0.424, 0.424, 0.428, 0.424, 0.43, 0.429, 0.418, 0.432, 0.439, 0.424, 0.434, 0.422], "Energy": [0.0, 0.0, 0.0, 0.0, 0.01, 0.01, 0.01, 0.01, 0.01, 0.02, 0.02, 0.02, 0.02, 0.03, 0.03, 0.03, 0.03, 0.03, 0.04, 0.04, 0.04, 0.04, 0.05, 0.05, 0.05, 0.05, 0.05, 0.06, 0.06, 0.06, 0.06, 0.07, 0.07, 0.07, 0.07, 0.07, 0.08, 0.08, 0.08, 0.08, 0.09, 0.09, 0.09, 0.09, 0.09], "Frequency": [49.4, 49.4, 49.41, 49.41, 49.41, 49.41, 49.41, 49.41, 49.41, 49.41, 49.41, 49.4, 49.4, 49.4, 49.4, 49.4, 49.4, 49.4, 49.4, 49.4, 49.42, 49.42, 49.42, 49.42, 49.42, 49.42, 49.41, 49.41, 49.41, 49.4, 49.4, 49.4, 49.41, 49.41, 49.41, 49.39, 49.39, 49.39, 49.42, 49.42, 49.42, 49.41, 49.41, 49.41, 49.41], "Temp_env": []}