{"Start_Time": [1759083919.890348], "Time": [1759083921.892771, 1759083923.8954008, 1759083925.8988342, 1759083927.901359, 1759083929.903717, 1759083931.906439, 1759083933.9093018, 1759083935.912173, 1759083937.9147162, 1759083939.9178984, 1759083941.92061, 1759083943.9237678, 1759083945.9266229, 1759083947.929336, 1759083949.9321856, 1759083951.934618, 1759083953.9372375, 1759083955.9398723, 1759083957.942724, 1759083959.9451003, 1759083961.9477975, 1759083963.9500637, 1759083965.9531054, 1759083967.9561644, 1759083969.9582722, 1759083971.960899, 1759083973.9632616, 1759083975.9664185, 1759083977.9694939, 1759083979.9724243, 1759083981.9753177, 1759083983.9783964, 1759083985.9810529, 1759083987.9833984, 1759083989.986449, 1759083991.9894092, 1759083993.9923882, 1759083995.9954634, 1759083997.9985542, 1759084000.0012476, 1759084002.0035923, 1759084004.0065367, 1759084006.009649, 1759084008.0125797, 1759084010.0150597], "Voltage": [228.4, 228.82, 228.98, 228.98, 228.93, 228.98, 228.98, 229.03, 229.03, 228.98, 229.03, 229.08, 229.03, 229.19, 229.03, 229.14, 229.08, 229.19, 229.03, 228.98, 228.98, 228.98, 229.08, 229.03, 229.08, 229.14, 229.03, 229.14, 229.03, 229.14, 229.14, 229.03, 229.03, 229.03, 229.08, 229.08, 229.19, 229.08, 229.19, 229.14, 229.14, 228.93, 229.08, 229.08, 229.08], "Current": [0.04, 0.04, 0.04, 0.04, 0.04, 0.04, 0.04, 0.04, 0.04, 0.04, 0.04, 0.04, 0.04, 0.04, 0.04, 0.04, 0.04, 0.04, 0.04, 0.04, 0.04, 0.04, 0.04, 0.04, 0.04, 0.04, 0.04, 0.04, 0.04, 0.04, 0.04, 0.04, 0.04, 0.04, 0.04, 0.04, 0.04, 0.04, 0.04, 0.04, 0.04, 0.04, 0.04, 0.04, 0.04], "Real_Power": [3.94, 3.85, 3.83, 3.95, 3.9, 3.84, 3.95, 3.95, 3.97, 3.96, 3.94, 3.87, 3.78, 4.02, 3.97, 3.87, 3.95, 3.94, 3.89, 3.79, 3.93, 4.02, 3.88, 3.93, 3.95, 3.91, 3.85, 3.89, 4.0, 4.08, 4.09, 3.88, 3.84, 3.85, 3.92, 4.0, 3.84, 3.92, 3.84, 3.88, 3.96, 3.94, 3.93, 3.87, 3.93], "Apparent_Power": [9.13, 9.15, 9.15, 9.15, 9.15, 9.15, 9.15, 9.16, 9.16, 9.15, 9.16, 9.16, 9.16, 9.16, 9.16, 9.16, 9.16, 9.16, 9.16, 9.15, 9.15, 9.15, 9.16, 9.16, 9.16, 9.16, 9.16, 9.16, 9.16, 9.16, 9.16, 9.16, 9.16, 9.16, 9.16, 9.16, 9.16, 9.16, 9.16, 9.16, 9.16, 9.15, 9.16, 9.16, 9.16], "Apparent_Power_Reactive": [8.23, 8.3, 8.3, 8.25, 8.27, 8.3, 8.25, 8.26, 8.25, 8.24, 8.26, 8.3, 8.34, 8.23, 8.25, 8.3, 8.26, 8.26, 8.29, 8.32, 8.26, 8.21, 8.29, 8.27, 8.26, 8.28, 8.31, 8.29, 8.24, 8.2, 8.19, 8.29, 8.31, 8.31, 8.27, 8.24, 8.31, 8.27, 8.31, 8.29, 8.25, 8.25, 8.27, 8.3, 8.27], "Power_Factor": [0.431, 0.42, 0.418, 0.431, 0.426, 0.419, 0.431, 0.431, 0.433, 0.432, 0.43, 0.422, 0.412, 0.438, 0.433, 0.422, 0.431, 0.43, 0.424, 0.414, 0.429, 0.439, 0.423, 0.429, 0.431, 0.426, 0.42, 0.424, 0.436, 0.445, 0.446, 0.423, 0.419, 0.42, 0.427, 0.436, 0.419, 0.427, 0.419, 0.423, 0.432, 0.43, 0.429, 0.422, 0.429], "Energy": [0.0, 0.0, 0.0, 0.0, 0.01, 0.01, 0.01, 0.01, 0.01, 0.02, 0.02, 0.02, 0.02, 0.03, 0.03, 0.03, 0.03, 0.03, 0.04, 0.04, 0.04, 0.04, 0.05, 0.05, 0.05, 0.05, 0.05, 0.06, 0.06, 0.06, 0.06, 0.07, 0.07, 0.07, 0.07, 0.07, 0.08, 0.08, 0.08, 0.08, 0.09, 0.09, 0.09, 0.09, 0.09], "Frequency": [49.39, 49.39, 49.39, 49.4, 49.4, 49.4, 49.4, 49.4, 49.4, 49.43, 49.43, 49.43, 49.42, 49.42, 49.42, 49.42, 49.42, 49.42, 49.42, 49.42, 49.42, 49.43, 49.43, 49.43, 49.41, 49.41, 49.41, 49.43, 49.43, 49.43, 49.42, 49.42, 49.42, 49.43, 49.43, 49.43, 49.42, 49.42, 49.42, 49.43, 49.43, 49.43, 49.41, 49.41, 49.41], "Temp_env": []}