{"Start_Time": [1758955570.6340835], "Time": [1758955572.6365082, 1758955574.6394544, 1758955576.642455, 1758955578.6453784, 1758955580.6545346, 1758955582.6575472, 1758955584.660321, 1758955586.6624591, 1758955588.6655097, 1758955590.6684232, 1758955592.670635, 1758955594.6736114, 1758955596.6765628, 1758955598.686382, 1758955600.6887991, 1758955602.6915364, 1758955604.694581, 1758955606.697724, 1758955608.7004888, 1758955610.7029366, 1758955612.7055247, 1758955614.707851, 1758955616.7105877, 1758955618.7128654, 1758955620.71562, 1758955622.7260866, 1758955624.7287502, 1758955626.7318184, 1758955628.7347138, 1758955630.7370665, 1758955632.7397585, 1758955634.742048, 1758955636.74511, 1758955638.7481015, 1758955640.7509956, 1758955642.7538872, 1758955644.7562022, 1758955646.7594, 1758955648.7622771, 1758955650.7651122, 1758955652.7682703, 1758955654.7711031, 1758955656.7740474, 1758955658.7763088, 1758955660.7794333], "Voltage": [227.83, 227.83, 227.83, 227.88, 228.09, 228.14, 228.04, 228.09, 227.98, 228.14, 228.19, 228.04, 228.24, 228.24, 228.35, 228.14, 228.3, 228.24, 228.3, 228.3, 228.14, 228.19, 229.24, 229.35, 229.35, 229.4, 229.4, 229.55, 229.5, 229.45, 229.4, 229.29, 229.4, 229.45, 229.29, 229.5, 229.45, 229.4, 229.5, 229.45, 229.5, 229.45, 229.5, 229.55, 229.45], "Current": [0.04, 0.04, 0.04, 0.04, 0.04, 0.04, 0.04, 0.04, 0.04, 0.04, 0.04, 0.04, 0.04, 0.04, 0.04, 0.04, 0.04, 0.04, 0.04, 0.04, 0.04, 0.04, 0.04, 0.04, 0.04, 0.04, 0.04, 0.04, 0.04, 0.04, 0.04, 0.04, 0.04, 0.04, 0.04, 0.04, 0.04, 0.04, 0.04, 0.04, 0.04, 0.04, 0.04, 0.04, 0.04], "Real_Power": [3.9, 3.9, 3.94, 3.98, 3.89, 3.83, 3.89, 3.91, 3.92, 3.88, 3.92, 3.88, 3.87, 3.91, 3.85, 3.87, 3.88, 3.89, 3.94, 3.94, 3.92, 3.96, 3.91, 3.87, 3.96, 3.93, 3.92, 3.84, 3.81, 3.86, 3.97, 3.99, 3.9, 3.9, 3.9, 3.91, 3.94, 3.9, 3.96, 3.82, 3.84, 3.86, 3.88, 3.87, 3.96], "Apparent_Power": [9.11, 9.11, 9.11, 9.11, 9.12, 9.12, 9.12, 9.12, 9.11, 9.12, 9.12, 9.12, 9.12, 9.12, 9.13, 9.12, 9.13, 9.12, 9.13, 9.13, 9.12, 9.12, 9.16, 9.17, 9.17, 9.17, 9.17, 9.18, 9.18, 9.17, 9.17, 9.17, 9.17, 9.17, 9.17, 9.18, 9.17, 9.17, 9.18, 9.17, 9.18, 9.17, 9.18, 9.18, 9.17], "Apparent_Power_Reactive": [8.23, 8.23, 8.21, 8.19, 8.24, 8.27, 8.24, 8.23, 8.22, 8.25, 8.23, 8.25, 8.25, 8.23, 8.27, 8.25, 8.26, 8.24, 8.23, 8.23, 8.23, 8.21, 8.28, 8.31, 8.27, 8.28, 8.28, 8.33, 8.35, 8.31, 8.26, 8.25, 8.29, 8.29, 8.29, 8.3, 8.28, 8.29, 8.28, 8.33, 8.33, 8.31, 8.31, 8.32, 8.27], "Power_Factor": [0.428, 0.428, 0.432, 0.436, 0.426, 0.419, 0.426, 0.428, 0.43, 0.425, 0.429, 0.425, 0.424, 0.428, 0.421, 0.424, 0.424, 0.426, 0.431, 0.431, 0.429, 0.434, 0.426, 0.422, 0.431, 0.428, 0.427, 0.418, 0.415, 0.42, 0.432, 0.435, 0.425, 0.425, 0.425, 0.425, 0.429, 0.425, 0.431, 0.416, 0.418, 0.42, 0.422, 0.421, 0.431], "Energy": [0.0, 0.0, 0.0, 0.0, 0.01, 0.01, 0.01, 0.01, 0.01, 0.02, 0.02, 0.02, 0.02, 0.03, 0.03, 0.03, 0.03, 0.03, 0.04, 0.04, 0.04, 0.04, 0.05, 0.05, 0.05, 0.05, 0.05, 0.06, 0.06, 0.06, 0.06, 0.07, 0.07, 0.07, 0.07, 0.07, 0.08, 0.08, 0.08, 0.08, 0.09, 0.09, 0.09, 0.09, 0.09], "Frequency": [49.38, 49.38, 49.38, 49.39, 49.39, 49.39, 49.38, 49.38, 49.38, 49.36, 49.36, 49.36, 49.37, 49.37, 49.37, 49.38, 49.38, 49.38, 49.38, 49.38, 49.38, 49.39, 49.39, 49.39, 49.39, 49.39, 49.39, 49.39, 49.39, 49.39, 49.4, 49.4, 49.4, 49.43, 49.43, 49.43, 49.43, 49.43, 49.43, 49.42, 49.42, 49.42, 49.4, 49.4, 49.4], "Temp_env": []}