{"Start_Time": [1758978237.8341532], "Time": [1758978239.8369179, 1758978241.8395274, 1758978243.8421144, 1758978245.844599, 1758978247.8472323, 1758978249.8497472, 1758978251.8528202, 1758978253.8553941, 1758978255.8582625, 1758978257.8611233, 1758978259.8639781, 1758978261.867164, 1758978263.8696454, 1758978265.8720045, 1758978267.8746972, 1758978269.877393, 1758978271.880116, 1758978273.8830194, 1758978275.885869, 1758978277.888197, 1758978279.8909445, 1758978281.8938518, 1758978283.8962736, 1758978285.8992007, 1758978287.9021306, 1758978289.9049897, 1758978291.9074354, 1758978293.9099898, 1758978295.91233, 1758978297.9152908, 1758978299.9175115, 1758978301.9202647, 1758978303.9230695, 1758978305.9261036, 1758978307.9283674, 1758978309.9313793, 1758978311.934463, 1758978313.9375718, 1758978315.9404144, 1758978317.943464, 1758978319.9466987, 1758978321.9492366, 1758978323.9515135, 1758978325.9544988, 1758978327.957746], "Voltage": [228.66, 228.66, 228.56, 228.61, 228.51, 228.61, 228.66, 228.51, 228.56, 228.66, 228.66, 228.51, 228.61, 228.51, 228.45, 228.45, 228.51, 228.51, 228.45, 228.4, 228.56, 228.51, 228.51, 228.45, 228.66, 228.66, 228.66, 228.72, 228.45, 228.45, 228.61, 228.56, 228.51, 228.51, 228.35, 228.45, 228.51, 228.35, 228.35, 228.35, 228.4, 228.35, 228.35, 228.19, 228.4], "Current": [0.04, 0.04, 0.04, 0.04, 0.04, 0.04, 0.04, 0.04, 0.04, 0.04, 0.04, 0.04, 0.04, 0.04, 0.04, 0.04, 0.04, 0.04, 0.04, 0.04, 0.04, 0.04, 0.04, 0.04, 0.04, 0.04, 0.04, 0.04, 0.04, 0.04, 0.04, 0.04, 0.04, 0.04, 0.04, 0.04, 0.04, 0.04, 0.04, 0.04, 0.04, 0.04, 0.04, 0.04, 0.04], "Real_Power": [3.85, 3.94, 3.8, 3.78, 3.8, 3.91, 3.91, 3.94, 3.86, 3.84, 3.93, 3.92, 3.87, 3.89, 3.84, 3.87, 3.95, 3.92, 3.83, 3.76, 3.92, 3.88, 3.92, 3.82, 3.92, 3.9, 3.89, 3.73, 3.9, 3.87, 3.85, 3.9, 3.93, 3.85, 3.96, 3.92, 3.91, 3.76, 3.91, 3.9, 3.92, 3.79, 3.84, 3.88, 3.87], "Apparent_Power": [9.14, 9.14, 9.14, 9.14, 9.14, 9.14, 9.14, 9.14, 9.14, 9.14, 9.14, 9.14, 9.14, 9.14, 9.13, 9.13, 9.14, 9.14, 9.13, 9.13, 9.14, 9.14, 9.14, 9.13, 9.14, 9.14, 9.14, 9.14, 9.13, 9.13, 9.14, 9.14, 9.14, 9.14, 9.13, 9.13, 9.14, 9.13, 9.13, 9.13, 9.13, 9.13, 9.13, 9.12, 9.13], "Apparent_Power_Reactive": [8.28, 8.24, 8.31, 8.32, 8.31, 8.26, 8.26, 8.24, 8.28, 8.29, 8.25, 8.25, 8.28, 8.27, 8.28, 8.26, 8.24, 8.25, 8.28, 8.31, 8.25, 8.27, 8.25, 8.29, 8.25, 8.26, 8.27, 8.34, 8.25, 8.26, 8.28, 8.26, 8.25, 8.28, 8.22, 8.24, 8.26, 8.31, 8.25, 8.25, 8.24, 8.3, 8.28, 8.25, 8.26], "Power_Factor": [0.421, 0.431, 0.415, 0.413, 0.415, 0.427, 0.427, 0.431, 0.422, 0.42, 0.429, 0.428, 0.423, 0.425, 0.42, 0.423, 0.432, 0.428, 0.419, 0.411, 0.428, 0.424, 0.428, 0.418, 0.428, 0.426, 0.425, 0.408, 0.427, 0.423, 0.421, 0.426, 0.429, 0.421, 0.433, 0.429, 0.427, 0.411, 0.428, 0.427, 0.429, 0.415, 0.42, 0.425, 0.423], "Energy": [0.0, 0.0, 0.0, 0.0, 0.01, 0.01, 0.01, 0.01, 0.01, 0.02, 0.02, 0.02, 0.02, 0.03, 0.03, 0.03, 0.03, 0.03, 0.04, 0.04, 0.04, 0.04, 0.05, 0.05, 0.05, 0.05, 0.05, 0.06, 0.06, 0.06, 0.06, 0.06, 0.07, 0.07, 0.07, 0.07, 0.08, 0.08, 0.08, 0.08, 0.08, 0.09, 0.09, 0.09, 0.09], "Frequency": [49.46, 49.46, 49.44, 49.44, 49.44, 49.45, 49.45, 49.45, 49.44, 49.44, 49.44, 49.43, 49.43, 49.43, 49.43, 49.43, 49.43, 49.43, 49.43, 49.43, 49.43, 49.43, 49.43, 49.44, 49.44, 49.44, 49.44, 49.44, 49.44, 49.44, 49.44, 49.44, 49.43, 49.43, 49.43, 49.43, 49.43, 49.43, 49.43, 49.43, 49.43, 49.42, 49.42, 49.42, 49.43], "Temp_env": []}