{"Start_Time": [1759064008.858229], "Time": [1759064010.860742, 1759064012.8636115, 1759064014.8664958, 1759064016.869781, 1759064018.8724465, 1759064020.8747592, 1759064022.8774667, 1759064024.880634, 1759064026.8837411, 1759064028.8859267, 1759064030.888469, 1759064032.8908062, 1759064034.8935263, 1759064036.8964152, 1759064038.8992856, 1759064040.9021726, 1759064042.9050379, 1759064044.907924, 1759064046.9107945, 1759064048.91371, 1759064050.916237, 1759064052.9193416, 1759064054.9221928, 1759064056.925162, 1759064058.9280202, 1759064060.9309337, 1759064062.9339926, 1759064064.936325, 1759064066.9393406, 1759064068.942197, 1759064070.9453287, 1759064072.9481826, 1759064074.9503088, 1759064076.95299, 1759064078.9553483, 1759064080.9583342, 1759064082.961424, 1759064084.9643297, 1759064086.967337, 1759064088.9702172, 1759064090.972578, 1759064092.975508, 1759064094.978411, 1759064096.981315, 1759064098.9835238], "Voltage": [228.04, 227.98, 227.88, 227.83, 227.88, 227.93, 227.98, 227.88, 227.88, 228.04, 227.98, 227.88, 227.98, 227.98, 228.14, 228.09, 228.04, 228.09, 229.14, 229.08, 229.14, 229.19, 229.14, 229.14, 229.14, 229.03, 229.14, 229.14, 228.98, 229.08, 229.03, 229.03, 229.03, 229.08, 229.03, 229.14, 229.19, 228.98, 229.29, 229.14, 229.08, 229.08, 229.08, 229.14, 229.08], "Current": [0.04, 0.04, 0.04, 0.04, 0.04, 0.04, 0.04, 0.04, 0.04, 0.04, 0.04, 0.04, 0.04, 0.04, 0.04, 0.04, 0.04, 0.04, 0.04, 0.04, 0.04, 0.04, 0.04, 0.04, 0.04, 0.04, 0.04, 0.04, 0.04, 0.04, 0.04, 0.04, 0.04, 0.04, 0.04, 0.04, 0.04, 0.04, 0.04, 0.04, 0.04, 0.04, 0.04, 0.04, 0.04], "Real_Power": [3.83, 3.81, 3.93, 3.93, 3.91, 3.88, 3.91, 3.94, 3.93, 3.89, 3.95, 3.92, 3.79, 3.92, 3.95, 4.04, 4.02, 3.79, 3.78, 4.03, 3.94, 3.96, 3.97, 4.0, 3.94, 3.9, 3.94, 3.91, 3.85, 3.93, 3.84, 3.96, 3.9, 3.97, 3.93, 4.06, 4.01, 3.89, 3.94, 3.89, 3.9, 3.93, 3.84, 4.06, 3.9], "Apparent_Power": [9.12, 9.11, 9.11, 9.11, 9.11, 9.11, 9.11, 9.11, 9.11, 9.12, 9.11, 9.11, 9.11, 9.11, 9.12, 9.12, 9.12, 9.12, 9.16, 9.16, 9.16, 9.16, 9.16, 9.16, 9.16, 9.16, 9.16, 9.16, 9.15, 9.16, 9.16, 9.16, 9.16, 9.16, 9.16, 9.16, 9.16, 9.15, 9.17, 9.16, 9.16, 9.16, 9.16, 9.16, 9.16], "Apparent_Power_Reactive": [8.27, 8.27, 8.21, 8.21, 8.22, 8.24, 8.22, 8.21, 8.21, 8.24, 8.2, 8.22, 8.28, 8.22, 8.22, 8.17, 8.18, 8.29, 8.34, 8.22, 8.26, 8.25, 8.25, 8.24, 8.26, 8.28, 8.26, 8.28, 8.3, 8.27, 8.31, 8.25, 8.28, 8.25, 8.27, 8.21, 8.23, 8.28, 8.28, 8.29, 8.28, 8.27, 8.31, 8.21, 8.28], "Power_Factor": [0.419, 0.418, 0.431, 0.431, 0.429, 0.425, 0.429, 0.432, 0.431, 0.426, 0.433, 0.43, 0.416, 0.43, 0.433, 0.442, 0.44, 0.415, 0.412, 0.439, 0.43, 0.432, 0.433, 0.436, 0.43, 0.425, 0.43, 0.426, 0.42, 0.429, 0.419, 0.432, 0.425, 0.433, 0.429, 0.443, 0.437, 0.425, 0.429, 0.424, 0.425, 0.429, 0.419, 0.443, 0.425], "Energy": [0.0, 0.0, 0.0, 0.0, 0.01, 0.01, 0.01, 0.01, 0.01, 0.02, 0.02, 0.02, 0.02, 0.03, 0.03, 0.03, 0.03, 0.03, 0.04, 0.04, 0.04, 0.04, 0.05, 0.05, 0.05, 0.05, 0.05, 0.06, 0.06, 0.06, 0.06, 0.07, 0.07, 0.07, 0.07, 0.07, 0.08, 0.08, 0.08, 0.08, 0.08, 0.09, 0.09, 0.09, 0.09], "Frequency": [49.36, 49.36, 49.36, 49.35, 49.35, 49.35, 49.35, 49.35, 49.35, 49.35, 49.35, 49.35, 49.36, 49.36, 49.36, 49.35, 49.35, 49.35, 49.36, 49.36, 49.36, 49.36, 49.36, 49.36, 49.38, 49.38, 49.38, 49.37, 49.37, 49.37, 49.35, 49.35, 49.35, 49.35, 49.35, 49.35, 49.35, 49.35, 49.35, 49.35, 49.35, 49.35, 49.38, 49.38, 49.38], "Temp_env": []}