{"Start_Time": [1759006624.8339822], "Time": [1759006626.8365083, 1759006628.839364, 1759006630.842434, 1759006632.8452888, 1759006634.8476477, 1759006636.85054, 1759006638.853236, 1759006640.8555245, 1759006642.857614, 1759006644.8603203, 1759006646.8626523, 1759006648.865611, 1759006650.8685758, 1759006652.870579, 1759006654.8736415, 1759006656.8765686, 1759006658.8786952, 1759006660.8817248, 1759006662.8844793, 1759006664.886799, 1759006666.8897011, 1759006668.892478, 1759006670.8951015, 1759006672.8979828, 1759006674.9006417, 1759006676.9035852, 1759006678.9058683, 1759006680.9085805, 1759006682.911124, 1759006684.9140003, 1759006686.9165943, 1759006688.9191935, 1759006690.9216251, 1759006692.9246902, 1759006694.9272523, 1759006696.9301305, 1759006698.932846, 1759006700.9349155, 1759006702.9377646, 1759006704.940295, 1759006706.9427009, 1759006708.9450595, 1759006710.948018, 1759006712.951062, 1759006714.9537547], "Voltage": [229.92, 230.08, 230.03, 229.97, 230.13, 229.97, 229.92, 229.87, 230.08, 230.03, 230.03, 230.03, 230.03, 230.03, 230.08, 230.13, 229.97, 230.08, 230.08, 229.87, 230.03, 230.08, 229.92, 229.92, 229.76, 229.87, 229.92, 230.03, 230.6, 230.66, 230.66, 230.6, 230.6, 230.6, 230.55, 230.55, 230.71, 230.6, 230.55, 230.55, 230.5, 230.71, 230.5, 230.6, 230.6], "Current": [0.04, 0.04, 0.04, 0.04, 0.04, 0.04, 0.04, 0.04, 0.04, 0.04, 0.04, 0.04, 0.04, 0.04, 0.04, 0.04, 0.04, 0.04, 0.04, 0.04, 0.04, 0.04, 0.04, 0.04, 0.04, 0.04, 0.04, 0.04, 0.04, 0.04, 0.04, 0.04, 0.04, 0.04, 0.04, 0.04, 0.04, 0.04, 0.04, 0.04, 0.04, 0.04, 0.04, 0.04, 0.04], "Real_Power": [3.84, 3.83, 3.79, 3.79, 3.91, 3.83, 3.83, 3.8, 3.88, 3.8, 3.89, 4.06, 3.85, 3.84, 3.91, 3.89, 3.82, 3.9, 3.9, 3.89, 3.86, 3.96, 3.9, 3.91, 3.9, 3.88, 3.9, 3.94, 3.85, 3.84, 3.92, 3.91, 3.84, 3.96, 3.69, 3.87, 3.77, 3.88, 3.87, 3.78, 3.9, 3.84, 3.89, 3.93, 3.91], "Apparent_Power": [9.19, 9.2, 9.2, 9.19, 9.2, 9.19, 9.19, 9.19, 9.2, 9.2, 9.2, 9.2, 9.2, 9.2, 9.2, 9.2, 9.19, 9.2, 9.2, 9.19, 9.2, 9.2, 9.19, 9.19, 9.19, 9.19, 9.19, 9.2, 9.22, 9.22, 9.22, 9.22, 9.22, 9.22, 9.22, 9.22, 9.22, 9.22, 9.22, 9.22, 9.22, 9.22, 9.22, 9.22, 9.22], "Apparent_Power_Reactive": [8.34, 8.36, 8.38, 8.37, 8.32, 8.35, 8.35, 8.36, 8.34, 8.37, 8.33, 8.25, 8.35, 8.36, 8.32, 8.33, 8.35, 8.33, 8.33, 8.32, 8.35, 8.3, 8.32, 8.31, 8.32, 8.33, 8.32, 8.31, 8.37, 8.38, 8.34, 8.34, 8.38, 8.32, 8.44, 8.36, 8.41, 8.36, 8.36, 8.4, 8.35, 8.38, 8.35, 8.34, 8.34], "Power_Factor": [0.417, 0.416, 0.411, 0.412, 0.425, 0.416, 0.416, 0.413, 0.421, 0.413, 0.422, 0.441, 0.418, 0.417, 0.425, 0.422, 0.415, 0.423, 0.423, 0.423, 0.419, 0.43, 0.424, 0.425, 0.424, 0.422, 0.424, 0.428, 0.417, 0.416, 0.425, 0.424, 0.416, 0.429, 0.4, 0.419, 0.408, 0.42, 0.419, 0.409, 0.422, 0.416, 0.421, 0.426, 0.424], "Energy": [0.0, 0.0, 0.0, 0.0, 0.01, 0.01, 0.01, 0.01, 0.01, 0.02, 0.02, 0.02, 0.02, 0.03, 0.03, 0.03, 0.03, 0.03, 0.04, 0.04, 0.04, 0.04, 0.04, 0.05, 0.05, 0.05, 0.05, 0.06, 0.06, 0.06, 0.06, 0.06, 0.07, 0.07, 0.07, 0.07, 0.08, 0.08, 0.08, 0.08, 0.08, 0.09, 0.09, 0.09, 0.09], "Frequency": [49.43, 49.43, 49.42, 49.42, 49.42, 49.39, 49.39, 49.39, 49.39, 49.39, 49.39, 49.39, 49.39, 49.39, 49.39, 49.39, 49.39, 49.41, 49.41, 49.41, 49.39, 49.39, 49.39, 49.39, 49.39, 49.39, 49.39, 49.39, 49.39, 49.41, 49.41, 49.41, 49.41, 49.41, 49.41, 49.42, 49.42, 49.42, 49.42, 49.42, 49.42, 49.43, 49.43, 49.43, 49.41], "Temp_env": []}