{"Start_Time": [1759168996.7699327], "Time": [1759168998.7724447, 1759169000.7751184, 1759169002.7773285, 1759169004.7803915, 1759169006.7833602, 1759169008.7866516, 1759169010.789411, 1759169012.7917993, 1759169014.794342, 1759169016.7967107, 1759169018.7994761, 1759169020.8016317, 1759169022.804554, 1759169024.8070157, 1759169026.809536, 1759169028.8126507, 1759169030.8147395, 1759169032.8174462, 1759169034.8197632, 1759169036.8224387, 1759169038.8250144, 1759169040.8274953, 1759169042.8368838, 1759169044.8388195, 1759169046.8415563, 1759169048.844557, 1759169050.8471942, 1759169052.8501108, 1759169054.8528056, 1759169056.8548987, 1759169058.857602, 1759169060.860702, 1759169062.8632896, 1759169064.8661747, 1759169066.8688276, 1759169068.871695, 1759169070.8740716, 1759169072.8769844, 1759169074.879063, 1759169076.8818026, 1759169078.884187, 1759169080.8873634, 1759169082.8902512, 1759169084.8929598, 1759169086.8953023], "Voltage": [231.23, 231.23, 231.28, 231.28, 231.23, 231.34, 231.28, 231.28, 231.34, 231.18, 231.23, 231.07, 231.07, 231.07, 231.23, 231.18, 231.23, 231.34, 231.28, 231.23, 231.34, 231.23, 231.28, 231.18, 231.13, 231.28, 231.28, 231.34, 231.34, 231.34, 231.28, 231.34, 231.39, 231.13, 231.13, 231.13, 231.23, 231.18, 231.23, 231.23, 231.18, 231.28, 231.28, 231.18, 231.07], "Current": [0.04, 0.04, 0.04, 0.04, 0.04, 0.04, 0.04, 0.04, 0.04, 0.04, 0.04, 0.04, 0.04, 0.04, 0.04, 0.04, 0.04, 0.04, 0.04, 0.04, 0.04, 0.04, 0.04, 0.04, 0.04, 0.04, 0.04, 0.04, 0.04, 0.04, 0.04, 0.04, 0.04, 0.04, 0.04, 0.04, 0.04, 0.04, 0.04, 0.04, 0.04, 0.04, 0.04, 0.04, 0.04], "Real_Power": [3.96, 3.99, 4.02, 3.8, 3.92, 3.92, 3.97, 3.93, 4.01, 3.92, 3.87, 3.9, 4.03, 3.98, 3.93, 4.02, 3.96, 3.99, 3.99, 3.73, 4.13, 3.94, 4.09, 4.05, 3.96, 4.08, 3.95, 3.91, 3.92, 3.96, 4.02, 3.97, 3.85, 3.89, 3.99, 3.96, 3.86, 3.99, 3.98, 3.97, 3.96, 3.94, 3.89, 3.92, 3.91], "Apparent_Power": [9.24, 9.24, 9.25, 9.25, 9.24, 9.25, 9.25, 9.25, 9.25, 9.24, 9.24, 9.24, 9.24, 9.24, 9.24, 9.24, 9.24, 9.25, 9.25, 9.24, 9.25, 9.24, 9.25, 9.24, 9.24, 9.25, 9.25, 9.25, 9.25, 9.25, 9.25, 9.25, 9.25, 9.24, 9.24, 9.24, 9.24, 9.24, 9.24, 9.24, 9.24, 9.25, 9.25, 9.24, 9.24], "Apparent_Power_Reactive": [8.34, 8.33, 8.33, 8.43, 8.36, 8.37, 8.35, 8.37, 8.33, 8.36, 8.39, 8.37, 8.31, 8.33, 8.36, 8.31, 8.34, 8.34, 8.34, 8.45, 8.27, 8.35, 8.29, 8.3, 8.34, 8.3, 8.36, 8.38, 8.37, 8.35, 8.33, 8.35, 8.41, 8.38, 8.33, 8.34, 8.39, 8.33, 8.33, 8.34, 8.34, 8.36, 8.39, 8.36, 8.37], "Power_Factor": [0.428, 0.431, 0.434, 0.41, 0.424, 0.423, 0.429, 0.424, 0.433, 0.424, 0.418, 0.422, 0.436, 0.43, 0.425, 0.435, 0.428, 0.431, 0.431, 0.403, 0.446, 0.426, 0.442, 0.438, 0.428, 0.441, 0.427, 0.422, 0.423, 0.428, 0.434, 0.429, 0.416, 0.42, 0.431, 0.428, 0.417, 0.431, 0.43, 0.429, 0.428, 0.425, 0.42, 0.424, 0.423], "Energy": [0.0, 0.0, 0.0, 0.0, 0.01, 0.01, 0.01, 0.01, 0.01, 0.02, 0.02, 0.02, 0.02, 0.03, 0.03, 0.03, 0.03, 0.03, 0.04, 0.04, 0.04, 0.04, 0.05, 0.05, 0.05, 0.05, 0.05, 0.06, 0.06, 0.06, 0.06, 0.07, 0.07, 0.07, 0.07, 0.08, 0.08, 0.08, 0.08, 0.08, 0.09, 0.09, 0.09, 0.09, 0.1], "Frequency": [49.36, 49.38, 49.38, 49.38, 49.37, 49.37, 49.37, 49.37, 49.37, 49.37, 49.36, 49.36, 49.36, 49.36, 49.36, 49.36, 49.37, 49.37, 49.37, 49.37, 49.37, 49.37, 49.38, 49.38, 49.38, 49.37, 49.37, 49.37, 49.37, 49.37, 49.37, 49.37, 49.37, 49.37, 49.38, 49.38, 49.38, 49.37, 49.37, 49.37, 49.36, 49.36, 49.36, 49.39, 49.39], "Temp_env": []}