{"Start_Time": [1759197995.9062247], "Time": [1759197997.9086447, 1759197999.9112957, 1759198001.913655, 1759198003.9163673, 1759198005.9191332, 1759198007.9215586, 1759198009.924542, 1759198011.9267528, 1759198013.9296153, 1759198015.9317167, 1759198017.9344366, 1759198019.937138, 1759198021.9401143, 1759198023.9428592, 1759198025.9456756, 1759198027.9479399, 1759198029.950642, 1759198031.9529796, 1759198033.9556754, 1759198035.9582582, 1759198037.9611118, 1759198039.963779, 1759198041.966729, 1759198043.969061, 1759198045.9717815, 1759198047.97407, 1759198049.97706, 1759198051.9803205, 1759198053.9829266, 1759198055.98591, 1759198057.9884925, 1759198059.991393, 1759198061.9942448, 1759198063.9962018, 1759198065.9982953, 1759198068.0012972, 1759198070.0043159, 1759198072.007522, 1759198074.0104327, 1759198076.0132792, 1759198078.017341, 1759198080.0205498, 1759198082.0235107, 1759198084.0267177, 1759198086.0293334], "Voltage": [232.02, 232.07, 232.02, 232.12, 232.12, 232.12, 232.17, 232.12, 232.17, 232.28, 232.12, 232.17, 232.07, 232.17, 232.12, 232.23, 232.02, 232.12, 232.02, 232.07, 232.12, 232.07, 232.07, 232.17, 231.97, 232.02, 232.02, 232.17, 232.07, 232.23, 231.97, 232.23, 232.17, 232.23, 232.23, 232.17, 232.12, 232.17, 232.12, 232.23, 232.23, 232.28, 232.23, 232.28, 232.28], "Current": [0.03, 0.04, 0.04, 0.03, 0.04, 0.04, 0.03, 0.03, 0.03, 0.03, 0.03, 0.03, 0.04, 0.04, 0.03, 0.03, 0.04, 0.04, 0.03, 0.04, 0.03, 0.04, 0.03, 0.04, 0.03, 0.03, 0.03, 0.03, 0.03, 0.04, 0.03, 0.04, 0.04, 0.03, 0.03, 0.04, 0.03, 0.04, 0.03, 0.03, 0.03, 0.03, 0.03, 0.04, 0.03], "Real_Power": [3.9, 3.92, 3.94, 3.84, 3.84, 3.89, 3.93, 3.97, 3.88, 3.98, 3.87, 3.92, 3.87, 3.97, 3.9, 3.91, 3.91, 3.95, 3.87, 3.94, 3.91, 3.92, 3.86, 4.02, 3.91, 3.84, 3.85, 3.98, 3.87, 3.92, 3.82, 3.93, 3.91, 4.03, 3.9, 3.98, 3.84, 3.96, 3.87, 3.9, 3.95, 3.98, 3.91, 4.0, 3.9], "Apparent_Power": [6.96, 9.28, 9.28, 6.96, 9.28, 9.28, 6.96, 6.96, 6.96, 6.96, 6.96, 6.96, 9.28, 9.28, 6.96, 6.96, 9.28, 9.28, 6.96, 9.28, 6.96, 9.28, 6.96, 9.28, 6.95, 6.96, 6.96, 6.96, 6.96, 9.28, 6.95, 9.28, 9.28, 6.96, 6.96, 9.28, 6.96, 9.28, 6.96, 6.96, 6.96, 6.96, 6.96, 9.29, 6.96], "Apparent_Power_Reactive": [5.76, 8.41, 8.4, 5.8, 8.44, 8.42, 5.74, 5.71, 5.77, 5.7, 5.78, 5.75, 8.43, 8.38, 5.76, 5.75, 8.41, 8.39, 5.78, 8.4, 5.75, 8.41, 5.79, 8.36, 5.74, 5.8, 5.79, 5.7, 5.78, 8.41, 5.8, 8.4, 8.41, 5.67, 5.76, 8.38, 5.8, 8.39, 5.78, 5.76, 5.73, 5.7, 5.75, 8.38, 5.76], "Power_Factor": [0.56, 0.422, 0.424, 0.551, 0.413, 0.419, 0.564, 0.57, 0.557, 0.571, 0.556, 0.563, 0.417, 0.427, 0.56, 0.561, 0.421, 0.425, 0.556, 0.424, 0.561, 0.422, 0.554, 0.433, 0.562, 0.551, 0.553, 0.571, 0.556, 0.422, 0.549, 0.423, 0.421, 0.579, 0.56, 0.428, 0.551, 0.426, 0.556, 0.56, 0.567, 0.571, 0.561, 0.43, 0.56], "Energy": [0.0, 0.0, 0.0, 0.0, 0.01, 0.01, 0.01, 0.01, 0.01, 0.02, 0.02, 0.02, 0.02, 0.03, 0.03, 0.03, 0.03, 0.03, 0.04, 0.04, 0.04, 0.04, 0.05, 0.05, 0.05, 0.05, 0.05, 0.06, 0.06, 0.06, 0.06, 0.07, 0.07, 0.07, 0.07, 0.07, 0.08, 0.08, 0.08, 0.08, 0.09, 0.09, 0.09, 0.09, 0.09], "Frequency": [49.38, 49.38, 49.38, 49.38, 49.38, 49.38, 49.38, 49.38, 49.38, 49.38, 49.42, 49.42, 49.42, 49.43, 49.43, 49.43, 49.42, 49.42, 49.42, 49.43, 49.43, 49.43, 49.43, 49.43, 49.43, 49.43, 49.43, 49.43, 49.43, 49.43, 49.43, 49.39, 49.39, 49.39, 49.39, 49.39, 49.39, 49.4, 49.4, 49.4, 49.42, 49.42, 49.42, 49.44, 49.44], "Temp_env": []}