{"Start_Time": [1759223523.0576775], "Time": [1759223525.060574, 1759223527.0637038, 1759223529.0663657, 1759223531.068616, 1759223533.0705633, 1759223535.073504, 1759223537.0759838, 1759223539.0788474, 1759223541.081485, 1759223543.084571, 1759223545.086643, 1759223547.089377, 1759223549.0916772, 1759223551.0949876, 1759223553.097854, 1759223555.1005359, 1759223557.1028812, 1759223559.1057582, 1759223561.1085622, 1759223563.1111774, 1759223565.1140244, 1759223567.1166377, 1759223569.1192307, 1759223571.1216817, 1759223573.124747, 1759223575.1272924, 1759223577.1301444, 1759223579.1330416, 1759223581.136171, 1759223583.138734, 1759223585.1410947, 1759223587.1431894, 1759223589.1462703, 1759223591.1488185, 1759223593.1514091, 1759223595.1543174, 1759223597.1568952, 1759223599.1595619, 1759223601.1624196, 1759223603.1649106, 1759223605.1671965, 1759223607.1702776, 1759223609.1729789, 1759223611.175314, 1759223613.1779988], "Voltage": [228.77, 228.61, 228.87, 228.77, 228.93, 228.77, 228.61, 228.61, 228.61, 228.45, 228.61, 228.56, 228.56, 228.77, 228.72, 228.82, 228.87, 228.87, 228.87, 229.03, 228.93, 228.77, 228.93, 228.77, 228.72, 228.56, 228.61, 228.51, 228.56, 228.51, 228.4, 228.3, 228.45, 228.56, 228.4, 228.45, 228.51, 228.72, 228.56, 228.61, 228.45, 228.56, 228.61, 228.56, 228.66], "Current": [0.04, 0.04, 0.04, 0.04, 0.04, 0.04, 0.04, 0.04, 0.04, 0.04, 0.04, 0.04, 0.04, 0.04, 0.04, 0.04, 0.04, 0.04, 0.04, 0.04, 0.04, 0.04, 0.04, 0.04, 0.04, 0.04, 0.04, 0.04, 0.04, 0.04, 0.04, 0.04, 0.04, 0.04, 0.04, 0.04, 0.04, 0.04, 0.04, 0.04, 0.04, 0.04, 0.04, 0.04, 0.04], "Real_Power": [3.9, 4.0, 4.01, 4.07, 4.02, 4.11, 4.02, 3.94, 3.95, 3.99, 4.1, 4.11, 4.03, 4.02, 4.0, 3.89, 4.04, 3.95, 3.97, 4.08, 3.87, 4.0, 4.04, 3.99, 4.07, 4.15, 4.07, 3.99, 3.87, 4.03, 3.9, 3.96, 4.04, 3.97, 3.89, 4.0, 4.03, 3.97, 4.0, 3.91, 4.06, 3.87, 4.06, 3.97, 3.9], "Apparent_Power": [9.15, 9.14, 9.15, 9.15, 9.15, 9.15, 9.14, 9.14, 9.14, 9.13, 9.14, 9.14, 9.14, 9.15, 9.14, 9.15, 9.15, 9.15, 9.15, 9.16, 9.15, 9.15, 9.15, 9.15, 9.14, 9.14, 9.14, 9.14, 9.14, 9.14, 9.13, 9.13, 9.13, 9.14, 9.13, 9.13, 9.14, 9.14, 9.14, 9.14, 9.13, 9.14, 9.14, 9.14, 9.14], "Apparent_Power_Reactive": [8.27, 8.21, 8.22, 8.19, 8.21, 8.17, 8.2, 8.24, 8.24, 8.21, 8.16, 8.16, 8.2, 8.21, 8.21, 8.28, 8.2, 8.25, 8.24, 8.2, 8.29, 8.22, 8.2, 8.23, 8.18, 8.14, 8.18, 8.22, 8.28, 8.2, 8.25, 8.22, 8.18, 8.23, 8.25, 8.2, 8.2, 8.23, 8.21, 8.26, 8.17, 8.28, 8.18, 8.23, 8.26], "Power_Factor": [0.426, 0.437, 0.438, 0.444, 0.439, 0.449, 0.439, 0.431, 0.432, 0.437, 0.448, 0.449, 0.44, 0.439, 0.437, 0.425, 0.441, 0.431, 0.433, 0.445, 0.422, 0.437, 0.441, 0.436, 0.445, 0.454, 0.445, 0.436, 0.423, 0.44, 0.427, 0.433, 0.442, 0.434, 0.426, 0.438, 0.44, 0.434, 0.437, 0.427, 0.444, 0.423, 0.444, 0.434, 0.426], "Energy": [0.0, 0.0, 0.0, 0.0, 0.01, 0.01, 0.01, 0.01, 0.02, 0.02, 0.02, 0.02, 0.02, 0.03, 0.03, 0.03, 0.03, 0.04, 0.04, 0.04, 0.04, 0.04, 0.05, 0.05, 0.05, 0.05, 0.06, 0.06, 0.06, 0.06, 0.07, 0.07, 0.07, 0.07, 0.07, 0.08, 0.08, 0.08, 0.08, 0.09, 0.09, 0.09, 0.09, 0.09, 0.1], "Frequency": [49.4, 49.4, 49.4, 49.42, 49.42, 49.42, 49.41, 49.41, 49.41, 49.42, 49.42, 49.42, 49.41, 49.41, 49.41, 49.41, 49.41, 49.41, 49.41, 49.41, 49.41, 49.43, 49.43, 49.43, 49.43, 49.43, 49.43, 49.43, 49.43, 49.43, 49.42, 49.42, 49.42, 49.42, 49.42, 49.42, 49.43, 49.43, 49.43, 49.43, 49.43, 49.43, 49.4, 49.4, 49.4], "Temp_env": []}