{"Start_Time": [1758891445.5860531], "Time": [1758891447.5886638, 1758891449.5914974, 1758891451.5946028, 1758891453.597684, 1758891455.600339, 1758891457.6026833, 1758891459.6054296, 1758891461.608149, 1758891463.611008, 1758891465.6138697, 1758891467.6236072, 1758891469.6265008, 1758891471.6288316, 1758891473.6385937, 1758891475.6415772, 1758891477.6441665, 1758891479.646925, 1758891481.650191, 1758891483.6526632, 1758891485.6550345, 1758891487.657778, 1758891489.6605003, 1758891491.6632237, 1758891493.6660595, 1758891495.6689384, 1758891497.6710742, 1758891499.673904, 1758891501.6762745, 1758891503.6792922, 1758891505.6822472, 1758891507.6853225, 1758891509.6881702, 1758891511.6903903, 1758891513.6930764, 1758891515.7034454, 1758891517.7063205, 1758891519.7084477, 1758891521.711373, 1758891523.7145338, 1758891525.7171016, 1758891527.7194674, 1758891529.7221603, 1758891531.7245212, 1758891533.7274566, 1758891535.7307694], "Voltage": [227.93, 228.04, 228.09, 228.09, 227.93, 228.14, 227.98, 228.04, 228.14, 227.88, 227.98, 228.14, 228.24, 228.19, 228.09, 228.09, 227.83, 228.24, 228.24, 228.19, 228.19, 228.4, 228.14, 228.14, 228.04, 228.09, 228.24, 228.14, 228.14, 228.04, 227.98, 227.98, 228.09, 228.24, 228.09, 228.19, 228.14, 227.98, 227.93, 228.04, 227.93, 227.93, 228.04, 227.83, 228.72], "Current": [0.04, 0.04, 0.04, 0.04, 0.04, 0.04, 0.04, 0.04, 0.04, 0.04, 0.04, 0.04, 0.04, 0.04, 0.04, 0.04, 0.04, 0.04, 0.04, 0.04, 0.04, 0.04, 0.04, 0.04, 0.04, 0.04, 0.04, 0.04, 0.04, 0.04, 0.04, 0.04, 0.04, 0.04, 0.04, 0.04, 0.04, 0.04, 0.04, 0.04, 0.04, 0.04, 0.04, 0.04, 0.04], "Real_Power": [3.98, 4.06, 4.07, 4.03, 3.99, 4.05, 3.95, 4.0, 3.96, 3.98, 3.94, 4.0, 3.97, 4.0, 3.99, 3.91, 4.01, 3.98, 3.99, 4.04, 3.91, 4.03, 4.02, 4.01, 3.97, 4.06, 4.03, 4.03, 4.05, 3.97, 4.01, 3.96, 3.96, 4.01, 3.97, 4.08, 4.01, 3.97, 4.0, 3.96, 3.95, 4.02, 3.96, 3.94, 3.99], "Apparent_Power": [9.11, 9.12, 9.12, 9.12, 9.11, 9.12, 9.11, 9.12, 9.12, 9.11, 9.11, 9.12, 9.12, 9.12, 9.12, 9.12, 9.11, 9.12, 9.12, 9.12, 9.12, 9.13, 9.12, 9.12, 9.12, 9.12, 9.12, 9.12, 9.12, 9.12, 9.11, 9.11, 9.12, 9.12, 9.12, 9.12, 9.12, 9.11, 9.11, 9.12, 9.11, 9.11, 9.12, 9.11, 9.14], "Apparent_Power_Reactive": [8.19, 8.16, 8.16, 8.18, 8.18, 8.17, 8.2, 8.19, 8.21, 8.19, 8.21, 8.19, 8.21, 8.19, 8.2, 8.23, 8.17, 8.2, 8.2, 8.17, 8.23, 8.19, 8.18, 8.19, 8.21, 8.16, 8.18, 8.18, 8.17, 8.21, 8.17, 8.2, 8.21, 8.19, 8.21, 8.15, 8.19, 8.19, 8.18, 8.21, 8.2, 8.17, 8.21, 8.21, 8.22], "Power_Factor": [0.436, 0.445, 0.446, 0.441, 0.437, 0.444, 0.433, 0.438, 0.434, 0.436, 0.432, 0.438, 0.435, 0.438, 0.437, 0.428, 0.44, 0.436, 0.437, 0.442, 0.428, 0.441, 0.44, 0.439, 0.435, 0.445, 0.441, 0.441, 0.444, 0.435, 0.44, 0.434, 0.434, 0.439, 0.435, 0.447, 0.439, 0.435, 0.439, 0.434, 0.433, 0.441, 0.434, 0.432, 0.436], "Energy": [0.0, 0.0, 0.0, 0.0, 0.01, 0.01, 0.01, 0.01, 0.02, 0.02, 0.02, 0.02, 0.02, 0.03, 0.03, 0.03, 0.03, 0.04, 0.04, 0.04, 0.04, 0.04, 0.05, 0.05, 0.05, 0.05, 0.06, 0.06, 0.06, 0.06, 0.06, 0.07, 0.07, 0.07, 0.07, 0.08, 0.08, 0.08, 0.08, 0.08, 0.09, 0.09, 0.09, 0.09, 0.1], "Frequency": [49.38, 49.38, 49.38, 49.38, 49.38, 49.39, 49.39, 49.39, 49.37, 49.37, 49.37, 49.38, 49.38, 49.38, 49.39, 49.39, 49.39, 49.39, 49.39, 49.39, 49.39, 49.39, 49.39, 49.39, 49.39, 49.39, 49.39, 49.39, 49.39, 49.39, 49.39, 49.39, 49.38, 49.38, 49.38, 49.42, 49.42, 49.42, 49.39, 49.39, 49.39, 49.39, 49.39, 49.39, 49.4], "Temp_env": []}