{"Start_Time": [1759042771.698185], "Time": [1759042773.7002938, 1759042775.7031498, 1759042777.7060099, 1759042779.7084808, 1759042781.7111764, 1759042783.7133276, 1759042785.716235, 1759042787.726281, 1759042789.7288375, 1759042791.7312238, 1759042793.7332737, 1759042795.7352517, 1759042797.7384725, 1759042799.7410982, 1759042801.7442987, 1759042803.7473981, 1759042805.7502944, 1759042807.7534468, 1759042809.7563994, 1759042811.758499, 1759042813.7614052, 1759042815.7643769, 1759042817.767193, 1759042819.7700684, 1759042821.772424, 1759042823.7743611, 1759042825.7774653, 1759042827.7804255, 1759042829.7832417, 1759042831.7861338, 1759042833.7885349, 1759042835.79149, 1759042837.7941496, 1759042839.7964725, 1759042841.7988355, 1759042843.8013191, 1759042845.8037715, 1759042847.8063042, 1759042849.808678, 1759042851.8114386, 1759042853.8143396, 1759042855.8166077, 1759042857.818972, 1759042859.821453, 1759042861.8234954], "Voltage": [230.71, 230.71, 230.71, 230.81, 230.76, 230.71, 230.66, 230.71, 230.76, 230.71, 230.76, 230.81, 230.71, 230.86, 230.81, 230.81, 230.86, 230.92, 230.86, 230.92, 230.81, 230.76, 230.86, 230.92, 230.81, 230.76, 230.81, 230.97, 230.81, 230.86, 230.86, 230.92, 230.86, 230.86, 230.86, 231.02, 230.86, 230.92, 230.97, 230.97, 230.92, 230.86, 230.86, 230.92, 230.81], "Current": [0.04, 0.04, 0.04, 0.04, 0.04, 0.04, 0.04, 0.04, 0.04, 0.04, 0.04, 0.04, 0.04, 0.04, 0.04, 0.04, 0.04, 0.04, 0.04, 0.04, 0.04, 0.04, 0.04, 0.04, 0.04, 0.04, 0.04, 0.04, 0.04, 0.04, 0.04, 0.04, 0.04, 0.04, 0.04, 0.04, 0.04, 0.04, 0.04, 0.04, 0.04, 0.04, 0.04, 0.04, 0.04], "Real_Power": [3.94, 3.84, 3.92, 3.87, 3.83, 4.0, 3.79, 3.75, 3.92, 3.85, 3.8, 3.83, 3.94, 3.9, 3.99, 3.96, 3.83, 3.94, 3.84, 3.87, 3.84, 3.9, 3.93, 3.85, 4.01, 3.89, 3.99, 3.92, 3.84, 3.92, 3.87, 3.92, 3.9, 3.9, 3.92, 3.9, 3.89, 3.8, 3.8, 3.82, 3.95, 3.82, 3.89, 3.9, 3.85], "Apparent_Power": [9.22, 9.22, 9.22, 9.23, 9.23, 9.22, 9.22, 9.22, 9.23, 9.22, 9.23, 9.23, 9.22, 9.23, 9.23, 9.23, 9.23, 9.23, 9.23, 9.23, 9.23, 9.23, 9.23, 9.23, 9.23, 9.23, 9.23, 9.23, 9.23, 9.23, 9.23, 9.23, 9.23, 9.23, 9.23, 9.24, 9.23, 9.23, 9.23, 9.23, 9.23, 9.23, 9.23, 9.23, 9.23], "Apparent_Power_Reactive": [8.33, 8.38, 8.34, 8.37, 8.39, 8.3, 8.4, 8.42, 8.35, 8.37, 8.41, 8.39, 8.33, 8.36, 8.32, 8.33, 8.39, 8.34, 8.39, 8.37, 8.39, 8.36, 8.35, 8.38, 8.31, 8.37, 8.32, 8.35, 8.39, 8.35, 8.37, 8.35, 8.36, 8.36, 8.35, 8.37, 8.37, 8.41, 8.41, 8.4, 8.34, 8.4, 8.37, 8.36, 8.38], "Power_Factor": [0.427, 0.416, 0.425, 0.419, 0.414, 0.433, 0.411, 0.406, 0.424, 0.417, 0.411, 0.414, 0.427, 0.422, 0.432, 0.429, 0.414, 0.426, 0.416, 0.419, 0.416, 0.422, 0.425, 0.417, 0.434, 0.421, 0.432, 0.424, 0.416, 0.424, 0.419, 0.424, 0.422, 0.422, 0.424, 0.422, 0.421, 0.411, 0.411, 0.413, 0.427, 0.413, 0.421, 0.422, 0.417], "Energy": [0.0, 0.0, 0.0, 0.0, 0.01, 0.01, 0.01, 0.01, 0.01, 0.02, 0.02, 0.02, 0.02, 0.03, 0.03, 0.03, 0.03, 0.03, 0.04, 0.04, 0.04, 0.04, 0.05, 0.05, 0.05, 0.05, 0.05, 0.06, 0.06, 0.06, 0.06, 0.06, 0.07, 0.07, 0.07, 0.07, 0.08, 0.08, 0.08, 0.08, 0.08, 0.09, 0.09, 0.09, 0.09], "Frequency": [49.39, 49.39, 49.39, 49.39, 49.39, 49.4, 49.4, 49.4, 49.42, 49.42, 49.42, 49.41, 49.41, 49.41, 49.41, 49.41, 49.41, 49.42, 49.42, 49.42, 49.43, 49.43, 49.43, 49.42, 49.42, 49.42, 49.42, 49.42, 49.42, 49.41, 49.41, 49.41, 49.39, 49.39, 49.39, 49.39, 49.39, 49.39, 49.4, 49.4, 49.4, 49.4, 49.4, 49.4, 49.41], "Temp_env": []}