{"Start_Time": [1759050940.3464825], "Time": [1759050942.348765, 1759050944.3515935, 1759050946.3609705, 1759050948.3634982, 1759050950.366836, 1759050952.369544, 1759050954.3721447, 1759050956.3746526, 1759050958.3838408, 1759050960.386704, 1759050962.389054, 1759050964.391695, 1759050966.39431, 1759050968.3971384, 1759050970.406802, 1759050972.4091327, 1759050974.4120557, 1759050976.422394, 1759050978.4252605, 1759050980.428189, 1759050982.4383137, 1759050984.441301, 1759050986.4439368, 1759050988.4462752, 1759050990.449415, 1759050992.452006, 1759050994.4622705, 1759050996.4652815, 1759050998.4683518, 1759051000.4783583, 1759051002.4816272, 1759051004.4844787, 1759051006.4874704, 1759051008.490351, 1759051010.4931517, 1759051012.5023966, 1759051014.5052881, 1759051016.5076137, 1759051018.5175707, 1759051020.5204406, 1759051022.5233881, 1759051024.526407, 1759051026.5289636, 1759051028.5317097, 1759051030.5344768], "Voltage": [229.87, 229.92, 229.87, 230.03, 230.08, 230.03, 230.03, 230.03, 230.03, 230.03, 230.08, 229.97, 229.82, 229.97, 229.87, 230.08, 230.03, 230.03, 229.82, 230.13, 229.97, 230.03, 229.97, 230.18, 230.03, 230.18, 229.82, 230.13, 230.13, 230.08, 229.97, 229.92, 229.87, 229.71, 229.82, 229.76, 229.66, 229.82, 229.87, 229.82, 229.87, 229.82, 229.82, 229.92, 229.87], "Current": [0.04, 0.04, 0.04, 0.04, 0.04, 0.04, 0.04, 0.04, 0.04, 0.04, 0.04, 0.04, 0.04, 0.04, 0.04, 0.04, 0.04, 0.04, 0.04, 0.04, 0.04, 0.04, 0.04, 0.04, 0.04, 0.04, 0.04, 0.04, 0.04, 0.04, 0.04, 0.04, 0.04, 0.04, 0.04, 0.04, 0.04, 0.04, 0.04, 0.04, 0.04, 0.04, 0.04, 0.04, 0.04], "Real_Power": [3.85, 3.81, 3.87, 3.82, 3.9, 3.9, 4.05, 3.87, 3.86, 3.95, 3.89, 3.93, 3.96, 3.91, 3.87, 3.88, 3.94, 3.77, 3.85, 3.95, 3.94, 3.83, 3.88, 3.89, 3.94, 3.91, 3.95, 3.91, 3.89, 3.86, 3.9, 3.81, 3.92, 3.89, 3.96, 3.99, 3.77, 4.0, 3.82, 3.8, 3.9, 3.84, 3.89, 3.91, 3.86], "Apparent_Power": [9.19, 9.19, 9.19, 9.2, 9.2, 9.2, 9.2, 9.2, 9.2, 9.2, 9.2, 9.19, 9.19, 9.19, 9.19, 9.2, 9.2, 9.2, 9.19, 9.2, 9.19, 9.2, 9.19, 9.2, 9.2, 9.2, 9.19, 9.2, 9.2, 9.2, 9.19, 9.19, 9.19, 9.18, 9.19, 9.19, 9.18, 9.19, 9.19, 9.19, 9.19, 9.19, 9.19, 9.19, 9.19], "Apparent_Power_Reactive": [8.34, 8.36, 8.33, 8.36, 8.33, 8.33, 8.26, 8.34, 8.35, 8.3, 8.33, 8.3, 8.29, 8.31, 8.33, 8.34, 8.31, 8.39, 8.34, 8.3, 8.3, 8.36, 8.33, 8.33, 8.31, 8.32, 8.29, 8.32, 8.33, 8.35, 8.32, 8.36, 8.31, 8.31, 8.29, 8.27, 8.37, 8.27, 8.35, 8.36, 8.32, 8.34, 8.32, 8.31, 8.34], "Power_Factor": [0.418, 0.414, 0.421, 0.415, 0.423, 0.423, 0.44, 0.42, 0.419, 0.429, 0.422, 0.427, 0.43, 0.425, 0.421, 0.421, 0.428, 0.409, 0.418, 0.429, 0.428, 0.416, 0.422, 0.422, 0.428, 0.425, 0.429, 0.425, 0.422, 0.419, 0.424, 0.414, 0.426, 0.423, 0.43, 0.434, 0.41, 0.435, 0.415, 0.413, 0.424, 0.417, 0.423, 0.425, 0.42], "Energy": [0.0, 0.0, 0.0, 0.0, 0.01, 0.01, 0.01, 0.01, 0.01, 0.02, 0.02, 0.02, 0.02, 0.03, 0.03, 0.03, 0.03, 0.03, 0.04, 0.04, 0.04, 0.04, 0.05, 0.05, 0.05, 0.05, 0.05, 0.06, 0.06, 0.06, 0.06, 0.06, 0.07, 0.07, 0.07, 0.07, 0.08, 0.08, 0.08, 0.08, 0.08, 0.09, 0.09, 0.09, 0.09], "Frequency": [49.41, 49.39, 49.39, 49.39, 49.39, 49.39, 49.39, 49.43, 49.43, 49.43, 49.43, 49.43, 49.43, 49.43, 49.43, 49.43, 49.43, 49.43, 49.43, 49.43, 49.43, 49.43, 49.43, 49.43, 49.43, 49.43, 49.43, 49.43, 49.43, 49.43, 49.43, 49.43, 49.43, 49.43, 49.42, 49.42, 49.42, 49.38, 49.38, 49.38, 49.38, 49.38, 49.38, 49.39, 49.39], "Temp_env": []}