{"Start_Time": [1758642811.4740713], "Time": [1758642813.4765522, 1758642815.4792323, 1758642817.4815748, 1758642819.4842868, 1758642821.4934537, 1758642823.496525, 1758642825.4986644, 1758642827.508422, 1758642829.5105839, 1758642831.513703, 1758642833.5234182, 1758642835.5257494, 1758642837.5285175, 1758642839.5310786, 1758642841.5338702, 1758642843.5358927, 1758642845.5456486, 1758642847.5480075, 1758642849.5507116, 1758642851.5606816, 1758642853.562971, 1758642855.5657175, 1758642857.5680194, 1758642859.5708992, 1758642861.5737925, 1758642863.5769107, 1758642865.579248, 1758642867.5824046, 1758642869.5924664, 1758642871.5951982, 1758642873.5983033, 1758642875.6080244, 1758642877.6103816, 1758642879.6126795, 1758642881.615415, 1758642883.6175344, 1758642885.6202583, 1758642887.6229239, 1758642889.62581, 1758642891.6282623, 1758642893.6386576, 1758642895.6413288, 1758642897.643753, 1758642899.653522, 1758642901.6566944], "Voltage": [230.97, 230.92, 230.92, 231.07, 231.13, 231.02, 230.81, 231.13, 231.23, 231.18, 231.18, 231.13, 231.13, 231.07, 231.13, 231.18, 231.18, 231.23, 231.28, 231.13, 231.18, 231.07, 231.13, 231.23, 231.39, 231.18, 231.13, 231.18, 231.23, 231.13, 231.02, 231.34, 231.28, 231.28, 231.18, 231.34, 231.39, 231.39, 231.34, 231.28, 231.49, 231.39, 231.39, 230.5, 230.29], "Current": [0.04, 0.04, 0.04, 0.04, 0.04, 0.04, 0.04, 0.04, 0.04, 0.04, 0.04, 0.04, 0.04, 0.04, 0.04, 0.04, 0.04, 0.04, 0.04, 0.04, 0.04, 0.04, 0.04, 0.04, 0.04, 0.04, 0.04, 0.04, 0.04, 0.04, 0.04, 0.04, 0.04, 0.04, 0.04, 0.04, 0.04, 0.04, 0.04, 0.04, 0.04, 0.04, 0.04, 0.04, 0.04], "Real_Power": [3.89, 4.12, 3.96, 3.93, 3.99, 3.99, 3.97, 3.92, 3.95, 4.0, 3.99, 3.89, 4.01, 4.02, 4.07, 4.05, 3.94, 4.01, 3.99, 3.95, 3.95, 3.96, 3.92, 3.98, 3.95, 4.05, 4.01, 3.95, 3.94, 3.96, 3.99, 4.04, 3.97, 4.01, 3.86, 4.08, 3.98, 4.01, 3.97, 3.97, 4.04, 3.89, 4.0, 4.06, 3.97], "Apparent_Power": [9.23, 9.23, 9.23, 9.24, 9.24, 9.24, 9.23, 9.24, 9.24, 9.24, 9.24, 9.24, 9.24, 9.24, 9.24, 9.24, 9.24, 9.24, 9.25, 9.24, 9.24, 9.24, 9.24, 9.24, 9.25, 9.24, 9.24, 9.24, 9.24, 9.24, 9.24, 9.25, 9.25, 9.25, 9.24, 9.25, 9.25, 9.25, 9.25, 9.25, 9.25, 9.25, 9.25, 9.22, 9.21], "Apparent_Power_Reactive": [8.37, 8.25, 8.33, 8.36, 8.33, 8.33, 8.33, 8.36, 8.35, 8.32, 8.33, 8.38, 8.32, 8.31, 8.29, 8.3, 8.35, 8.32, 8.34, 8.35, 8.35, 8.34, 8.36, 8.33, 8.36, 8.3, 8.32, 8.35, 8.35, 8.34, 8.33, 8.32, 8.35, 8.33, 8.39, 8.3, 8.34, 8.33, 8.35, 8.35, 8.32, 8.39, 8.34, 8.27, 8.31], "Power_Factor": [0.421, 0.446, 0.429, 0.425, 0.431, 0.431, 0.43, 0.424, 0.427, 0.432, 0.431, 0.42, 0.433, 0.435, 0.44, 0.438, 0.426, 0.433, 0.431, 0.427, 0.427, 0.428, 0.424, 0.43, 0.427, 0.438, 0.433, 0.427, 0.426, 0.428, 0.431, 0.436, 0.429, 0.433, 0.417, 0.441, 0.43, 0.433, 0.429, 0.429, 0.436, 0.42, 0.432, 0.44, 0.431], "Energy": [0.0, 0.0, 0.0, 0.0, 0.01, 0.01, 0.01, 0.01, 0.01, 0.02, 0.02, 0.02, 0.02, 0.03, 0.03, 0.03, 0.03, 0.04, 0.04, 0.04, 0.04, 0.04, 0.05, 0.05, 0.05, 0.05, 0.06, 0.06, 0.06, 0.06, 0.06, 0.07, 0.07, 0.07, 0.07, 0.08, 0.08, 0.08, 0.08, 0.08, 0.09, 0.09, 0.09, 0.09, 0.1], "Frequency": [49.4, 49.4, 49.4, 49.41, 49.41, 49.41, 49.41, 49.41, 49.41, 49.41, 49.41, 49.41, 49.41, 49.41, 49.41, 49.4, 49.4, 49.4, 49.4, 49.4, 49.4, 49.41, 49.41, 49.41, 49.42, 49.42, 49.42, 49.41, 49.41, 49.41, 49.39, 49.39, 49.39, 49.36, 49.36, 49.36, 49.35, 49.35, 49.35, 49.35, 49.35, 49.35, 49.38, 49.38, 49.38], "Temp_env": []}