{"Start_Time": [1759163177.3777735], "Time": [1759163179.380271, 1759163181.3833244, 1759163183.385888, 1759163185.388266, 1759163187.3979232, 1759163189.400192, 1759163191.4033127, 1759163193.4130595, 1759163195.4150984, 1759163197.4178572, 1759163199.420881, 1759163201.423435, 1759163203.4262903, 1759163205.4362688, 1759163207.4391723, 1759163209.4420638, 1759163211.4519424, 1759163213.454842, 1759163215.4571483, 1759163217.467168, 1759163219.4700773, 1759163221.4731953, 1759163223.475858, 1759163225.4792705, 1759163227.4823604, 1759163229.492055, 1759163231.4951754, 1759163233.4981058, 1759163235.5078566, 1759163237.5101042, 1759163239.5128, 1759163241.5151284, 1759163243.518184, 1759163245.5210557, 1759163247.5239108, 1759163249.5268078, 1759163251.5291998, 1759163253.5393803, 1759163255.5421484, 1759163257.5451648, 1759163259.5540855, 1759163261.5568092, 1759163263.5592518, 1759163265.562374, 1759163267.5649853], "Voltage": [231.28, 231.28, 231.34, 231.23, 231.23, 231.23, 231.23, 231.23, 231.28, 231.13, 231.28, 231.18, 231.23, 231.28, 231.34, 231.34, 231.34, 231.49, 231.28, 231.44, 231.34, 231.39, 231.23, 231.34, 231.34, 231.34, 231.39, 231.44, 231.55, 231.34, 231.44, 231.39, 231.39, 231.39, 231.44, 231.28, 231.23, 231.39, 231.28, 231.39, 231.18, 231.13, 231.07, 231.18, 231.13], "Current": [0.04, 0.04, 0.04, 0.04, 0.04, 0.04, 0.04, 0.04, 0.04, 0.04, 0.04, 0.04, 0.04, 0.04, 0.04, 0.04, 0.04, 0.04, 0.04, 0.04, 0.04, 0.04, 0.04, 0.04, 0.04, 0.04, 0.04, 0.04, 0.04, 0.04, 0.04, 0.04, 0.04, 0.04, 0.04, 0.04, 0.04, 0.04, 0.04, 0.04, 0.04, 0.04, 0.04, 0.04, 0.04], "Real_Power": [3.97, 3.94, 3.98, 4.09, 3.95, 3.95, 3.9, 3.88, 3.98, 3.85, 3.97, 3.98, 4.04, 3.95, 4.05, 3.94, 3.91, 4.01, 4.05, 4.1, 4.03, 3.94, 3.93, 3.97, 3.97, 4.02, 3.95, 3.91, 3.99, 3.98, 4.06, 3.91, 3.9, 3.94, 4.15, 4.06, 3.83, 3.88, 3.92, 3.9, 4.0, 4.03, 4.02, 3.99, 4.06], "Apparent_Power": [9.25, 9.25, 9.25, 9.24, 9.24, 9.24, 9.24, 9.24, 9.25, 9.24, 9.25, 9.24, 9.24, 9.25, 9.25, 9.25, 9.25, 9.25, 9.25, 9.25, 9.25, 9.25, 9.24, 9.25, 9.25, 9.25, 9.25, 9.25, 9.26, 9.25, 9.25, 9.25, 9.25, 9.25, 9.25, 9.25, 9.24, 9.25, 9.25, 9.25, 9.24, 9.24, 9.24, 9.24, 9.24], "Apparent_Power_Reactive": [8.35, 8.36, 8.34, 8.28, 8.35, 8.35, 8.37, 8.38, 8.34, 8.39, 8.35, 8.33, 8.3, 8.36, 8.31, 8.36, 8.38, 8.33, 8.31, 8.29, 8.32, 8.36, 8.36, 8.35, 8.35, 8.33, 8.36, 8.38, 8.35, 8.34, 8.31, 8.38, 8.38, 8.36, 8.26, 8.31, 8.4, 8.39, 8.37, 8.38, 8.32, 8.31, 8.31, 8.33, 8.3], "Power_Factor": [0.429, 0.425, 0.43, 0.442, 0.427, 0.427, 0.422, 0.419, 0.43, 0.416, 0.429, 0.43, 0.437, 0.427, 0.437, 0.425, 0.422, 0.433, 0.437, 0.443, 0.435, 0.425, 0.425, 0.429, 0.429, 0.434, 0.427, 0.422, 0.43, 0.43, 0.438, 0.422, 0.421, 0.425, 0.448, 0.438, 0.414, 0.419, 0.423, 0.421, 0.432, 0.436, 0.435, 0.431, 0.439], "Energy": [0.0, 0.0, 0.0, 0.0, 0.01, 0.01, 0.01, 0.01, 0.01, 0.02, 0.02, 0.02, 0.02, 0.03, 0.03, 0.03, 0.03, 0.03, 0.04, 0.04, 0.04, 0.04, 0.05, 0.05, 0.05, 0.05, 0.06, 0.06, 0.06, 0.06, 0.06, 0.07, 0.07, 0.07, 0.07, 0.08, 0.08, 0.08, 0.08, 0.08, 0.09, 0.09, 0.09, 0.09, 0.1], "Frequency": [49.39, 49.39, 49.39, 49.4, 49.4, 49.4, 49.41, 49.41, 49.41, 49.41, 49.41, 49.41, 49.41, 49.41, 49.41, 49.42, 49.42, 49.42, 49.39, 49.39, 49.39, 49.39, 49.39, 49.39, 49.38, 49.38, 49.38, 49.38, 49.38, 49.38, 49.39, 49.39, 49.39, 49.39, 49.39, 49.39, 49.37, 49.37, 49.37, 49.38, 49.38, 49.38, 49.37, 49.37, 49.37], "Temp_env": []}