{"Start_Time": [1758799957.31342], "Time": [1758799959.3163998, 1758799961.319564, 1758799963.3220482, 1758799965.325001, 1758799967.327138, 1758799969.3293955, 1758799971.3321133, 1758799973.3352602, 1758799975.3381574, 1758799977.3409314, 1758799979.3432693, 1758799981.3459723, 1758799983.3485785, 1758799985.3509738, 1758799987.3532984, 1758799989.3562958, 1758799991.358378, 1758799993.3612757, 1758799995.3641634, 1758799997.3753269, 1758799999.3782, 1758800001.3805265, 1758800003.3902752, 1758800005.3934348, 1758800007.3962793, 1758800009.4062493, 1758800011.4086282, 1758800013.4115279, 1758800015.4214041, 1758800017.4245174, 1758800019.4276757, 1758800021.4303184, 1758800023.4326766, 1758800025.4353774, 1758800027.445332, 1758800029.4476948, 1758800031.4503427, 1758800033.4601548, 1758800035.4629033, 1758800037.465456, 1758800039.4750962, 1758800041.477779, 1758800043.4800878, 1758800045.4831884, 1758800047.4860525], "Voltage": [230.92, 230.76, 230.71, 230.66, 230.29, 230.6, 230.86, 230.81, 230.97, 230.81, 230.97, 230.97, 230.97, 230.76, 230.81, 230.71, 230.55, 230.71, 230.71, 230.81, 230.71, 230.45, 230.6, 230.5, 230.24, 230.71, 230.81, 230.71, 230.81, 230.71, 230.81, 230.81, 230.81, 230.76, 230.81, 230.66, 230.66, 230.76, 230.76, 230.71, 230.92, 230.76, 230.66, 230.81, 230.71], "Current": [0.04, 0.04, 0.04, 0.04, 0.04, 0.04, 0.04, 0.04, 0.04, 0.04, 0.04, 0.04, 0.04, 0.04, 0.04, 0.04, 0.04, 0.04, 0.04, 0.04, 0.04, 0.04, 0.04, 0.04, 0.04, 0.04, 0.04, 0.04, 0.04, 0.04, 0.04, 0.04, 0.04, 0.04, 0.04, 0.04, 0.04, 0.04, 0.04, 0.04, 0.04, 0.04, 0.04, 0.04, 0.04], "Real_Power": [3.95, 3.96, 4.04, 3.95, 4.04, 4.12, 3.99, 4.05, 3.91, 3.98, 4.09, 4.03, 4.01, 4.03, 4.0, 4.07, 4.01, 4.08, 4.03, 4.02, 4.04, 3.9, 4.08, 4.08, 4.01, 3.94, 4.05, 3.94, 4.07, 4.07, 3.84, 3.98, 4.11, 4.1, 3.99, 4.06, 3.94, 3.98, 4.03, 4.07, 4.02, 3.92, 3.89, 3.95, 3.96], "Apparent_Power": [9.23, 9.23, 9.22, 9.22, 9.21, 9.22, 9.23, 9.23, 9.23, 9.23, 9.23, 9.23, 9.23, 9.23, 9.23, 9.22, 9.22, 9.22, 9.22, 9.23, 9.22, 9.21, 9.22, 9.22, 9.2, 9.22, 9.23, 9.22, 9.23, 9.22, 9.23, 9.23, 9.23, 9.23, 9.23, 9.22, 9.22, 9.23, 9.23, 9.22, 9.23, 9.23, 9.22, 9.23, 9.22], "Apparent_Power_Reactive": [8.34, 8.33, 8.28, 8.33, 8.27, 8.24, 8.32, 8.29, 8.36, 8.32, 8.27, 8.3, 8.31, 8.3, 8.31, 8.27, 8.3, 8.26, 8.29, 8.3, 8.28, 8.34, 8.26, 8.26, 8.28, 8.33, 8.29, 8.33, 8.28, 8.27, 8.39, 8.32, 8.26, 8.26, 8.32, 8.27, 8.33, 8.32, 8.3, 8.27, 8.3, 8.35, 8.35, 8.34, 8.32], "Power_Factor": [0.427, 0.429, 0.438, 0.428, 0.438, 0.446, 0.432, 0.438, 0.423, 0.431, 0.443, 0.436, 0.434, 0.436, 0.433, 0.441, 0.434, 0.442, 0.437, 0.435, 0.438, 0.423, 0.442, 0.442, 0.435, 0.427, 0.438, 0.427, 0.44, 0.441, 0.416, 0.431, 0.445, 0.444, 0.432, 0.44, 0.427, 0.431, 0.436, 0.441, 0.435, 0.424, 0.421, 0.427, 0.429], "Energy": [0.0, 0.0, 0.0, 0.0, 0.01, 0.01, 0.01, 0.01, 0.02, 0.02, 0.02, 0.02, 0.02, 0.03, 0.03, 0.03, 0.03, 0.04, 0.04, 0.04, 0.04, 0.04, 0.05, 0.05, 0.05, 0.05, 0.06, 0.06, 0.06, 0.06, 0.06, 0.07, 0.07, 0.07, 0.07, 0.08, 0.08, 0.08, 0.08, 0.09, 0.09, 0.09, 0.09, 0.09, 0.1], "Frequency": [49.39, 49.39, 49.39, 49.39, 49.39, 49.39, 49.37, 49.37, 49.37, 49.39, 49.39, 49.39, 49.39, 49.39, 49.39, 49.39, 49.39, 49.39, 49.4, 49.4, 49.39, 49.39, 49.39, 49.38, 49.38, 49.38, 49.38, 49.38, 49.38, 49.38, 49.38, 49.38, 49.39, 49.39, 49.39, 49.38, 49.38, 49.38, 49.39, 49.39, 49.39, 49.39, 49.39, 49.39, 49.39], "Temp_env": []}