{"Start_Time": [1759249459.098108], "Time": [1759249461.1006215, 1759249463.103894, 1759249465.106574, 1759249467.109748, 1759249469.1125617, 1759249471.11528, 1759249473.118149, 1759249475.1210392, 1759249477.1238656, 1759249479.125981, 1759249481.1286952, 1759249483.1316967, 1759249485.1339672, 1759249487.136654, 1759249489.1392403, 1759249491.1420088, 1759249493.1446695, 1759249495.1469681, 1759249497.1498504, 1759249499.1521745, 1759249501.15514, 1759249503.1581483, 1759249505.161037, 1759249507.1639574, 1759249509.1663284, 1759249511.168828, 1759249513.1711564, 1759249515.1743183, 1759249517.1771412, 1759249519.1803107, 1759249521.1823394, 1759249523.185546, 1759249525.1884122, 1759249527.1904154, 1759249529.1933992, 1759249531.1965554, 1759249533.1993518, 1759249535.2022598, 1759249537.2045095, 1759249539.2066529, 1759249541.2093434, 1759249543.212467, 1759249545.215611, 1759249547.2182214, 1759249549.2205312], "Voltage": [230.03, 230.13, 230.03, 230.13, 230.13, 230.08, 230.08, 230.13, 230.03, 230.08, 230.03, 230.24, 230.24, 230.24, 230.18, 230.13, 230.18, 230.18, 230.13, 230.08, 229.92, 229.97, 230.03, 229.97, 229.97, 229.97, 229.92, 229.92, 230.08, 230.03, 229.97, 230.03, 229.92, 229.92, 230.03, 230.13, 230.13, 230.13, 230.13, 230.13, 230.13, 230.13, 230.18, 230.18, 230.18], "Current": [0.04, 0.04, 0.04, 0.04, 0.04, 0.04, 0.04, 0.04, 0.04, 0.04, 0.04, 0.04, 0.04, 0.04, 0.04, 0.04, 0.04, 0.04, 0.04, 0.04, 0.04, 0.04, 0.04, 0.04, 0.04, 0.04, 0.04, 0.04, 0.04, 0.04, 0.04, 0.04, 0.04, 0.04, 0.04, 0.04, 0.04, 0.04, 0.04, 0.04, 0.04, 0.04, 0.04, 0.04, 0.04], "Real_Power": [3.98, 3.88, 4.05, 4.0, 3.92, 3.95, 3.95, 4.02, 3.99, 3.96, 3.9, 4.04, 3.91, 3.94, 3.87, 3.9, 4.0, 3.97, 3.97, 3.95, 3.91, 3.93, 3.91, 4.03, 3.94, 3.94, 3.93, 4.05, 4.15, 3.85, 3.94, 3.98, 3.95, 3.9, 3.85, 3.97, 3.96, 3.98, 3.99, 3.86, 4.02, 3.94, 3.96, 3.93, 3.94], "Apparent_Power": [9.2, 9.2, 9.2, 9.2, 9.2, 9.2, 9.2, 9.2, 9.2, 9.2, 9.2, 9.2, 9.2, 9.2, 9.2, 9.2, 9.2, 9.2, 9.2, 9.2, 9.19, 9.19, 9.2, 9.19, 9.19, 9.19, 9.19, 9.19, 9.2, 9.2, 9.19, 9.2, 9.19, 9.19, 9.2, 9.2, 9.2, 9.2, 9.2, 9.2, 9.2, 9.2, 9.2, 9.2, 9.2], "Apparent_Power_Reactive": [8.29, 8.34, 8.26, 8.28, 8.32, 8.3, 8.3, 8.27, 8.28, 8.3, 8.33, 8.26, 8.32, 8.31, 8.34, 8.33, 8.28, 8.29, 8.29, 8.3, 8.31, 8.3, 8.32, 8.25, 8.3, 8.3, 8.3, 8.24, 8.21, 8.35, 8.3, 8.29, 8.29, 8.32, 8.35, 8.29, 8.3, 8.29, 8.28, 8.35, 8.27, 8.31, 8.3, 8.31, 8.31], "Power_Factor": [0.432, 0.421, 0.44, 0.434, 0.426, 0.429, 0.429, 0.436, 0.433, 0.43, 0.423, 0.439, 0.425, 0.428, 0.42, 0.423, 0.434, 0.431, 0.431, 0.429, 0.425, 0.427, 0.425, 0.438, 0.428, 0.428, 0.427, 0.44, 0.451, 0.418, 0.428, 0.432, 0.429, 0.424, 0.418, 0.431, 0.43, 0.432, 0.433, 0.419, 0.436, 0.428, 0.43, 0.427, 0.428], "Energy": [0.0, 0.0, 0.0, 0.0, 0.01, 0.01, 0.01, 0.01, 0.01, 0.02, 0.02, 0.02, 0.02, 0.03, 0.03, 0.03, 0.03, 0.03, 0.04, 0.04, 0.04, 0.04, 0.05, 0.05, 0.05, 0.05, 0.06, 0.06, 0.06, 0.06, 0.06, 0.07, 0.07, 0.07, 0.07, 0.08, 0.08, 0.08, 0.08, 0.08, 0.09, 0.09, 0.09, 0.09, 0.1], "Frequency": [49.37, 49.37, 49.36, 49.36, 49.36, 49.36, 49.36, 49.36, 49.36, 49.36, 49.36, 49.37, 49.37, 49.37, 49.37, 49.37, 49.37, 49.37, 49.37, 49.37, 49.37, 49.37, 49.37, 49.36, 49.36, 49.36, 49.36, 49.36, 49.36, 49.37, 49.37, 49.37, 49.35, 49.35, 49.35, 49.35, 49.35, 49.35, 49.35, 49.35, 49.35, 49.35, 49.35, 49.35, 49.35], "Temp_env": []}