{"Start_Time": [1758899002.0737872], "Time": [1758899004.0767136, 1758899006.0788224, 1758899008.0815134, 1758899010.0841954, 1758899012.0865264, 1758899014.089075, 1758899016.0917392, 1758899018.09468, 1758899020.0974927, 1758899022.100192, 1758899024.1030252, 1758899026.1058645, 1758899028.1086466, 1758899030.1115844, 1758899032.1139376, 1758899034.1165853, 1758899036.1191254, 1758899038.122161, 1758899040.124745, 1758899042.1275597, 1758899044.1299179, 1758899046.132615, 1758899048.1352918, 1758899050.1381686, 1758899052.1408012, 1758899054.1437676, 1758899056.1465244, 1758899058.1495714, 1758899060.1527603, 1758899062.155534, 1758899064.1578383, 1758899066.1605415, 1758899068.1628888, 1758899070.165556, 1758899072.1681454, 1758899074.1710396, 1758899076.1735609, 1758899078.1761377, 1758899080.1788175, 1758899082.1815712, 1758899084.184182, 1758899086.1870809, 1758899088.1899812, 1758899090.1927404, 1758899092.195609], "Voltage": [230.71, 230.76, 230.71, 230.81, 230.71, 230.76, 230.71, 230.66, 230.66, 230.55, 230.6, 230.55, 230.66, 230.66, 230.66, 230.66, 230.6, 230.5, 230.66, 230.6, 230.76, 230.76, 230.76, 230.76, 230.6, 230.71, 230.66, 230.71, 230.71, 230.66, 230.55, 230.71, 230.55, 230.71, 230.71, 230.71, 230.55, 230.76, 230.71, 230.66, 230.76, 230.6, 230.6, 230.55, 230.55], "Current": [0.04, 0.04, 0.04, 0.04, 0.04, 0.04, 0.04, 0.04, 0.04, 0.04, 0.04, 0.04, 0.04, 0.04, 0.04, 0.04, 0.04, 0.04, 0.04, 0.04, 0.04, 0.04, 0.04, 0.04, 0.04, 0.04, 0.04, 0.04, 0.04, 0.04, 0.04, 0.04, 0.04, 0.04, 0.04, 0.04, 0.04, 0.04, 0.04, 0.04, 0.04, 0.04, 0.04, 0.04, 0.04], "Real_Power": [3.98, 3.89, 3.92, 3.89, 3.89, 4.02, 4.09, 3.9, 4.02, 4.05, 3.98, 4.14, 3.89, 4.05, 4.0, 3.94, 4.1, 3.99, 4.02, 4.01, 3.95, 4.03, 4.0, 4.02, 3.9, 3.93, 3.94, 4.04, 4.03, 4.09, 4.05, 4.01, 3.92, 3.99, 4.15, 3.92, 4.08, 3.97, 4.01, 3.91, 4.04, 4.0, 4.06, 3.93, 4.01], "Apparent_Power": [9.22, 9.23, 9.22, 9.23, 9.22, 9.23, 9.22, 9.22, 9.22, 9.22, 9.22, 9.22, 9.22, 9.22, 9.22, 9.22, 9.22, 9.22, 9.22, 9.22, 9.23, 9.23, 9.23, 9.23, 9.22, 9.22, 9.22, 9.22, 9.22, 9.22, 9.22, 9.22, 9.22, 9.22, 9.22, 9.22, 9.22, 9.23, 9.22, 9.22, 9.23, 9.22, 9.22, 9.22, 9.22], "Apparent_Power_Reactive": [8.31, 8.37, 8.34, 8.37, 8.35, 8.3, 8.26, 8.35, 8.29, 8.28, 8.31, 8.23, 8.35, 8.28, 8.3, 8.33, 8.25, 8.31, 8.29, 8.3, 8.34, 8.3, 8.31, 8.3, 8.35, 8.34, 8.33, 8.28, 8.29, 8.26, 8.28, 8.3, 8.34, 8.31, 8.23, 8.34, 8.26, 8.33, 8.3, 8.34, 8.29, 8.3, 8.27, 8.34, 8.3], "Power_Factor": [0.431, 0.421, 0.425, 0.421, 0.421, 0.435, 0.443, 0.422, 0.436, 0.439, 0.431, 0.449, 0.421, 0.439, 0.433, 0.427, 0.444, 0.432, 0.436, 0.434, 0.427, 0.436, 0.433, 0.435, 0.422, 0.426, 0.427, 0.438, 0.437, 0.443, 0.439, 0.434, 0.425, 0.432, 0.45, 0.425, 0.442, 0.43, 0.434, 0.424, 0.437, 0.433, 0.44, 0.426, 0.434], "Energy": [0.0, 0.0, 0.0, 0.0, 0.01, 0.01, 0.01, 0.01, 0.01, 0.02, 0.02, 0.02, 0.02, 0.03, 0.03, 0.03, 0.03, 0.04, 0.04, 0.04, 0.04, 0.04, 0.05, 0.05, 0.05, 0.05, 0.06, 0.06, 0.06, 0.06, 0.06, 0.07, 0.07, 0.07, 0.07, 0.08, 0.08, 0.08, 0.08, 0.08, 0.09, 0.09, 0.09, 0.09, 0.1], "Frequency": [49.43, 49.43, 49.43, 49.43, 49.43, 49.43, 49.43, 49.42, 49.42, 49.42, 49.43, 49.43, 49.43, 49.42, 49.42, 49.42, 49.42, 49.42, 49.42, 49.43, 49.43, 49.43, 49.41, 49.41, 49.41, 49.43, 49.43, 49.43, 49.43, 49.43, 49.43, 49.43, 49.43, 49.43, 49.43, 49.43, 49.43, 49.42, 49.42, 49.42, 49.41, 49.41, 49.41, 49.39, 49.39], "Temp_env": []}