{"Start_Time": [1758989776.9301355], "Time": [1758989778.9327562, 1758989780.9359198, 1758989782.938092, 1758989784.940321, 1758989786.9428668, 1758989788.9459517, 1758989790.9488626, 1758989792.951304, 1758989794.9541621, 1758989796.9569983, 1758989798.9591308, 1758989800.9620178, 1758989802.964353, 1758989804.9674444, 1758989806.9703531, 1758989808.9732492, 1758989810.9753642, 1758989812.9782705, 1758989814.9806135, 1758989816.9833078, 1758989818.9864228, 1758989820.9892304, 1758989822.9913619, 1758989824.9944122, 1758989826.9975169, 1758989829.0007188, 1758989831.0035734, 1758989833.006562, 1758989835.0092378, 1758989837.0114832, 1758989839.014536, 1758989841.017408, 1758989843.020729, 1758989845.0233278, 1758989847.0257294, 1758989849.0284014, 1758989851.0311372, 1758989853.034013, 1758989855.0363905, 1758989857.0387251, 1758989859.041021, 1758989861.0435445, 1758989863.0464556, 1758989865.049127, 1758989867.0519838], "Voltage": [229.19, 229.24, 229.19, 229.03, 229.08, 228.98, 229.03, 228.98, 228.93, 228.98, 228.87, 228.93, 228.87, 229.03, 229.03, 228.87, 228.98, 228.93, 228.98, 228.98, 229.03, 228.93, 229.03, 228.98, 228.87, 229.03, 229.08, 228.98, 229.61, 229.71, 229.66, 229.55, 229.61, 229.61, 229.61, 229.66, 229.55, 229.45, 229.66, 229.5, 229.5, 229.61, 229.61, 229.66, 229.55], "Current": [0.04, 0.04, 0.04, 0.04, 0.04, 0.04, 0.04, 0.04, 0.04, 0.04, 0.04, 0.04, 0.04, 0.04, 0.04, 0.04, 0.04, 0.04, 0.04, 0.04, 0.04, 0.04, 0.04, 0.04, 0.04, 0.04, 0.04, 0.04, 0.04, 0.04, 0.04, 0.04, 0.04, 0.04, 0.04, 0.04, 0.04, 0.04, 0.04, 0.04, 0.04, 0.04, 0.04, 0.04, 0.04], "Real_Power": [3.82, 3.96, 3.89, 3.82, 3.89, 3.94, 3.97, 3.85, 3.98, 3.83, 3.96, 3.86, 3.9, 3.84, 3.94, 3.88, 3.95, 4.02, 3.93, 3.97, 3.9, 3.89, 3.96, 3.92, 3.94, 3.95, 4.02, 3.96, 4.02, 3.91, 3.9, 3.98, 3.92, 4.03, 3.89, 3.95, 3.89, 3.97, 3.92, 3.96, 3.83, 3.9, 3.84, 3.84, 3.93], "Apparent_Power": [9.16, 9.16, 9.16, 9.16, 9.16, 9.15, 9.16, 9.15, 9.15, 9.15, 9.15, 9.15, 9.15, 9.16, 9.16, 9.15, 9.15, 9.15, 9.15, 9.15, 9.16, 9.15, 9.16, 9.15, 9.15, 9.16, 9.16, 9.15, 9.18, 9.18, 9.18, 9.18, 9.18, 9.18, 9.18, 9.18, 9.18, 9.17, 9.18, 9.18, 9.18, 9.18, 9.18, 9.18, 9.18], "Apparent_Power_Reactive": [8.32, 8.25, 8.29, 8.32, 8.29, 8.25, 8.25, 8.3, 8.23, 8.3, 8.24, 8.29, 8.27, 8.31, 8.26, 8.28, 8.25, 8.21, 8.26, 8.24, 8.28, 8.28, 8.25, 8.26, 8.25, 8.26, 8.23, 8.24, 8.25, 8.3, 8.31, 8.27, 8.3, 8.24, 8.31, 8.28, 8.31, 8.26, 8.3, 8.28, 8.34, 8.31, 8.33, 8.33, 8.29], "Power_Factor": [0.417, 0.432, 0.424, 0.417, 0.424, 0.43, 0.433, 0.42, 0.434, 0.418, 0.432, 0.421, 0.426, 0.419, 0.43, 0.424, 0.431, 0.439, 0.429, 0.433, 0.425, 0.425, 0.432, 0.428, 0.43, 0.431, 0.438, 0.432, 0.437, 0.425, 0.424, 0.433, 0.427, 0.438, 0.423, 0.43, 0.423, 0.432, 0.427, 0.431, 0.417, 0.424, 0.418, 0.418, 0.428], "Energy": [0.0, 0.0, 0.0, 0.0, 0.01, 0.01, 0.01, 0.01, 0.01, 0.02, 0.02, 0.02, 0.02, 0.03, 0.03, 0.03, 0.03, 0.03, 0.04, 0.04, 0.04, 0.04, 0.05, 0.05, 0.05, 0.05, 0.05, 0.06, 0.06, 0.06, 0.06, 0.07, 0.07, 0.07, 0.07, 0.07, 0.08, 0.08, 0.08, 0.08, 0.09, 0.09, 0.09, 0.09, 0.09], "Frequency": [49.46, 49.46, 49.46, 49.46, 49.46, 49.45, 49.45, 49.45, 49.43, 49.43, 49.43, 49.4, 49.4, 49.4, 49.41, 49.41, 49.41, 49.42, 49.42, 49.42, 49.43, 49.43, 49.43, 49.43, 49.43, 49.43, 49.42, 49.42, 49.42, 49.43, 49.43, 49.43, 49.41, 49.41, 49.41, 49.4, 49.4, 49.4, 49.41, 49.41, 49.41, 49.42, 49.42, 49.42, 49.42], "Temp_env": []}