{"Start_Time": [1758762893.549199], "Time": [1758762895.5519512, 1758762897.555328, 1758762899.557891, 1758762901.5609148, 1758762903.5632753, 1758762905.566336, 1758762907.5694962, 1758762909.5724342, 1758762911.582479, 1758762913.585088, 1758762915.5874434, 1758762917.597215, 1758762919.599533, 1758762921.6024587, 1758762923.6051726, 1758762925.6079576, 1758762927.6108253, 1758762929.6134098, 1758762931.6155095, 1758762933.6185613, 1758762935.6284313, 1758762937.6315641, 1758762939.6346238, 1758762941.6445494, 1758762943.6477175, 1758762945.6503775, 1758762947.6527445, 1758762949.655678, 1758762951.6588004, 1758762953.6615155, 1758762955.6640725, 1758762957.6667747, 1758762959.6766157, 1758762961.678947, 1758762963.6816738, 1758762965.683999, 1758762967.687, 1758762969.6900098, 1758762971.6926417, 1758762973.6949608, 1758762975.6976643, 1758762977.7001257, 1758762979.7031612, 1758762981.7060206, 1758762983.7089431], "Voltage": [230.29, 230.55, 230.39, 230.29, 230.29, 230.39, 230.34, 230.45, 230.45, 230.5, 230.45, 230.5, 230.5, 230.6, 230.66, 230.45, 230.66, 230.5, 230.39, 230.5, 230.39, 230.45, 230.6, 230.66, 230.6, 230.45, 230.6, 230.66, 230.55, 230.6, 230.55, 230.5, 230.45, 230.55, 230.39, 230.55, 230.5, 230.39, 230.66, 230.45, 230.29, 230.45, 230.34, 230.34, 230.34], "Current": [0.03, 0.03, 0.03, 0.03, 0.04, 0.04, 0.04, 0.04, 0.03, 0.04, 0.03, 0.03, 0.04, 0.04, 0.04, 0.04, 0.03, 0.03, 0.04, 0.03, 0.03, 0.04, 0.04, 0.04, 0.03, 0.03, 0.04, 0.04, 0.04, 0.03, 0.04, 0.04, 0.03, 0.04, 0.04, 0.04, 0.04, 0.04, 0.04, 0.04, 0.03, 0.04, 0.04, 0.03, 0.04], "Real_Power": [3.91, 3.89, 3.95, 3.93, 3.83, 3.85, 4.08, 3.94, 4.01, 3.92, 3.94, 3.91, 3.99, 3.92, 4.01, 3.99, 3.93, 3.83, 3.81, 3.83, 3.82, 3.95, 3.91, 3.91, 3.88, 3.92, 3.91, 4.01, 3.97, 3.86, 3.85, 3.98, 3.87, 3.88, 3.89, 3.95, 3.88, 3.96, 3.9, 3.9, 3.93, 3.92, 3.86, 3.85, 4.01], "Apparent_Power": [6.9, 6.91, 6.91, 6.9, 9.21, 9.21, 9.21, 9.21, 6.91, 9.22, 6.91, 6.91, 9.22, 9.22, 9.22, 9.21, 6.91, 6.91, 9.21, 6.91, 6.91, 9.21, 9.22, 9.22, 6.91, 6.91, 9.22, 9.22, 9.22, 6.91, 9.22, 9.22, 6.91, 9.22, 9.21, 9.22, 9.22, 9.21, 9.22, 9.21, 6.9, 9.21, 9.21, 6.91, 9.21], "Apparent_Power_Reactive": [5.68, 5.71, 5.66, 5.67, 8.37, 8.36, 8.25, 8.32, 5.62, 8.34, 5.67, 5.69, 8.31, 8.34, 8.3, 8.3, 5.68, 5.75, 8.38, 5.75, 5.75, 8.31, 8.34, 8.34, 5.71, 5.69, 8.34, 8.3, 8.32, 5.73, 8.37, 8.31, 5.72, 8.36, 8.34, 8.33, 8.36, 8.31, 8.35, 8.34, 5.67, 8.33, 8.36, 5.73, 8.29], "Power_Factor": [0.566, 0.562, 0.571, 0.569, 0.415, 0.418, 0.442, 0.427, 0.58, 0.425, 0.57, 0.565, 0.432, 0.425, 0.434, 0.433, 0.568, 0.554, 0.413, 0.554, 0.552, 0.428, 0.424, 0.424, 0.561, 0.567, 0.424, 0.434, 0.43, 0.558, 0.417, 0.431, 0.56, 0.42, 0.422, 0.428, 0.42, 0.429, 0.422, 0.423, 0.569, 0.425, 0.419, 0.557, 0.435], "Energy": [0.0, 0.0, 0.0, 0.0, 0.01, 0.01, 0.01, 0.01, 0.01, 0.02, 0.02, 0.02, 0.02, 0.03, 0.03, 0.03, 0.03, 0.03, 0.04, 0.04, 0.04, 0.04, 0.05, 0.05, 0.05, 0.05, 0.05, 0.06, 0.06, 0.06, 0.06, 0.07, 0.07, 0.07, 0.07, 0.07, 0.08, 0.08, 0.08, 0.08, 0.09, 0.09, 0.09, 0.09, 0.09], "Frequency": [49.41, 49.41, 49.4, 49.4, 49.4, 49.39, 49.39, 49.39, 49.38, 49.38, 49.38, 49.39, 49.39, 49.39, 49.39, 49.39, 49.39, 49.39, 49.39, 49.39, 49.37, 49.37, 49.37, 49.38, 49.38, 49.38, 49.39, 49.39, 49.39, 49.38, 49.38, 49.38, 49.38, 49.38, 49.38, 49.36, 49.36, 49.36, 49.38, 49.38, 49.38, 49.38, 49.38, 49.38, 49.39], "Temp_env": []}