{"Start_Time": [1759199220.353768], "Time": [1759199222.3567646, 1759199224.3598285, 1759199226.3626208, 1759199228.3656974, 1759199230.3682783, 1759199232.3710701, 1759199234.373741, 1759199236.383083, 1759199238.3858163, 1759199240.3887782, 1759199242.398873, 1759199244.4023192, 1759199246.4048443, 1759199248.4150813, 1759199250.4179008, 1759199252.4202316, 1759199254.422958, 1759199256.425284, 1759199258.4282463, 1759199260.438384, 1759199262.4410083, 1759199264.443229, 1759199266.452985, 1759199268.4553552, 1759199270.4584167, 1759199272.4681816, 1759199274.4704356, 1759199276.473277, 1759199278.4834342, 1759199280.4861047, 1759199282.488489, 1759199284.4984648, 1759199286.5013492, 1759199288.5033894, 1759199290.5135636, 1759199292.516393, 1759199294.5185235, 1759199296.521235, 1759199298.5234826, 1759199300.5265567, 1759199302.536309, 1759199304.5396047, 1759199306.5429068, 1759199308.5527694, 1759199310.5555544], "Voltage": [231.76, 231.81, 231.81, 231.86, 231.76, 231.7, 231.81, 231.76, 231.76, 231.76, 231.7, 230.71, 230.76, 230.71, 230.76, 230.76, 230.71, 230.66, 230.66, 230.66, 230.71, 230.66, 230.76, 230.71, 230.81, 230.66, 230.81, 230.66, 230.6, 230.71, 230.55, 230.71, 230.66, 230.55, 230.6, 230.6, 230.71, 230.71, 230.66, 230.6, 230.71, 230.76, 230.66, 230.66, 230.6], "Current": [0.03, 0.03, 0.03, 0.03, 0.04, 0.03, 0.04, 0.04, 0.03, 0.03, 0.04, 0.04, 0.04, 0.04, 0.04, 0.04, 0.04, 0.04, 0.04, 0.04, 0.04, 0.04, 0.04, 0.04, 0.04, 0.04, 0.04, 0.04, 0.04, 0.04, 0.04, 0.04, 0.04, 0.04, 0.04, 0.04, 0.04, 0.04, 0.04, 0.04, 0.04, 0.04, 0.04, 0.04, 0.04], "Real_Power": [3.78, 3.84, 3.82, 3.96, 3.99, 3.86, 3.99, 3.95, 3.88, 3.86, 3.91, 3.89, 4.04, 3.95, 3.98, 3.89, 3.78, 3.97, 3.85, 3.9, 3.87, 3.85, 3.93, 4.02, 3.98, 3.93, 3.8, 3.86, 3.83, 3.82, 3.89, 3.94, 3.91, 3.87, 3.91, 3.97, 3.96, 3.89, 3.96, 4.07, 3.89, 3.98, 4.01, 3.95, 3.97], "Apparent_Power": [6.95, 6.95, 6.95, 6.95, 9.27, 6.95, 9.27, 9.27, 6.95, 6.95, 9.26, 9.22, 9.23, 9.22, 9.23, 9.23, 9.22, 9.22, 9.22, 9.22, 9.22, 9.22, 9.23, 9.22, 9.23, 9.22, 9.23, 9.22, 9.22, 9.22, 9.22, 9.22, 9.22, 9.22, 9.22, 9.22, 9.22, 9.22, 9.22, 9.22, 9.22, 9.23, 9.22, 9.22, 9.22], "Apparent_Power_Reactive": [5.83, 5.79, 5.8, 5.71, 8.36, 5.77, 8.36, 8.38, 5.76, 5.77, 8.39, 8.35, 8.29, 8.33, 8.32, 8.37, 8.4, 8.32, 8.37, 8.35, 8.36, 8.37, 8.35, 8.29, 8.32, 8.34, 8.41, 8.37, 8.38, 8.39, 8.35, 8.33, 8.34, 8.36, 8.34, 8.32, 8.32, 8.35, 8.32, 8.27, 8.35, 8.32, 8.3, 8.33, 8.32], "Power_Factor": [0.543, 0.552, 0.549, 0.569, 0.43, 0.555, 0.43, 0.426, 0.558, 0.555, 0.422, 0.421, 0.437, 0.428, 0.431, 0.421, 0.409, 0.43, 0.417, 0.422, 0.419, 0.417, 0.425, 0.436, 0.431, 0.426, 0.411, 0.418, 0.415, 0.414, 0.421, 0.427, 0.424, 0.419, 0.424, 0.43, 0.429, 0.421, 0.429, 0.441, 0.421, 0.431, 0.434, 0.428, 0.43], "Energy": [0.0, 0.0, 0.0, 0.0, 0.01, 0.01, 0.01, 0.01, 0.01, 0.02, 0.02, 0.02, 0.02, 0.03, 0.03, 0.03, 0.03, 0.03, 0.04, 0.04, 0.04, 0.04, 0.05, 0.05, 0.05, 0.05, 0.05, 0.06, 0.06, 0.06, 0.06, 0.07, 0.07, 0.07, 0.07, 0.07, 0.08, 0.08, 0.08, 0.08, 0.09, 0.09, 0.09, 0.09, 0.09], "Frequency": [49.39, 49.4, 49.4, 49.4, 49.38, 49.38, 49.38, 49.39, 49.39, 49.39, 49.39, 49.39, 49.39, 49.39, 49.39, 49.39, 49.38, 49.38, 49.38, 49.36, 49.36, 49.36, 49.36, 49.36, 49.36, 49.38, 49.38, 49.38, 49.36, 49.36, 49.36, 49.37, 49.37, 49.37, 49.37, 49.37, 49.37, 49.36, 49.36, 49.36, 49.39, 49.39, 49.39, 49.38, 49.38], "Temp_env": []}