{"Start_Time": [1758854176.1143389], "Time": [1758854178.1171455, 1758854180.1204104, 1758854182.1228633, 1758854184.1257052, 1758854186.1285868, 1758854188.1315496, 1758854190.1344151, 1758854192.1375105, 1758854194.1405742, 1758854196.143238, 1758854198.1455822, 1758854200.148577, 1758854202.1506531, 1758854204.1532803, 1758854206.1556342, 1758854208.158635, 1758854210.160937, 1758854212.1636608, 1758854214.1666694, 1758854216.1695802, 1758854218.1725621, 1758854220.1751258, 1758854222.1780028, 1758854224.1805387, 1758854226.183237, 1758854228.1857395, 1758854230.1885335, 1758854232.191263, 1758854234.1940603, 1758854236.1965027, 1758854238.199126, 1758854240.2016096, 1758854242.2038376, 1758854244.2069, 1758854246.2096138, 1758854248.2122235, 1758854250.2150562, 1758854252.2177532, 1758854254.2200787, 1758854256.2231953, 1758854258.2257855, 1758854260.228152, 1758854262.2310948, 1758854264.233309, 1758854266.2358453], "Voltage": [230.76, 230.81, 230.76, 230.86, 230.81, 230.81, 230.66, 230.86, 230.97, 231.02, 230.92, 230.92, 230.92, 230.81, 230.97, 230.86, 230.86, 230.92, 230.97, 230.86, 230.71, 230.71, 230.86, 230.81, 230.71, 230.92, 230.86, 230.86, 230.86, 230.86, 230.81, 230.76, 230.86, 230.81, 230.81, 230.76, 230.66, 230.71, 230.76, 230.71, 230.76, 230.66, 230.76, 230.92, 230.71], "Current": [0.03, 0.03, 0.03, 0.04, 0.03, 0.04, 0.04, 0.04, 0.04, 0.03, 0.03, 0.03, 0.03, 0.03, 0.03, 0.03, 0.04, 0.04, 0.03, 0.04, 0.03, 0.03, 0.04, 0.04, 0.04, 0.04, 0.04, 0.04, 0.04, 0.04, 0.03, 0.04, 0.04, 0.04, 0.03, 0.04, 0.04, 0.04, 0.04, 0.03, 0.03, 0.03, 0.03, 0.03, 0.03], "Real_Power": [3.9, 3.95, 3.87, 3.89, 3.84, 3.83, 3.87, 3.92, 3.94, 3.88, 3.89, 3.82, 3.91, 3.91, 3.93, 3.92, 3.84, 3.97, 3.85, 3.91, 3.82, 3.81, 3.98, 3.97, 3.94, 3.94, 3.85, 3.82, 3.96, 3.84, 3.96, 3.99, 3.92, 3.99, 3.9, 3.93, 3.97, 3.85, 3.88, 3.86, 3.84, 3.91, 3.88, 3.84, 3.86], "Apparent_Power": [6.92, 6.92, 6.92, 9.23, 6.92, 9.23, 9.22, 9.23, 9.23, 6.93, 6.92, 6.92, 6.92, 6.92, 6.92, 6.92, 9.23, 9.23, 6.92, 9.23, 6.92, 6.92, 9.23, 9.23, 9.22, 9.23, 9.23, 9.23, 9.23, 9.23, 6.92, 9.23, 9.23, 9.23, 6.92, 9.23, 9.22, 9.22, 9.23, 6.92, 6.92, 6.91, 6.92, 6.92, 6.92], "Apparent_Power_Reactive": [5.71, 5.68, 5.73, 8.37, 5.75, 8.39, 8.36, 8.35, 8.34, 5.74, 5.72, 5.77, 5.7, 5.7, 5.69, 5.7, 8.39, 8.33, 5.75, 8.36, 5.77, 5.77, 8.32, 8.33, 8.33, 8.34, 8.38, 8.4, 8.33, 8.39, 5.67, 8.32, 8.35, 8.32, 5.71, 8.35, 8.32, 8.37, 8.37, 5.74, 5.75, 5.69, 5.72, 5.75, 5.74], "Power_Factor": [0.563, 0.57, 0.559, 0.421, 0.554, 0.414, 0.419, 0.424, 0.426, 0.559, 0.562, 0.552, 0.565, 0.565, 0.567, 0.566, 0.416, 0.43, 0.556, 0.423, 0.552, 0.55, 0.431, 0.43, 0.427, 0.426, 0.417, 0.413, 0.429, 0.416, 0.572, 0.432, 0.424, 0.432, 0.563, 0.425, 0.43, 0.417, 0.42, 0.557, 0.554, 0.565, 0.56, 0.554, 0.557], "Energy": [0.0, 0.0, 0.0, 0.0, 0.01, 0.01, 0.01, 0.01, 0.01, 0.02, 0.02, 0.02, 0.02, 0.03, 0.03, 0.03, 0.03, 0.03, 0.04, 0.04, 0.04, 0.04, 0.05, 0.05, 0.05, 0.05, 0.05, 0.06, 0.06, 0.06, 0.06, 0.07, 0.07, 0.07, 0.07, 0.07, 0.08, 0.08, 0.08, 0.08, 0.09, 0.09, 0.09, 0.09, 0.09], "Frequency": [49.38, 49.37, 49.37, 49.37, 49.38, 49.38, 49.38, 49.38, 49.38, 49.38, 49.38, 49.38, 49.38, 49.39, 49.39, 49.39, 49.39, 49.39, 49.39, 49.4, 49.4, 49.4, 49.4, 49.4, 49.4, 49.39, 49.39, 49.39, 49.39, 49.39, 49.39, 49.4, 49.4, 49.4, 49.39, 49.39, 49.39, 49.38, 49.38, 49.38, 49.38, 49.38, 49.38, 49.38, 49.38], "Temp_env": []}