{"Start_Time": [1758892570.469597], "Time": [1758892572.4722931, 1758892574.4755516, 1758892576.478396, 1758892578.4805682, 1758892580.4834325, 1758892582.4863217, 1758892584.4883819, 1758892586.490636, 1758892588.4931648, 1758892590.4954798, 1758892592.498373, 1758892594.5083675, 1758892596.5105283, 1758892598.5130222, 1758892600.5233314, 1758892602.5263839, 1758892604.5292585, 1758892606.5392692, 1758892608.5420327, 1758892610.5444047, 1758892612.5473523, 1758892614.5503654, 1758892616.55313, 1758892618.563262, 1758892620.5660675, 1758892622.5682611, 1758892624.5713136, 1758892626.5742023, 1758892628.5772655, 1758892630.5803237, 1758892632.582928, 1758892634.5852628, 1758892636.588295, 1758892638.5903566, 1758892640.593243, 1758892642.603069, 1758892644.6059508, 1758892646.6080801, 1758892648.6183007, 1758892650.620818, 1758892652.6231823, 1758892654.626054, 1758892656.6288779, 1758892658.6314588, 1758892660.6343255], "Voltage": [228.19, 228.4, 228.3, 228.4, 228.3, 228.3, 228.19, 228.19, 228.14, 228.24, 228.3, 227.88, 228.04, 228.14, 228.19, 228.19, 228.24, 228.72, 228.66, 229.08, 228.3, 228.87, 228.51, 229.08, 229.14, 229.19, 229.08, 229.08, 229.29, 229.19, 229.35, 229.29, 229.14, 228.72, 229.4, 229.4, 229.19, 228.98, 229.4, 229.5, 229.24, 229.45, 229.4, 229.4, 229.45], "Current": [0.04, 0.04, 0.04, 0.04, 0.04, 0.04, 0.04, 0.04, 0.04, 0.04, 0.04, 0.04, 0.04, 0.04, 0.04, 0.04, 0.04, 0.04, 0.04, 0.04, 0.04, 0.04, 0.04, 0.04, 0.04, 0.04, 0.04, 0.04, 0.04, 0.04, 0.04, 0.04, 0.04, 0.04, 0.04, 0.04, 0.04, 0.04, 0.04, 0.04, 0.04, 0.04, 0.04, 0.04, 0.04], "Real_Power": [3.96, 3.91, 4.08, 4.0, 4.0, 4.08, 4.02, 4.05, 3.93, 4.07, 3.97, 3.98, 4.0, 4.01, 4.0, 4.01, 3.99, 3.93, 4.02, 3.9, 4.11, 4.03, 4.03, 4.1, 4.11, 4.0, 4.04, 3.96, 4.07, 3.97, 3.92, 3.99, 3.96, 3.99, 3.91, 4.07, 3.92, 3.99, 3.99, 3.98, 3.85, 3.95, 4.05, 3.99, 4.06], "Apparent_Power": [9.12, 9.13, 9.13, 9.13, 9.13, 9.13, 9.12, 9.12, 9.12, 9.12, 9.13, 9.11, 9.12, 9.12, 9.12, 9.12, 9.12, 9.14, 9.14, 9.16, 9.13, 9.15, 9.14, 9.16, 9.16, 9.16, 9.16, 9.16, 9.17, 9.16, 9.17, 9.17, 9.16, 9.14, 9.17, 9.17, 9.16, 9.15, 9.17, 9.18, 9.16, 9.17, 9.17, 9.17, 9.17], "Apparent_Power_Reactive": [8.21, 8.25, 8.16, 8.2, 8.2, 8.16, 8.18, 8.17, 8.22, 8.16, 8.22, 8.19, 8.19, 8.19, 8.19, 8.19, 8.2, 8.25, 8.2, 8.28, 8.15, 8.21, 8.2, 8.19, 8.18, 8.24, 8.22, 8.25, 8.21, 8.25, 8.28, 8.25, 8.25, 8.22, 8.29, 8.21, 8.27, 8.23, 8.25, 8.27, 8.31, 8.27, 8.22, 8.25, 8.22], "Power_Factor": [0.434, 0.428, 0.446, 0.438, 0.438, 0.446, 0.44, 0.444, 0.43, 0.446, 0.434, 0.436, 0.438, 0.439, 0.438, 0.439, 0.437, 0.429, 0.439, 0.425, 0.45, 0.44, 0.44, 0.447, 0.448, 0.436, 0.441, 0.432, 0.443, 0.433, 0.427, 0.435, 0.432, 0.436, 0.426, 0.443, 0.427, 0.436, 0.435, 0.433, 0.42, 0.43, 0.441, 0.435, 0.442], "Energy": [0.0, 0.0, 0.0, 0.0, 0.01, 0.01, 0.01, 0.01, 0.01, 0.02, 0.02, 0.02, 0.02, 0.03, 0.03, 0.03, 0.03, 0.04, 0.04, 0.04, 0.04, 0.04, 0.05, 0.05, 0.05, 0.05, 0.06, 0.06, 0.06, 0.06, 0.06, 0.07, 0.07, 0.07, 0.07, 0.08, 0.08, 0.08, 0.08, 0.08, 0.09, 0.09, 0.09, 0.09, 0.1], "Frequency": [49.39, 49.38, 49.38, 49.38, 49.39, 49.39, 49.39, 49.4, 49.4, 49.4, 49.39, 49.39, 49.39, 49.41, 49.41, 49.41, 49.41, 49.41, 49.41, 49.39, 49.39, 49.39, 49.39, 49.39, 49.39, 49.4, 49.4, 49.4, 49.42, 49.42, 49.42, 49.43, 49.43, 49.43, 49.43, 49.43, 49.43, 49.41, 49.41, 49.41, 49.41, 49.41, 49.41, 49.42, 49.42], "Temp_env": []}