{"Start_Time": [1759110264.6582222], "Time": [1759110266.66103, 1759110268.6636424, 1759110270.6659453, 1759110272.6688514, 1759110274.6713557, 1759110276.6738904, 1759110278.6767483, 1759110280.6789286, 1759110282.681193, 1759110284.6841187, 1759110286.694099, 1759110288.697303, 1759110290.699891, 1759110292.7028959, 1759110294.7052927, 1759110296.7083125, 1759110298.7103438, 1759110300.7131906, 1759110302.716322, 1759110304.7189631, 1759110306.7215807, 1759110308.7244344, 1759110310.734272, 1759110312.7372549, 1759110314.7403507, 1759110316.742364, 1759110318.7450898, 1759110320.7474198, 1759110322.7504065, 1759110324.7533598, 1759110326.756506, 1759110328.7593985, 1759110330.761825, 1759110332.7643998, 1759110334.7745712, 1759110336.777555, 1759110338.780391, 1759110340.783495, 1759110342.786631, 1759110344.7894967, 1759110346.791734, 1759110348.7944646, 1759110350.7966566, 1759110352.7993202, 1759110354.8018482], "Voltage": [231.65, 231.65, 231.7, 231.76, 231.55, 231.6, 231.6, 231.65, 231.7, 231.7, 231.44, 231.49, 231.6, 231.7, 231.7, 231.65, 231.7, 231.6, 231.7, 231.7, 231.65, 231.6, 231.76, 231.7, 231.65, 231.65, 231.6, 231.6, 231.65, 231.49, 231.55, 231.7, 231.6, 231.6, 231.49, 231.55, 231.49, 231.55, 231.65, 231.76, 231.7, 231.55, 231.7, 231.55, 231.65], "Current": [0.03, 0.03, 0.03, 0.04, 0.03, 0.03, 0.03, 0.03, 0.03, 0.03, 0.04, 0.04, 0.03, 0.03, 0.03, 0.03, 0.03, 0.03, 0.03, 0.03, 0.03, 0.03, 0.04, 0.03, 0.03, 0.03, 0.03, 0.03, 0.04, 0.04, 0.03, 0.03, 0.03, 0.03, 0.03, 0.04, 0.03, 0.03, 0.03, 0.04, 0.03, 0.03, 0.03, 0.04, 0.04], "Real_Power": [3.79, 3.84, 3.83, 3.94, 3.84, 3.88, 3.75, 3.83, 3.85, 3.86, 3.85, 3.88, 3.91, 3.96, 3.85, 3.83, 3.85, 3.96, 3.86, 3.78, 3.85, 3.92, 3.91, 3.93, 3.86, 3.9, 3.8, 3.95, 3.9, 3.86, 3.84, 3.82, 3.87, 3.89, 3.82, 3.98, 3.9, 3.96, 3.84, 3.97, 3.93, 3.83, 3.89, 3.84, 3.92], "Apparent_Power": [6.94, 6.94, 6.95, 9.27, 6.94, 6.94, 6.94, 6.94, 6.95, 6.95, 9.25, 9.25, 6.94, 6.95, 6.95, 6.94, 6.95, 6.94, 6.95, 6.95, 6.94, 6.94, 9.27, 6.95, 6.94, 6.94, 6.94, 6.94, 9.26, 9.25, 6.94, 6.95, 6.94, 6.94, 6.94, 9.26, 6.94, 6.94, 6.94, 9.27, 6.95, 6.94, 6.95, 9.26, 9.26], "Apparent_Power_Reactive": [5.81, 5.78, 5.79, 8.39, 5.78, 5.75, 5.83, 5.78, 5.78, 5.77, 8.41, 8.39, 5.73, 5.71, 5.78, 5.78, 5.78, 5.69, 5.77, 5.83, 5.77, 5.72, 8.4, 5.73, 5.76, 5.74, 5.8, 5.7, 8.39, 8.4, 5.78, 5.8, 5.76, 5.74, 5.79, 8.36, 5.74, 5.69, 5.78, 8.37, 5.73, 5.78, 5.75, 8.42, 8.38], "Power_Factor": [0.546, 0.553, 0.551, 0.425, 0.553, 0.559, 0.54, 0.551, 0.553, 0.555, 0.416, 0.419, 0.563, 0.569, 0.553, 0.551, 0.553, 0.57, 0.555, 0.543, 0.554, 0.564, 0.421, 0.565, 0.556, 0.561, 0.547, 0.569, 0.421, 0.417, 0.553, 0.549, 0.557, 0.56, 0.55, 0.429, 0.561, 0.57, 0.553, 0.428, 0.565, 0.551, 0.559, 0.414, 0.423], "Energy": [0.0, 0.0, 0.0, 0.0, 0.01, 0.01, 0.01, 0.01, 0.01, 0.02, 0.02, 0.02, 0.02, 0.03, 0.03, 0.03, 0.03, 0.03, 0.04, 0.04, 0.04, 0.04, 0.04, 0.05, 0.05, 0.05, 0.05, 0.06, 0.06, 0.06, 0.06, 0.06, 0.07, 0.07, 0.07, 0.07, 0.08, 0.08, 0.08, 0.08, 0.08, 0.09, 0.09, 0.09, 0.09], "Frequency": [49.44, 49.43, 49.43, 49.43, 49.43, 49.43, 49.43, 49.41, 49.41, 49.41, 49.42, 49.42, 49.42, 49.41, 49.41, 49.41, 49.41, 49.41, 49.41, 49.4, 49.4, 49.4, 49.42, 49.42, 49.42, 49.43, 49.43, 49.43, 49.41, 49.41, 49.41, 49.41, 49.41, 49.41, 49.39, 49.39, 49.39, 49.39, 49.39, 49.39, 49.39, 49.39, 49.39, 49.41, 49.41], "Temp_env": []}