{"Start_Time": [1758793830.922606], "Time": [1758793832.9249609, 1758793834.9279013, 1758793836.9299219, 1758793838.9326265, 1758793840.9349706, 1758793842.9376316, 1758793844.9401894, 1758793846.9430552, 1758793848.9459763, 1758793850.948665, 1758793852.9512582, 1758793854.9537368, 1758793856.9560788, 1758793858.9587476, 1758793860.9611437, 1758793862.9640632, 1758793864.966186, 1758793866.9689205, 1758793868.972036, 1758793870.974889, 1758793872.9772434, 1758793874.9792147, 1758793876.9824755, 1758793878.984983, 1758793880.9873362, 1758793882.990037, 1758793884.9924448, 1758793886.9951332, 1758793888.9983306, 1758793891.0014257, 1758793893.0040562, 1758793895.0064185, 1758793897.009514, 1758793899.0125635, 1758793901.0154564, 1758793903.0185413, 1758793905.0215173, 1758793907.0234976, 1758793909.0266645, 1758793911.0292294, 1758793913.0315983, 1758793915.0347028, 1758793917.0372922, 1758793919.0399961, 1758793921.0429788], "Voltage": [228.87, 228.87, 228.77, 228.82, 228.87, 228.87, 229.08, 228.93, 228.87, 228.87, 228.77, 228.77, 228.82, 228.61, 228.61, 228.45, 228.45, 228.3, 228.45, 228.66, 228.77, 228.77, 228.82, 228.72, 229.08, 228.87, 228.93, 228.72, 228.87, 228.77, 228.87, 228.82, 228.98, 228.82, 228.72, 228.66, 228.66, 228.61, 228.72, 228.66, 228.77, 228.98, 228.82, 228.98, 228.87], "Current": [0.04, 0.04, 0.04, 0.04, 0.04, 0.04, 0.04, 0.04, 0.04, 0.04, 0.04, 0.04, 0.04, 0.04, 0.04, 0.04, 0.04, 0.04, 0.04, 0.04, 0.04, 0.04, 0.04, 0.04, 0.04, 0.04, 0.04, 0.04, 0.04, 0.04, 0.04, 0.04, 0.04, 0.04, 0.04, 0.04, 0.04, 0.04, 0.04, 0.04, 0.04, 0.04, 0.04, 0.04, 0.04], "Real_Power": [4.0, 4.06, 3.94, 3.95, 3.95, 3.93, 3.94, 3.95, 4.07, 3.94, 4.08, 3.95, 4.07, 4.04, 4.02, 3.92, 3.94, 3.97, 4.14, 3.97, 4.09, 3.95, 4.12, 3.92, 3.96, 4.03, 3.91, 3.99, 3.99, 4.07, 3.94, 3.92, 3.9, 3.92, 3.94, 3.96, 3.91, 3.93, 3.93, 3.98, 3.92, 4.0, 3.86, 3.94, 3.97], "Apparent_Power": [9.15, 9.15, 9.15, 9.15, 9.15, 9.15, 9.16, 9.15, 9.15, 9.15, 9.15, 9.15, 9.15, 9.14, 9.14, 9.13, 9.13, 9.13, 9.13, 9.14, 9.15, 9.15, 9.15, 9.14, 9.16, 9.15, 9.15, 9.14, 9.15, 9.15, 9.15, 9.15, 9.15, 9.15, 9.14, 9.14, 9.14, 9.14, 9.14, 9.14, 9.15, 9.15, 9.15, 9.15, 9.15], "Apparent_Power_Reactive": [8.22, 8.19, 8.25, 8.25, 8.25, 8.26, 8.26, 8.25, 8.19, 8.25, 8.19, 8.25, 8.19, 8.19, 8.2, 8.24, 8.23, 8.22, 8.13, 8.23, 8.18, 8.25, 8.16, 8.25, 8.25, 8.21, 8.27, 8.22, 8.23, 8.19, 8.25, 8.26, 8.27, 8.26, 8.24, 8.23, 8.26, 8.25, 8.25, 8.22, 8.26, 8.22, 8.29, 8.25, 8.24], "Power_Factor": [0.437, 0.443, 0.43, 0.431, 0.431, 0.429, 0.43, 0.431, 0.444, 0.43, 0.445, 0.431, 0.444, 0.442, 0.439, 0.429, 0.431, 0.434, 0.453, 0.434, 0.446, 0.431, 0.45, 0.428, 0.432, 0.44, 0.427, 0.436, 0.436, 0.444, 0.43, 0.428, 0.426, 0.428, 0.431, 0.433, 0.427, 0.429, 0.429, 0.435, 0.428, 0.437, 0.421, 0.43, 0.433], "Energy": [0.0, 0.0, 0.0, 0.0, 0.01, 0.01, 0.01, 0.01, 0.01, 0.02, 0.02, 0.02, 0.02, 0.03, 0.03, 0.03, 0.03, 0.04, 0.04, 0.04, 0.04, 0.04, 0.05, 0.05, 0.05, 0.05, 0.06, 0.06, 0.06, 0.06, 0.06, 0.07, 0.07, 0.07, 0.07, 0.08, 0.08, 0.08, 0.08, 0.08, 0.09, 0.09, 0.09, 0.09, 0.1], "Frequency": [49.37, 49.37, 49.37, 49.39, 49.39, 49.39, 49.39, 49.39, 49.39, 49.39, 49.39, 49.39, 49.39, 49.39, 49.39, 49.39, 49.39, 49.39, 49.38, 49.38, 49.38, 49.39, 49.39, 49.39, 49.37, 49.37, 49.37, 49.39, 49.39, 49.39, 49.39, 49.39, 49.39, 49.39, 49.39, 49.39, 49.38, 49.38, 49.38, 49.38, 49.38, 49.38, 49.38, 49.38, 49.38], "Temp_env": []}