{"Start_Time": [1759143551.4019022], "Time": [1759143553.4046268, 1759143555.4076552, 1759143557.4097557, 1759143559.4116979, 1759143561.4214606, 1759143563.424079, 1759143565.4269226, 1759143567.4365168, 1759143569.4386642, 1759143571.4408622, 1759143573.442822, 1759143575.4451795, 1759143577.4477189, 1759143579.4569073, 1759143581.4589899, 1759143583.4609828, 1759143585.4707668, 1759143587.472949, 1759143589.475303, 1759143591.485283, 1759143593.4880428, 1759143595.4911647, 1759143597.4940116, 1759143599.4969006, 1759143601.4992862, 1759143603.5019295, 1759143605.504278, 1759143607.5072427, 1759143609.5173986, 1759143611.520343, 1759143613.5231853, 1759143615.525546, 1759143617.528496, 1759143619.531151, 1759143621.5335295, 1759143623.5364885, 1759143625.5395384, 1759143627.5492551, 1759143629.551574, 1759143631.5545375, 1759143633.5643423, 1759143635.5666466, 1759143637.569394, 1759143639.5719967, 1759143641.5746732], "Voltage": [231.07, 231.07, 231.02, 231.07, 230.97, 230.92, 231.07, 231.02, 231.13, 231.07, 231.02, 231.28, 231.02, 231.02, 231.02, 230.92, 230.97, 231.02, 230.97, 230.86, 231.02, 230.92, 230.81, 230.71, 230.6, 230.66, 230.71, 230.6, 230.6, 230.55, 230.55, 230.55, 230.66, 230.71, 230.66, 230.71, 230.66, 230.71, 230.6, 230.5, 230.66, 230.86, 230.76, 230.86, 230.92], "Current": [0.04, 0.04, 0.04, 0.04, 0.04, 0.04, 0.04, 0.04, 0.04, 0.04, 0.04, 0.04, 0.04, 0.04, 0.04, 0.04, 0.04, 0.04, 0.04, 0.04, 0.04, 0.04, 0.04, 0.04, 0.04, 0.04, 0.04, 0.04, 0.04, 0.04, 0.04, 0.04, 0.04, 0.04, 0.04, 0.04, 0.04, 0.04, 0.04, 0.04, 0.04, 0.04, 0.04, 0.04, 0.04], "Real_Power": [3.87, 3.96, 3.94, 3.91, 3.92, 3.97, 3.87, 3.97, 4.02, 3.98, 4.02, 4.01, 4.0, 3.98, 3.9, 4.03, 3.91, 4.04, 3.91, 3.89, 3.98, 4.06, 3.91, 4.08, 3.87, 3.96, 3.96, 3.96, 3.98, 4.02, 4.08, 3.95, 3.99, 3.95, 3.84, 3.95, 3.96, 3.97, 4.06, 3.89, 4.15, 4.06, 3.95, 3.94, 3.99], "Apparent_Power": [9.24, 9.24, 9.24, 9.24, 9.23, 9.23, 9.24, 9.24, 9.24, 9.24, 9.24, 9.25, 9.24, 9.24, 9.24, 9.23, 9.23, 9.24, 9.23, 9.23, 9.24, 9.23, 9.23, 9.22, 9.22, 9.22, 9.22, 9.22, 9.22, 9.22, 9.22, 9.22, 9.22, 9.22, 9.22, 9.22, 9.22, 9.22, 9.22, 9.22, 9.22, 9.23, 9.23, 9.23, 9.23], "Apparent_Power_Reactive": [8.39, 8.34, 8.35, 8.37, 8.35, 8.33, 8.39, 8.34, 8.31, 8.33, 8.31, 8.33, 8.32, 8.33, 8.37, 8.3, 8.36, 8.3, 8.36, 8.37, 8.33, 8.28, 8.36, 8.26, 8.36, 8.32, 8.32, 8.32, 8.31, 8.29, 8.26, 8.33, 8.31, 8.33, 8.38, 8.33, 8.32, 8.32, 8.27, 8.35, 8.23, 8.28, 8.34, 8.34, 8.32], "Power_Factor": [0.418, 0.428, 0.426, 0.423, 0.424, 0.43, 0.418, 0.429, 0.435, 0.43, 0.435, 0.433, 0.432, 0.43, 0.422, 0.436, 0.423, 0.437, 0.423, 0.421, 0.43, 0.439, 0.423, 0.442, 0.419, 0.429, 0.429, 0.429, 0.431, 0.436, 0.442, 0.428, 0.432, 0.428, 0.416, 0.428, 0.429, 0.43, 0.44, 0.421, 0.45, 0.439, 0.427, 0.426, 0.432], "Energy": [0.0, 0.0, 0.0, 0.0, 0.01, 0.01, 0.01, 0.01, 0.02, 0.02, 0.02, 0.02, 0.02, 0.03, 0.03, 0.03, 0.03, 0.04, 0.04, 0.04, 0.04, 0.04, 0.05, 0.05, 0.05, 0.05, 0.06, 0.06, 0.06, 0.06, 0.06, 0.07, 0.07, 0.07, 0.07, 0.08, 0.08, 0.08, 0.08, 0.08, 0.09, 0.09, 0.09, 0.09, 0.1], "Frequency": [49.4, 49.4, 49.4, 49.4, 49.4, 49.4, 49.4, 49.4, 49.39, 49.39, 49.39, 49.39, 49.39, 49.39, 49.39, 49.39, 49.39, 49.41, 49.41, 49.41, 49.39, 49.39, 49.39, 49.4, 49.4, 49.4, 49.39, 49.39, 49.39, 49.39, 49.39, 49.39, 49.36, 49.36, 49.36, 49.37, 49.37, 49.37, 49.36, 49.36, 49.36, 49.38, 49.38, 49.38, 49.38], "Temp_env": []}