{"Start_Time": [1758756051.1383934], "Time": [1758756053.1410801, 1758756055.1433728, 1758756057.146521, 1758756059.1494193, 1758756061.1525202, 1758756063.1554415, 1758756065.1585166, 1758756067.1612637, 1758756069.1636658, 1758756071.1665578, 1758756073.169695, 1758756075.1724744, 1758756077.1746361, 1758756079.177693, 1758756081.1798155, 1758756083.182543, 1758756085.1848626, 1758756087.1875606, 1758756089.1903691, 1758756091.192936, 1758756093.1958482, 1758756095.19898, 1758756097.2019277, 1758756099.2046502, 1758756101.2069678, 1758756103.2101362, 1758756105.2127783, 1758756107.2153516, 1758756109.2180452, 1758756111.22036, 1758756113.222906, 1758756115.2252564, 1758756117.2279897, 1758756119.2304437, 1758756121.2333581, 1758756123.2361703, 1758756125.2382908, 1758756127.2412431, 1758756129.2433946, 1758756131.246295, 1758756133.2494242, 1758756135.2524502, 1758756137.2545884, 1758756139.2573986, 1758756141.2605479], "Voltage": [230.13, 230.13, 230.08, 230.18, 230.08, 230.03, 230.24, 230.13, 229.97, 230.18, 230.08, 230.24, 230.24, 230.18, 230.08, 230.29, 230.24, 230.18, 230.13, 230.08, 230.08, 230.18, 230.13, 230.29, 230.18, 230.29, 230.45, 230.45, 230.39, 230.45, 230.55, 230.45, 230.29, 230.45, 230.45, 230.34, 231.44, 231.6, 231.34, 231.39, 231.39, 231.44, 231.34, 231.34, 231.28], "Current": [0.04, 0.04, 0.04, 0.04, 0.04, 0.04, 0.03, 0.04, 0.04, 0.04, 0.04, 0.04, 0.04, 0.04, 0.04, 0.04, 0.04, 0.04, 0.04, 0.04, 0.04, 0.04, 0.04, 0.04, 0.04, 0.04, 0.04, 0.04, 0.04, 0.04, 0.04, 0.04, 0.04, 0.04, 0.04, 0.03, 0.04, 0.03, 0.03, 0.04, 0.04, 0.04, 0.04, 0.04, 0.04], "Real_Power": [3.95, 3.95, 3.95, 3.93, 3.87, 4.04, 3.77, 3.88, 3.87, 3.92, 3.89, 3.95, 4.01, 3.87, 3.92, 3.89, 3.97, 3.92, 3.93, 3.87, 3.84, 3.9, 3.91, 3.98, 3.94, 3.83, 3.76, 3.93, 3.9, 3.95, 4.02, 3.87, 3.93, 3.88, 3.93, 3.85, 3.94, 3.89, 3.84, 3.92, 3.91, 3.94, 4.02, 3.93, 3.94], "Apparent_Power": [9.2, 9.2, 9.2, 9.2, 9.2, 9.2, 6.9, 9.2, 9.19, 9.2, 9.2, 9.2, 9.2, 9.2, 9.2, 9.21, 9.2, 9.2, 9.2, 9.2, 9.2, 9.2, 9.2, 9.21, 9.2, 9.21, 9.21, 9.21, 9.21, 9.21, 9.22, 9.21, 9.21, 9.21, 9.21, 6.91, 9.25, 6.94, 6.94, 9.25, 9.25, 9.25, 9.25, 9.25, 9.25], "Apparent_Power_Reactive": [8.3, 8.3, 8.3, 8.31, 8.34, 8.26, 5.77, 8.34, 8.33, 8.32, 8.33, 8.3, 8.28, 8.34, 8.32, 8.34, 8.29, 8.32, 8.31, 8.34, 8.36, 8.33, 8.32, 8.3, 8.31, 8.37, 8.4, 8.32, 8.34, 8.31, 8.29, 8.35, 8.32, 8.35, 8.32, 5.73, 8.36, 5.74, 5.78, 8.37, 8.38, 8.36, 8.33, 8.37, 8.36], "Power_Factor": [0.429, 0.429, 0.429, 0.427, 0.42, 0.439, 0.546, 0.421, 0.421, 0.426, 0.422, 0.429, 0.435, 0.42, 0.426, 0.422, 0.431, 0.426, 0.427, 0.42, 0.417, 0.423, 0.425, 0.432, 0.428, 0.415, 0.408, 0.426, 0.423, 0.428, 0.436, 0.42, 0.426, 0.421, 0.426, 0.557, 0.425, 0.56, 0.553, 0.423, 0.422, 0.425, 0.434, 0.424, 0.425], "Energy": [0.0, 0.0, 0.0, 0.0, 0.01, 0.01, 0.01, 0.01, 0.01, 0.02, 0.02, 0.02, 0.02, 0.03, 0.03, 0.03, 0.03, 0.03, 0.04, 0.04, 0.04, 0.04, 0.05, 0.05, 0.05, 0.05, 0.05, 0.06, 0.06, 0.06, 0.06, 0.07, 0.07, 0.07, 0.07, 0.07, 0.08, 0.08, 0.08, 0.08, 0.09, 0.09, 0.09, 0.09, 0.09], "Frequency": [49.46, 49.46, 49.46, 49.42, 49.42, 49.42, 49.42, 49.42, 49.42, 49.43, 49.43, 49.43, 49.43, 49.43, 49.43, 49.43, 49.43, 49.43, 49.43, 49.43, 49.43, 49.43, 49.43, 49.43, 49.43, 49.43, 49.43, 49.42, 49.42, 49.42, 49.42, 49.42, 49.42, 49.42, 49.42, 49.42, 49.4, 49.4, 49.4, 49.4, 49.4, 49.4, 49.41, 49.41, 49.41], "Temp_env": []}