{"Start_Time": [1758754417.833929], "Time": [1758754419.8363664, 1758754421.839145, 1758754423.84205, 1758754425.8443868, 1758754427.8474927, 1758754429.8503036, 1758754431.8534284, 1758754433.855577, 1758754435.8586292, 1758754437.8613179, 1758754439.863638, 1758754441.8665345, 1758754443.8693542, 1758754445.87247, 1758754447.8745968, 1758754449.877729, 1758754451.8805325, 1758754453.8834956, 1758754455.8863592, 1758754457.8893638, 1758754459.8919678, 1758754461.8944337, 1758754463.8967664, 1758754465.8994255, 1758754467.9018064, 1758754469.9044836, 1758754471.907035, 1758754473.9098575, 1758754475.9127996, 1758754477.9154716, 1758754479.918421, 1758754481.9209156, 1758754483.9236686, 1758754485.9269862, 1758754487.929833, 1758754489.932693, 1758754491.9348364, 1758754493.937839, 1758754495.94065, 1758754497.9432344, 1758754499.9461286, 1758754501.9487894, 1758754503.9511056, 1758754505.9537554, 1758754507.9560952], "Voltage": [230.5, 230.5, 230.39, 230.39, 230.55, 230.55, 230.5, 230.66, 230.55, 230.55, 230.71, 230.5, 230.71, 230.71, 230.71, 230.55, 230.66, 230.66, 230.76, 230.76, 230.76, 230.81, 230.92, 230.71, 230.71, 230.76, 230.92, 230.86, 230.76, 230.86, 230.81, 230.81, 230.81, 230.76, 230.86, 230.81, 230.76, 230.81, 230.86, 230.71, 230.76, 230.71, 230.66, 230.71, 230.76], "Current": [0.04, 0.04, 0.04, 0.04, 0.04, 0.04, 0.04, 0.04, 0.04, 0.04, 0.04, 0.04, 0.04, 0.04, 0.04, 0.04, 0.04, 0.04, 0.04, 0.04, 0.04, 0.04, 0.04, 0.04, 0.04, 0.04, 0.04, 0.04, 0.04, 0.04, 0.04, 0.04, 0.04, 0.04, 0.04, 0.04, 0.04, 0.04, 0.04, 0.04, 0.04, 0.04, 0.04, 0.04, 0.04], "Real_Power": [3.84, 3.91, 3.95, 3.9, 3.94, 4.04, 3.85, 4.02, 3.89, 3.81, 3.85, 3.84, 3.9, 3.9, 3.86, 3.84, 3.86, 3.99, 3.94, 3.94, 3.86, 3.86, 3.98, 3.89, 3.82, 3.9, 3.99, 3.97, 3.86, 3.84, 3.88, 3.88, 3.93, 4.07, 3.91, 3.82, 3.9, 3.88, 3.9, 3.92, 3.94, 3.9, 3.87, 4.03, 3.83], "Apparent_Power": [9.22, 9.22, 9.21, 9.21, 9.22, 9.22, 9.22, 9.22, 9.22, 9.22, 9.22, 9.22, 9.22, 9.22, 9.22, 9.22, 9.22, 9.22, 9.23, 9.23, 9.23, 9.23, 9.23, 9.22, 9.22, 9.23, 9.23, 9.23, 9.23, 9.23, 9.23, 9.23, 9.23, 9.23, 9.23, 9.23, 9.23, 9.23, 9.23, 9.22, 9.23, 9.22, 9.22, 9.22, 9.23], "Apparent_Power_Reactive": [8.38, 8.34, 8.31, 8.34, 8.33, 8.28, 8.37, 8.29, 8.35, 8.39, 8.37, 8.38, 8.35, 8.35, 8.37, 8.38, 8.37, 8.31, 8.34, 8.34, 8.38, 8.38, 8.32, 8.35, 8.39, 8.36, 8.32, 8.33, 8.38, 8.39, 8.37, 8.37, 8.35, 8.28, 8.36, 8.4, 8.36, 8.37, 8.36, 8.34, 8.34, 8.35, 8.36, 8.29, 8.39], "Power_Factor": [0.416, 0.424, 0.428, 0.423, 0.427, 0.438, 0.417, 0.436, 0.421, 0.413, 0.417, 0.416, 0.422, 0.422, 0.418, 0.416, 0.418, 0.432, 0.426, 0.426, 0.418, 0.418, 0.431, 0.421, 0.414, 0.422, 0.432, 0.43, 0.418, 0.416, 0.42, 0.42, 0.425, 0.44, 0.423, 0.413, 0.422, 0.42, 0.422, 0.425, 0.426, 0.422, 0.419, 0.437, 0.414], "Energy": [0.0, 0.0, 0.0, 0.0, 0.01, 0.01, 0.01, 0.01, 0.01, 0.02, 0.02, 0.02, 0.02, 0.03, 0.03, 0.03, 0.03, 0.03, 0.04, 0.04, 0.04, 0.04, 0.05, 0.05, 0.05, 0.05, 0.05, 0.06, 0.06, 0.06, 0.06, 0.07, 0.07, 0.07, 0.07, 0.07, 0.08, 0.08, 0.08, 0.08, 0.08, 0.09, 0.09, 0.09, 0.09], "Frequency": [49.4, 49.4, 49.4, 49.4, 49.4, 49.4, 49.4, 49.39, 49.39, 49.39, 49.4, 49.4, 49.4, 49.39, 49.39, 49.39, 49.4, 49.4, 49.4, 49.39, 49.39, 49.39, 49.4, 49.4, 49.4, 49.42, 49.42, 49.42, 49.4, 49.4, 49.4, 49.39, 49.39, 49.39, 49.39, 49.39, 49.39, 49.4, 49.4, 49.4, 49.4, 49.4, 49.4, 49.39, 49.39], "Temp_env": []}