{"Start_Time": [1759078712.7939138], "Time": [1759078714.7964249, 1759078716.7987046, 1759078718.8013973, 1759078720.8043246, 1759078722.8065841, 1759078724.8096383, 1759078726.8126252, 1759078728.8156292, 1759078730.818708, 1759078732.8220518, 1759078734.8246782, 1759078736.8277404, 1759078738.8306131, 1759078740.8328056, 1759078742.8356812, 1759078744.8381698, 1759078746.8410347, 1759078748.8438947, 1759078750.8461082, 1759078752.8486435, 1759078754.8509848, 1759078756.853722, 1759078758.8561735, 1759078760.8588603, 1759078762.8620303, 1759078764.8648818, 1759078766.8672616, 1759078768.8701491, 1759078770.872858, 1759078772.8752522, 1759078774.87815, 1759078776.8812673, 1759078778.883945, 1759078780.886665, 1759078782.8893027, 1759078784.8924, 1759078786.895339, 1759078788.8982475, 1759078790.901339, 1759078792.9044666, 1759078794.9071314, 1759078796.9094892, 1759078798.9124143, 1759078800.9155402, 1759078802.9185154], "Voltage": [230.29, 230.34, 230.5, 230.5, 230.55, 230.5, 230.45, 230.45, 230.5, 230.92, 230.92, 230.92, 230.97, 231.07, 230.92, 230.86, 230.97, 231.02, 230.97, 230.92, 230.86, 230.86, 230.86, 231.02, 231.02, 230.97, 231.07, 231.13, 231.18, 231.07, 231.02, 231.07, 231.07, 231.13, 231.13, 231.07, 231.13, 231.18, 231.18, 231.13, 230.55, 230.45, 230.6, 230.5, 230.55], "Current": [0.04, 0.04, 0.04, 0.04, 0.04, 0.04, 0.04, 0.04, 0.04, 0.04, 0.04, 0.04, 0.04, 0.04, 0.04, 0.04, 0.04, 0.04, 0.04, 0.04, 0.04, 0.04, 0.04, 0.04, 0.04, 0.04, 0.04, 0.04, 0.04, 0.04, 0.04, 0.04, 0.04, 0.04, 0.04, 0.04, 0.04, 0.04, 0.04, 0.04, 0.04, 0.04, 0.04, 0.04, 0.04], "Real_Power": [3.94, 3.93, 3.81, 3.98, 3.97, 3.9, 3.86, 3.89, 3.99, 3.83, 3.96, 3.93, 3.96, 3.98, 3.88, 3.85, 3.89, 3.97, 3.99, 3.95, 3.99, 3.94, 3.9, 3.83, 3.95, 3.89, 3.92, 3.98, 3.99, 3.99, 3.83, 3.95, 3.94, 3.87, 3.99, 3.99, 3.9, 4.02, 4.04, 4.0, 3.91, 3.85, 3.91, 3.94, 3.96], "Apparent_Power": [9.21, 9.21, 9.22, 9.22, 9.22, 9.22, 9.21, 9.21, 9.22, 9.23, 9.23, 9.23, 9.23, 9.24, 9.23, 9.23, 9.23, 9.24, 9.23, 9.23, 9.23, 9.23, 9.23, 9.24, 9.24, 9.23, 9.24, 9.24, 9.24, 9.24, 9.24, 9.24, 9.24, 9.24, 9.24, 9.24, 9.24, 9.24, 9.24, 9.24, 9.22, 9.21, 9.22, 9.22, 9.22], "Apparent_Power_Reactive": [8.32, 8.32, 8.39, 8.31, 8.32, 8.35, 8.36, 8.34, 8.31, 8.39, 8.33, 8.35, 8.33, 8.33, 8.37, 8.38, 8.37, 8.34, 8.32, 8.34, 8.32, 8.34, 8.36, 8.4, 8.35, 8.37, 8.36, 8.33, 8.33, 8.33, 8.4, 8.35, 8.35, 8.39, 8.33, 8.33, 8.37, 8.31, 8.3, 8.32, 8.34, 8.36, 8.34, 8.33, 8.32], "Power_Factor": [0.427, 0.426, 0.413, 0.431, 0.43, 0.422, 0.419, 0.422, 0.432, 0.414, 0.429, 0.425, 0.429, 0.43, 0.42, 0.417, 0.421, 0.429, 0.432, 0.427, 0.432, 0.426, 0.422, 0.414, 0.427, 0.421, 0.424, 0.43, 0.431, 0.431, 0.414, 0.427, 0.426, 0.418, 0.431, 0.431, 0.422, 0.435, 0.437, 0.432, 0.424, 0.418, 0.424, 0.427, 0.429], "Energy": [0.0, 0.0, 0.0, 0.0, 0.01, 0.01, 0.01, 0.01, 0.01, 0.02, 0.02, 0.02, 0.02, 0.03, 0.03, 0.03, 0.03, 0.03, 0.04, 0.04, 0.04, 0.04, 0.05, 0.05, 0.05, 0.05, 0.05, 0.06, 0.06, 0.06, 0.06, 0.07, 0.07, 0.07, 0.07, 0.07, 0.08, 0.08, 0.08, 0.08, 0.09, 0.09, 0.09, 0.09, 0.09], "Frequency": [49.43, 49.43, 49.43, 49.43, 49.43, 49.43, 49.43, 49.43, 49.43, 49.43, 49.43, 49.44, 49.44, 49.44, 49.44, 49.44, 49.44, 49.44, 49.44, 49.44, 49.43, 49.43, 49.43, 49.41, 49.41, 49.41, 49.4, 49.4, 49.4, 49.4, 49.4, 49.4, 49.4, 49.4, 49.4, 49.39, 49.39, 49.39, 49.4, 49.4, 49.4, 49.4, 49.4, 49.4, 49.4], "Temp_env": []}