{"Start_Time": [1758672730.4502258], "Time": [1758672732.4528546, 1758672734.455723, 1758672736.4656653, 1758672738.4689476, 1758672740.4713528, 1758672742.4812446, 1758672744.4841073, 1758672746.4870121, 1758672748.489818, 1758672750.4929168, 1758672752.4950702, 1758672754.5052423, 1758672756.508114, 1758672758.5111325, 1758672760.5210419, 1758672762.523891, 1758672764.5262613, 1758672766.5362706, 1758672768.5394435, 1758672770.5423012, 1758672772.5452483, 1758672774.5480783, 1758672776.5510933, 1758672778.5614545, 1758672780.564318, 1758672782.5671296, 1758672784.577443, 1758672786.5795484, 1758672788.5826874, 1758672790.5853071, 1758672792.5884044, 1758672794.5914466, 1758672796.5945654, 1758672798.5974536, 1758672800.6002312, 1758672802.6107523, 1758672804.6134405, 1758672806.615536, 1758672808.6255543, 1758672810.6285486, 1758672812.6315467, 1758672814.6347315, 1758672816.6376007, 1758672818.6404366, 1758672820.643351], "Voltage": [230.55, 230.45, 230.45, 230.55, 230.55, 230.45, 230.6, 230.66, 230.55, 230.45, 230.45, 230.6, 230.6, 229.97, 229.97, 230.08, 230.08, 230.08, 230.24, 230.24, 230.24, 230.13, 230.18, 230.18, 230.18, 230.29, 230.24, 230.29, 230.24, 230.29, 230.34, 230.34, 230.29, 230.34, 230.24, 230.34, 230.29, 230.45, 230.45, 230.29, 230.18, 230.18, 230.29, 230.39, 230.45], "Current": [0.04, 0.03, 0.03, 0.03, 0.03, 0.03, 0.04, 0.04, 0.04, 0.04, 0.04, 0.04, 0.03, 0.03, 0.04, 0.03, 0.04, 0.04, 0.03, 0.03, 0.03, 0.03, 0.03, 0.03, 0.03, 0.03, 0.03, 0.03, 0.04, 0.03, 0.03, 0.03, 0.03, 0.04, 0.04, 0.03, 0.03, 0.03, 0.03, 0.04, 0.03, 0.04, 0.04, 0.03, 0.03], "Real_Power": [3.84, 3.84, 3.93, 3.85, 3.89, 3.88, 3.92, 3.74, 3.77, 3.85, 3.89, 3.92, 3.95, 3.89, 4.04, 3.92, 3.98, 3.88, 3.83, 3.89, 3.79, 3.85, 3.82, 3.92, 3.85, 3.89, 3.94, 3.87, 3.91, 3.89, 3.86, 3.84, 3.85, 3.86, 4.0, 3.96, 3.84, 3.81, 3.8, 3.87, 3.85, 3.93, 3.92, 3.82, 3.86], "Apparent_Power": [9.22, 6.91, 6.91, 6.91, 6.91, 6.91, 9.22, 9.22, 9.22, 9.21, 9.21, 9.22, 6.91, 6.89, 9.19, 6.9, 9.2, 9.2, 6.9, 6.9, 6.9, 6.9, 6.9, 6.9, 6.9, 6.9, 6.9, 6.9, 9.2, 6.9, 6.91, 6.91, 6.9, 9.21, 9.2, 6.91, 6.9, 6.91, 6.91, 9.21, 6.9, 9.2, 9.21, 6.91, 6.91], "Apparent_Power_Reactive": [8.38, 5.74, 5.68, 5.73, 5.71, 5.71, 8.34, 8.42, 8.41, 8.36, 8.34, 8.34, 5.66, 5.68, 8.25, 5.67, 8.29, 8.34, 5.73, 5.69, 5.76, 5.72, 5.74, 5.67, 5.72, 5.69, 5.66, 5.71, 8.32, 5.69, 5.73, 5.74, 5.72, 8.36, 8.28, 5.66, 5.73, 5.76, 5.77, 8.35, 5.72, 8.31, 8.33, 5.75, 5.73], "Power_Factor": [0.416, 0.555, 0.568, 0.557, 0.562, 0.561, 0.425, 0.405, 0.408, 0.418, 0.422, 0.425, 0.571, 0.564, 0.439, 0.568, 0.432, 0.421, 0.555, 0.563, 0.549, 0.557, 0.553, 0.568, 0.557, 0.563, 0.571, 0.56, 0.425, 0.563, 0.558, 0.555, 0.557, 0.419, 0.434, 0.573, 0.556, 0.551, 0.549, 0.42, 0.557, 0.427, 0.425, 0.552, 0.558], "Energy": [0.0, 0.0, 0.0, 0.0, 0.01, 0.01, 0.01, 0.01, 0.01, 0.02, 0.02, 0.02, 0.02, 0.03, 0.03, 0.03, 0.03, 0.03, 0.04, 0.04, 0.04, 0.04, 0.05, 0.05, 0.05, 0.05, 0.05, 0.06, 0.06, 0.06, 0.06, 0.06, 0.07, 0.07, 0.07, 0.07, 0.08, 0.08, 0.08, 0.08, 0.08, 0.09, 0.09, 0.09, 0.09], "Frequency": [49.38, 49.38, 49.38, 49.38, 49.38, 49.39, 49.39, 49.39, 49.39, 49.39, 49.39, 49.39, 49.39, 49.39, 49.38, 49.38, 49.38, 49.39, 49.39, 49.39, 49.4, 49.4, 49.4, 49.41, 49.41, 49.41, 49.41, 49.41, 49.41, 49.41, 49.41, 49.41, 49.43, 49.43, 49.43, 49.43, 49.43, 49.43, 49.43, 49.43, 49.43, 49.45, 49.45, 49.45, 49.45], "Temp_env": []}