{"Start_Time": [1759142939.185829], "Time": [1759142941.1885028, 1759142943.1913276, 1759142945.19449, 1759142947.196912, 1759142949.1992784, 1759142951.2016485, 1759142953.204617, 1759142955.2075489, 1759142957.2104387, 1759142959.213636, 1759142961.216961, 1759142963.2198434, 1759142965.222539, 1759142967.2248926, 1759142969.227572, 1759142971.2303224, 1759142973.233188, 1759142975.236049, 1759142977.2389283, 1759142979.241838, 1759142981.2447534, 1759142983.247168, 1759142985.249904, 1759142987.2528512, 1759142989.255254, 1759142991.2581499, 1759142993.2611675, 1759142995.263264, 1759142997.266006, 1759142999.2682285, 1759143001.2713394, 1759143003.274334, 1759143005.2775764, 1759143007.2802966, 1759143009.2834527, 1759143011.2861614, 1759143013.2884722, 1759143015.291535, 1759143017.2943425, 1759143019.296699, 1759143021.2993932, 1759143023.3017497, 1759143025.3047369, 1759143027.3075538, 1759143029.309819], "Voltage": [230.76, 230.81, 230.92, 230.92, 230.66, 230.81, 230.66, 230.66, 230.55, 230.5, 230.55, 230.5, 230.39, 230.34, 230.55, 230.39, 230.45, 230.6, 230.55, 230.71, 230.6, 230.5, 230.34, 230.5, 230.6, 230.71, 230.81, 230.71, 230.6, 230.76, 230.6, 230.66, 230.66, 230.55, 230.66, 230.76, 230.97, 230.92, 231.07, 231.13, 231.13, 231.02, 231.23, 231.23, 231.28], "Current": [0.04, 0.04, 0.04, 0.04, 0.04, 0.04, 0.04, 0.04, 0.04, 0.04, 0.04, 0.04, 0.04, 0.04, 0.04, 0.04, 0.04, 0.04, 0.04, 0.04, 0.04, 0.04, 0.04, 0.04, 0.04, 0.04, 0.04, 0.04, 0.04, 0.04, 0.04, 0.04, 0.04, 0.04, 0.04, 0.04, 0.04, 0.04, 0.04, 0.04, 0.04, 0.04, 0.04, 0.04, 0.04], "Real_Power": [3.93, 3.92, 4.08, 3.88, 3.95, 3.86, 3.92, 4.03, 4.04, 3.93, 3.99, 3.99, 3.93, 3.9, 4.0, 3.95, 4.0, 4.05, 3.95, 4.14, 3.98, 4.0, 3.94, 3.94, 4.0, 4.01, 3.91, 3.93, 3.99, 3.88, 4.08, 4.02, 3.88, 3.91, 3.91, 4.07, 4.0, 3.95, 4.0, 4.01, 4.02, 4.03, 3.91, 3.86, 3.93], "Apparent_Power": [9.23, 9.23, 9.23, 9.23, 9.22, 9.23, 9.22, 9.22, 9.22, 9.22, 9.22, 9.22, 9.21, 9.21, 9.22, 9.21, 9.21, 9.22, 9.22, 9.22, 9.22, 9.22, 9.21, 9.22, 9.22, 9.22, 9.23, 9.22, 9.22, 9.23, 9.22, 9.22, 9.22, 9.22, 9.22, 9.23, 9.23, 9.23, 9.24, 9.24, 9.24, 9.24, 9.24, 9.24, 9.25], "Apparent_Power_Reactive": [8.35, 8.35, 8.27, 8.37, 8.33, 8.38, 8.34, 8.29, 8.28, 8.34, 8.31, 8.31, 8.32, 8.34, 8.3, 8.31, 8.29, 8.28, 8.33, 8.23, 8.31, 8.3, 8.32, 8.33, 8.3, 8.3, 8.36, 8.34, 8.31, 8.37, 8.26, 8.29, 8.36, 8.34, 8.34, 8.28, 8.31, 8.34, 8.32, 8.32, 8.31, 8.31, 8.37, 8.39, 8.37], "Power_Factor": [0.425, 0.424, 0.442, 0.42, 0.428, 0.418, 0.425, 0.437, 0.438, 0.426, 0.432, 0.432, 0.426, 0.423, 0.433, 0.428, 0.434, 0.439, 0.428, 0.449, 0.431, 0.433, 0.427, 0.427, 0.433, 0.434, 0.423, 0.426, 0.432, 0.42, 0.442, 0.436, 0.42, 0.424, 0.424, 0.44, 0.433, 0.427, 0.432, 0.433, 0.435, 0.436, 0.423, 0.417, 0.424], "Energy": [0.0, 0.0, 0.0, 0.0, 0.01, 0.01, 0.01, 0.01, 0.01, 0.02, 0.02, 0.02, 0.02, 0.03, 0.03, 0.03, 0.03, 0.04, 0.04, 0.04, 0.04, 0.04, 0.05, 0.05, 0.05, 0.05, 0.06, 0.06, 0.06, 0.06, 0.06, 0.07, 0.07, 0.07, 0.07, 0.08, 0.08, 0.08, 0.08, 0.08, 0.09, 0.09, 0.09, 0.09, 0.1], "Frequency": [49.4, 49.4, 49.39, 49.39, 49.39, 49.39, 49.39, 49.39, 49.39, 49.39, 49.39, 49.37, 49.37, 49.37, 49.37, 49.37, 49.37, 49.38, 49.38, 49.38, 49.37, 49.37, 49.37, 49.37, 49.37, 49.37, 49.4, 49.4, 49.4, 49.4, 49.4, 49.4, 49.41, 49.41, 49.41, 49.4, 49.4, 49.4, 49.41, 49.41, 49.41, 49.39, 49.39, 49.39, 49.38], "Temp_env": []}