{"Start_Time": [1758852849.946198], "Time": [1758852851.9486768, 1758852853.9509861, 1758852855.9536963, 1758852857.9558215, 1758852859.9585826, 1758852861.961231, 1758852863.9640925, 1758852865.966986, 1758852867.9698, 1758852869.9726377, 1758852871.9748437, 1758852873.9776719, 1758852875.9802513, 1758852877.9831023, 1758852879.9857874, 1758852881.9881835, 1758852883.990956, 1758852885.9937716, 1758852887.9961643, 1758852889.9992833, 1758852892.0019102, 1758852894.0042672, 1758852896.006957, 1758852898.0093222, 1758852900.0120173, 1758852902.0143528, 1758852904.0172958, 1758852906.0202284, 1758852908.023234, 1758852910.0263784, 1758852912.0290673, 1758852914.0315008, 1758852916.034196, 1758852918.0370994, 1758852920.0394545, 1758852922.042418, 1758852924.0455253, 1758852926.0482008, 1758852928.0505822, 1758852930.0532613, 1758852932.0555918, 1758852934.058541, 1758852936.06195, 1758852938.0648165, 1758852940.0673456], "Voltage": [231.76, 231.81, 231.76, 231.86, 231.86, 231.86, 231.86, 231.81, 231.97, 231.91, 232.02, 231.39, 231.39, 231.44, 231.44, 231.55, 231.39, 231.39, 231.44, 231.23, 231.39, 231.28, 231.49, 231.44, 231.44, 231.39, 231.34, 231.39, 231.34, 231.39, 231.44, 231.34, 231.39, 231.34, 231.39, 231.34, 231.39, 231.28, 231.39, 231.39, 231.28, 231.28, 231.34, 231.23, 231.34], "Current": [0.03, 0.03, 0.03, 0.03, 0.03, 0.03, 0.03, 0.03, 0.03, 0.03, 0.03, 0.03, 0.03, 0.03, 0.03, 0.04, 0.04, 0.04, 0.04, 0.04, 0.04, 0.03, 0.03, 0.03, 0.03, 0.03, 0.03, 0.03, 0.03, 0.03, 0.03, 0.03, 0.03, 0.03, 0.03, 0.03, 0.03, 0.03, 0.04, 0.03, 0.03, 0.03, 0.03, 0.03, 0.03], "Real_Power": [3.87, 3.85, 3.95, 3.96, 3.85, 3.94, 3.9, 3.9, 3.86, 3.91, 4.01, 3.92, 3.9, 3.93, 4.0, 4.0, 3.92, 3.97, 3.95, 3.92, 3.93, 3.83, 3.85, 3.94, 4.0, 3.99, 3.73, 3.95, 3.9, 3.9, 3.84, 3.85, 3.93, 3.78, 4.05, 3.97, 3.96, 3.8, 4.1, 3.87, 3.88, 3.86, 3.88, 3.78, 3.95], "Apparent_Power": [6.95, 6.95, 6.95, 6.95, 6.95, 6.95, 6.95, 6.95, 6.95, 6.95, 6.96, 6.94, 6.94, 6.94, 6.94, 9.26, 9.25, 9.25, 9.25, 9.24, 9.25, 6.93, 6.94, 6.94, 6.94, 6.94, 6.94, 6.94, 6.94, 6.94, 6.94, 6.94, 6.94, 6.94, 6.94, 6.94, 6.94, 6.93, 9.25, 6.94, 6.93, 6.93, 6.94, 6.93, 6.94], "Apparent_Power_Reactive": [5.77, 5.78, 5.71, 5.71, 5.78, 5.72, 5.75, 5.75, 5.77, 5.74, 5.68, 5.72, 5.74, 5.72, 5.67, 8.35, 8.37, 8.35, 8.36, 8.36, 8.37, 5.77, 5.77, 5.71, 5.67, 5.67, 5.85, 5.7, 5.74, 5.74, 5.78, 5.77, 5.72, 5.82, 5.63, 5.69, 5.69, 5.79, 8.29, 5.76, 5.74, 5.75, 5.75, 5.8, 5.7], "Power_Factor": [0.556, 0.553, 0.568, 0.569, 0.553, 0.566, 0.561, 0.561, 0.555, 0.562, 0.576, 0.564, 0.561, 0.566, 0.576, 0.431, 0.423, 0.429, 0.427, 0.424, 0.424, 0.552, 0.554, 0.567, 0.576, 0.574, 0.537, 0.569, 0.561, 0.561, 0.553, 0.554, 0.566, 0.544, 0.583, 0.572, 0.57, 0.548, 0.443, 0.557, 0.559, 0.556, 0.559, 0.545, 0.569], "Energy": [0.0, 0.0, 0.0, 0.0, 0.01, 0.01, 0.01, 0.01, 0.01, 0.02, 0.02, 0.02, 0.02, 0.03, 0.03, 0.03, 0.03, 0.03, 0.04, 0.04, 0.04, 0.04, 0.05, 0.05, 0.05, 0.05, 0.05, 0.06, 0.06, 0.06, 0.06, 0.07, 0.07, 0.07, 0.07, 0.07, 0.08, 0.08, 0.08, 0.08, 0.08, 0.09, 0.09, 0.09, 0.09], "Frequency": [49.39, 49.4, 49.4, 49.4, 49.39, 49.39, 49.39, 49.39, 49.39, 49.39, 49.39, 49.39, 49.39, 49.39, 49.39, 49.39, 49.4, 49.4, 49.4, 49.39, 49.39, 49.39, 49.39, 49.39, 49.39, 49.39, 49.39, 49.39, 49.39, 49.39, 49.39, 49.4, 49.4, 49.4, 49.39, 49.39, 49.39, 49.4, 49.4, 49.4, 49.39, 49.39, 49.39, 49.39, 49.39], "Temp_env": []}