{"Start_Time": [1758843558.5175986], "Time": [1758843560.5206153, 1758843562.5233297, 1758843564.526407, 1758843566.5295093, 1758843568.5323164, 1758843570.542402, 1758843572.5451207, 1758843574.547437, 1758843576.5573344, 1758843578.5604033, 1758843580.563308, 1758843582.5724247, 1758843584.575163, 1758843586.5774868, 1758843588.5804245, 1758843590.5830963, 1758843592.5853345, 1758843594.5954833, 1758843596.5980928, 1758843598.600428, 1758843600.6103623, 1758843602.6130712, 1758843604.6153095, 1758843606.6183534, 1758843608.6211782, 1758843610.6233108, 1758843612.6263585, 1758843614.6292763, 1758843616.6313407, 1758843618.6412785, 1758843620.64426, 1758843622.64705, 1758843624.657422, 1758843626.660258, 1758843628.66235, 1758843630.6649365, 1758843632.6673303, 1758843634.6700313, 1758843636.672308, 1758843638.67459, 1758843640.6770885, 1758843642.6864865, 1758843644.6893349, 1758843646.6921618, 1758843648.6944628], "Voltage": [231.28, 231.34, 231.28, 231.34, 231.39, 231.34, 231.23, 231.39, 231.13, 231.34, 231.23, 231.23, 231.23, 231.28, 231.34, 231.23, 231.18, 231.28, 231.02, 231.28, 231.28, 231.18, 231.13, 231.13, 231.07, 231.13, 231.13, 231.18, 231.13, 231.28, 231.13, 231.23, 231.13, 231.18, 231.18, 231.13, 231.23, 231.18, 231.18, 231.28, 231.34, 231.23, 231.28, 231.23, 231.18], "Current": [0.04, 0.04, 0.04, 0.04, 0.04, 0.04, 0.04, 0.04, 0.04, 0.04, 0.04, 0.04, 0.04, 0.04, 0.04, 0.04, 0.04, 0.04, 0.04, 0.04, 0.04, 0.04, 0.04, 0.04, 0.03, 0.04, 0.03, 0.04, 0.04, 0.04, 0.04, 0.04, 0.04, 0.04, 0.04, 0.04, 0.04, 0.04, 0.04, 0.04, 0.04, 0.04, 0.04, 0.04, 0.04], "Real_Power": [3.84, 3.99, 3.88, 3.82, 3.93, 3.87, 3.88, 3.9, 3.8, 3.93, 3.93, 3.9, 3.75, 3.92, 3.96, 3.82, 3.95, 3.93, 3.88, 3.85, 3.91, 3.83, 4.03, 3.9, 3.8, 3.87, 3.87, 3.92, 3.99, 3.97, 3.93, 4.0, 3.9, 3.98, 3.94, 3.84, 3.91, 4.03, 3.9, 3.99, 3.86, 3.94, 3.84, 3.99, 3.96], "Apparent_Power": [9.25, 9.25, 9.25, 9.25, 9.25, 9.25, 9.24, 9.25, 9.24, 9.25, 9.24, 9.24, 9.24, 9.25, 9.25, 9.24, 9.24, 9.25, 9.24, 9.25, 9.25, 9.24, 9.24, 9.24, 6.93, 9.24, 6.93, 9.24, 9.24, 9.25, 9.24, 9.24, 9.24, 9.24, 9.24, 9.24, 9.24, 9.24, 9.24, 9.25, 9.25, 9.24, 9.25, 9.24, 9.24], "Apparent_Power_Reactive": [8.41, 8.34, 8.39, 8.42, 8.37, 8.4, 8.38, 8.38, 8.42, 8.37, 8.36, 8.37, 8.44, 8.37, 8.35, 8.41, 8.35, 8.37, 8.38, 8.41, 8.38, 8.4, 8.31, 8.37, 5.79, 8.39, 5.74, 8.36, 8.33, 8.35, 8.36, 8.32, 8.37, 8.33, 8.35, 8.4, 8.37, 8.31, 8.37, 8.34, 8.4, 8.35, 8.41, 8.33, 8.34], "Power_Factor": [0.415, 0.431, 0.419, 0.412, 0.424, 0.418, 0.419, 0.421, 0.411, 0.424, 0.425, 0.422, 0.405, 0.423, 0.428, 0.413, 0.427, 0.424, 0.419, 0.416, 0.422, 0.414, 0.436, 0.422, 0.548, 0.418, 0.558, 0.424, 0.431, 0.429, 0.425, 0.432, 0.422, 0.43, 0.426, 0.415, 0.423, 0.436, 0.422, 0.431, 0.417, 0.426, 0.415, 0.431, 0.428], "Energy": [0.0, 0.0, 0.0, 0.0, 0.01, 0.01, 0.01, 0.01, 0.01, 0.02, 0.02, 0.02, 0.02, 0.03, 0.03, 0.03, 0.03, 0.03, 0.04, 0.04, 0.04, 0.04, 0.05, 0.05, 0.05, 0.05, 0.05, 0.06, 0.06, 0.06, 0.06, 0.06, 0.07, 0.07, 0.07, 0.07, 0.08, 0.08, 0.08, 0.08, 0.08, 0.09, 0.09, 0.09, 0.09], "Frequency": [49.42, 49.42, 49.41, 49.41, 49.41, 49.41, 49.41, 49.41, 49.41, 49.41, 49.41, 49.39, 49.39, 49.39, 49.4, 49.4, 49.4, 49.42, 49.42, 49.42, 49.41, 49.41, 49.41, 49.4, 49.4, 49.4, 49.39, 49.39, 49.39, 49.39, 49.39, 49.39, 49.39, 49.39, 49.39, 49.39, 49.39, 49.39, 49.39, 49.39, 49.39, 49.39, 49.39, 49.39, 49.39], "Temp_env": []}