{"Start_Time": [1759019591.7704604], "Time": [1759019593.7731614, 1759019595.775514, 1759019597.7780533, 1759019599.7803586, 1759019601.7903287, 1759019603.7932189, 1759019605.7959404, 1759019607.7983787, 1759019609.8016133, 1759019611.8045735, 1759019613.807252, 1759019615.8096142, 1759019617.812576, 1759019619.8149056, 1759019621.8173354, 1759019623.8196738, 1759019625.8225887, 1759019627.8256307, 1759019629.828709, 1759019631.8313947, 1759019633.8339603, 1759019635.8364403, 1759019637.8387718, 1759019639.8414786, 1759019641.8438127, 1759019643.8464851, 1759019645.8490689, 1759019647.8518627, 1759019649.8546393, 1759019651.8569248, 1759019653.859598, 1759019655.8626418, 1759019657.8660908, 1759019659.8689563, 1759019661.8718405, 1759019663.8747, 1759019665.87762, 1759019667.8806946, 1759019669.883044, 1759019671.8861127, 1759019673.8889523, 1759019675.8910758, 1759019677.8937635, 1759019679.896222, 1759019681.8987641], "Voltage": [231.6, 231.65, 231.65, 231.76, 231.7, 231.81, 231.65, 231.65, 231.65, 231.65, 231.76, 231.65, 231.65, 231.7, 231.6, 231.76, 231.76, 231.65, 231.76, 231.65, 231.76, 231.7, 231.76, 231.7, 231.76, 231.81, 231.65, 231.76, 231.81, 231.76, 231.7, 231.86, 231.7, 231.76, 231.76, 231.76, 231.76, 231.7, 231.76, 231.91, 231.76, 231.76, 231.65, 231.81, 231.7], "Current": [0.04, 0.04, 0.04, 0.04, 0.04, 0.04, 0.04, 0.04, 0.04, 0.04, 0.04, 0.04, 0.04, 0.04, 0.04, 0.04, 0.04, 0.04, 0.04, 0.04, 0.04, 0.04, 0.04, 0.04, 0.04, 0.04, 0.04, 0.04, 0.04, 0.04, 0.04, 0.04, 0.04, 0.04, 0.04, 0.04, 0.04, 0.04, 0.04, 0.04, 0.04, 0.04, 0.04, 0.04, 0.04], "Real_Power": [3.82, 3.82, 3.87, 3.87, 3.83, 3.86, 3.78, 3.87, 3.79, 3.82, 3.77, 3.81, 3.96, 3.79, 3.74, 3.72, 3.87, 3.79, 3.79, 3.8, 3.91, 3.81, 3.91, 3.83, 3.74, 3.89, 3.78, 3.86, 3.83, 3.69, 3.83, 3.89, 3.88, 3.88, 3.8, 3.93, 3.89, 3.81, 3.88, 3.89, 3.86, 3.84, 3.87, 3.78, 3.9], "Apparent_Power": [9.26, 9.26, 9.26, 9.27, 9.26, 9.27, 9.26, 9.26, 9.26, 9.26, 9.27, 9.26, 9.26, 9.26, 9.26, 9.27, 9.27, 9.26, 9.27, 9.26, 9.27, 9.26, 9.27, 9.26, 9.27, 9.27, 9.26, 9.27, 9.27, 9.27, 9.26, 9.27, 9.26, 9.27, 9.27, 9.27, 9.27, 9.26, 9.27, 9.27, 9.27, 9.27, 9.26, 9.27, 9.26], "Apparent_Power_Reactive": [8.43, 8.43, 8.41, 8.42, 8.43, 8.42, 8.45, 8.41, 8.44, 8.43, 8.46, 8.43, 8.37, 8.44, 8.47, 8.49, 8.42, 8.44, 8.45, 8.44, 8.4, 8.43, 8.4, 8.43, 8.48, 8.41, 8.45, 8.42, 8.44, 8.5, 8.43, 8.41, 8.4, 8.41, 8.45, 8.39, 8.41, 8.43, 8.41, 8.41, 8.42, 8.43, 8.41, 8.46, 8.39], "Power_Factor": [0.412, 0.412, 0.417, 0.417, 0.413, 0.416, 0.408, 0.417, 0.409, 0.412, 0.406, 0.411, 0.427, 0.409, 0.403, 0.401, 0.417, 0.409, 0.408, 0.41, 0.421, 0.411, 0.421, 0.413, 0.403, 0.419, 0.408, 0.416, 0.413, 0.398, 0.413, 0.419, 0.419, 0.418, 0.409, 0.423, 0.419, 0.411, 0.418, 0.419, 0.416, 0.414, 0.417, 0.407, 0.421], "Energy": [0.0, 0.0, 0.0, 0.0, 0.01, 0.01, 0.01, 0.01, 0.01, 0.02, 0.02, 0.02, 0.02, 0.03, 0.03, 0.03, 0.03, 0.03, 0.04, 0.04, 0.04, 0.04, 0.04, 0.05, 0.05, 0.05, 0.05, 0.06, 0.06, 0.06, 0.06, 0.06, 0.07, 0.07, 0.07, 0.07, 0.07, 0.08, 0.08, 0.08, 0.08, 0.09, 0.09, 0.09, 0.09], "Frequency": [49.35, 49.35, 49.33, 49.33, 49.33, 49.35, 49.35, 49.35, 49.35, 49.35, 49.35, 49.35, 49.35, 49.35, 49.35, 49.35, 49.35, 49.35, 49.35, 49.35, 49.35, 49.35, 49.35, 49.35, 49.35, 49.35, 49.35, 49.35, 49.35, 49.36, 49.36, 49.36, 49.37, 49.37, 49.37, 49.38, 49.38, 49.38, 49.38, 49.38, 49.38, 49.36, 49.36, 49.36, 49.35], "Temp_env": []}