{"Start_Time": [1758831917.9627924], "Time": [1758831919.965176, 1758831921.96765, 1758831923.9707038, 1758831925.973082, 1758831927.97563, 1758831929.9781866, 1758831931.9808474, 1758831933.983747, 1758831935.986737, 1758831937.9890952, 1758831939.992214, 1758831941.995295, 1758831943.9979632, 1758831946.000813, 1758831948.0031512, 1758831950.005851, 1758831952.0081234, 1758831954.0112026, 1758831956.0141919, 1758831958.0171986, 1758831960.0200622, 1758831962.0224643, 1758831964.0254757, 1758831966.028336, 1758831968.0303767, 1758831970.0333438, 1758831972.0359, 1758831974.0383263, 1758831976.0403833, 1758831978.0434675, 1758831980.0463326, 1758831982.0494301, 1758831984.0522773, 1758831986.0553608, 1758831988.0581741, 1758831990.0605674, 1758831992.0635014, 1758831994.0665195, 1758831996.069628, 1758831998.072653, 1758832000.075888, 1758832002.0785418, 1758832004.0815911, 1758832006.0845923, 1758832008.0873866], "Voltage": [228.09, 228.19, 228.19, 228.09, 228.19, 228.35, 228.24, 228.3, 228.24, 228.24, 228.24, 228.3, 228.19, 228.24, 228.19, 228.19, 228.14, 228.19, 228.3, 228.19, 228.3, 228.09, 228.19, 228.24, 228.19, 228.09, 228.24, 228.04, 228.19, 228.14, 227.98, 228.19, 227.98, 228.09, 227.98, 227.93, 228.04, 228.09, 228.09, 227.88, 227.77, 227.93, 227.93, 228.04, 228.14], "Current": [0.04, 0.04, 0.04, 0.04, 0.04, 0.04, 0.04, 0.04, 0.04, 0.04, 0.04, 0.04, 0.04, 0.04, 0.04, 0.04, 0.04, 0.04, 0.04, 0.04, 0.04, 0.04, 0.04, 0.04, 0.04, 0.04, 0.04, 0.04, 0.04, 0.04, 0.04, 0.04, 0.04, 0.04, 0.04, 0.04, 0.04, 0.04, 0.04, 0.04, 0.04, 0.04, 0.04, 0.04, 0.04], "Real_Power": [3.88, 3.91, 3.92, 3.81, 3.9, 3.95, 3.89, 3.96, 3.93, 3.96, 3.85, 3.96, 3.88, 3.78, 3.88, 3.88, 3.85, 3.9, 4.05, 3.79, 3.95, 4.01, 3.9, 3.93, 3.93, 3.84, 3.88, 3.86, 3.96, 3.98, 3.98, 3.85, 3.87, 3.87, 3.8, 3.81, 3.87, 3.95, 3.84, 3.94, 3.91, 3.9, 3.92, 3.88, 3.92], "Apparent_Power": [9.12, 9.12, 9.12, 9.12, 9.12, 9.13, 9.12, 9.13, 9.12, 9.12, 9.12, 9.13, 9.12, 9.12, 9.12, 9.12, 9.12, 9.12, 9.13, 9.12, 9.13, 9.12, 9.12, 9.12, 9.12, 9.12, 9.12, 9.12, 9.12, 9.12, 9.11, 9.12, 9.11, 9.12, 9.11, 9.11, 9.12, 9.12, 9.12, 9.11, 9.11, 9.11, 9.11, 9.12, 9.12], "Apparent_Power_Reactive": [8.25, 8.23, 8.23, 8.28, 8.24, 8.23, 8.24, 8.22, 8.22, 8.21, 8.26, 8.22, 8.25, 8.29, 8.25, 8.25, 8.26, 8.24, 8.18, 8.29, 8.23, 8.19, 8.24, 8.22, 8.22, 8.27, 8.25, 8.26, 8.21, 8.2, 8.19, 8.26, 8.24, 8.25, 8.27, 8.27, 8.25, 8.22, 8.27, 8.21, 8.22, 8.23, 8.22, 8.25, 8.23], "Power_Factor": [0.425, 0.428, 0.429, 0.417, 0.427, 0.432, 0.426, 0.433, 0.43, 0.434, 0.422, 0.433, 0.425, 0.414, 0.425, 0.425, 0.422, 0.427, 0.443, 0.415, 0.432, 0.439, 0.427, 0.43, 0.43, 0.421, 0.425, 0.423, 0.434, 0.436, 0.436, 0.422, 0.424, 0.424, 0.417, 0.418, 0.424, 0.433, 0.421, 0.432, 0.429, 0.428, 0.43, 0.425, 0.429], "Energy": [0.0, 0.0, 0.0, 0.0, 0.01, 0.01, 0.01, 0.01, 0.01, 0.02, 0.02, 0.02, 0.02, 0.03, 0.03, 0.03, 0.03, 0.03, 0.04, 0.04, 0.04, 0.04, 0.05, 0.05, 0.05, 0.05, 0.05, 0.06, 0.06, 0.06, 0.06, 0.07, 0.07, 0.07, 0.07, 0.07, 0.08, 0.08, 0.08, 0.08, 0.09, 0.09, 0.09, 0.09, 0.09], "Frequency": [49.4, 49.4, 49.41, 49.41, 49.41, 49.42, 49.42, 49.42, 49.39, 49.39, 49.39, 49.4, 49.4, 49.4, 49.39, 49.39, 49.39, 49.39, 49.39, 49.39, 49.39, 49.39, 49.39, 49.4, 49.4, 49.4, 49.39, 49.39, 49.39, 49.39, 49.39, 49.39, 49.4, 49.4, 49.4, 49.4, 49.4, 49.4, 49.39, 49.39, 49.39, 49.37, 49.37, 49.37, 49.38], "Temp_env": []}