{"Start_Time": [1758869596.1413796], "Time": [1758869598.1436615, 1758869600.1465442, 1758869602.1495738, 1758869604.1526833, 1758869606.1559525, 1758869608.1584067, 1758869610.1607232, 1758869612.1636207, 1758869614.1665154, 1758869616.169195, 1758869618.1720333, 1758869620.1749034, 1758869622.177624, 1758869624.1802518, 1758869626.182632, 1758869628.1863182, 1758869630.1887493, 1758869632.1913774, 1758869634.1941874, 1758869636.1968553, 1758869638.1997318, 1758869640.2027814, 1758869642.2053366, 1758869644.2081673, 1758869646.2111514, 1758869648.2140274, 1758869650.216378, 1758869652.2189403, 1758869654.2215142, 1758869656.2243075, 1758869658.2271602, 1758869660.230324, 1758869662.2332156, 1758869664.2362728, 1758869666.2386048, 1758869668.241417, 1758869670.244288, 1758869672.24723, 1758869674.2503247, 1758869676.253165, 1758869678.2567034, 1758869680.2592661, 1758869682.262438, 1758869684.2654316, 1758869686.2683258], "Voltage": [227.25, 227.25, 227.67, 227.88, 227.77, 227.83, 227.77, 227.46, 227.67, 227.62, 227.62, 227.67, 227.67, 227.72, 227.72, 227.72, 227.77, 227.93, 227.93, 227.93, 227.88, 227.83, 227.88, 227.93, 227.93, 227.67, 227.67, 227.77, 227.67, 227.56, 227.56, 227.46, 227.3, 227.3, 227.2, 227.09, 227.35, 227.35, 227.35, 227.3, 227.3, 227.2, 227.41, 227.2, 227.35], "Current": [0.04, 0.04, 0.04, 0.04, 0.04, 0.04, 0.04, 0.04, 0.04, 0.04, 0.04, 0.04, 0.04, 0.04, 0.04, 0.04, 0.04, 0.04, 0.04, 0.04, 0.04, 0.04, 0.04, 0.04, 0.04, 0.04, 0.04, 0.04, 0.04, 0.04, 0.04, 0.04, 0.04, 0.04, 0.04, 0.04, 0.04, 0.04, 0.04, 0.04, 0.04, 0.04, 0.04, 0.04, 0.04], "Real_Power": [3.92, 3.85, 4.0, 3.97, 4.02, 4.02, 3.86, 3.89, 3.89, 4.02, 4.0, 3.92, 3.95, 4.1, 4.13, 4.0, 4.03, 4.03, 3.9, 4.03, 4.03, 4.0, 3.94, 3.97, 4.0, 3.96, 4.0, 3.99, 4.04, 3.96, 3.98, 4.03, 3.91, 3.93, 4.0, 3.95, 3.92, 4.04, 4.07, 3.97, 3.94, 3.99, 3.92, 4.11, 4.06], "Apparent_Power": [9.09, 9.09, 9.1, 9.11, 9.11, 9.11, 9.11, 9.09, 9.1, 9.1, 9.1, 9.1, 9.1, 9.1, 9.1, 9.1, 9.11, 9.11, 9.11, 9.11, 9.11, 9.11, 9.11, 9.11, 9.11, 9.1, 9.1, 9.11, 9.1, 9.1, 9.1, 9.09, 9.09, 9.09, 9.08, 9.08, 9.09, 9.09, 9.09, 9.09, 9.09, 9.08, 9.09, 9.08, 9.09], "Apparent_Power_Reactive": [8.2, 8.23, 8.17, 8.19, 8.17, 8.17, 8.25, 8.21, 8.22, 8.16, 8.17, 8.21, 8.19, 8.12, 8.1, 8.17, 8.17, 8.17, 8.23, 8.17, 8.17, 8.18, 8.21, 8.19, 8.18, 8.19, 8.17, 8.18, 8.15, 8.19, 8.18, 8.14, 8.2, 8.19, 8.15, 8.17, 8.2, 8.14, 8.12, 8.17, 8.19, 8.15, 8.2, 8.09, 8.13], "Power_Factor": [0.431, 0.423, 0.439, 0.435, 0.441, 0.441, 0.423, 0.427, 0.427, 0.441, 0.439, 0.43, 0.434, 0.45, 0.453, 0.439, 0.442, 0.442, 0.428, 0.442, 0.442, 0.439, 0.432, 0.435, 0.439, 0.435, 0.439, 0.437, 0.443, 0.435, 0.437, 0.443, 0.43, 0.432, 0.44, 0.435, 0.431, 0.444, 0.447, 0.436, 0.433, 0.439, 0.431, 0.452, 0.446], "Energy": [0.0, 0.0, 0.0, 0.0, 0.01, 0.01, 0.01, 0.01, 0.01, 0.02, 0.02, 0.02, 0.02, 0.03, 0.03, 0.03, 0.03, 0.04, 0.04, 0.04, 0.04, 0.04, 0.05, 0.05, 0.05, 0.05, 0.06, 0.06, 0.06, 0.06, 0.06, 0.07, 0.07, 0.07, 0.07, 0.08, 0.08, 0.08, 0.08, 0.08, 0.09, 0.09, 0.09, 0.09, 0.1], "Frequency": [49.45, 49.47, 49.47, 49.47, 49.46, 49.46, 49.46, 49.44, 49.44, 49.44, 49.43, 49.43, 49.43, 49.41, 49.41, 49.41, 49.43, 49.43, 49.43, 49.43, 49.43, 49.43, 49.43, 49.43, 49.43, 49.46, 49.46, 49.46, 49.47, 49.47, 49.47, 49.47, 49.47, 49.47, 49.47, 49.47, 49.47, 49.46, 49.46, 49.46, 49.45, 49.45, 49.45, 49.43, 49.43], "Temp_env": []}