{"Start_Time": [1758690907.020338], "Time": [1758690909.0224874, 1758690911.0255191, 1758690913.0285933, 1758690915.0314429, 1758690917.0336654, 1758690919.0365207, 1758690921.038692, 1758690923.041644, 1758690925.0440795, 1758690927.0468514, 1758690929.0493946, 1758690931.0517569, 1758690933.054404, 1758690935.0567937, 1758690937.0594962, 1758690939.0620327, 1758690941.064872, 1758690943.0676177, 1758690945.0701573, 1758690947.072666, 1758690949.0756607, 1758690951.078025, 1758690953.081022, 1758690955.0840502, 1758690957.0868232, 1758690959.089114, 1758690961.0918403, 1758690963.094353, 1758690965.0971806, 1758690967.1001742, 1758690969.1030252, 1758690971.1058233, 1758690973.1082306, 1758690975.1109407, 1758690977.1132674, 1758690979.1161914, 1758690981.1182737, 1758690983.121155, 1758690985.12423, 1758690987.1270115, 1758690989.1293476, 1758690991.1323514, 1758690993.1352773, 1758690995.1384153, 1758690997.1413128], "Voltage": [228.61, 228.56, 228.51, 228.35, 228.45, 228.4, 228.35, 228.3, 228.4, 228.4, 228.4, 228.51, 228.45, 228.4, 228.56, 228.4, 228.51, 228.4, 228.45, 228.51, 228.61, 228.45, 228.61, 228.51, 228.51, 228.45, 228.56, 228.72, 228.4, 228.51, 228.51, 228.45, 228.45, 228.4, 228.4, 228.19, 228.24, 228.24, 228.04, 228.04, 228.04, 228.14, 228.09, 228.09, 228.14], "Current": [0.04, 0.04, 0.04, 0.04, 0.04, 0.04, 0.04, 0.04, 0.04, 0.04, 0.04, 0.04, 0.04, 0.04, 0.04, 0.04, 0.04, 0.04, 0.04, 0.04, 0.04, 0.04, 0.04, 0.04, 0.04, 0.04, 0.04, 0.04, 0.04, 0.04, 0.04, 0.04, 0.04, 0.04, 0.04, 0.04, 0.04, 0.04, 0.04, 0.04, 0.04, 0.04, 0.04, 0.04, 0.04], "Real_Power": [3.83, 3.97, 4.0, 3.89, 3.91, 3.95, 4.09, 4.01, 4.03, 3.98, 3.87, 3.93, 3.95, 4.09, 3.88, 3.96, 3.99, 4.06, 3.9, 3.95, 3.94, 3.89, 4.07, 3.89, 3.99, 3.98, 3.92, 4.08, 3.93, 3.98, 3.89, 3.83, 3.96, 3.9, 3.93, 4.11, 3.93, 4.05, 4.01, 3.99, 4.01, 3.99, 4.01, 4.0, 3.92], "Apparent_Power": [9.14, 9.14, 9.14, 9.13, 9.13, 9.13, 9.13, 9.13, 9.13, 9.13, 9.13, 9.14, 9.13, 9.13, 9.14, 9.13, 9.14, 9.13, 9.13, 9.14, 9.14, 9.13, 9.14, 9.14, 9.14, 9.13, 9.14, 9.14, 9.13, 9.14, 9.14, 9.13, 9.13, 9.13, 9.13, 9.12, 9.12, 9.12, 9.12, 9.12, 9.12, 9.12, 9.12, 9.12, 9.12], "Apparent_Power_Reactive": [8.29, 8.23, 8.21, 8.25, 8.25, 8.23, 8.16, 8.2, 8.19, 8.21, 8.26, 8.25, 8.23, 8.16, 8.27, 8.22, 8.22, 8.17, 8.25, 8.24, 8.24, 8.25, 8.18, 8.27, 8.22, 8.21, 8.25, 8.17, 8.24, 8.22, 8.27, 8.28, 8.22, 8.25, 8.24, 8.14, 8.22, 8.17, 8.19, 8.2, 8.19, 8.2, 8.19, 8.19, 8.23], "Power_Factor": [0.419, 0.434, 0.437, 0.426, 0.428, 0.432, 0.447, 0.439, 0.441, 0.435, 0.423, 0.429, 0.432, 0.447, 0.424, 0.433, 0.436, 0.444, 0.427, 0.432, 0.431, 0.426, 0.445, 0.425, 0.436, 0.435, 0.428, 0.446, 0.43, 0.435, 0.425, 0.419, 0.433, 0.427, 0.43, 0.45, 0.43, 0.444, 0.439, 0.437, 0.439, 0.437, 0.439, 0.438, 0.429], "Energy": [0.0, 0.0, 0.0, 0.0, 0.01, 0.01, 0.01, 0.01, 0.01, 0.02, 0.02, 0.02, 0.02, 0.03, 0.03, 0.03, 0.03, 0.03, 0.04, 0.04, 0.04, 0.04, 0.05, 0.05, 0.05, 0.05, 0.05, 0.06, 0.06, 0.06, 0.06, 0.07, 0.07, 0.07, 0.07, 0.07, 0.08, 0.08, 0.08, 0.08, 0.09, 0.09, 0.09, 0.09, 0.09], "Frequency": [49.39, 49.39, 49.39, 49.39, 49.39, 49.39, 49.39, 49.39, 49.39, 49.4, 49.4, 49.4, 49.4, 49.4, 49.4, 49.41, 49.41, 49.41, 49.41, 49.41, 49.41, 49.43, 49.43, 49.43, 49.42, 49.42, 49.42, 49.42, 49.42, 49.42, 49.41, 49.41, 49.41, 49.4, 49.4, 49.4, 49.41, 49.41, 49.41, 49.4, 49.4, 49.4, 49.42, 49.42, 49.42], "Temp_env": []}