{"Start_Time": [1759323282.209788], "Time": [1759323284.212313, 1759323286.21516, 1759323288.2183053, 1759323290.2211788, 1759323292.223452, 1759323294.2264795, 1759323296.2293117, 1759323298.231615, 1759323300.2344048, 1759323302.2375085, 1759323304.2402527, 1759323306.2425444, 1759323308.245457, 1759323310.247705, 1759323312.250468, 1759323314.2528102, 1759323316.254758, 1759323318.2579103, 1759323320.2606068, 1759323322.2629337, 1759323324.2656364, 1759323326.268608, 1759323328.271218, 1759323330.2738338, 1759323332.276018, 1759323334.2789984, 1759323336.2818666, 1759323338.2847185, 1759323340.2868893, 1759323342.2890868, 1759323344.2922552, 1759323346.295041, 1759323348.2982008, 1759323350.3008955, 1759323352.3031826, 1759323354.3060215, 1759323356.3084428, 1759323358.3104086, 1759323360.3133678, 1759323362.3164587, 1759323364.3194242, 1759323366.3227167, 1759323368.3252501, 1759323370.327588, 1759323372.330329], "Voltage": [228.87, 228.77, 228.87, 229.14, 229.08, 228.98, 228.93, 228.98, 229.03, 228.87, 228.93, 228.93, 228.66, 228.93, 228.93, 228.93, 228.87, 228.93, 228.82, 228.82, 228.93, 228.82, 228.87, 228.93, 229.03, 228.93, 228.93, 228.93, 228.98, 228.98, 228.98, 228.93, 228.93, 228.82, 229.03, 228.98, 228.87, 228.87, 228.87, 229.03, 228.77, 228.93, 228.66, 228.66, 228.87], "Current": [0.04, 0.04, 0.04, 0.04, 0.04, 0.04, 0.04, 0.04, 0.04, 0.04, 0.04, 0.04, 0.04, 0.04, 0.04, 0.04, 0.04, 0.04, 0.04, 0.04, 0.04, 0.04, 0.04, 0.04, 0.04, 0.04, 0.04, 0.04, 0.04, 0.04, 0.04, 0.04, 0.04, 0.04, 0.04, 0.04, 0.04, 0.04, 0.04, 0.04, 0.04, 0.04, 0.04, 0.04, 0.04], "Real_Power": [3.98, 4.1, 3.95, 4.09, 3.96, 3.97, 4.02, 4.03, 3.96, 3.98, 4.05, 4.06, 3.98, 4.03, 4.0, 3.97, 3.97, 4.08, 4.03, 4.06, 4.02, 3.97, 3.96, 4.15, 4.09, 3.86, 4.0, 3.97, 3.98, 3.98, 3.93, 4.0, 4.19, 4.03, 4.1, 3.94, 4.08, 3.97, 4.09, 4.01, 4.07, 4.07, 4.05, 4.04, 4.09], "Apparent_Power": [9.15, 9.15, 9.15, 9.16, 9.16, 9.15, 9.15, 9.15, 9.16, 9.15, 9.15, 9.15, 9.14, 9.15, 9.15, 9.15, 9.15, 9.15, 9.15, 9.15, 9.15, 9.15, 9.15, 9.15, 9.16, 9.15, 9.15, 9.15, 9.15, 9.15, 9.15, 9.15, 9.15, 9.15, 9.16, 9.15, 9.15, 9.15, 9.15, 9.16, 9.15, 9.15, 9.14, 9.14, 9.15], "Apparent_Power_Reactive": [8.23, 8.18, 8.25, 8.19, 8.25, 8.24, 8.21, 8.21, 8.25, 8.23, 8.2, 8.19, 8.22, 8.21, 8.22, 8.24, 8.24, 8.19, 8.21, 8.19, 8.21, 8.24, 8.24, 8.15, 8.19, 8.29, 8.22, 8.24, 8.23, 8.23, 8.26, 8.22, 8.13, 8.21, 8.19, 8.25, 8.19, 8.24, 8.18, 8.23, 8.19, 8.19, 8.19, 8.19, 8.18], "Power_Factor": [0.434, 0.448, 0.431, 0.446, 0.432, 0.433, 0.439, 0.44, 0.432, 0.434, 0.442, 0.443, 0.435, 0.44, 0.437, 0.433, 0.433, 0.445, 0.44, 0.443, 0.439, 0.433, 0.432, 0.453, 0.446, 0.421, 0.437, 0.433, 0.434, 0.434, 0.429, 0.437, 0.457, 0.44, 0.447, 0.43, 0.445, 0.433, 0.446, 0.437, 0.444, 0.444, 0.443, 0.442, 0.446], "Energy": [0.0, 0.0, 0.0, 0.0, 0.01, 0.01, 0.01, 0.01, 0.02, 0.02, 0.02, 0.02, 0.02, 0.03, 0.03, 0.03, 0.03, 0.04, 0.04, 0.04, 0.04, 0.04, 0.05, 0.05, 0.05, 0.05, 0.06, 0.06, 0.06, 0.06, 0.06, 0.07, 0.07, 0.07, 0.07, 0.08, 0.08, 0.08, 0.08, 0.09, 0.09, 0.09, 0.09, 0.09, 0.1], "Frequency": [49.42, 49.42, 49.42, 49.42, 49.42, 49.42, 49.42, 49.42, 49.41, 49.41, 49.41, 49.41, 49.41, 49.41, 49.4, 49.4, 49.4, 49.4, 49.4, 49.4, 49.39, 49.39, 49.39, 49.39, 49.39, 49.39, 49.39, 49.39, 49.39, 49.39, 49.39, 49.39, 49.4, 49.4, 49.4, 49.39, 49.39, 49.39, 49.41, 49.41, 49.41, 49.4, 49.4, 49.4, 49.41], "Temp_env": []}