{"Start_Time": [1759167465.1460946], "Time": [1759167467.1493254, 1759167469.1520033, 1759167471.1543984, 1759167473.1570895, 1759167475.159459, 1759167477.162136, 1759167479.164474, 1759167481.16737, 1759167483.1704972, 1759167485.173132, 1759167487.1764903, 1759167489.1793575, 1759167491.1816769, 1759167493.1843812, 1759167495.1875348, 1759167497.1906328, 1759167499.1933672, 1759167501.195707, 1759167503.1976955, 1759167505.2004561, 1759167507.2027004, 1759167509.2054462, 1759167511.208832, 1759167513.21167, 1759167515.2144456, 1759167517.2168348, 1759167519.2195015, 1759167521.2219646, 1759167523.2247071, 1759167525.2275789, 1759167527.2300704, 1759167529.2328033, 1759167531.2356517, 1759167533.2380593, 1759167535.2407687, 1759167537.2430902, 1759167539.245759, 1759167541.248124, 1759167543.251073, 1759167545.2538662, 1759167547.2569602, 1759167549.2592785, 1759167551.2624116, 1759167553.2649908, 1759167555.2673328], "Voltage": [230.92, 231.02, 231.02, 231.07, 231.02, 230.86, 230.97, 230.97, 231.13, 230.92, 230.81, 231.02, 230.92, 231.02, 230.97, 230.92, 230.97, 230.97, 231.07, 230.97, 230.97, 231.02, 231.18, 231.07, 231.07, 230.97, 231.07, 231.07, 231.07, 230.97, 231.02, 231.13, 231.02, 231.02, 231.07, 231.02, 231.02, 231.02, 230.86, 231.02, 230.97, 231.02, 230.97, 231.07, 231.02], "Current": [0.04, 0.04, 0.04, 0.04, 0.04, 0.04, 0.04, 0.04, 0.04, 0.04, 0.04, 0.04, 0.04, 0.04, 0.04, 0.04, 0.04, 0.04, 0.04, 0.04, 0.04, 0.04, 0.04, 0.04, 0.04, 0.04, 0.04, 0.04, 0.04, 0.04, 0.04, 0.04, 0.04, 0.04, 0.04, 0.04, 0.04, 0.04, 0.04, 0.04, 0.04, 0.04, 0.04, 0.04, 0.04], "Real_Power": [3.87, 3.89, 3.95, 3.98, 3.91, 3.9, 3.97, 3.95, 3.88, 3.94, 3.95, 4.08, 3.94, 3.97, 3.89, 3.93, 3.96, 3.98, 3.88, 3.95, 4.01, 3.87, 4.01, 3.92, 3.9, 3.9, 4.0, 3.87, 3.94, 3.95, 3.96, 3.87, 4.0, 4.0, 3.82, 3.97, 3.95, 3.97, 3.99, 3.97, 3.83, 3.93, 4.04, 3.96, 3.95], "Apparent_Power": [9.23, 9.24, 9.24, 9.24, 9.24, 9.23, 9.23, 9.23, 9.24, 9.23, 9.23, 9.24, 9.23, 9.24, 9.23, 9.23, 9.23, 9.23, 9.24, 9.23, 9.23, 9.24, 9.24, 9.24, 9.24, 9.23, 9.24, 9.24, 9.24, 9.23, 9.24, 9.24, 9.24, 9.24, 9.24, 9.24, 9.24, 9.24, 9.23, 9.24, 9.23, 9.24, 9.23, 9.24, 9.24], "Apparent_Power_Reactive": [8.37, 8.38, 8.35, 8.33, 8.37, 8.36, 8.33, 8.34, 8.38, 8.34, 8.34, 8.29, 8.34, 8.34, 8.37, 8.35, 8.33, 8.32, 8.38, 8.34, 8.31, 8.39, 8.32, 8.36, 8.37, 8.36, 8.32, 8.39, 8.35, 8.34, 8.34, 8.39, 8.32, 8.32, 8.41, 8.34, 8.35, 8.34, 8.32, 8.34, 8.39, 8.36, 8.29, 8.34, 8.35], "Power_Factor": [0.419, 0.42, 0.427, 0.43, 0.423, 0.422, 0.43, 0.427, 0.419, 0.426, 0.427, 0.441, 0.426, 0.429, 0.421, 0.425, 0.429, 0.431, 0.419, 0.427, 0.434, 0.418, 0.433, 0.424, 0.422, 0.422, 0.432, 0.418, 0.426, 0.427, 0.428, 0.418, 0.432, 0.432, 0.413, 0.429, 0.427, 0.429, 0.432, 0.429, 0.414, 0.425, 0.437, 0.428, 0.427], "Energy": [0.0, 0.0, 0.0, 0.0, 0.01, 0.01, 0.01, 0.01, 0.01, 0.02, 0.02, 0.02, 0.02, 0.03, 0.03, 0.03, 0.03, 0.03, 0.04, 0.04, 0.04, 0.04, 0.05, 0.05, 0.05, 0.05, 0.05, 0.06, 0.06, 0.06, 0.06, 0.07, 0.07, 0.07, 0.07, 0.07, 0.08, 0.08, 0.08, 0.08, 0.09, 0.09, 0.09, 0.09, 0.09], "Frequency": [49.39, 49.39, 49.41, 49.41, 49.41, 49.4, 49.4, 49.4, 49.42, 49.42, 49.42, 49.41, 49.41, 49.41, 49.41, 49.41, 49.41, 49.39, 49.39, 49.39, 49.39, 49.39, 49.39, 49.4, 49.4, 49.4, 49.4, 49.4, 49.4, 49.41, 49.41, 49.41, 49.43, 49.43, 49.43, 49.4, 49.4, 49.4, 49.4, 49.4, 49.4, 49.4, 49.4, 49.4, 49.4], "Temp_env": []}