{"Start_Time": [1758780864.050247], "Time": [1758780866.0533783, 1758780868.0564053, 1758780870.0592804, 1758780872.0620148, 1758780874.065011, 1758780876.0674314, 1758780878.0703871, 1758780880.0733202, 1758780882.0763853, 1758780884.0792463, 1758780886.0821385, 1758780888.0844843, 1758780890.0875328, 1758780892.0904217, 1758780894.0932696, 1758780896.096473, 1758780898.0993643, 1758780900.1022804, 1758780902.1045754, 1758780904.1076598, 1758780906.1103287, 1758780908.1126366, 1758780910.1155846, 1758780912.1183882, 1758780914.1212764, 1758780916.1236115, 1758780918.1265728, 1758780920.1293647, 1758780922.1321738, 1758780924.1350138, 1758780926.1380482, 1758780928.1407387, 1758780930.1436808, 1758780932.146371, 1758780934.1486988, 1758780936.1514347, 1758780938.1540046, 1758780940.1568437, 1758780942.1597433, 1758780944.1626704, 1758780946.1656833, 1758780948.167958, 1758780950.1710956, 1758780952.173951, 1758780954.1769838], "Voltage": [230.66, 230.81, 230.81, 230.71, 230.71, 230.76, 230.86, 230.71, 230.76, 230.71, 230.76, 230.6, 230.66, 230.6, 230.6, 230.92, 230.81, 230.76, 230.71, 230.71, 230.66, 230.71, 230.97, 230.81, 230.81, 230.71, 230.71, 230.76, 230.81, 230.76, 230.81, 230.76, 230.81, 230.55, 230.71, 230.66, 230.71, 230.66, 230.6, 230.66, 230.66, 230.66, 230.66, 230.71, 230.71], "Current": [0.04, 0.04, 0.04, 0.04, 0.04, 0.04, 0.04, 0.04, 0.04, 0.04, 0.04, 0.04, 0.04, 0.04, 0.04, 0.04, 0.04, 0.04, 0.04, 0.04, 0.04, 0.04, 0.04, 0.04, 0.04, 0.04, 0.04, 0.04, 0.04, 0.04, 0.04, 0.04, 0.04, 0.04, 0.04, 0.04, 0.04, 0.04, 0.04, 0.04, 0.04, 0.04, 0.04, 0.04, 0.04], "Real_Power": [3.9, 3.85, 4.0, 3.87, 3.92, 4.01, 3.87, 3.91, 4.03, 3.9, 3.98, 3.95, 3.93, 4.02, 3.85, 3.84, 3.99, 3.97, 4.01, 3.94, 3.92, 3.99, 4.09, 3.94, 3.79, 3.92, 3.98, 3.87, 3.95, 3.9, 3.98, 3.98, 3.88, 3.93, 4.0, 3.94, 3.99, 3.87, 3.85, 3.89, 3.94, 3.94, 3.95, 3.86, 3.88], "Apparent_Power": [9.22, 9.23, 9.23, 9.22, 9.22, 9.23, 9.23, 9.22, 9.23, 9.22, 9.23, 9.22, 9.22, 9.22, 9.22, 9.23, 9.23, 9.23, 9.22, 9.22, 9.22, 9.22, 9.23, 9.23, 9.23, 9.22, 9.22, 9.23, 9.23, 9.23, 9.23, 9.23, 9.23, 9.22, 9.22, 9.22, 9.22, 9.22, 9.22, 9.22, 9.22, 9.22, 9.22, 9.22, 9.22], "Apparent_Power_Reactive": [8.35, 8.38, 8.31, 8.36, 8.34, 8.31, 8.37, 8.34, 8.3, 8.35, 8.32, 8.33, 8.34, 8.29, 8.37, 8.39, 8.32, 8.33, 8.3, 8.33, 8.34, 8.31, 8.27, 8.34, 8.41, 8.34, 8.31, 8.37, 8.34, 8.36, 8.32, 8.32, 8.37, 8.34, 8.3, 8.33, 8.31, 8.36, 8.37, 8.35, 8.33, 8.33, 8.33, 8.37, 8.36], "Power_Factor": [0.422, 0.417, 0.433, 0.419, 0.425, 0.434, 0.419, 0.424, 0.436, 0.422, 0.431, 0.428, 0.426, 0.436, 0.417, 0.416, 0.432, 0.43, 0.434, 0.427, 0.425, 0.432, 0.443, 0.426, 0.41, 0.425, 0.431, 0.419, 0.427, 0.422, 0.431, 0.431, 0.42, 0.426, 0.433, 0.427, 0.432, 0.419, 0.417, 0.421, 0.427, 0.427, 0.428, 0.418, 0.42], "Energy": [0.0, 0.0, 0.0, 0.0, 0.01, 0.01, 0.01, 0.01, 0.01, 0.02, 0.02, 0.02, 0.02, 0.03, 0.03, 0.03, 0.03, 0.03, 0.04, 0.04, 0.04, 0.04, 0.05, 0.05, 0.05, 0.05, 0.05, 0.06, 0.06, 0.06, 0.06, 0.07, 0.07, 0.07, 0.07, 0.07, 0.08, 0.08, 0.08, 0.08, 0.09, 0.09, 0.09, 0.09, 0.09], "Frequency": [49.38, 49.38, 49.38, 49.38, 49.38, 49.38, 49.38, 49.38, 49.38, 49.38, 49.38, 49.38, 49.38, 49.38, 49.38, 49.37, 49.37, 49.37, 49.39, 49.39, 49.39, 49.38, 49.38, 49.38, 49.37, 49.37, 49.37, 49.37, 49.37, 49.37, 49.36, 49.36, 49.36, 49.38, 49.38, 49.38, 49.38, 49.38, 49.38, 49.39, 49.39, 49.39, 49.39, 49.39, 49.39], "Temp_env": []}