{"Start_Time": [1759353302.3139005], "Time": [1759353304.3167484, 1759353306.3192713, 1759353308.3223507, 1759353310.3248065, 1759353312.3270798, 1759353314.329776, 1759353316.3323023, 1759353318.3351963, 1759353320.3379674, 1759353322.3402648, 1759353324.3429658, 1759353326.3462837, 1759353328.3488667, 1759353330.3514485, 1759353332.3543122, 1759353334.357329, 1759353336.3601832, 1759353338.3629673, 1759353340.3725574, 1759353342.375068, 1759353344.3774157, 1759353346.3871834, 1759353348.3903346, 1759353350.3933413, 1759353352.4032552, 1759353354.4061356, 1759353356.4084754, 1759353358.418415, 1759353360.421456, 1759353362.4244714, 1759353364.4275758, 1759353366.430476, 1759353368.4336746, 1759353370.4434354, 1759353372.4464896, 1759353374.449363, 1759353376.4595373, 1759353378.462976, 1759353380.465817, 1759353382.4756658, 1759353384.4783885, 1759353386.4810474, 1759353388.4838097, 1759353390.4864924, 1759353392.4890924], "Voltage": [230.08, 230.03, 229.97, 229.97, 229.92, 229.97, 229.92, 229.87, 229.87, 229.87, 229.82, 229.82, 229.71, 229.71, 229.71, 229.82, 229.71, 229.76, 229.71, 229.82, 229.87, 229.87, 229.87, 229.97, 229.87, 229.82, 230.03, 229.82, 229.87, 229.82, 229.66, 229.76, 229.66, 229.71, 229.66, 229.61, 229.71, 229.76, 229.61, 229.76, 229.71, 229.55, 229.55, 229.55, 229.45], "Current": [0.04, 0.04, 0.04, 0.04, 0.04, 0.04, 0.04, 0.04, 0.04, 0.04, 0.04, 0.04, 0.04, 0.04, 0.04, 0.04, 0.04, 0.04, 0.04, 0.04, 0.04, 0.04, 0.04, 0.04, 0.04, 0.04, 0.04, 0.04, 0.04, 0.04, 0.04, 0.04, 0.04, 0.04, 0.04, 0.04, 0.04, 0.04, 0.04, 0.04, 0.04, 0.04, 0.04, 0.04, 0.04], "Real_Power": [3.93, 3.92, 3.81, 4.01, 3.97, 3.91, 3.85, 4.01, 4.0, 3.84, 3.91, 3.9, 3.93, 3.92, 3.92, 3.9, 3.95, 4.02, 3.97, 3.95, 3.96, 3.91, 3.89, 3.88, 3.96, 3.86, 3.85, 4.05, 3.99, 3.95, 3.95, 3.96, 3.97, 3.83, 3.89, 3.99, 3.82, 3.94, 3.96, 3.88, 3.92, 3.83, 3.96, 3.85, 4.0], "Apparent_Power": [9.2, 9.2, 9.19, 9.19, 9.19, 9.19, 9.19, 9.19, 9.19, 9.19, 9.19, 9.19, 9.18, 9.18, 9.18, 9.19, 9.18, 9.19, 9.18, 9.19, 9.19, 9.19, 9.19, 9.19, 9.19, 9.19, 9.2, 9.19, 9.19, 9.19, 9.18, 9.19, 9.18, 9.18, 9.18, 9.18, 9.18, 9.19, 9.18, 9.19, 9.18, 9.18, 9.18, 9.18, 9.17], "Apparent_Power_Reactive": [8.31, 8.32, 8.36, 8.26, 8.28, 8.31, 8.34, 8.26, 8.27, 8.34, 8.31, 8.32, 8.29, 8.3, 8.3, 8.32, 8.28, 8.26, 8.27, 8.29, 8.29, 8.31, 8.32, 8.33, 8.29, 8.34, 8.35, 8.24, 8.27, 8.29, 8.28, 8.29, 8.27, 8.34, 8.31, 8.26, 8.34, 8.3, 8.28, 8.33, 8.3, 8.34, 8.28, 8.33, 8.25], "Power_Factor": [0.427, 0.426, 0.414, 0.436, 0.431, 0.425, 0.418, 0.436, 0.435, 0.417, 0.425, 0.424, 0.428, 0.427, 0.427, 0.424, 0.43, 0.437, 0.432, 0.429, 0.43, 0.425, 0.423, 0.422, 0.43, 0.42, 0.418, 0.44, 0.434, 0.429, 0.43, 0.43, 0.432, 0.417, 0.423, 0.434, 0.416, 0.428, 0.431, 0.422, 0.427, 0.417, 0.431, 0.419, 0.436], "Energy": [0.0, 0.0, 0.0, 0.0, 0.01, 0.01, 0.01, 0.01, 0.01, 0.02, 0.02, 0.02, 0.02, 0.03, 0.03, 0.03, 0.03, 0.03, 0.04, 0.04, 0.04, 0.04, 0.05, 0.05, 0.05, 0.05, 0.05, 0.06, 0.06, 0.06, 0.06, 0.07, 0.07, 0.07, 0.07, 0.07, 0.08, 0.08, 0.08, 0.08, 0.09, 0.09, 0.09, 0.09, 0.09], "Frequency": [49.45, 49.45, 49.44, 49.44, 49.44, 49.43, 49.43, 49.43, 49.43, 49.43, 49.43, 49.41, 49.41, 49.41, 49.41, 49.41, 49.41, 49.41, 49.41, 49.41, 49.41, 49.41, 49.41, 49.39, 49.39, 49.39, 49.4, 49.4, 49.4, 49.41, 49.41, 49.41, 49.41, 49.41, 49.41, 49.4, 49.4, 49.4, 49.4, 49.4, 49.4, 49.42, 49.42, 49.42, 49.4], "Temp_env": []}