{"Start_Time": [1758997843.8258486], "Time": [1758997845.828491, 1758997847.8318474, 1758997849.8344266, 1758997851.8370197, 1758997853.8394973, 1758997855.8428106, 1758997857.845789, 1758997859.8490317, 1758997861.8518999, 1758997863.854513, 1758997865.863922, 1758997867.8666458, 1758997869.8697248, 1758997871.87198, 1758997873.875034, 1758997875.8780048, 1758997877.8807604, 1758997879.8831635, 1758997881.8859186, 1758997883.888036, 1758997885.8907282, 1758997887.8931925, 1758997889.896148, 1758997891.8988142, 1758997893.9011507, 1758997895.9032834, 1758997897.9063287, 1758997899.9088705, 1758997901.91122, 1758997903.9141767, 1758997905.9172938, 1758997907.919998, 1758997909.9223833, 1758997911.9253848, 1758997913.9282985, 1758997915.9314432, 1758997917.9340503, 1758997919.9371521, 1758997921.9394834, 1758997923.942494, 1758997925.9453843, 1758997927.9484856, 1758997929.9513993, 1758997931.954407, 1758997933.9572453], "Voltage": [229.61, 229.66, 229.61, 229.61, 229.66, 229.61, 229.55, 229.66, 229.55, 229.66, 229.55, 229.55, 229.61, 229.55, 229.4, 230.55, 230.66, 230.71, 230.71, 230.81, 230.76, 230.66, 230.81, 230.66, 230.76, 230.81, 230.76, 230.86, 230.71, 230.76, 230.81, 230.86, 230.92, 230.81, 230.92, 230.76, 230.71, 230.86, 230.76, 230.86, 230.81, 230.81, 230.86, 230.81, 230.71], "Current": [0.04, 0.04, 0.04, 0.04, 0.04, 0.04, 0.04, 0.04, 0.04, 0.04, 0.04, 0.04, 0.04, 0.04, 0.04, 0.04, 0.04, 0.04, 0.04, 0.04, 0.04, 0.04, 0.04, 0.04, 0.04, 0.04, 0.04, 0.04, 0.04, 0.04, 0.04, 0.04, 0.04, 0.04, 0.04, 0.04, 0.04, 0.04, 0.04, 0.04, 0.04, 0.04, 0.04, 0.04, 0.04], "Real_Power": [3.87, 3.91, 3.97, 3.81, 3.85, 3.9, 3.87, 3.89, 3.82, 3.88, 3.91, 3.87, 3.87, 3.85, 3.84, 3.76, 3.97, 3.78, 3.9, 3.88, 3.91, 3.86, 3.85, 3.8, 3.76, 3.89, 3.89, 3.87, 3.85, 3.89, 3.92, 3.92, 3.9, 3.82, 3.8, 3.92, 3.79, 3.83, 3.84, 3.86, 3.82, 3.9, 3.83, 3.89, 3.96], "Apparent_Power": [9.18, 9.18, 9.18, 9.18, 9.18, 9.18, 9.18, 9.18, 9.18, 9.18, 9.18, 9.18, 9.18, 9.18, 9.17, 9.22, 9.22, 9.22, 9.22, 9.23, 9.23, 9.22, 9.23, 9.22, 9.23, 9.23, 9.23, 9.23, 9.22, 9.23, 9.23, 9.23, 9.23, 9.23, 9.23, 9.23, 9.22, 9.23, 9.23, 9.23, 9.23, 9.23, 9.23, 9.23, 9.22], "Apparent_Power_Reactive": [8.32, 8.3, 8.27, 8.35, 8.33, 8.31, 8.32, 8.31, 8.34, 8.31, 8.3, 8.32, 8.32, 8.33, 8.32, 8.41, 8.32, 8.4, 8.35, 8.37, 8.36, 8.37, 8.38, 8.4, 8.42, 8.37, 8.37, 8.37, 8.37, 8.37, 8.35, 8.35, 8.36, 8.4, 8.41, 8.35, 8.4, 8.39, 8.39, 8.38, 8.4, 8.36, 8.39, 8.37, 8.32], "Power_Factor": [0.421, 0.425, 0.432, 0.415, 0.419, 0.424, 0.421, 0.423, 0.416, 0.422, 0.425, 0.421, 0.421, 0.419, 0.418, 0.407, 0.43, 0.409, 0.422, 0.42, 0.423, 0.418, 0.417, 0.412, 0.407, 0.421, 0.421, 0.419, 0.417, 0.421, 0.424, 0.424, 0.422, 0.413, 0.411, 0.424, 0.411, 0.414, 0.416, 0.418, 0.413, 0.422, 0.414, 0.421, 0.429], "Energy": [0.0, 0.0, 0.0, 0.0, 0.01, 0.01, 0.01, 0.01, 0.01, 0.02, 0.02, 0.02, 0.02, 0.03, 0.03, 0.03, 0.03, 0.03, 0.04, 0.04, 0.04, 0.04, 0.05, 0.05, 0.05, 0.05, 0.05, 0.06, 0.06, 0.06, 0.06, 0.06, 0.07, 0.07, 0.07, 0.07, 0.08, 0.08, 0.08, 0.08, 0.08, 0.09, 0.09, 0.09, 0.09], "Frequency": [49.39, 49.39, 49.39, 49.39, 49.38, 49.38, 49.38, 49.35, 49.35, 49.35, 49.37, 49.37, 49.37, 49.36, 49.36, 49.36, 49.36, 49.36, 49.36, 49.36, 49.36, 49.36, 49.37, 49.37, 49.37, 49.38, 49.38, 49.38, 49.39, 49.39, 49.39, 49.38, 49.38, 49.38, 49.37, 49.37, 49.37, 49.37, 49.37, 49.37, 49.39, 49.39, 49.39, 49.39, 49.39], "Temp_env": []}