{"Start_Time": [1758686924.2902], "Time": [1758686926.2924461, 1758686928.2948465, 1758686930.297131, 1758686932.300214, 1758686934.303269, 1758686936.3059475, 1758686938.308293, 1758686940.3111918, 1758686942.3142955, 1758686944.3163543, 1758686946.3192928, 1758686948.3225276, 1758686950.3250391, 1758686952.327374, 1758686954.3304079, 1758686956.3330836, 1758686958.335448, 1758686960.3381507, 1758686962.340455, 1758686964.342582, 1758686966.3455265, 1758686968.3484888, 1758686970.3514016, 1758686972.3544126, 1758686974.3572598, 1758686976.359562, 1758686978.362697, 1758686980.3652809, 1758686982.3744788, 1758686984.3775187, 1758686986.3806272, 1758686988.3903706, 1758686990.392783, 1758686992.395342, 1758686994.404688, 1758686996.4076254, 1758686998.4106634, 1758687000.4210792, 1758687002.4240098, 1758687004.4267085, 1758687006.4296951, 1758687008.4327378, 1758687010.44267, 1758687012.445507, 1758687014.4480479], "Voltage": [230.5, 230.55, 230.55, 230.55, 230.5, 230.45, 230.55, 230.45, 230.5, 230.45, 230.45, 230.45, 230.45, 230.55, 230.71, 230.55, 230.39, 230.66, 230.55, 230.5, 230.34, 230.55, 230.55, 230.34, 230.5, 230.5, 230.39, 230.39, 230.29, 230.34, 230.45, 230.5, 230.29, 230.45, 230.34, 230.55, 230.45, 230.39, 230.39, 230.45, 230.39, 230.34, 230.5, 230.6, 230.5], "Current": [0.04, 0.04, 0.04, 0.04, 0.04, 0.04, 0.04, 0.04, 0.04, 0.04, 0.04, 0.04, 0.04, 0.04, 0.04, 0.04, 0.04, 0.04, 0.04, 0.04, 0.04, 0.04, 0.04, 0.04, 0.04, 0.04, 0.04, 0.04, 0.04, 0.04, 0.04, 0.04, 0.04, 0.04, 0.04, 0.04, 0.04, 0.04, 0.04, 0.04, 0.04, 0.04, 0.04, 0.04, 0.04], "Real_Power": [3.97, 3.85, 4.02, 3.88, 3.93, 3.82, 3.95, 3.89, 3.89, 3.94, 4.04, 4.0, 3.96, 3.96, 3.99, 3.95, 3.83, 4.05, 3.95, 3.96, 3.9, 3.98, 3.96, 3.9, 3.85, 3.98, 3.84, 3.99, 3.91, 4.05, 3.87, 3.87, 3.91, 4.13, 4.01, 3.96, 3.97, 4.08, 3.98, 3.91, 3.94, 4.03, 3.99, 3.96, 3.91], "Apparent_Power": [9.22, 9.22, 9.22, 9.22, 9.22, 9.21, 9.22, 9.21, 9.22, 9.21, 9.21, 9.21, 9.21, 9.22, 9.22, 9.22, 9.21, 9.22, 9.22, 9.22, 9.21, 9.22, 9.22, 9.21, 9.22, 9.22, 9.21, 9.21, 9.21, 9.21, 9.21, 9.22, 9.21, 9.21, 9.21, 9.22, 9.21, 9.21, 9.21, 9.21, 9.21, 9.21, 9.22, 9.22, 9.22], "Apparent_Power_Reactive": [8.32, 8.37, 8.29, 8.36, 8.34, 8.38, 8.33, 8.34, 8.35, 8.32, 8.27, 8.29, 8.31, 8.32, 8.31, 8.33, 8.37, 8.28, 8.33, 8.32, 8.34, 8.31, 8.32, 8.34, 8.37, 8.31, 8.37, 8.3, 8.33, 8.27, 8.35, 8.36, 8.33, 8.23, 8.29, 8.32, 8.31, 8.25, 8.3, 8.33, 8.32, 8.28, 8.31, 8.32, 8.34], "Power_Factor": [0.43, 0.417, 0.436, 0.42, 0.426, 0.414, 0.428, 0.422, 0.421, 0.427, 0.438, 0.434, 0.429, 0.429, 0.432, 0.428, 0.415, 0.439, 0.428, 0.429, 0.423, 0.431, 0.429, 0.423, 0.417, 0.431, 0.416, 0.433, 0.424, 0.439, 0.42, 0.419, 0.424, 0.448, 0.435, 0.429, 0.431, 0.442, 0.432, 0.424, 0.427, 0.437, 0.432, 0.429, 0.424], "Energy": [0.0, 0.0, 0.0, 0.0, 0.01, 0.01, 0.01, 0.01, 0.01, 0.02, 0.02, 0.02, 0.02, 0.03, 0.03, 0.03, 0.03, 0.03, 0.04, 0.04, 0.04, 0.04, 0.05, 0.05, 0.05, 0.05, 0.05, 0.06, 0.06, 0.06, 0.06, 0.07, 0.07, 0.07, 0.07, 0.07, 0.08, 0.08, 0.08, 0.08, 0.09, 0.09, 0.09, 0.09, 0.09], "Frequency": [49.37, 49.37, 49.38, 49.38, 49.38, 49.38, 49.38, 49.38, 49.38, 49.38, 49.38, 49.37, 49.37, 49.37, 49.37, 49.37, 49.37, 49.36, 49.36, 49.36, 49.36, 49.36, 49.36, 49.37, 49.37, 49.37, 49.38, 49.38, 49.38, 49.37, 49.37, 49.37, 49.38, 49.38, 49.38, 49.38, 49.38, 49.38, 49.39, 49.39, 49.39, 49.39, 49.39, 49.39, 49.38], "Temp_env": []}