{"Start_Time": [1759239657.012967], "Time": [1759239659.0156555, 1759239661.018803, 1759239663.0220194, 1759239665.0248764, 1759239667.0278063, 1759239669.0307124, 1759239671.0329525, 1759239673.0359643, 1759239675.0386312, 1759239677.0412467, 1759239679.0441418, 1759239681.0469496, 1759239683.0497675, 1759239685.0524132, 1759239687.0552745, 1759239689.0573142, 1759239691.0602796, 1759239693.0630844, 1759239695.065945, 1759239697.0688841, 1759239699.0714998, 1759239701.0742831, 1759239703.0770957, 1759239705.080142, 1759239707.083272, 1759239709.0860252, 1759239711.0889728, 1759239713.091368, 1759239715.0940516, 1759239717.0964065, 1759239719.0993247, 1759239721.1024938, 1759239723.105054, 1759239725.1075146, 1759239727.1104143, 1759239729.1125507, 1759239731.1154547, 1759239733.118433, 1759239735.1213791, 1759239737.1246858, 1759239739.1275399, 1759239741.1304595, 1759239743.1333501, 1759239745.136506, 1759239747.1394923], "Voltage": [229.4, 229.29, 229.4, 229.35, 229.35, 229.4, 229.35, 229.35, 229.35, 229.4, 229.35, 229.08, 229.19, 229.4, 229.24, 229.19, 229.14, 229.87, 229.87, 230.18, 230.18, 230.18, 230.13, 230.29, 230.18, 230.13, 230.24, 230.13, 230.08, 229.92, 230.08, 229.97, 230.13, 230.13, 230.03, 230.08, 230.13, 230.39, 230.13, 230.18, 230.13, 230.13, 230.18, 230.18, 230.03], "Current": [0.04, 0.04, 0.04, 0.04, 0.04, 0.04, 0.04, 0.04, 0.04, 0.04, 0.04, 0.04, 0.04, 0.04, 0.04, 0.04, 0.04, 0.04, 0.04, 0.04, 0.04, 0.04, 0.04, 0.04, 0.04, 0.04, 0.04, 0.04, 0.04, 0.04, 0.04, 0.04, 0.04, 0.04, 0.04, 0.04, 0.04, 0.04, 0.04, 0.04, 0.04, 0.04, 0.04, 0.04, 0.04], "Real_Power": [3.88, 3.97, 3.9, 3.94, 3.99, 3.91, 3.87, 3.88, 3.86, 3.96, 4.02, 3.98, 4.02, 3.95, 4.06, 3.92, 3.97, 4.07, 4.0, 4.05, 4.06, 4.02, 3.98, 4.04, 3.92, 4.08, 4.07, 4.01, 4.05, 3.93, 3.93, 3.93, 4.04, 3.97, 3.98, 3.9, 3.96, 4.07, 3.99, 3.96, 3.96, 3.97, 3.89, 3.88, 4.06], "Apparent_Power": [9.17, 9.17, 9.17, 9.17, 9.17, 9.17, 9.17, 9.17, 9.17, 9.17, 9.17, 9.16, 9.16, 9.17, 9.16, 9.16, 9.16, 9.19, 9.19, 9.2, 9.2, 9.2, 9.2, 9.21, 9.2, 9.2, 9.2, 9.2, 9.2, 9.19, 9.2, 9.19, 9.2, 9.2, 9.2, 9.2, 9.2, 9.21, 9.2, 9.2, 9.2, 9.2, 9.2, 9.2, 9.2], "Apparent_Power_Reactive": [8.3, 8.26, 8.29, 8.28, 8.25, 8.29, 8.31, 8.3, 8.31, 8.27, 8.24, 8.25, 8.23, 8.27, 8.21, 8.27, 8.25, 8.23, 8.27, 8.26, 8.25, 8.27, 8.29, 8.27, 8.32, 8.24, 8.25, 8.28, 8.26, 8.3, 8.31, 8.3, 8.26, 8.29, 8.29, 8.33, 8.3, 8.26, 8.28, 8.3, 8.3, 8.29, 8.33, 8.34, 8.25], "Power_Factor": [0.423, 0.432, 0.425, 0.429, 0.435, 0.426, 0.422, 0.423, 0.42, 0.431, 0.438, 0.434, 0.438, 0.43, 0.443, 0.427, 0.433, 0.442, 0.435, 0.44, 0.441, 0.436, 0.432, 0.438, 0.426, 0.443, 0.442, 0.435, 0.44, 0.427, 0.427, 0.427, 0.439, 0.431, 0.432, 0.423, 0.43, 0.441, 0.433, 0.43, 0.43, 0.431, 0.422, 0.421, 0.441], "Energy": [0.0, 0.0, 0.0, 0.0, 0.01, 0.01, 0.01, 0.01, 0.01, 0.02, 0.02, 0.02, 0.02, 0.03, 0.03, 0.03, 0.03, 0.04, 0.04, 0.04, 0.04, 0.04, 0.05, 0.05, 0.05, 0.05, 0.06, 0.06, 0.06, 0.06, 0.06, 0.07, 0.07, 0.07, 0.07, 0.08, 0.08, 0.08, 0.08, 0.08, 0.09, 0.09, 0.09, 0.09, 0.1], "Frequency": [49.38, 49.37, 49.37, 49.37, 49.38, 49.38, 49.38, 49.39, 49.39, 49.39, 49.38, 49.38, 49.38, 49.37, 49.37, 49.37, 49.36, 49.36, 49.36, 49.36, 49.36, 49.36, 49.37, 49.37, 49.37, 49.39, 49.39, 49.39, 49.37, 49.37, 49.37, 49.38, 49.38, 49.38, 49.38, 49.38, 49.38, 49.38, 49.38, 49.38, 49.39, 49.39, 49.39, 49.38, 49.38], "Temp_env": []}