{"Start_Time": [1759235979.4417815], "Time": [1759235981.4440813, 1759235983.4469836, 1759235985.4498448, 1759235987.4527655, 1759235989.4558825, 1759235991.4586787, 1759235993.461086, 1759235995.4711432, 1759235997.4739995, 1759235999.4763427, 1759236001.4862432, 1759236003.4888985, 1759236005.4918487, 1759236007.5012615, 1759236009.5042036, 1759236011.5070932, 1759236013.5101757, 1759236015.5128725, 1759236017.5165913, 1759236019.5264008, 1759236021.5293167, 1759236023.532266, 1759236025.542249, 1759236027.5453362, 1759236029.5480368, 1759236031.5503757, 1759236033.553466, 1759236035.5565643, 1759236037.5593214, 1759236039.56244, 1759236041.5651126, 1759236043.5751214, 1759236045.577494, 1759236047.5804288, 1759236049.5896034, 1759236051.59232, 1759236053.5954711, 1759236055.5984633, 1759236057.6005807, 1759236059.6035619, 1759236061.6067903, 1759236063.609439, 1759236065.612527, 1759236067.6156507, 1759236069.6185968], "Voltage": [230.6, 230.76, 230.6, 230.66, 230.81, 230.71, 230.76, 230.81, 230.71, 230.71, 230.66, 230.66, 230.66, 230.6, 230.5, 230.29, 230.34, 230.34, 230.45, 230.45, 230.39, 230.5, 230.18, 230.34, 230.39, 230.18, 230.13, 230.45, 230.34, 230.08, 230.34, 230.34, 230.34, 230.34, 230.18, 229.14, 229.19, 229.14, 229.24, 229.24, 229.24, 229.14, 229.29, 229.29, 228.93], "Current": [0.04, 0.04, 0.04, 0.04, 0.04, 0.04, 0.04, 0.04, 0.04, 0.04, 0.04, 0.04, 0.04, 0.04, 0.04, 0.04, 0.04, 0.04, 0.04, 0.04, 0.04, 0.04, 0.04, 0.04, 0.04, 0.04, 0.04, 0.04, 0.04, 0.04, 0.04, 0.04, 0.04, 0.04, 0.04, 0.04, 0.04, 0.04, 0.04, 0.04, 0.04, 0.04, 0.04, 0.04, 0.04], "Real_Power": [3.99, 4.04, 4.07, 3.95, 4.03, 4.06, 4.04, 4.0, 4.09, 4.0, 4.0, 4.02, 4.09, 4.07, 4.08, 4.01, 4.06, 4.01, 4.05, 3.97, 4.0, 4.08, 3.95, 4.06, 3.96, 3.99, 3.93, 4.04, 3.98, 4.0, 4.07, 4.06, 4.02, 4.02, 4.02, 4.07, 3.98, 3.83, 3.97, 4.02, 3.92, 3.96, 3.86, 3.98, 3.96], "Apparent_Power": [9.22, 9.23, 9.22, 9.22, 9.23, 9.22, 9.23, 9.23, 9.22, 9.22, 9.22, 9.22, 9.22, 9.22, 9.22, 9.21, 9.21, 9.21, 9.21, 9.21, 9.21, 9.22, 9.2, 9.21, 9.21, 9.2, 9.2, 9.21, 9.21, 9.2, 9.21, 9.21, 9.21, 9.21, 9.2, 9.16, 9.16, 9.16, 9.16, 9.16, 9.16, 9.16, 9.17, 9.17, 9.15], "Apparent_Power_Reactive": [8.31, 8.29, 8.27, 8.33, 8.3, 8.27, 8.29, 8.31, 8.26, 8.3, 8.3, 8.29, 8.26, 8.27, 8.26, 8.29, 8.26, 8.29, 8.27, 8.31, 8.29, 8.26, 8.3, 8.26, 8.31, 8.28, 8.31, 8.27, 8.3, 8.28, 8.26, 8.26, 8.28, 8.28, 8.27, 8.2, 8.25, 8.32, 8.25, 8.23, 8.27, 8.25, 8.31, 8.26, 8.24], "Power_Factor": [0.432, 0.437, 0.441, 0.428, 0.436, 0.44, 0.437, 0.433, 0.443, 0.433, 0.433, 0.436, 0.443, 0.441, 0.442, 0.435, 0.44, 0.435, 0.439, 0.431, 0.434, 0.442, 0.429, 0.44, 0.429, 0.433, 0.427, 0.438, 0.432, 0.434, 0.441, 0.44, 0.436, 0.436, 0.436, 0.444, 0.434, 0.418, 0.433, 0.438, 0.427, 0.432, 0.42, 0.434, 0.432], "Energy": [0.0, 0.0, 0.0, 0.0, 0.01, 0.01, 0.01, 0.01, 0.02, 0.02, 0.02, 0.02, 0.02, 0.03, 0.03, 0.03, 0.03, 0.04, 0.04, 0.04, 0.04, 0.04, 0.05, 0.05, 0.05, 0.05, 0.06, 0.06, 0.06, 0.06, 0.06, 0.07, 0.07, 0.07, 0.07, 0.08, 0.08, 0.08, 0.08, 0.08, 0.09, 0.09, 0.09, 0.09, 0.1], "Frequency": [49.39, 49.39, 49.39, 49.39, 49.38, 49.38, 49.38, 49.38, 49.38, 49.38, 49.38, 49.38, 49.38, 49.36, 49.36, 49.36, 49.37, 49.37, 49.37, 49.38, 49.38, 49.38, 49.39, 49.39, 49.39, 49.38, 49.38, 49.38, 49.38, 49.38, 49.38, 49.38, 49.38, 49.38, 49.37, 49.37, 49.37, 49.39, 49.39, 49.39, 49.4, 49.4, 49.4, 49.39, 49.39], "Temp_env": []}