{"Start_Time": [1758686004.9141266], "Time": [1758686006.9168847, 1758686008.919189, 1758686010.92187, 1758686012.9243553, 1758686014.9263241, 1758686016.92927, 1758686018.9321918, 1758686020.9352138, 1758686022.9380984, 1758686024.9410224, 1758686026.943354, 1758686028.9462767, 1758686030.9491389, 1758686032.951474, 1758686034.9545991, 1758686036.9574122, 1758686038.9605842, 1758686040.9634945, 1758686042.9664674, 1758686044.9696414, 1758686046.9724817, 1758686048.974901, 1758686050.9774215, 1758686052.9797575, 1758686054.9824736, 1758686056.9848235, 1758686058.987534, 1758686060.9906957, 1758686062.9934165, 1758686064.995745, 1758686066.9984756, 1758686069.000794, 1758686071.0036824, 1758686073.0065753, 1758686075.0091655, 1758686077.0120614, 1758686079.015089, 1758686081.0176709, 1758686083.0200064, 1758686085.0229864, 1758686087.0257525, 1758686089.0283155, 1758686091.0311897, 1758686093.0338106, 1758686095.036046], "Voltage": [230.66, 230.76, 231.65, 231.76, 231.76, 231.81, 231.86, 231.86, 231.86, 231.76, 231.76, 231.7, 232.02, 231.91, 232.02, 231.97, 231.91, 231.86, 231.81, 231.81, 231.86, 231.86, 231.81, 231.76, 231.81, 231.76, 231.65, 231.65, 231.65, 231.65, 231.76, 231.7, 231.65, 231.55, 231.7, 231.65, 231.55, 231.55, 231.55, 231.6, 231.55, 231.49, 231.44, 231.49, 231.49], "Current": [0.04, 0.04, 0.03, 0.04, 0.04, 0.04, 0.03, 0.04, 0.04, 0.03, 0.04, 0.04, 0.03, 0.04, 0.04, 0.04, 0.04, 0.04, 0.03, 0.04, 0.04, 0.04, 0.03, 0.04, 0.03, 0.04, 0.04, 0.04, 0.04, 0.03, 0.04, 0.04, 0.04, 0.04, 0.04, 0.04, 0.03, 0.03, 0.04, 0.03, 0.04, 0.04, 0.03, 0.04, 0.04], "Real_Power": [3.95, 3.91, 3.87, 3.92, 3.94, 3.91, 3.78, 3.96, 3.9, 3.86, 3.96, 3.94, 3.89, 4.06, 3.95, 3.89, 3.93, 3.98, 3.99, 3.95, 3.98, 4.0, 3.89, 3.93, 3.96, 4.0, 4.06, 4.1, 4.01, 3.93, 3.87, 3.92, 3.93, 4.08, 3.87, 3.86, 3.99, 3.81, 4.04, 3.91, 3.88, 3.94, 3.95, 3.98, 3.94], "Apparent_Power": [9.22, 9.23, 6.94, 9.27, 9.27, 9.27, 6.95, 9.27, 9.27, 6.95, 9.27, 9.26, 6.96, 9.27, 9.28, 9.27, 9.27, 9.27, 6.95, 9.27, 9.27, 9.27, 6.95, 9.27, 6.95, 9.27, 9.26, 9.26, 9.26, 6.94, 9.27, 9.26, 9.26, 9.26, 9.26, 9.26, 6.94, 6.94, 9.26, 6.94, 9.26, 9.25, 6.94, 9.25, 9.25], "Apparent_Power_Reactive": [8.33, 8.36, 5.76, 8.4, 8.39, 8.4, 5.83, 8.38, 8.4, 5.77, 8.38, 8.37, 5.77, 8.33, 8.39, 8.41, 8.39, 8.37, 5.69, 8.38, 8.37, 8.36, 5.75, 8.39, 5.71, 8.36, 8.32, 8.3, 8.34, 5.72, 8.42, 8.38, 8.38, 8.31, 8.41, 8.41, 5.67, 5.8, 8.33, 5.73, 8.4, 8.36, 5.7, 8.34, 8.36], "Power_Factor": [0.428, 0.423, 0.557, 0.422, 0.425, 0.421, 0.543, 0.427, 0.42, 0.555, 0.427, 0.425, 0.558, 0.437, 0.425, 0.419, 0.423, 0.429, 0.574, 0.426, 0.429, 0.431, 0.559, 0.423, 0.569, 0.431, 0.438, 0.442, 0.433, 0.566, 0.417, 0.423, 0.424, 0.44, 0.417, 0.416, 0.574, 0.548, 0.436, 0.563, 0.419, 0.425, 0.569, 0.43, 0.425], "Energy": [0.0, 0.0, 0.0, 0.0, 0.01, 0.01, 0.01, 0.01, 0.01, 0.02, 0.02, 0.02, 0.02, 0.03, 0.03, 0.03, 0.03, 0.03, 0.04, 0.04, 0.04, 0.04, 0.05, 0.05, 0.05, 0.05, 0.05, 0.06, 0.06, 0.06, 0.06, 0.07, 0.07, 0.07, 0.07, 0.07, 0.08, 0.08, 0.08, 0.08, 0.09, 0.09, 0.09, 0.09, 0.09], "Frequency": [49.43, 49.43, 49.43, 49.42, 49.42, 49.42, 49.43, 49.43, 49.43, 49.45, 49.45, 49.45, 49.44, 49.44, 49.44, 49.45, 49.45, 49.45, 49.46, 49.46, 49.46, 49.44, 49.44, 49.44, 49.46, 49.46, 49.46, 49.45, 49.45, 49.45, 49.43, 49.43, 49.43, 49.43, 49.43, 49.43, 49.43, 49.43, 49.43, 49.43, 49.43, 49.43, 49.43, 49.43, 49.43], "Temp_env": []}