{"Start_Time": [1759196464.281975], "Time": [1759196466.2841954, 1759196468.286805, 1759196470.2891912, 1759196472.2918243, 1759196474.2942362, 1759196476.2964144, 1759196478.299166, 1759196480.3020241, 1759196482.3049128, 1759196484.3071542, 1759196486.3102922, 1759196488.3133307, 1759196490.3164105, 1759196492.3192408, 1759196494.322111, 1759196496.3250132, 1759196498.327308, 1759196500.3301122, 1759196502.3324745, 1759196504.3344085, 1759196506.337339, 1759196508.3401878, 1759196510.3425455, 1759196512.3454766, 1759196514.3483577, 1759196516.351457, 1759196518.354587, 1759196520.3571897, 1759196522.3595018, 1759196524.3695133, 1759196526.3724282, 1759196528.3755136, 1759196530.385349, 1759196532.3879735, 1759196534.3905923, 1759196536.4006703, 1759196538.4036703, 1759196540.4065356, 1759196542.4095669, 1759196544.4125326, 1759196546.4150622, 1759196548.4246933, 1759196550.4274218, 1759196552.4297624, 1759196554.4395025], "Voltage": [232.7, 232.75, 232.7, 232.7, 232.65, 232.65, 232.65, 232.59, 232.65, 232.59, 232.54, 232.65, 232.65, 232.7, 232.65, 232.65, 232.7, 232.65, 232.28, 232.28, 232.23, 232.28, 232.17, 232.28, 232.33, 232.33, 232.28, 232.23, 232.23, 232.12, 232.33, 232.12, 232.17, 232.23, 232.28, 232.17, 232.17, 232.17, 232.17, 232.17, 232.07, 232.17, 232.07, 232.12, 232.07], "Current": [0.04, 0.04, 0.04, 0.04, 0.04, 0.04, 0.03, 0.04, 0.03, 0.04, 0.04, 0.03, 0.04, 0.03, 0.03, 0.04, 0.04, 0.04, 0.03, 0.03, 0.03, 0.04, 0.04, 0.03, 0.04, 0.04, 0.03, 0.04, 0.04, 0.04, 0.04, 0.04, 0.03, 0.04, 0.03, 0.04, 0.03, 0.03, 0.04, 0.04, 0.04, 0.04, 0.04, 0.03, 0.04], "Real_Power": [4.0, 4.01, 3.96, 3.89, 3.97, 3.99, 3.86, 4.0, 3.91, 3.82, 3.95, 3.94, 3.92, 3.87, 3.94, 3.94, 3.89, 3.88, 3.87, 3.95, 3.87, 3.85, 3.98, 3.93, 3.91, 3.98, 3.89, 3.91, 3.98, 3.94, 3.83, 3.96, 3.96, 3.88, 3.88, 3.92, 3.86, 3.87, 3.93, 3.96, 4.03, 3.98, 3.96, 3.79, 3.86], "Apparent_Power": [9.3, 9.31, 9.3, 9.3, 9.3, 9.3, 6.97, 9.3, 6.97, 9.3, 9.3, 6.97, 9.3, 6.98, 6.97, 9.3, 9.3, 9.3, 6.96, 6.96, 6.96, 9.29, 9.28, 6.96, 9.29, 9.29, 6.96, 9.28, 9.28, 9.28, 9.29, 9.28, 6.96, 9.28, 6.96, 9.28, 6.96, 6.96, 9.28, 9.28, 9.28, 9.28, 9.28, 6.96, 9.28], "Apparent_Power_Reactive": [8.39, 8.4, 8.41, 8.44, 8.41, 8.4, 5.8, 8.39, 5.76, 8.47, 8.41, 5.74, 8.43, 5.8, 5.74, 8.42, 8.44, 8.45, 5.78, 5.73, 5.78, 8.45, 8.38, 5.74, 8.42, 8.39, 5.77, 8.41, 8.38, 8.4, 8.46, 8.39, 5.72, 8.42, 5.77, 8.41, 5.79, 5.78, 8.4, 8.39, 8.35, 8.38, 8.39, 5.83, 8.43], "Power_Factor": [0.43, 0.43, 0.425, 0.418, 0.426, 0.429, 0.553, 0.43, 0.56, 0.41, 0.424, 0.565, 0.421, 0.554, 0.565, 0.423, 0.418, 0.417, 0.556, 0.567, 0.556, 0.414, 0.428, 0.564, 0.42, 0.428, 0.558, 0.421, 0.428, 0.424, 0.412, 0.426, 0.568, 0.418, 0.557, 0.422, 0.554, 0.556, 0.423, 0.426, 0.434, 0.428, 0.426, 0.544, 0.415], "Energy": [0.0, 0.0, 0.0, 0.0, 0.01, 0.01, 0.01, 0.01, 0.01, 0.02, 0.02, 0.02, 0.02, 0.03, 0.03, 0.03, 0.03, 0.03, 0.04, 0.04, 0.04, 0.04, 0.05, 0.05, 0.05, 0.05, 0.05, 0.06, 0.06, 0.06, 0.06, 0.07, 0.07, 0.07, 0.07, 0.07, 0.08, 0.08, 0.08, 0.08, 0.09, 0.09, 0.09, 0.09, 0.09], "Frequency": [49.42, 49.42, 49.42, 49.42, 49.42, 49.42, 49.42, 49.42, 49.43, 49.43, 49.43, 49.41, 49.41, 49.41, 49.41, 49.41, 49.41, 49.41, 49.41, 49.41, 49.41, 49.41, 49.41, 49.4, 49.4, 49.4, 49.4, 49.4, 49.4, 49.39, 49.39, 49.39, 49.37, 49.37, 49.37, 49.37, 49.37, 49.37, 49.37, 49.37, 49.37, 49.36, 49.36, 49.36, 49.36], "Temp_env": []}