{"Start_Time": [1758694275.3384302], "Time": [1758694277.340754, 1758694279.343678, 1758694281.346525, 1758694283.3496284, 1758694285.3516755, 1758694287.3546443, 1758694289.357761, 1758694291.3609056, 1758694293.3634667, 1758694295.3658795, 1758694297.3756163, 1758694299.3779738, 1758694301.380893, 1758694303.391167, 1758694305.394037, 1758694307.3967512, 1758694309.4061422, 1758694311.4088914, 1758694313.4114068, 1758694315.4139528, 1758694317.4163244, 1758694319.4192405, 1758694321.429322, 1758694323.432006, 1758694325.4351237, 1758694327.4450696, 1758694329.447534, 1758694331.4504247, 1758694333.4602478, 1758694335.4625075, 1758694337.4654589, 1758694339.4759407, 1758694341.47845, 1758694343.481874, 1758694345.491823, 1758694347.4944868, 1758694349.4974155, 1758694351.5074506, 1758694353.510053, 1758694355.5129158, 1758694357.5155637, 1758694359.5178952, 1758694361.520628, 1758694363.5228908, 1758694365.5257459], "Voltage": [227.09, 227.09, 227.04, 227.09, 227.2, 226.99, 227.04, 226.99, 227.04, 226.93, 227.09, 226.99, 226.83, 226.93, 226.83, 230.34, 230.34, 230.39, 230.29, 230.45, 230.39, 230.34, 230.39, 230.39, 230.34, 230.34, 230.29, 230.29, 230.39, 230.29, 230.29, 230.34, 230.13, 230.18, 230.34, 230.34, 230.24, 230.29, 230.29, 230.39, 230.45, 230.39, 230.29, 230.29, 230.34], "Current": [0.04, 0.04, 0.04, 0.04, 0.04, 0.04, 0.04, 0.04, 0.04, 0.04, 0.04, 0.04, 0.04, 0.04, 0.04, 0.04, 0.04, 0.04, 0.04, 0.04, 0.04, 0.04, 0.04, 0.04, 0.04, 0.04, 0.04, 0.04, 0.04, 0.04, 0.04, 0.04, 0.04, 0.04, 0.04, 0.04, 0.04, 0.04, 0.04, 0.04, 0.04, 0.04, 0.04, 0.04, 0.04], "Real_Power": [3.9, 3.81, 3.89, 3.85, 4.0, 3.96, 3.94, 3.81, 3.99, 3.93, 3.94, 3.91, 4.01, 3.86, 3.89, 3.97, 3.93, 4.02, 4.01, 4.04, 3.86, 3.82, 3.9, 4.02, 3.78, 3.92, 3.92, 3.92, 3.91, 3.99, 3.9, 3.91, 3.99, 3.92, 3.92, 3.96, 3.98, 3.89, 3.99, 3.88, 3.97, 3.94, 3.92, 3.99, 3.89], "Apparent_Power": [9.08, 9.08, 9.08, 9.08, 9.08, 9.07, 9.08, 9.07, 9.08, 9.07, 9.08, 9.07, 9.07, 9.07, 9.07, 9.21, 9.21, 9.21, 9.21, 9.21, 9.21, 9.21, 9.21, 9.21, 9.21, 9.21, 9.21, 9.21, 9.21, 9.21, 9.21, 9.21, 9.2, 9.2, 9.21, 9.21, 9.2, 9.21, 9.21, 9.21, 9.21, 9.21, 9.21, 9.21, 9.21], "Apparent_Power_Reactive": [8.19, 8.24, 8.2, 8.22, 8.15, 8.15, 8.18, 8.23, 8.15, 8.17, 8.18, 8.18, 8.13, 8.2, 8.19, 8.31, 8.32, 8.28, 8.29, 8.27, 8.36, 8.38, 8.34, 8.28, 8.39, 8.33, 8.33, 8.33, 8.33, 8.3, 8.34, 8.33, 8.28, 8.32, 8.33, 8.31, 8.29, 8.34, 8.3, 8.35, 8.31, 8.32, 8.33, 8.3, 8.34], "Power_Factor": [0.429, 0.419, 0.428, 0.424, 0.44, 0.436, 0.433, 0.42, 0.439, 0.433, 0.433, 0.431, 0.442, 0.425, 0.428, 0.431, 0.426, 0.436, 0.435, 0.438, 0.419, 0.414, 0.423, 0.436, 0.41, 0.425, 0.425, 0.425, 0.424, 0.433, 0.423, 0.424, 0.433, 0.426, 0.425, 0.429, 0.432, 0.422, 0.433, 0.421, 0.431, 0.427, 0.425, 0.433, 0.422], "Energy": [0.0, 0.0, 0.0, 0.0, 0.01, 0.01, 0.01, 0.01, 0.01, 0.02, 0.02, 0.02, 0.02, 0.03, 0.03, 0.03, 0.03, 0.03, 0.04, 0.04, 0.04, 0.04, 0.05, 0.05, 0.05, 0.05, 0.05, 0.06, 0.06, 0.06, 0.06, 0.07, 0.07, 0.07, 0.07, 0.07, 0.08, 0.08, 0.08, 0.08, 0.09, 0.09, 0.09, 0.09, 0.09], "Frequency": [49.42, 49.42, 49.43, 49.43, 49.43, 49.43, 49.43, 49.43, 49.43, 49.43, 49.43, 49.39, 49.39, 49.39, 49.4, 49.4, 49.4, 49.39, 49.39, 49.39, 49.4, 49.4, 49.4, 49.4, 49.4, 49.4, 49.42, 49.42, 49.42, 49.41, 49.41, 49.41, 49.4, 49.4, 49.4, 49.39, 49.39, 49.39, 49.4, 49.4, 49.4, 49.39, 49.39, 49.39, 49.4], "Temp_env": []}