{"Start_Time": [1758668442.549183], "Time": [1758668444.5512807, 1758668446.55434, 1758668448.5569735, 1758668450.5593545, 1758668452.5620668, 1758668454.565152, 1758668456.567188, 1758668458.5693095, 1758668460.5722992, 1758668462.5756183, 1758668464.5783284, 1758668466.5820808, 1758668468.584432, 1758668470.5875647, 1758668472.5973737, 1758668474.5994225, 1758668476.602403, 1758668478.612593, 1758668480.6157846, 1758668482.6184006, 1758668484.6214902, 1758668486.6235974, 1758668488.6262934, 1758668490.6361866, 1758668492.6388884, 1758668494.6416457, 1758668496.6516328, 1758668498.6545537, 1758668500.657429, 1758668502.6608117, 1758668504.6636684, 1758668506.6668763, 1758668508.6695743, 1758668510.6724544, 1758668512.6747768, 1758668514.6847286, 1758668516.687583, 1758668518.6899447, 1758668520.6998346, 1758668522.7026658, 1758668524.7050347, 1758668526.7077005, 1758668528.7108195, 1758668530.7141411, 1758668532.7171605], "Voltage": [230.92, 230.97, 230.92, 231.02, 230.97, 230.92, 231.02, 231.07, 230.97, 230.97, 231.02, 230.92, 230.86, 230.97, 230.86, 230.86, 230.97, 230.86, 230.97, 231.02, 230.81, 230.86, 230.81, 230.86, 230.81, 230.92, 230.86, 231.07, 231.07, 231.02, 230.92, 230.86, 230.86, 230.92, 230.81, 230.81, 230.86, 230.81, 230.86, 230.81, 230.86, 230.86, 230.71, 230.86, 230.81], "Current": [0.04, 0.04, 0.04, 0.03, 0.04, 0.04, 0.04, 0.04, 0.04, 0.04, 0.04, 0.04, 0.04, 0.03, 0.04, 0.04, 0.04, 0.04, 0.03, 0.03, 0.03, 0.03, 0.04, 0.03, 0.03, 0.04, 0.04, 0.03, 0.04, 0.04, 0.04, 0.04, 0.04, 0.03, 0.04, 0.03, 0.04, 0.04, 0.04, 0.03, 0.03, 0.04, 0.03, 0.04, 0.04], "Real_Power": [3.95, 4.0, 3.92, 3.85, 3.88, 3.89, 3.92, 4.0, 3.85, 3.93, 3.91, 3.89, 3.93, 3.81, 3.93, 3.89, 3.93, 3.93, 3.85, 3.85, 3.89, 3.77, 3.9, 3.95, 3.86, 3.92, 3.89, 3.87, 3.8, 3.97, 3.88, 3.93, 3.89, 3.8, 3.96, 3.8, 3.95, 3.87, 3.94, 3.9, 3.87, 3.92, 3.82, 4.01, 3.87], "Apparent_Power": [9.23, 9.23, 9.23, 6.93, 9.23, 9.23, 9.24, 9.24, 9.23, 9.23, 9.24, 9.23, 9.23, 6.92, 9.23, 9.23, 9.23, 9.23, 6.92, 6.93, 6.92, 6.92, 9.23, 6.92, 6.92, 9.23, 9.23, 6.93, 9.24, 9.24, 9.23, 9.23, 9.23, 6.92, 9.23, 6.92, 9.23, 9.23, 9.23, 6.92, 6.92, 9.23, 6.92, 9.23, 9.23], "Apparent_Power_Reactive": [8.34, 8.31, 8.35, 5.76, 8.37, 8.37, 8.36, 8.32, 8.38, 8.35, 8.37, 8.37, 8.35, 5.77, 8.35, 8.37, 8.35, 8.35, 5.75, 5.76, 5.72, 5.8, 8.36, 5.68, 5.74, 8.35, 8.37, 5.74, 8.42, 8.34, 8.37, 8.35, 8.37, 5.78, 8.33, 5.78, 8.34, 8.37, 8.34, 5.71, 5.73, 8.35, 5.77, 8.31, 8.37], "Power_Factor": [0.427, 0.433, 0.424, 0.555, 0.42, 0.421, 0.424, 0.432, 0.417, 0.425, 0.423, 0.421, 0.425, 0.55, 0.425, 0.421, 0.425, 0.425, 0.556, 0.555, 0.562, 0.544, 0.422, 0.57, 0.557, 0.424, 0.421, 0.558, 0.411, 0.429, 0.42, 0.425, 0.421, 0.549, 0.429, 0.549, 0.427, 0.419, 0.426, 0.563, 0.559, 0.424, 0.552, 0.434, 0.419], "Energy": [0.0, 0.0, 0.0, 0.0, 0.01, 0.01, 0.01, 0.01, 0.01, 0.02, 0.02, 0.02, 0.02, 0.03, 0.03, 0.03, 0.03, 0.03, 0.04, 0.04, 0.04, 0.04, 0.05, 0.05, 0.05, 0.05, 0.05, 0.06, 0.06, 0.06, 0.06, 0.07, 0.07, 0.07, 0.07, 0.07, 0.08, 0.08, 0.08, 0.08, 0.09, 0.09, 0.09, 0.09, 0.09], "Frequency": [49.39, 49.39, 49.39, 49.39, 49.39, 49.39, 49.38, 49.38, 49.38, 49.39, 49.39, 49.39, 49.39, 49.39, 49.39, 49.39, 49.39, 49.39, 49.38, 49.38, 49.38, 49.38, 49.38, 49.38, 49.38, 49.38, 49.38, 49.38, 49.38, 49.38, 49.39, 49.39, 49.39, 49.39, 49.39, 49.39, 49.39, 49.39, 49.39, 49.39, 49.39, 49.39, 49.4, 49.4, 49.4], "Temp_env": []}