{"Start_Time": [1759119147.178511], "Time": [1759119149.181039, 1759119151.1832535, 1759119153.1859736, 1759119155.1882606, 1759119157.1912668, 1759119159.194312, 1759119161.1972, 1759119163.1994376, 1759119165.2021644, 1759119167.2043884, 1759119169.207393, 1759119171.2096522, 1759119173.2124264, 1759119175.215325, 1759119177.2182446, 1759119179.2204792, 1759119181.2234643, 1759119183.2265239, 1759119185.229302, 1759119187.2315536, 1759119189.234582, 1759119191.2374446, 1759119193.2396486, 1759119195.2426443, 1759119197.245249, 1759119199.247557, 1759119201.2501185, 1759119203.2525785, 1759119205.2547116, 1759119207.2573721, 1759119209.259853, 1759119211.262371, 1759119213.2651196, 1759119215.2679882, 1759119217.2708743, 1759119219.2734056, 1759119221.2757745, 1759119223.2784545, 1759119225.2812624, 1759119227.2841337, 1759119229.2869718, 1759119231.2896738, 1759119233.2925398, 1759119235.2949276, 1759119237.297621], "Voltage": [230.13, 230.13, 230.13, 229.97, 230.08, 230.18, 230.18, 230.13, 230.03, 229.97, 230.03, 230.13, 230.03, 229.97, 230.03, 229.97, 230.18, 230.18, 230.13, 230.08, 230.13, 230.13, 230.13, 229.97, 229.97, 230.03, 229.87, 229.92, 229.82, 229.87, 229.97, 229.87, 229.92, 229.97, 229.97, 228.98, 228.87, 228.93, 228.93, 229.03, 228.98, 228.98, 229.03, 228.98, 229.08], "Current": [0.04, 0.04, 0.04, 0.04, 0.04, 0.04, 0.04, 0.04, 0.04, 0.04, 0.04, 0.04, 0.04, 0.04, 0.04, 0.04, 0.04, 0.04, 0.04, 0.04, 0.04, 0.04, 0.04, 0.04, 0.04, 0.04, 0.04, 0.04, 0.04, 0.04, 0.04, 0.04, 0.04, 0.04, 0.04, 0.04, 0.04, 0.04, 0.04, 0.04, 0.04, 0.04, 0.04, 0.04, 0.04], "Real_Power": [3.96, 3.94, 3.92, 4.01, 3.98, 3.9, 3.93, 4.01, 4.07, 3.92, 3.98, 3.86, 4.03, 3.94, 4.03, 3.95, 3.94, 3.96, 4.0, 3.89, 3.92, 3.86, 3.93, 4.05, 3.92, 3.92, 3.9, 3.99, 4.01, 4.0, 3.75, 3.95, 4.0, 3.89, 4.03, 3.88, 3.92, 3.94, 3.92, 3.88, 3.89, 3.91, 3.87, 3.92, 3.93], "Apparent_Power": [9.2, 9.2, 9.2, 9.19, 9.2, 9.2, 9.2, 9.2, 9.2, 9.19, 9.2, 9.2, 9.2, 9.19, 9.2, 9.19, 9.2, 9.2, 9.2, 9.2, 9.2, 9.2, 9.2, 9.19, 9.19, 9.2, 9.19, 9.19, 9.19, 9.19, 9.19, 9.19, 9.19, 9.19, 9.19, 9.15, 9.15, 9.15, 9.15, 9.16, 9.15, 9.15, 9.16, 9.15, 9.16], "Apparent_Power_Reactive": [8.3, 8.31, 8.32, 8.26, 8.29, 8.33, 8.31, 8.28, 8.25, 8.31, 8.29, 8.35, 8.27, 8.3, 8.27, 8.29, 8.31, 8.3, 8.28, 8.33, 8.32, 8.35, 8.31, 8.24, 8.31, 8.32, 8.32, 8.27, 8.26, 8.27, 8.39, 8.29, 8.27, 8.32, 8.25, 8.28, 8.26, 8.25, 8.26, 8.29, 8.28, 8.27, 8.3, 8.26, 8.27], "Power_Factor": [0.43, 0.428, 0.426, 0.436, 0.432, 0.423, 0.427, 0.435, 0.442, 0.426, 0.432, 0.419, 0.438, 0.428, 0.438, 0.429, 0.428, 0.43, 0.434, 0.422, 0.426, 0.419, 0.427, 0.44, 0.426, 0.426, 0.424, 0.434, 0.436, 0.435, 0.408, 0.429, 0.435, 0.423, 0.438, 0.424, 0.428, 0.43, 0.428, 0.423, 0.425, 0.427, 0.422, 0.428, 0.429], "Energy": [0.0, 0.0, 0.0, 0.0, 0.01, 0.01, 0.01, 0.01, 0.01, 0.02, 0.02, 0.02, 0.02, 0.03, 0.03, 0.03, 0.03, 0.03, 0.04, 0.04, 0.04, 0.04, 0.05, 0.05, 0.05, 0.05, 0.05, 0.06, 0.06, 0.06, 0.06, 0.07, 0.07, 0.07, 0.07, 0.07, 0.08, 0.08, 0.08, 0.08, 0.09, 0.09, 0.09, 0.09, 0.09], "Frequency": [49.34, 49.34, 49.34, 49.34, 49.34, 49.34, 49.35, 49.35, 49.35, 49.35, 49.35, 49.35, 49.35, 49.35, 49.35, 49.36, 49.36, 49.36, 49.37, 49.37, 49.37, 49.36, 49.36, 49.36, 49.38, 49.38, 49.38, 49.37, 49.37, 49.37, 49.37, 49.37, 49.37, 49.37, 49.37, 49.37, 49.36, 49.36, 49.36, 49.35, 49.35, 49.35, 49.36, 49.36, 49.36], "Temp_env": []}