{"Start_Time": [1759339517.7220268], "Time": [1759339519.7246037, 1759339521.727109, 1759339523.7299762, 1759339525.7325964, 1759339527.7351751, 1759339529.737666, 1759339531.7403708, 1759339533.742674, 1759339535.7452397, 1759339537.7481167, 1759339539.7579322, 1759339541.7609286, 1759339543.7637746, 1759339545.7660987, 1759339547.7692025, 1759339549.7720685, 1759339551.7751327, 1759339553.7778323, 1759339555.7801673, 1759339557.7828236, 1759339559.7851977, 1759339561.7881818, 1759339563.7913494, 1759339565.7941756, 1759339567.7969315, 1759339569.8000097, 1759339571.8022342, 1759339573.8053231, 1759339575.808235, 1759339577.8103378, 1759339579.8130226, 1759339581.823118, 1759339583.8254766, 1759339585.8285203, 1759339587.831599, 1759339589.8343296, 1759339591.8371627, 1759339593.8398995, 1759339595.8424144, 1759339597.8451924, 1759339599.847552, 1759339601.8502986, 1759339603.8532858, 1759339605.8566866, 1759339607.8593953], "Voltage": [229.5, 229.5, 229.66, 229.55, 229.5, 229.5, 229.61, 229.55, 229.61, 229.61, 229.76, 229.92, 229.97, 229.97, 229.97, 229.92, 229.92, 229.82, 229.76, 229.71, 229.82, 229.71, 229.61, 229.61, 229.61, 229.55, 229.61, 229.5, 229.66, 229.61, 229.66, 229.66, 229.66, 229.66, 229.71, 229.82, 229.76, 229.76, 229.71, 229.71, 229.71, 229.55, 229.61, 229.61, 229.66], "Current": [0.04, 0.04, 0.04, 0.04, 0.04, 0.04, 0.04, 0.04, 0.04, 0.04, 0.04, 0.04, 0.04, 0.04, 0.04, 0.04, 0.04, 0.04, 0.04, 0.04, 0.04, 0.04, 0.04, 0.04, 0.04, 0.04, 0.04, 0.04, 0.04, 0.04, 0.04, 0.04, 0.04, 0.04, 0.04, 0.04, 0.04, 0.04, 0.04, 0.04, 0.04, 0.04, 0.04, 0.04, 0.04], "Real_Power": [4.04, 4.02, 3.92, 3.93, 3.85, 3.95, 4.07, 4.0, 3.94, 4.05, 4.03, 3.9, 3.93, 4.05, 3.89, 3.96, 3.82, 3.99, 3.85, 3.96, 3.91, 3.93, 3.99, 3.92, 3.98, 3.95, 3.94, 3.99, 4.04, 3.88, 3.93, 4.04, 4.01, 4.01, 4.01, 3.89, 3.95, 3.91, 3.97, 3.94, 3.9, 3.98, 4.05, 3.99, 4.06], "Apparent_Power": [9.18, 9.18, 9.18, 9.18, 9.18, 9.18, 9.18, 9.18, 9.18, 9.18, 9.19, 9.19, 9.19, 9.19, 9.19, 9.19, 9.19, 9.19, 9.19, 9.18, 9.19, 9.18, 9.18, 9.18, 9.18, 9.18, 9.18, 9.18, 9.18, 9.18, 9.18, 9.18, 9.18, 9.18, 9.18, 9.19, 9.19, 9.19, 9.18, 9.18, 9.18, 9.18, 9.18, 9.18, 9.18], "Apparent_Power_Reactive": [8.24, 8.25, 8.3, 8.29, 8.33, 8.28, 8.22, 8.26, 8.29, 8.23, 8.25, 8.32, 8.3, 8.24, 8.32, 8.29, 8.35, 8.27, 8.34, 8.28, 8.31, 8.29, 8.26, 8.3, 8.27, 8.28, 8.29, 8.26, 8.24, 8.31, 8.29, 8.24, 8.25, 8.25, 8.25, 8.32, 8.29, 8.31, 8.27, 8.29, 8.31, 8.27, 8.23, 8.26, 8.23], "Power_Factor": [0.44, 0.437, 0.427, 0.428, 0.419, 0.43, 0.443, 0.435, 0.429, 0.441, 0.438, 0.424, 0.427, 0.44, 0.423, 0.43, 0.415, 0.434, 0.418, 0.431, 0.425, 0.428, 0.434, 0.427, 0.433, 0.43, 0.429, 0.434, 0.44, 0.422, 0.428, 0.44, 0.436, 0.436, 0.436, 0.423, 0.429, 0.425, 0.432, 0.429, 0.424, 0.433, 0.441, 0.434, 0.442], "Energy": [0.0, 0.0, 0.0, 0.0, 0.01, 0.01, 0.01, 0.01, 0.01, 0.02, 0.02, 0.02, 0.02, 0.03, 0.03, 0.03, 0.03, 0.03, 0.04, 0.04, 0.04, 0.04, 0.05, 0.05, 0.05, 0.05, 0.05, 0.06, 0.06, 0.06, 0.06, 0.07, 0.07, 0.07, 0.07, 0.07, 0.08, 0.08, 0.08, 0.08, 0.09, 0.09, 0.09, 0.09, 0.09], "Frequency": [49.38, 49.38, 49.38, 49.38, 49.38, 49.38, 49.38, 49.38, 49.39, 49.39, 49.39, 49.4, 49.4, 49.4, 49.39, 49.39, 49.39, 49.4, 49.4, 49.4, 49.39, 49.39, 49.39, 49.39, 49.39, 49.39, 49.39, 49.39, 49.39, 49.39, 49.39, 49.39, 49.41, 49.41, 49.41, 49.41, 49.41, 49.41, 49.41, 49.41, 49.41, 49.41, 49.41, 49.41, 49.42], "Temp_env": []}