{"Start_Time": [1759194114.9538486], "Time": [1759194116.956159, 1759194118.9587739, 1759194120.9616902, 1759194122.9638655, 1759194124.9661624, 1759194126.968711, 1759194128.971052, 1759194130.9740021, 1759194132.9762774, 1759194134.979, 1759194136.981847, 1759194138.9841762, 1759194140.9867132, 1759194142.989228, 1759194144.9921632, 1759194146.9950416, 1759194148.998059, 1759194151.0004017, 1759194153.003446, 1759194155.006452, 1759194157.0093179, 1759194159.0124545, 1759194161.0149012, 1759194163.0173495, 1759194165.0205593, 1759194167.0235465, 1759194169.0264225, 1759194171.0284793, 1759194173.0316553, 1759194175.0345252, 1759194177.0367408, 1759194179.039592, 1759194181.0424247, 1759194183.0447624, 1759194185.0474298, 1759194187.050056, 1759194189.0525308, 1759194191.0548728, 1759194193.0576515, 1759194195.0607498, 1759194197.0633416, 1759194199.0662003, 1759194201.0688493, 1759194203.0712233, 1759194205.0738835], "Voltage": [232.17, 232.23, 232.33, 232.23, 232.28, 232.23, 232.12, 232.17, 232.07, 232.12, 232.12, 232.07, 232.02, 232.23, 232.17, 232.12, 232.12, 232.12, 232.07, 232.17, 232.07, 232.17, 232.07, 232.17, 232.17, 232.12, 232.12, 232.17, 232.23, 232.12, 232.02, 232.17, 232.07, 232.17, 232.12, 232.02, 232.12, 232.07, 232.12, 232.17, 232.17, 232.17, 232.07, 232.23, 232.12], "Current": [0.03, 0.03, 0.04, 0.03, 0.04, 0.03, 0.03, 0.03, 0.04, 0.04, 0.04, 0.03, 0.03, 0.03, 0.03, 0.04, 0.04, 0.04, 0.04, 0.04, 0.04, 0.03, 0.04, 0.04, 0.04, 0.04, 0.03, 0.03, 0.04, 0.04, 0.03, 0.03, 0.03, 0.03, 0.03, 0.03, 0.04, 0.03, 0.03, 0.03, 0.03, 0.04, 0.03, 0.04, 0.04], "Real_Power": [3.93, 3.9, 3.92, 3.88, 3.99, 3.92, 3.88, 3.86, 3.98, 3.94, 3.97, 3.89, 3.89, 3.9, 3.81, 3.99, 4.12, 3.92, 3.91, 3.87, 3.94, 3.94, 3.93, 3.9, 3.93, 4.03, 3.91, 3.81, 3.97, 3.91, 3.85, 3.96, 3.87, 3.85, 3.93, 3.86, 3.99, 3.91, 3.85, 3.93, 3.97, 3.95, 3.91, 3.94, 3.94], "Apparent_Power": [6.96, 6.96, 9.29, 6.96, 9.29, 6.96, 6.96, 6.96, 9.28, 9.28, 9.28, 6.96, 6.96, 6.96, 6.96, 9.28, 9.28, 9.28, 9.28, 9.28, 9.28, 6.96, 9.28, 9.28, 9.28, 9.28, 6.96, 6.96, 9.28, 9.28, 6.96, 6.96, 6.96, 6.96, 6.96, 6.96, 9.28, 6.96, 6.96, 6.96, 6.96, 9.28, 6.96, 9.28, 9.28], "Apparent_Power_Reactive": [5.74, 5.76, 8.42, 5.77, 8.38, 5.75, 5.77, 5.79, 8.38, 8.4, 8.38, 5.77, 5.77, 5.76, 5.82, 8.37, 8.31, 8.41, 8.41, 8.43, 8.4, 5.73, 8.4, 8.42, 8.4, 8.35, 5.75, 5.82, 8.38, 8.41, 5.79, 5.72, 5.78, 5.79, 5.74, 5.79, 8.37, 5.75, 5.79, 5.74, 5.71, 8.39, 5.75, 8.4, 8.4], "Power_Factor": [0.564, 0.56, 0.421, 0.557, 0.429, 0.563, 0.557, 0.554, 0.428, 0.424, 0.427, 0.558, 0.558, 0.56, 0.547, 0.429, 0.443, 0.422, 0.421, 0.417, 0.424, 0.566, 0.423, 0.42, 0.423, 0.434, 0.561, 0.547, 0.427, 0.421, 0.553, 0.568, 0.556, 0.553, 0.564, 0.554, 0.429, 0.561, 0.553, 0.564, 0.57, 0.425, 0.561, 0.424, 0.424], "Energy": [0.0, 0.0, 0.0, 0.0, 0.01, 0.01, 0.01, 0.01, 0.01, 0.02, 0.02, 0.02, 0.02, 0.03, 0.03, 0.03, 0.03, 0.03, 0.04, 0.04, 0.04, 0.04, 0.05, 0.05, 0.05, 0.05, 0.05, 0.06, 0.06, 0.06, 0.06, 0.07, 0.07, 0.07, 0.07, 0.07, 0.08, 0.08, 0.08, 0.08, 0.09, 0.09, 0.09, 0.09, 0.09], "Frequency": [49.39, 49.39, 49.39, 49.37, 49.37, 49.37, 49.36, 49.36, 49.36, 49.35, 49.35, 49.35, 49.35, 49.35, 49.35, 49.34, 49.34, 49.34, 49.35, 49.35, 49.35, 49.35, 49.35, 49.35, 49.35, 49.35, 49.35, 49.35, 49.35, 49.35, 49.35, 49.35, 49.35, 49.35, 49.35, 49.35, 49.35, 49.35, 49.35, 49.36, 49.36, 49.36, 49.35, 49.35, 49.35], "Temp_env": []}