{"Start_Time": [1759290607.7299113], "Time": [1759290609.73246, 1759290611.7352796, 1759290613.7380614, 1759290615.7409933, 1759290617.7433121, 1759290619.7534502, 1759290621.7563503, 1759290623.7592783, 1759290625.7625284, 1759290627.765252, 1759290629.7673185, 1759290631.7700746, 1759290633.7725244, 1759290635.775498, 1759290637.77839, 1759290639.7815757, 1759290641.7844594, 1759290643.7948055, 1759290645.7974243, 1759290647.800544, 1759290649.802706, 1759290651.8054962, 1759290653.8076272, 1759290655.8106375, 1759290657.8128352, 1759290659.8157072, 1759290661.817745, 1759290663.820471, 1759290665.8232942, 1759290667.8261564, 1759290669.8290305, 1759290671.8318946, 1759290673.8338757, 1759290675.8366315, 1759290677.8389852, 1759290679.841675, 1759290681.8439488, 1759290683.8460937, 1759290685.8490045, 1759290687.8510985, 1759290689.8538122, 1759290691.856177, 1759290693.858875, 1759290695.861229, 1759290697.8641381], "Voltage": [229.29, 229.35, 229.24, 229.24, 229.19, 229.19, 229.29, 229.24, 229.19, 229.19, 228.66, 228.72, 228.72, 228.77, 228.72, 228.87, 228.87, 228.77, 228.82, 228.56, 228.72, 228.87, 228.66, 228.66, 228.56, 228.72, 228.72, 228.66, 228.77, 228.66, 228.77, 228.66, 228.72, 228.82, 228.66, 228.77, 228.82, 228.87, 228.93, 228.72, 228.82, 228.87, 228.77, 228.87, 228.77], "Current": [0.04, 0.04, 0.04, 0.04, 0.04, 0.04, 0.04, 0.04, 0.04, 0.04, 0.04, 0.04, 0.04, 0.04, 0.04, 0.04, 0.04, 0.04, 0.04, 0.04, 0.04, 0.04, 0.04, 0.04, 0.04, 0.04, 0.04, 0.04, 0.04, 0.04, 0.04, 0.04, 0.04, 0.04, 0.04, 0.04, 0.04, 0.04, 0.04, 0.04, 0.04, 0.04, 0.04, 0.03, 0.03], "Real_Power": [4.0, 4.01, 3.92, 4.02, 3.88, 4.0, 4.0, 4.02, 3.89, 3.93, 3.92, 3.86, 3.87, 3.98, 4.02, 4.0, 3.95, 3.92, 3.92, 3.95, 4.01, 3.96, 3.92, 3.93, 3.98, 3.88, 4.14, 3.99, 3.95, 3.92, 4.01, 3.94, 3.9, 3.99, 3.97, 3.9, 4.05, 3.97, 4.06, 3.99, 3.91, 3.95, 3.87, 3.87, 3.91], "Apparent_Power": [9.17, 9.17, 9.16, 9.16, 9.16, 9.16, 9.17, 9.16, 9.16, 9.16, 9.14, 9.14, 9.14, 9.15, 9.14, 9.15, 9.15, 9.15, 9.15, 9.14, 9.14, 9.15, 9.14, 9.14, 9.14, 9.14, 9.14, 9.14, 9.15, 9.14, 9.15, 9.14, 9.14, 9.15, 9.14, 9.15, 9.15, 9.15, 9.15, 9.14, 9.15, 9.15, 9.15, 6.86, 6.86], "Apparent_Power_Reactive": [8.25, 8.24, 8.27, 8.23, 8.29, 8.24, 8.25, 8.23, 8.29, 8.27, 8.25, 8.28, 8.28, 8.23, 8.2, 8.22, 8.25, 8.26, 8.26, 8.24, 8.21, 8.24, 8.25, 8.25, 8.22, 8.27, 8.14, 8.22, 8.25, 8.25, 8.22, 8.24, 8.26, 8.23, 8.23, 8.27, 8.2, 8.24, 8.19, 8.22, 8.27, 8.25, 8.29, 5.66, 5.63], "Power_Factor": [0.436, 0.437, 0.427, 0.438, 0.423, 0.436, 0.436, 0.438, 0.424, 0.429, 0.428, 0.422, 0.423, 0.434, 0.439, 0.437, 0.431, 0.428, 0.428, 0.432, 0.438, 0.432, 0.428, 0.429, 0.435, 0.424, 0.452, 0.436, 0.431, 0.428, 0.438, 0.431, 0.426, 0.436, 0.434, 0.426, 0.442, 0.433, 0.443, 0.436, 0.427, 0.431, 0.422, 0.564, 0.569], "Energy": [0.0, 0.0, 0.0, 0.0, 0.01, 0.01, 0.01, 0.01, 0.01, 0.02, 0.02, 0.02, 0.02, 0.03, 0.03, 0.03, 0.03, 0.03, 0.04, 0.04, 0.04, 0.04, 0.05, 0.05, 0.05, 0.05, 0.05, 0.06, 0.06, 0.06, 0.06, 0.07, 0.07, 0.07, 0.07, 0.08, 0.08, 0.08, 0.08, 0.08, 0.09, 0.09, 0.09, 0.09, 0.1], "Frequency": [49.38, 49.39, 49.39, 49.39, 49.39, 49.39, 49.39, 49.37, 49.37, 49.37, 49.36, 49.36, 49.36, 49.36, 49.36, 49.36, 49.37, 49.37, 49.37, 49.38, 49.38, 49.38, 49.38, 49.38, 49.38, 49.38, 49.38, 49.38, 49.39, 49.39, 49.39, 49.39, 49.39, 49.39, 49.39, 49.39, 49.39, 49.39, 49.39, 49.39, 49.38, 49.38, 49.38, 49.39, 49.39], "Temp_env": []}