{"Start_Time": [1759193197.5817404], "Time": [1759193199.584365, 1759193201.5875747, 1759193203.5904865, 1759193205.593577, 1759193207.6037886, 1759193209.6065454, 1759193211.6087756, 1759193213.6184614, 1759193215.6209793, 1759193217.6235106, 1759193219.626055, 1759193221.6287334, 1759193223.631586, 1759193225.6347454, 1759193227.6375368, 1759193229.6402044, 1759193231.6502473, 1759193233.6531012, 1759193235.6555896, 1759193237.6582189, 1759193239.6607585, 1759193241.663656, 1759193243.6662514, 1759193245.668763, 1759193247.671336, 1759193249.6810496, 1759193251.683727, 1759193253.6860375, 1759193255.6950216, 1759193257.6973221, 1759193259.7002685, 1759193261.703059, 1759193263.7061589, 1759193265.7089524, 1759193267.7112913, 1759193269.714365, 1759193271.7173038, 1759193273.7271101, 1759193275.7293391, 1759193277.7320364, 1759193279.7343938, 1759193281.7374947, 1759193283.7403784, 1759193285.7433758, 1759193287.746299], "Voltage": [232.07, 232.17, 232.17, 232.17, 232.23, 232.23, 232.07, 232.07, 232.17, 232.12, 232.02, 232.23, 232.12, 232.17, 232.28, 232.12, 232.23, 232.17, 232.23, 232.17, 232.23, 232.17, 232.12, 232.07, 232.07, 232.23, 232.23, 232.12, 232.12, 232.28, 232.12, 232.23, 232.12, 232.12, 232.17, 232.17, 232.23, 232.17, 232.17, 232.17, 232.17, 232.12, 232.17, 232.12, 232.12], "Current": [0.04, 0.04, 0.04, 0.04, 0.03, 0.03, 0.03, 0.03, 0.04, 0.03, 0.04, 0.04, 0.04, 0.04, 0.04, 0.03, 0.03, 0.04, 0.04, 0.04, 0.03, 0.04, 0.04, 0.04, 0.03, 0.04, 0.04, 0.04, 0.04, 0.04, 0.04, 0.04, 0.04, 0.04, 0.03, 0.04, 0.04, 0.03, 0.04, 0.04, 0.04, 0.04, 0.04, 0.04, 0.04], "Real_Power": [3.99, 3.93, 3.87, 3.9, 3.84, 3.8, 3.89, 3.91, 3.95, 3.97, 3.97, 4.01, 4.0, 3.88, 3.95, 3.86, 3.93, 3.92, 3.98, 3.92, 3.91, 4.06, 3.93, 3.96, 3.87, 3.99, 4.0, 3.96, 3.86, 3.99, 4.01, 4.01, 3.92, 4.07, 3.81, 3.95, 4.09, 3.88, 3.91, 4.02, 3.96, 3.99, 3.95, 3.85, 3.93], "Apparent_Power": [9.28, 9.28, 9.28, 9.28, 6.96, 6.96, 6.96, 6.96, 9.28, 6.96, 9.28, 9.28, 9.28, 9.28, 9.29, 6.96, 6.96, 9.28, 9.28, 9.28, 6.96, 9.28, 9.28, 9.28, 6.96, 9.28, 9.28, 9.28, 9.28, 9.29, 9.28, 9.28, 9.28, 9.28, 6.96, 9.28, 9.28, 6.96, 9.28, 9.28, 9.28, 9.28, 9.28, 9.28, 9.28], "Apparent_Power_Reactive": [8.37, 8.4, 8.43, 8.42, 5.8, 5.83, 5.77, 5.75, 8.39, 5.71, 8.38, 8.36, 8.37, 8.42, 8.4, 5.79, 5.74, 8.41, 8.38, 8.41, 5.75, 8.34, 8.4, 8.39, 5.78, 8.37, 8.37, 8.39, 8.43, 8.38, 8.36, 8.36, 8.41, 8.33, 5.82, 8.39, 8.33, 5.77, 8.41, 8.36, 8.39, 8.37, 8.39, 8.44, 8.4], "Power_Factor": [0.429, 0.423, 0.417, 0.42, 0.551, 0.545, 0.558, 0.561, 0.425, 0.57, 0.427, 0.432, 0.431, 0.418, 0.425, 0.554, 0.564, 0.422, 0.428, 0.422, 0.561, 0.437, 0.423, 0.426, 0.556, 0.429, 0.431, 0.426, 0.415, 0.429, 0.432, 0.432, 0.422, 0.438, 0.547, 0.425, 0.44, 0.557, 0.421, 0.433, 0.426, 0.429, 0.425, 0.414, 0.423], "Energy": [0.0, 0.0, 0.0, 0.0, 0.01, 0.01, 0.01, 0.01, 0.01, 0.02, 0.02, 0.02, 0.02, 0.03, 0.03, 0.03, 0.03, 0.03, 0.04, 0.04, 0.04, 0.04, 0.05, 0.05, 0.05, 0.05, 0.05, 0.06, 0.06, 0.06, 0.06, 0.07, 0.07, 0.07, 0.07, 0.07, 0.08, 0.08, 0.08, 0.08, 0.09, 0.09, 0.09, 0.09, 0.09], "Frequency": [49.41, 49.41, 49.41, 49.42, 49.42, 49.42, 49.41, 49.41, 49.41, 49.42, 49.42, 49.42, 49.41, 49.41, 49.41, 49.42, 49.42, 49.42, 49.4, 49.4, 49.4, 49.4, 49.4, 49.4, 49.4, 49.4, 49.4, 49.4, 49.4, 49.4, 49.41, 49.41, 49.41, 49.41, 49.41, 49.41, 49.4, 49.4, 49.4, 49.41, 49.41, 49.41, 49.42, 49.42, 49.42], "Temp_env": []}