{"Start_Time": [1758807922.6334703], "Time": [1758807924.6362805, 1758807926.6390696, 1758807928.6419458, 1758807930.644872, 1758807932.6542442, 1758807934.657333, 1758807936.6601713, 1758807938.6623049, 1758807940.665177, 1758807942.6677504, 1758807944.6703732, 1758807946.6734695, 1758807948.6763976, 1758807950.686334, 1758807952.6893375, 1758807954.692448, 1758807956.694378, 1758807958.697664, 1758807960.7005005, 1758807962.7035038, 1758807964.7064242, 1758807966.709228, 1758807968.711926, 1758807970.7143207, 1758807972.7167006, 1758807974.726416, 1758807976.728747, 1758807978.731623, 1758807980.734729, 1758807982.7379415, 1758807984.7404058, 1758807986.742578, 1758807988.7456334, 1758807990.7484229, 1758807992.7506313, 1758807994.7531044, 1758807996.7556102, 1758807998.765815, 1758808000.7680254, 1758808002.770589, 1758808004.772924, 1758808006.7756212, 1758808008.7783465, 1758808010.781232, 1758808012.7839534], "Voltage": [229.87, 229.97, 229.92, 229.97, 230.13, 230.03, 229.97, 229.97, 230.03, 229.97, 229.92, 229.82, 229.87, 229.87, 229.82, 229.76, 229.76, 229.61, 229.76, 229.76, 229.82, 229.71, 229.76, 229.71, 229.76, 230.08, 229.87, 229.97, 229.97, 229.97, 230.03, 229.76, 229.92, 229.97, 229.92, 229.87, 229.92, 230.08, 229.87, 229.87, 229.97, 229.97, 229.87, 230.03, 229.82], "Current": [0.04, 0.04, 0.04, 0.04, 0.04, 0.04, 0.04, 0.04, 0.04, 0.04, 0.04, 0.04, 0.04, 0.04, 0.04, 0.04, 0.04, 0.04, 0.04, 0.04, 0.04, 0.04, 0.04, 0.04, 0.04, 0.04, 0.04, 0.04, 0.04, 0.04, 0.04, 0.04, 0.04, 0.04, 0.04, 0.04, 0.04, 0.04, 0.04, 0.04, 0.04, 0.04, 0.04, 0.04, 0.04], "Real_Power": [3.97, 3.98, 3.96, 3.89, 3.94, 4.02, 3.94, 4.0, 4.01, 3.97, 3.96, 4.06, 3.92, 4.04, 3.97, 3.84, 4.01, 3.81, 4.03, 3.94, 3.91, 3.97, 3.95, 4.07, 3.97, 4.02, 4.03, 4.01, 3.95, 4.02, 4.0, 3.87, 4.02, 3.98, 3.98, 3.95, 3.93, 4.03, 4.1, 4.04, 4.02, 3.99, 3.96, 4.09, 4.04], "Apparent_Power": [9.19, 9.19, 9.19, 9.19, 9.2, 9.2, 9.19, 9.19, 9.2, 9.19, 9.19, 9.19, 9.19, 9.19, 9.19, 9.19, 9.19, 9.18, 9.19, 9.19, 9.19, 9.18, 9.19, 9.18, 9.19, 9.2, 9.19, 9.19, 9.19, 9.19, 9.2, 9.19, 9.19, 9.19, 9.19, 9.19, 9.19, 9.2, 9.19, 9.19, 9.19, 9.19, 9.19, 9.2, 9.19], "Apparent_Power_Reactive": [8.28, 8.28, 8.29, 8.32, 8.31, 8.27, 8.3, 8.27, 8.28, 8.28, 8.29, 8.24, 8.31, 8.25, 8.28, 8.34, 8.26, 8.35, 8.25, 8.3, 8.31, 8.27, 8.29, 8.22, 8.28, 8.27, 8.25, 8.26, 8.29, 8.26, 8.28, 8.33, 8.26, 8.28, 8.28, 8.29, 8.3, 8.27, 8.22, 8.25, 8.26, 8.27, 8.29, 8.24, 8.25], "Power_Factor": [0.431, 0.433, 0.43, 0.423, 0.428, 0.436, 0.428, 0.435, 0.435, 0.431, 0.43, 0.441, 0.426, 0.439, 0.431, 0.417, 0.436, 0.415, 0.438, 0.428, 0.425, 0.432, 0.429, 0.443, 0.431, 0.436, 0.438, 0.436, 0.429, 0.437, 0.434, 0.421, 0.437, 0.433, 0.433, 0.429, 0.427, 0.438, 0.446, 0.439, 0.437, 0.434, 0.43, 0.444, 0.439], "Energy": [0.0, 0.0, 0.0, 0.0, 0.01, 0.01, 0.01, 0.01, 0.02, 0.02, 0.02, 0.02, 0.02, 0.03, 0.03, 0.03, 0.03, 0.04, 0.04, 0.04, 0.04, 0.04, 0.05, 0.05, 0.05, 0.05, 0.06, 0.06, 0.06, 0.06, 0.06, 0.07, 0.07, 0.07, 0.07, 0.08, 0.08, 0.08, 0.08, 0.08, 0.09, 0.09, 0.09, 0.09, 0.1], "Frequency": [49.39, 49.39, 49.4, 49.4, 49.4, 49.41, 49.41, 49.41, 49.39, 49.39, 49.39, 49.4, 49.4, 49.4, 49.39, 49.39, 49.39, 49.39, 49.39, 49.39, 49.41, 49.41, 49.41, 49.4, 49.4, 49.4, 49.41, 49.41, 49.41, 49.39, 49.39, 49.39, 49.4, 49.4, 49.4, 49.4, 49.4, 49.4, 49.4, 49.4, 49.4, 49.4, 49.4, 49.4, 49.41], "Temp_env": []}