{"Start_Time": [1758938824.3541481], "Time": [1758938826.3569868, 1758938828.3594453, 1758938830.3626075, 1758938832.3655112, 1758938834.3746784, 1758938836.3774087, 1758938838.3805406, 1758938840.3904567, 1758938842.3937805, 1758938844.3964293, 1758938846.4056463, 1758938848.4084418, 1758938850.411845, 1758938852.421563, 1758938854.4240866, 1758938856.4270236, 1758938858.4297073, 1758938860.4324946, 1758938862.4347346, 1758938864.444634, 1758938866.44708, 1758938868.449971, 1758938870.459822, 1758938872.4626417, 1758938874.4656487, 1758938876.4757972, 1758938878.4780571, 1758938880.4810965, 1758938882.4840555, 1758938884.4868228, 1758938886.4890952, 1758938888.4995325, 1758938890.5018165, 1758938892.5044894, 1758938894.5142412, 1758938896.5171676, 1758938898.5198867, 1758938900.5229926, 1758938902.5258846, 1758938904.5282292, 1758938906.5309258, 1758938908.5342915, 1758938910.537143, 1758938912.547086, 1758938914.5500126], "Voltage": [231.91, 232.02, 232.12, 232.07, 232.02, 232.07, 232.07, 231.91, 231.97, 232.12, 232.02, 232.07, 232.12, 232.12, 232.07, 232.07, 232.02, 232.02, 231.86, 231.91, 232.07, 232.12, 232.07, 231.91, 232.02, 231.86, 231.97, 232.07, 231.91, 232.12, 232.12, 232.02, 232.12, 232.12, 232.12, 232.07, 232.07, 232.12, 232.12, 231.97, 232.02, 232.12, 232.07, 232.17, 232.07], "Current": [0.04, 0.03, 0.04, 0.03, 0.04, 0.04, 0.03, 0.04, 0.04, 0.04, 0.04, 0.04, 0.04, 0.03, 0.04, 0.03, 0.04, 0.04, 0.04, 0.04, 0.04, 0.04, 0.04, 0.04, 0.04, 0.04, 0.04, 0.04, 0.04, 0.04, 0.03, 0.03, 0.04, 0.03, 0.04, 0.04, 0.04, 0.04, 0.04, 0.04, 0.04, 0.04, 0.04, 0.03, 0.04], "Real_Power": [3.86, 3.82, 3.87, 3.76, 3.77, 3.92, 3.89, 3.85, 3.89, 3.85, 3.83, 3.97, 3.87, 3.82, 3.95, 3.83, 3.87, 3.93, 3.98, 4.02, 4.0, 3.96, 3.86, 4.01, 3.87, 3.88, 3.93, 3.89, 3.78, 3.83, 3.87, 3.78, 3.87, 3.9, 3.82, 3.79, 3.9, 3.95, 3.85, 3.96, 3.82, 3.99, 3.8, 3.85, 3.76], "Apparent_Power": [9.27, 6.96, 9.28, 6.96, 9.28, 9.28, 6.96, 9.27, 9.27, 9.28, 9.28, 9.28, 9.28, 6.96, 9.28, 6.96, 9.28, 9.28, 9.27, 9.27, 9.28, 9.28, 9.28, 9.27, 9.28, 9.27, 9.27, 9.28, 9.27, 9.28, 6.96, 6.96, 9.28, 6.96, 9.28, 9.28, 9.28, 9.28, 9.28, 9.27, 9.28, 9.28, 9.28, 6.96, 9.28], "Apparent_Power_Reactive": [8.42, 5.81, 8.43, 5.85, 8.47, 8.41, 5.77, 8.43, 8.41, 8.44, 8.45, 8.38, 8.43, 5.81, 8.39, 5.81, 8.43, 8.4, 8.37, 8.35, 8.37, 8.39, 8.43, 8.35, 8.43, 8.41, 8.39, 8.42, 8.46, 8.45, 5.78, 5.84, 8.43, 5.76, 8.45, 8.47, 8.42, 8.39, 8.44, 8.38, 8.45, 8.37, 8.46, 5.79, 8.48], "Power_Factor": [0.416, 0.548, 0.417, 0.54, 0.406, 0.422, 0.558, 0.415, 0.419, 0.414, 0.412, 0.427, 0.417, 0.548, 0.425, 0.55, 0.417, 0.423, 0.429, 0.433, 0.431, 0.426, 0.415, 0.432, 0.417, 0.418, 0.423, 0.419, 0.407, 0.412, 0.556, 0.543, 0.417, 0.56, 0.411, 0.408, 0.42, 0.425, 0.414, 0.427, 0.411, 0.429, 0.409, 0.553, 0.405], "Energy": [0.0, 0.0, 0.0, 0.0, 0.01, 0.01, 0.01, 0.01, 0.01, 0.02, 0.02, 0.02, 0.02, 0.03, 0.03, 0.03, 0.03, 0.03, 0.04, 0.04, 0.04, 0.04, 0.05, 0.05, 0.05, 0.05, 0.05, 0.06, 0.06, 0.06, 0.06, 0.06, 0.07, 0.07, 0.07, 0.07, 0.08, 0.08, 0.08, 0.08, 0.08, 0.09, 0.09, 0.09, 0.09], "Frequency": [49.38, 49.38, 49.38, 49.37, 49.37, 49.37, 49.39, 49.39, 49.39, 49.39, 49.39, 49.39, 49.39, 49.39, 49.38, 49.38, 49.38, 49.37, 49.37, 49.37, 49.37, 49.37, 49.37, 49.36, 49.36, 49.36, 49.39, 49.39, 49.39, 49.38, 49.38, 49.38, 49.39, 49.39, 49.39, 49.39, 49.39, 49.39, 49.39, 49.39, 49.39, 49.39, 49.39, 49.39, 49.4], "Temp_env": []}