{"Start_Time": [1759066256.4178295], "Time": [1759066258.4204102, 1759066260.4233136, 1759066262.4253786, 1759066264.4280343, 1759066266.4378896, 1759066268.4401336, 1759066270.4424372, 1759066272.4524717, 1759066274.4554906, 1759066276.4583814, 1759066278.468285, 1759066280.4714081, 1759066282.474492, 1759066284.4773605, 1759066286.4794402, 1759066288.482235, 1759066290.492473, 1759066292.4953098, 1759066294.4977438, 1759066296.5075233, 1759066298.510607, 1759066300.5134106, 1759066302.5233662, 1759066304.5259593, 1759066306.5284612, 1759066308.5313687, 1759066310.5338368, 1759066312.5364559, 1759066314.5464945, 1759066316.5487506, 1759066318.551435, 1759066320.5615628, 1759066322.5645041, 1759066324.5668855, 1759066326.5695522, 1759066328.5719988, 1759066330.5746784, 1759066332.5777705, 1759066334.5806062, 1759066336.582956, 1759066338.5927618, 1759066340.5956352, 1759066342.5981455, 1759066344.6078649, 1759066346.6107044], "Voltage": [229.87, 229.76, 229.87, 229.76, 229.76, 229.66, 229.66, 229.66, 229.82, 229.82, 229.92, 229.92, 229.87, 229.76, 229.92, 229.87, 229.92, 229.87, 229.97, 229.76, 229.92, 229.92, 229.97, 230.03, 229.92, 229.92, 229.82, 229.87, 229.92, 230.03, 229.82, 229.97, 229.92, 229.97, 230.03, 229.97, 230.03, 230.03, 229.82, 229.87, 230.08, 229.92, 229.92, 229.92, 229.87], "Current": [0.04, 0.04, 0.04, 0.04, 0.04, 0.04, 0.04, 0.04, 0.04, 0.04, 0.04, 0.04, 0.04, 0.04, 0.04, 0.04, 0.04, 0.04, 0.04, 0.04, 0.04, 0.04, 0.04, 0.04, 0.04, 0.04, 0.04, 0.04, 0.04, 0.04, 0.04, 0.04, 0.04, 0.04, 0.04, 0.04, 0.04, 0.04, 0.04, 0.04, 0.04, 0.04, 0.04, 0.04, 0.04], "Real_Power": [3.83, 3.88, 4.0, 3.89, 3.95, 3.94, 3.78, 3.81, 3.79, 3.99, 3.98, 3.9, 3.8, 3.87, 4.02, 3.88, 3.86, 3.89, 3.92, 3.89, 3.85, 3.86, 3.85, 3.89, 3.91, 3.88, 3.98, 3.98, 3.85, 3.83, 3.94, 3.93, 3.88, 3.95, 3.86, 3.78, 3.84, 3.95, 3.83, 3.84, 4.09, 3.89, 3.98, 3.8, 3.89], "Apparent_Power": [9.19, 9.19, 9.19, 9.19, 9.19, 9.18, 9.18, 9.18, 9.19, 9.19, 9.19, 9.19, 9.19, 9.19, 9.19, 9.19, 9.19, 9.19, 9.19, 9.19, 9.19, 9.19, 9.19, 9.2, 9.19, 9.19, 9.19, 9.19, 9.19, 9.2, 9.19, 9.19, 9.19, 9.19, 9.2, 9.19, 9.2, 9.2, 9.19, 9.19, 9.2, 9.19, 9.19, 9.19, 9.19], "Apparent_Power_Reactive": [8.35, 8.33, 8.27, 8.32, 8.29, 8.29, 8.36, 8.35, 8.37, 8.27, 8.28, 8.32, 8.36, 8.33, 8.26, 8.33, 8.34, 8.32, 8.31, 8.32, 8.34, 8.34, 8.34, 8.33, 8.31, 8.33, 8.28, 8.28, 8.34, 8.36, 8.3, 8.3, 8.33, 8.29, 8.35, 8.37, 8.36, 8.3, 8.35, 8.34, 8.24, 8.32, 8.28, 8.36, 8.32], "Power_Factor": [0.416, 0.422, 0.435, 0.423, 0.429, 0.429, 0.411, 0.415, 0.412, 0.434, 0.433, 0.424, 0.413, 0.421, 0.437, 0.422, 0.42, 0.423, 0.426, 0.423, 0.418, 0.42, 0.418, 0.422, 0.425, 0.422, 0.433, 0.433, 0.418, 0.416, 0.428, 0.427, 0.422, 0.429, 0.419, 0.411, 0.417, 0.429, 0.416, 0.417, 0.444, 0.423, 0.433, 0.413, 0.423], "Energy": [0.0, 0.0, 0.0, 0.0, 0.01, 0.01, 0.01, 0.01, 0.01, 0.02, 0.02, 0.02, 0.02, 0.03, 0.03, 0.03, 0.03, 0.03, 0.04, 0.04, 0.04, 0.04, 0.05, 0.05, 0.05, 0.05, 0.05, 0.06, 0.06, 0.06, 0.06, 0.07, 0.07, 0.07, 0.07, 0.07, 0.08, 0.08, 0.08, 0.08, 0.08, 0.09, 0.09, 0.09, 0.09], "Frequency": [49.38, 49.38, 49.37, 49.37, 49.37, 49.37, 49.37, 49.37, 49.36, 49.36, 49.38, 49.38, 49.38, 49.37, 49.37, 49.37, 49.37, 49.37, 49.37, 49.37, 49.37, 49.37, 49.37, 49.37, 49.37, 49.37, 49.37, 49.37, 49.37, 49.37, 49.37, 49.36, 49.36, 49.36, 49.37, 49.37, 49.37, 49.36, 49.36, 49.36, 49.36, 49.36, 49.36, 49.35, 49.35], "Temp_env": []}