{"Start_Time": [1758730320.6014853], "Time": [1758730322.6036055, 1758730324.6066234, 1758730326.6096, 1758730328.6125543, 1758730330.6148534, 1758730332.6175523, 1758730334.6205916, 1758730336.630347, 1758730338.632679, 1758730340.6351967, 1758730342.6449788, 1758730344.6473997, 1758730346.6500127, 1758730348.6524684, 1758730350.6552482, 1758730352.6580837, 1758730354.6609223, 1758730356.6636372, 1758730358.666191, 1758730360.6758873, 1758730362.678615, 1758730364.6809325, 1758730366.6911054, 1758730368.6939456, 1758730370.6966727, 1758730372.6990087, 1758730374.70173, 1758730376.7043653, 1758730378.7072008, 1758730380.7100716, 1758730382.7129364, 1758730384.7227676, 1758730386.7252204, 1758730388.7281418, 1758730390.7308204, 1758730392.7331843, 1758730394.7360864, 1758730396.739172, 1758730398.7418442, 1758730400.745138, 1758730402.7479174, 1758730404.750274, 1758730406.753196, 1758730408.763274, 1758730410.7661557], "Voltage": [229.87, 229.76, 229.71, 229.71, 229.71, 229.82, 229.87, 229.76, 229.76, 229.82, 229.61, 229.61, 229.61, 229.76, 229.76, 229.71, 229.87, 229.92, 229.87, 229.92, 229.87, 229.76, 229.76, 229.76, 229.82, 229.76, 229.66, 229.61, 229.61, 229.66, 229.71, 229.87, 229.71, 229.82, 229.66, 229.66, 229.71, 229.66, 229.66, 229.61, 229.66, 229.71, 229.66, 229.71, 229.71], "Current": [0.04, 0.04, 0.04, 0.04, 0.04, 0.04, 0.04, 0.04, 0.04, 0.04, 0.04, 0.04, 0.04, 0.04, 0.04, 0.04, 0.04, 0.04, 0.04, 0.04, 0.04, 0.04, 0.04, 0.04, 0.04, 0.04, 0.04, 0.04, 0.04, 0.04, 0.04, 0.04, 0.04, 0.04, 0.04, 0.04, 0.04, 0.04, 0.04, 0.04, 0.04, 0.04, 0.04, 0.04, 0.04], "Real_Power": [3.82, 3.92, 3.91, 3.95, 3.95, 4.0, 3.96, 4.01, 3.93, 3.87, 3.8, 3.98, 4.01, 3.94, 3.99, 3.94, 3.96, 3.89, 3.97, 3.94, 4.02, 3.95, 3.97, 3.83, 3.94, 3.92, 3.97, 4.06, 3.98, 3.99, 3.92, 3.84, 4.01, 3.87, 3.95, 3.97, 4.02, 3.95, 4.0, 3.87, 3.99, 3.94, 3.93, 3.89, 3.97], "Apparent_Power": [9.19, 9.19, 9.18, 9.18, 9.18, 9.19, 9.19, 9.19, 9.19, 9.19, 9.18, 9.18, 9.18, 9.19, 9.19, 9.18, 9.19, 9.19, 9.19, 9.19, 9.19, 9.19, 9.19, 9.19, 9.19, 9.19, 9.18, 9.18, 9.18, 9.18, 9.18, 9.19, 9.18, 9.19, 9.18, 9.18, 9.18, 9.18, 9.18, 9.18, 9.18, 9.18, 9.18, 9.18, 9.18], "Apparent_Power_Reactive": [8.35, 8.31, 8.3, 8.28, 8.28, 8.27, 8.29, 8.26, 8.3, 8.33, 8.35, 8.27, 8.25, 8.3, 8.27, 8.29, 8.29, 8.32, 8.28, 8.3, 8.26, 8.29, 8.28, 8.35, 8.3, 8.31, 8.27, 8.23, 8.27, 8.26, 8.3, 8.34, 8.25, 8.33, 8.28, 8.27, 8.25, 8.28, 8.26, 8.32, 8.26, 8.29, 8.29, 8.31, 8.27], "Power_Factor": [0.415, 0.426, 0.425, 0.43, 0.43, 0.435, 0.43, 0.436, 0.427, 0.421, 0.413, 0.433, 0.436, 0.428, 0.434, 0.429, 0.43, 0.423, 0.431, 0.428, 0.437, 0.429, 0.431, 0.416, 0.428, 0.426, 0.432, 0.442, 0.433, 0.434, 0.427, 0.417, 0.436, 0.421, 0.43, 0.432, 0.437, 0.43, 0.435, 0.421, 0.434, 0.429, 0.428, 0.423, 0.432], "Energy": [0.0, 0.0, 0.0, 0.0, 0.01, 0.01, 0.01, 0.01, 0.01, 0.02, 0.02, 0.02, 0.02, 0.03, 0.03, 0.03, 0.03, 0.04, 0.04, 0.04, 0.04, 0.04, 0.05, 0.05, 0.05, 0.05, 0.06, 0.06, 0.06, 0.06, 0.06, 0.07, 0.07, 0.07, 0.07, 0.08, 0.08, 0.08, 0.08, 0.08, 0.09, 0.09, 0.09, 0.09, 0.1], "Frequency": [49.37, 49.37, 49.37, 49.37, 49.37, 49.36, 49.36, 49.36, 49.35, 49.35, 49.35, 49.37, 49.37, 49.37, 49.37, 49.37, 49.37, 49.37, 49.37, 49.37, 49.36, 49.36, 49.36, 49.35, 49.35, 49.35, 49.35, 49.35, 49.35, 49.35, 49.35, 49.35, 49.35, 49.35, 49.35, 49.36, 49.36, 49.36, 49.36, 49.36, 49.36, 49.36, 49.36, 49.36, 49.35], "Temp_env": []}