{"Start_Time": [1758687333.1878574], "Time": [1758687335.1909852, 1758687337.1936362, 1758687339.195871, 1758687341.1987042, 1758687343.2010298, 1758687345.2041326, 1758687347.2069778, 1758687349.2100618, 1758687351.2127357, 1758687353.2151754, 1758687355.217137, 1758687357.2202463, 1758687359.223087, 1758687361.2254505, 1758687363.2279847, 1758687365.2308419, 1758687367.2334933, 1758687369.236402, 1758687371.2392697, 1758687373.2421231, 1758687375.2452044, 1758687377.2479427, 1758687379.2503283, 1758687381.2532399, 1758687383.255387, 1758687385.2582989, 1758687387.2609644, 1758687389.2633195, 1758687391.2654166, 1758687393.2681298, 1758687395.2703254, 1758687397.273106, 1758687399.2755399, 1758687401.278299, 1758687403.281201, 1758687405.2841303, 1758687407.2872934, 1758687409.2904694, 1758687411.293144, 1758687413.2956066, 1758687415.2985008, 1758687417.3011608, 1758687419.3034904, 1758687421.3065245, 1758687423.3095593], "Voltage": [229.4, 229.35, 229.35, 229.35, 229.4, 229.4, 229.35, 229.35, 229.4, 229.5, 229.5, 229.35, 229.29, 229.19, 229.03, 229.14, 229.19, 228.98, 228.93, 228.93, 228.82, 228.82, 228.82, 228.87, 228.93, 228.87, 228.82, 228.82, 228.87, 228.87, 228.77, 228.87, 228.56, 228.72, 228.72, 228.72, 228.61, 228.72, 228.61, 228.56, 228.77, 228.66, 228.66, 228.87, 228.82], "Current": [0.04, 0.04, 0.04, 0.04, 0.04, 0.04, 0.04, 0.04, 0.04, 0.04, 0.04, 0.04, 0.04, 0.04, 0.04, 0.04, 0.04, 0.04, 0.04, 0.04, 0.04, 0.04, 0.04, 0.04, 0.04, 0.04, 0.04, 0.04, 0.04, 0.04, 0.04, 0.04, 0.04, 0.04, 0.04, 0.04, 0.04, 0.04, 0.04, 0.04, 0.04, 0.04, 0.04, 0.04, 0.04], "Real_Power": [3.89, 3.92, 3.94, 3.91, 3.89, 3.95, 4.04, 3.96, 3.91, 3.85, 3.94, 3.95, 3.93, 3.84, 4.03, 3.83, 3.97, 3.99, 3.99, 3.91, 3.87, 3.91, 3.95, 3.97, 3.98, 3.87, 3.87, 3.89, 3.87, 3.82, 3.9, 3.95, 4.03, 3.91, 3.87, 3.89, 3.92, 4.03, 3.89, 3.92, 4.05, 3.93, 3.95, 4.04, 3.97], "Apparent_Power": [9.17, 9.17, 9.17, 9.17, 9.17, 9.17, 9.17, 9.17, 9.17, 9.18, 9.18, 9.17, 9.17, 9.16, 9.16, 9.16, 9.16, 9.15, 9.15, 9.15, 9.15, 9.15, 9.15, 9.15, 9.15, 9.15, 9.15, 9.15, 9.15, 9.15, 9.15, 9.15, 9.14, 9.14, 9.14, 9.14, 9.14, 9.14, 9.14, 9.14, 9.15, 9.14, 9.14, 9.15, 9.15], "Apparent_Power_Reactive": [8.3, 8.28, 8.28, 8.29, 8.3, 8.27, 8.23, 8.27, 8.29, 8.33, 8.29, 8.27, 8.28, 8.31, 8.22, 8.32, 8.25, 8.23, 8.23, 8.27, 8.29, 8.27, 8.25, 8.24, 8.23, 8.29, 8.29, 8.28, 8.29, 8.31, 8.27, 8.25, 8.2, 8.26, 8.28, 8.27, 8.25, 8.2, 8.27, 8.25, 8.2, 8.25, 8.24, 8.2, 8.24], "Power_Factor": [0.424, 0.427, 0.429, 0.426, 0.424, 0.43, 0.44, 0.431, 0.426, 0.419, 0.429, 0.43, 0.428, 0.419, 0.439, 0.418, 0.433, 0.436, 0.436, 0.427, 0.422, 0.427, 0.431, 0.433, 0.434, 0.422, 0.422, 0.425, 0.422, 0.417, 0.426, 0.431, 0.44, 0.427, 0.423, 0.425, 0.428, 0.44, 0.425, 0.428, 0.442, 0.429, 0.432, 0.441, 0.433], "Energy": [0.0, 0.0, 0.0, 0.0, 0.01, 0.01, 0.01, 0.01, 0.01, 0.02, 0.02, 0.02, 0.02, 0.03, 0.03, 0.03, 0.03, 0.03, 0.04, 0.04, 0.04, 0.04, 0.05, 0.05, 0.05, 0.05, 0.05, 0.06, 0.06, 0.06, 0.06, 0.07, 0.07, 0.07, 0.07, 0.07, 0.08, 0.08, 0.08, 0.08, 0.09, 0.09, 0.09, 0.09, 0.09], "Frequency": [49.39, 49.39, 49.37, 49.37, 49.37, 49.37, 49.37, 49.37, 49.39, 49.39, 49.39, 49.37, 49.37, 49.37, 49.39, 49.39, 49.39, 49.39, 49.39, 49.39, 49.4, 49.4, 49.4, 49.39, 49.39, 49.39, 49.39, 49.39, 49.39, 49.4, 49.4, 49.4, 49.4, 49.4, 49.4, 49.4, 49.4, 49.4, 49.4, 49.4, 49.4, 49.39, 49.39, 49.39, 49.4], "Temp_env": []}