{"Start_Time": [1759149290.900692], "Time": [1759149292.903615, 1759149294.90652, 1759149296.9093893, 1759149298.9115372, 1759149300.914595, 1759149302.9173112, 1759149304.920796, 1759149306.9234388, 1759149308.9256165, 1759149310.9277227, 1759149312.9306316, 1759149314.9334493, 1759149316.936199, 1759149318.9390416, 1759149320.9416032, 1759149322.94375, 1759149324.9466019, 1759149326.9487967, 1759149328.9511585, 1759149330.9536715, 1759149332.9570312, 1759149334.95996, 1759149336.9628422, 1759149338.9656835, 1759149340.9687917, 1759149342.9710999, 1759149344.9741921, 1759149346.9770496, 1759149348.9790707, 1759149350.9817624, 1759149352.9840717, 1759149354.9870334, 1759149356.9898827, 1759149358.992142, 1759149360.9950829, 1759149362.998175, 1759149365.0010438, 1759149367.0032933, 1759149369.006472, 1759149371.0093312, 1759149373.012242, 1759149375.0143394, 1759149377.0172997, 1759149379.0201042, 1759149381.0223944], "Voltage": [227.98, 227.93, 227.93, 227.93, 227.98, 227.93, 227.83, 227.88, 227.83, 227.77, 227.93, 227.98, 228.14, 228.14, 228.09, 228.04, 228.14, 228.04, 227.77, 227.77, 227.88, 227.93, 227.93, 227.98, 227.67, 227.93, 227.77, 227.83, 227.98, 227.72, 227.93, 227.88, 228.09, 227.93, 228.09, 227.88, 227.67, 227.46, 227.93, 227.83, 227.98, 228.04, 227.77, 228.04, 227.56], "Current": [0.04, 0.04, 0.04, 0.04, 0.04, 0.04, 0.04, 0.04, 0.04, 0.04, 0.04, 0.04, 0.04, 0.04, 0.04, 0.04, 0.04, 0.04, 0.04, 0.04, 0.04, 0.04, 0.04, 0.04, 0.04, 0.04, 0.04, 0.04, 0.04, 0.04, 0.04, 0.04, 0.04, 0.04, 0.04, 0.04, 0.04, 0.04, 0.04, 0.04, 0.04, 0.04, 0.04, 0.04, 0.04], "Real_Power": [4.03, 4.03, 3.92, 3.99, 4.0, 3.97, 4.03, 3.97, 3.95, 4.05, 4.01, 4.06, 4.04, 3.89, 3.94, 4.0, 3.87, 3.97, 4.1, 4.12, 4.04, 4.0, 3.88, 3.91, 3.97, 3.93, 3.93, 4.02, 4.0, 3.96, 4.07, 3.94, 3.98, 4.0, 4.05, 4.11, 3.83, 4.16, 3.97, 4.01, 4.15, 3.97, 4.02, 3.99, 4.06], "Apparent_Power": [9.11, 9.11, 9.11, 9.11, 9.11, 9.11, 9.11, 9.11, 9.11, 9.11, 9.11, 9.11, 9.12, 9.12, 9.12, 9.12, 9.12, 9.12, 9.11, 9.11, 9.11, 9.11, 9.11, 9.11, 9.1, 9.11, 9.11, 9.11, 9.11, 9.1, 9.11, 9.11, 9.12, 9.11, 9.12, 9.11, 9.1, 9.09, 9.11, 9.11, 9.11, 9.12, 9.11, 9.12, 9.1], "Apparent_Power_Reactive": [8.17, 8.17, 8.22, 8.18, 8.18, 8.19, 8.17, 8.19, 8.2, 8.16, 8.17, 8.15, 8.17, 8.24, 8.22, 8.19, 8.25, 8.21, 8.13, 8.12, 8.16, 8.18, 8.24, 8.22, 8.18, 8.21, 8.21, 8.17, 8.18, 8.19, 8.15, 8.21, 8.2, 8.18, 8.17, 8.13, 8.25, 8.08, 8.19, 8.17, 8.1, 8.21, 8.17, 8.2, 8.14], "Power_Factor": [0.442, 0.442, 0.43, 0.437, 0.439, 0.435, 0.442, 0.435, 0.433, 0.444, 0.44, 0.445, 0.442, 0.426, 0.432, 0.438, 0.424, 0.435, 0.45, 0.452, 0.443, 0.439, 0.425, 0.429, 0.436, 0.431, 0.431, 0.441, 0.439, 0.435, 0.446, 0.432, 0.436, 0.439, 0.444, 0.451, 0.42, 0.457, 0.435, 0.44, 0.455, 0.435, 0.441, 0.437, 0.446], "Energy": [0.0, 0.0, 0.0, 0.0, 0.01, 0.01, 0.01, 0.01, 0.02, 0.02, 0.02, 0.02, 0.02, 0.03, 0.03, 0.03, 0.03, 0.04, 0.04, 0.04, 0.04, 0.04, 0.05, 0.05, 0.05, 0.05, 0.06, 0.06, 0.06, 0.06, 0.06, 0.07, 0.07, 0.07, 0.07, 0.08, 0.08, 0.08, 0.08, 0.08, 0.09, 0.09, 0.09, 0.09, 0.1], "Frequency": [49.38, 49.38, 49.38, 49.38, 49.38, 49.38, 49.38, 49.38, 49.38, 49.38, 49.38, 49.38, 49.38, 49.37, 49.37, 49.37, 49.35, 49.35, 49.35, 49.35, 49.35, 49.35, 49.36, 49.36, 49.36, 49.36, 49.36, 49.36, 49.36, 49.36, 49.36, 49.35, 49.35, 49.35, 49.36, 49.36, 49.36, 49.36, 49.36, 49.36, 49.35, 49.35, 49.35, 49.35, 49.35], "Temp_env": []}