{"Start_Time": [1759015405.6822462], "Time": [1759015407.684447, 1759015409.6866043, 1759015411.6897054, 1759015413.6925275, 1759015415.7025778, 1759015417.7047498, 1759015419.707447, 1759015421.7166805, 1759015423.718704, 1759015425.7211447, 1759015427.7240057, 1759015429.7268622, 1759015431.7295816, 1759015433.7319431, 1759015435.734648, 1759015437.737636, 1759015439.7475963, 1759015441.749959, 1759015443.7528949, 1759015445.7559638, 1759015447.75882, 1759015449.761727, 1759015451.7640524, 1759015453.7671828, 1759015455.770065, 1759015457.772755, 1759015459.7751296, 1759015461.7779608, 1759015463.7879353, 1759015465.7902503, 1759015467.7932012, 1759015469.7963305, 1759015471.7991369, 1759015473.8022556, 1759015475.8051195, 1759015477.8073938, 1759015479.8103557, 1759015481.8129988, 1759015483.8153102, 1759015485.8184288, 1759015487.8213255, 1759015489.8246515, 1759015491.8275104, 1759015493.8304498, 1759015495.833379], "Voltage": [231.39, 231.39, 231.39, 231.49, 231.34, 231.39, 231.39, 231.49, 231.39, 231.49, 231.44, 231.49, 231.44, 231.49, 231.49, 231.49, 231.49, 231.34, 231.55, 231.39, 231.55, 231.44, 231.44, 231.44, 231.44, 231.34, 231.44, 231.44, 231.44, 231.39, 230.45, 230.45, 230.45, 230.34, 230.39, 230.34, 230.39, 230.45, 230.5, 230.39, 230.39, 230.39, 230.39, 230.45, 230.39], "Current": [0.04, 0.04, 0.04, 0.04, 0.04, 0.04, 0.04, 0.04, 0.04, 0.04, 0.04, 0.04, 0.04, 0.04, 0.04, 0.04, 0.04, 0.04, 0.04, 0.04, 0.04, 0.04, 0.04, 0.04, 0.04, 0.04, 0.04, 0.04, 0.04, 0.04, 0.04, 0.04, 0.04, 0.04, 0.04, 0.04, 0.04, 0.04, 0.04, 0.04, 0.04, 0.04, 0.04, 0.04, 0.04], "Real_Power": [3.81, 3.73, 3.78, 3.77, 3.89, 3.89, 3.76, 3.83, 3.88, 3.81, 3.85, 3.83, 3.91, 3.84, 3.96, 3.86, 3.88, 3.79, 3.81, 3.84, 3.88, 3.82, 3.9, 3.85, 3.86, 3.88, 3.8, 3.81, 3.77, 3.86, 3.79, 3.87, 3.91, 3.9, 3.9, 3.72, 3.8, 3.78, 3.84, 3.97, 3.91, 3.88, 3.86, 3.82, 3.9], "Apparent_Power": [9.25, 9.25, 9.25, 9.25, 9.25, 9.25, 9.25, 9.25, 9.25, 9.25, 9.25, 9.25, 9.25, 9.25, 9.25, 9.25, 9.25, 9.25, 9.26, 9.25, 9.26, 9.25, 9.25, 9.25, 9.25, 9.25, 9.25, 9.25, 9.25, 9.25, 9.21, 9.21, 9.21, 9.21, 9.21, 9.21, 9.21, 9.21, 9.22, 9.21, 9.21, 9.21, 9.21, 9.21, 9.21], "Apparent_Power_Reactive": [8.42, 8.46, 8.44, 8.44, 8.39, 8.39, 8.45, 8.41, 8.39, 8.42, 8.41, 8.41, 8.38, 8.41, 8.35, 8.4, 8.39, 8.43, 8.43, 8.41, 8.4, 8.42, 8.38, 8.41, 8.4, 8.39, 8.43, 8.42, 8.44, 8.4, 8.39, 8.35, 8.33, 8.34, 8.34, 8.42, 8.38, 8.39, 8.38, 8.31, 8.33, 8.35, 8.36, 8.38, 8.34], "Power_Factor": [0.411, 0.403, 0.408, 0.407, 0.42, 0.42, 0.406, 0.414, 0.419, 0.411, 0.416, 0.414, 0.422, 0.415, 0.428, 0.417, 0.419, 0.409, 0.411, 0.415, 0.419, 0.412, 0.421, 0.416, 0.417, 0.419, 0.41, 0.411, 0.407, 0.417, 0.411, 0.42, 0.424, 0.423, 0.423, 0.403, 0.412, 0.41, 0.416, 0.431, 0.424, 0.421, 0.419, 0.414, 0.423], "Energy": [0.0, 0.0, 0.0, 0.0, 0.01, 0.01, 0.01, 0.01, 0.01, 0.02, 0.02, 0.02, 0.02, 0.03, 0.03, 0.03, 0.03, 0.03, 0.04, 0.04, 0.04, 0.04, 0.04, 0.05, 0.05, 0.05, 0.05, 0.06, 0.06, 0.06, 0.06, 0.06, 0.07, 0.07, 0.07, 0.07, 0.07, 0.08, 0.08, 0.08, 0.08, 0.09, 0.09, 0.09, 0.09], "Frequency": [49.4, 49.4, 49.4, 49.4, 49.43, 49.43, 49.43, 49.42, 49.42, 49.42, 49.43, 49.43, 49.43, 49.43, 49.43, 49.43, 49.46, 49.46, 49.46, 49.46, 49.46, 49.46, 49.46, 49.46, 49.46, 49.47, 49.47, 49.47, 49.45, 49.45, 49.45, 49.46, 49.46, 49.46, 49.45, 49.45, 49.45, 49.47, 49.47, 49.47, 49.46, 49.46, 49.46, 49.45, 49.45], "Temp_env": []}