{"Start_Time": [1758780353.4342437], "Time": [1758780355.4371881, 1758780357.440047, 1758780359.4423404, 1758780361.4454415, 1758780363.4544442, 1758780365.4571502, 1758780367.4603264, 1758780369.4704707, 1758780371.473321, 1758780373.4765327, 1758780375.479408, 1758780377.4823465, 1758780379.4851162, 1758780381.4949594, 1758780383.4974241, 1758780385.500666, 1758780387.510566, 1758780389.513595, 1758780391.5162017, 1758780393.5186076, 1758780395.5214794, 1758780397.5237038, 1758780399.5264397, 1758780401.5292852, 1758780403.5317373, 1758780405.5415022, 1758780407.5440607, 1758780409.5469048, 1758780411.5567832, 1758780413.5597608, 1758780415.562422, 1758780417.5646584, 1758780419.5671794, 1758780421.570099, 1758780423.5741472, 1758780425.5766306, 1758780427.5791407, 1758780429.5886643, 1758780431.5907407, 1758780433.5937662, 1758780435.5970204, 1758780437.5995243, 1758780439.601898, 1758780441.6046019, 1758780443.6069312], "Voltage": [230.13, 230.03, 230.18, 230.03, 230.13, 230.18, 230.08, 230.13, 230.13, 230.08, 230.13, 230.13, 230.08, 229.97, 229.97, 229.92, 230.03, 229.97, 229.97, 229.82, 229.71, 229.61, 229.71, 229.71, 229.92, 229.92, 229.76, 229.87, 229.87, 230.08, 230.13, 230.03, 230.08, 230.18, 230.13, 230.13, 230.03, 229.97, 230.08, 230.03, 230.13, 230.13, 230.13, 230.18, 230.24], "Current": [0.04, 0.04, 0.04, 0.04, 0.04, 0.04, 0.04, 0.04, 0.04, 0.04, 0.04, 0.04, 0.04, 0.04, 0.04, 0.04, 0.04, 0.04, 0.04, 0.04, 0.04, 0.04, 0.04, 0.04, 0.04, 0.04, 0.04, 0.04, 0.04, 0.04, 0.04, 0.04, 0.04, 0.04, 0.04, 0.04, 0.04, 0.04, 0.04, 0.04, 0.04, 0.04, 0.04, 0.04, 0.04], "Real_Power": [3.92, 3.84, 3.9, 3.98, 3.9, 3.96, 3.87, 3.92, 4.05, 3.93, 4.02, 3.91, 3.91, 3.92, 3.96, 3.89, 3.83, 3.89, 3.97, 3.88, 3.93, 4.0, 3.97, 3.95, 3.87, 4.06, 3.94, 3.95, 3.88, 3.93, 3.89, 3.89, 4.06, 4.02, 4.02, 3.96, 4.01, 3.91, 3.97, 3.86, 3.9, 3.93, 3.87, 4.09, 3.99], "Apparent_Power": [9.2, 9.2, 9.2, 9.2, 9.2, 9.2, 9.2, 9.2, 9.2, 9.2, 9.2, 9.2, 9.2, 9.19, 9.19, 9.19, 9.2, 9.19, 9.19, 9.19, 9.18, 9.18, 9.18, 9.18, 9.19, 9.19, 9.19, 9.19, 9.19, 9.2, 9.2, 9.2, 9.2, 9.2, 9.2, 9.2, 9.2, 9.19, 9.2, 9.2, 9.2, 9.2, 9.2, 9.2, 9.2], "Apparent_Power_Reactive": [8.32, 8.36, 8.33, 8.29, 8.33, 8.3, 8.34, 8.32, 8.26, 8.31, 8.27, 8.32, 8.32, 8.31, 8.29, 8.32, 8.36, 8.32, 8.28, 8.33, 8.29, 8.26, 8.27, 8.28, 8.33, 8.24, 8.3, 8.29, 8.33, 8.31, 8.33, 8.33, 8.25, 8.27, 8.27, 8.3, 8.28, 8.31, 8.29, 8.35, 8.33, 8.31, 8.34, 8.24, 8.28], "Power_Factor": [0.426, 0.417, 0.423, 0.432, 0.423, 0.43, 0.42, 0.426, 0.44, 0.427, 0.436, 0.425, 0.425, 0.426, 0.43, 0.423, 0.416, 0.423, 0.431, 0.422, 0.428, 0.435, 0.432, 0.43, 0.421, 0.441, 0.428, 0.429, 0.422, 0.427, 0.422, 0.422, 0.441, 0.436, 0.436, 0.43, 0.435, 0.425, 0.431, 0.419, 0.423, 0.427, 0.42, 0.444, 0.433], "Energy": [0.0, 0.0, 0.0, 0.0, 0.01, 0.01, 0.01, 0.01, 0.01, 0.02, 0.02, 0.02, 0.02, 0.03, 0.03, 0.03, 0.03, 0.03, 0.04, 0.04, 0.04, 0.04, 0.05, 0.05, 0.05, 0.05, 0.05, 0.06, 0.06, 0.06, 0.06, 0.07, 0.07, 0.07, 0.07, 0.07, 0.08, 0.08, 0.08, 0.08, 0.09, 0.09, 0.09, 0.09, 0.09], "Frequency": [49.4, 49.4, 49.4, 49.4, 49.4, 49.4, 49.4, 49.4, 49.4, 49.4, 49.4, 49.4, 49.42, 49.42, 49.42, 49.43, 49.43, 49.43, 49.42, 49.42, 49.42, 49.41, 49.41, 49.41, 49.41, 49.41, 49.41, 49.43, 49.43, 49.43, 49.43, 49.43, 49.43, 49.43, 49.43, 49.43, 49.39, 49.39, 49.39, 49.38, 49.38, 49.38, 49.36, 49.36, 49.36], "Temp_env": []}