{"Start_Time": [1759016223.385563], "Time": [1759016225.388398, 1759016227.3913507, 1759016229.3939703, 1759016231.3963084, 1759016233.399153, 1759016235.40151, 1759016237.4043891, 1759016239.4143124, 1759016241.4165628, 1759016243.4195719, 1759016245.4294252, 1759016247.4315321, 1759016249.434592, 1759016251.4443562, 1759016253.4466724, 1759016255.4496274, 1759016257.4524648, 1759016259.45557, 1759016261.4587286, 1759016263.4686022, 1759016265.4713914, 1759016267.473853, 1759016269.4838028, 1759016271.4865348, 1759016273.4890938, 1759016275.4986558, 1759016277.500722, 1759016279.5037274, 1759016281.5066025, 1759016283.5091717, 1759016285.512034, 1759016287.522089, 1759016289.5247462, 1759016291.526998, 1759016293.536761, 1759016295.53968, 1759016297.5420184, 1759016299.5450552, 1759016301.5478034, 1759016303.550129, 1759016305.5579817, 1759016307.5608106, 1759016309.5643544, 1759016311.5742579, 1759016313.5771072], "Voltage": [231.55, 231.6, 231.55, 231.55, 231.55, 231.44, 231.49, 231.6, 231.55, 231.65, 231.55, 231.49, 231.55, 231.6, 231.6, 231.6, 231.55, 231.6, 231.49, 231.55, 231.55, 231.55, 231.65, 231.65, 231.55, 231.44, 231.6, 231.7, 231.65, 231.6, 231.6, 231.65, 231.65, 231.55, 231.55, 231.6, 231.49, 231.55, 231.55, 231.65, 231.55, 231.44, 231.49, 231.34, 231.44], "Current": [0.04, 0.04, 0.04, 0.04, 0.04, 0.04, 0.04, 0.04, 0.04, 0.04, 0.04, 0.04, 0.04, 0.04, 0.04, 0.04, 0.04, 0.04, 0.04, 0.04, 0.04, 0.04, 0.04, 0.04, 0.04, 0.04, 0.04, 0.04, 0.04, 0.04, 0.04, 0.04, 0.04, 0.04, 0.04, 0.04, 0.04, 0.04, 0.04, 0.04, 0.04, 0.04, 0.04, 0.04, 0.04], "Real_Power": [3.97, 3.79, 3.84, 3.86, 3.81, 3.83, 3.85, 3.84, 3.87, 3.88, 3.84, 3.9, 3.79, 3.86, 3.98, 3.89, 3.87, 3.88, 3.83, 3.88, 3.75, 3.73, 3.88, 3.85, 3.83, 3.87, 3.86, 3.82, 3.86, 3.93, 3.81, 3.84, 3.83, 3.79, 3.92, 3.96, 3.83, 3.75, 3.82, 3.91, 3.89, 3.79, 3.8, 3.77, 3.75], "Apparent_Power": [9.26, 9.26, 9.26, 9.26, 9.26, 9.25, 9.25, 9.26, 9.26, 9.26, 9.26, 9.25, 9.26, 9.26, 9.26, 9.26, 9.26, 9.26, 9.25, 9.26, 9.26, 9.26, 9.26, 9.26, 9.26, 9.25, 9.26, 9.26, 9.26, 9.26, 9.26, 9.26, 9.26, 9.26, 9.26, 9.26, 9.25, 9.26, 9.26, 9.26, 9.26, 9.25, 9.25, 9.25, 9.25], "Apparent_Power_Reactive": [8.36, 8.44, 8.42, 8.41, 8.43, 8.41, 8.41, 8.42, 8.41, 8.4, 8.42, 8.38, 8.44, 8.41, 8.36, 8.4, 8.41, 8.4, 8.41, 8.4, 8.46, 8.47, 8.4, 8.42, 8.43, 8.4, 8.41, 8.43, 8.41, 8.38, 8.43, 8.42, 8.43, 8.44, 8.38, 8.37, 8.41, 8.46, 8.43, 8.39, 8.4, 8.43, 8.43, 8.44, 8.45], "Power_Factor": [0.428, 0.409, 0.414, 0.416, 0.411, 0.414, 0.416, 0.414, 0.417, 0.419, 0.414, 0.421, 0.409, 0.416, 0.429, 0.42, 0.417, 0.419, 0.414, 0.419, 0.404, 0.402, 0.419, 0.415, 0.413, 0.418, 0.416, 0.412, 0.416, 0.424, 0.411, 0.414, 0.413, 0.409, 0.423, 0.427, 0.414, 0.404, 0.412, 0.422, 0.42, 0.409, 0.41, 0.407, 0.405], "Energy": [0.0, 0.0, 0.0, 0.0, 0.01, 0.01, 0.01, 0.01, 0.01, 0.02, 0.02, 0.02, 0.02, 0.03, 0.03, 0.03, 0.03, 0.03, 0.04, 0.04, 0.04, 0.04, 0.04, 0.05, 0.05, 0.05, 0.05, 0.06, 0.06, 0.06, 0.06, 0.06, 0.07, 0.07, 0.07, 0.07, 0.08, 0.08, 0.08, 0.08, 0.08, 0.09, 0.09, 0.09, 0.09], "Frequency": [49.4, 49.4, 49.4, 49.39, 49.39, 49.39, 49.39, 49.39, 49.39, 49.39, 49.39, 49.39, 49.39, 49.39, 49.39, 49.38, 49.38, 49.38, 49.39, 49.39, 49.39, 49.39, 49.39, 49.39, 49.39, 49.39, 49.39, 49.39, 49.39, 49.39, 49.41, 49.41, 49.41, 49.4, 49.4, 49.4, 49.4, 49.4, 49.4, 49.4, 49.4, 49.4, 49.41, 49.41, 49.41], "Temp_env": []}