{"Start_Time": [1759312561.1616852], "Time": [1759312563.164135, 1759312565.1666696, 1759312567.1693828, 1759312569.171935, 1759312571.1748037, 1759312573.1772676, 1759312575.1801803, 1759312577.1832857, 1759312579.1861954, 1759312581.18928, 1759312583.1921847, 1759312585.1945536, 1759312587.1972725, 1759312589.1997306, 1759312591.2022796, 1759312593.2046115, 1759312595.207072, 1759312597.2100937, 1759312599.2126155, 1759312601.2147968, 1759312603.2176607, 1759312605.2205026, 1759312607.2227054, 1759312609.22516, 1759312611.2281609, 1759312613.2303202, 1759312615.2330906, 1759312617.2360268, 1759312619.2384095, 1759312621.2409828, 1759312623.2433672, 1759312625.2463493, 1759312627.249436, 1759312629.2524843, 1759312631.2555768, 1759312633.258536, 1759312635.261033, 1759312637.2634914, 1759312639.266671, 1759312641.2695603, 1759312643.2725275, 1759312645.2751968, 1759312647.2780771, 1759312649.2810664, 1759312651.2841022], "Voltage": [229.61, 229.61, 229.19, 229.55, 229.35, 229.61, 229.55, 229.66, 229.55, 229.66, 229.76, 229.76, 229.61, 228.35, 228.45, 228.51, 228.77, 228.72, 228.66, 228.61, 228.66, 228.72, 228.72, 228.61, 228.61, 228.72, 228.77, 228.61, 228.87, 228.72, 228.45, 228.66, 228.77, 228.77, 228.66, 228.77, 228.87, 228.82, 228.66, 228.77, 228.87, 228.56, 228.77, 228.72, 228.72], "Current": [0.04, 0.04, 0.04, 0.04, 0.04, 0.04, 0.04, 0.04, 0.04, 0.04, 0.04, 0.04, 0.04, 0.04, 0.04, 0.04, 0.04, 0.04, 0.04, 0.04, 0.04, 0.04, 0.04, 0.04, 0.04, 0.04, 0.04, 0.04, 0.04, 0.04, 0.04, 0.04, 0.04, 0.04, 0.04, 0.04, 0.04, 0.04, 0.04, 0.04, 0.04, 0.04, 0.04, 0.04, 0.04], "Real_Power": [4.02, 4.08, 4.06, 4.09, 3.99, 4.07, 4.04, 4.01, 4.05, 4.05, 4.04, 4.1, 4.11, 3.47, 4.02, 4.05, 4.13, 4.0, 3.93, 3.9, 3.98, 4.0, 4.0, 4.04, 4.08, 4.01, 3.99, 3.99, 3.99, 3.89, 3.97, 4.02, 4.1, 4.04, 3.98, 4.03, 3.93, 4.0, 3.98, 4.06, 4.15, 3.97, 3.97, 4.04, 4.01], "Apparent_Power": [9.18, 9.18, 9.16, 9.18, 9.17, 9.18, 9.18, 9.18, 9.18, 9.18, 9.19, 9.19, 9.18, 9.13, 9.13, 9.14, 9.15, 9.14, 9.14, 9.14, 9.14, 9.14, 9.14, 9.14, 9.14, 9.14, 9.15, 9.14, 9.15, 9.14, 9.13, 9.14, 9.15, 9.15, 9.14, 9.15, 9.15, 9.15, 9.14, 9.15, 9.15, 9.14, 9.15, 9.14, 9.14], "Apparent_Power_Reactive": [8.25, 8.22, 8.21, 8.21, 8.25, 8.22, 8.24, 8.25, 8.23, 8.23, 8.25, 8.22, 8.2, 8.44, 8.19, 8.19, 8.16, 8.21, 8.25, 8.26, 8.22, 8.21, 8.21, 8.19, 8.17, 8.21, 8.23, 8.22, 8.23, 8.27, 8.22, 8.2, 8.18, 8.2, 8.22, 8.21, 8.26, 8.22, 8.22, 8.19, 8.15, 8.23, 8.24, 8.19, 8.21], "Power_Factor": [0.437, 0.444, 0.443, 0.445, 0.435, 0.443, 0.44, 0.436, 0.441, 0.441, 0.439, 0.446, 0.447, 0.38, 0.44, 0.443, 0.451, 0.437, 0.429, 0.426, 0.435, 0.437, 0.437, 0.442, 0.446, 0.438, 0.436, 0.436, 0.436, 0.425, 0.434, 0.439, 0.448, 0.441, 0.435, 0.44, 0.429, 0.437, 0.435, 0.443, 0.453, 0.434, 0.433, 0.442, 0.438], "Energy": [0.0, 0.0, 0.0, 0.0, 0.01, 0.01, 0.01, 0.01, 0.02, 0.02, 0.02, 0.02, 0.02, 0.03, 0.03, 0.03, 0.03, 0.04, 0.04, 0.04, 0.04, 0.04, 0.05, 0.05, 0.05, 0.05, 0.06, 0.06, 0.06, 0.06, 0.06, 0.07, 0.07, 0.07, 0.07, 0.08, 0.08, 0.08, 0.08, 0.08, 0.09, 0.09, 0.09, 0.09, 0.1], "Frequency": [49.43, 49.43, 49.43, 49.41, 49.41, 49.41, 49.42, 49.42, 49.42, 49.43, 49.43, 49.43, 49.42, 49.42, 49.42, 49.41, 49.41, 49.41, 49.4, 49.4, 49.4, 49.41, 49.41, 49.41, 49.4, 49.4, 49.4, 49.41, 49.41, 49.41, 49.42, 49.42, 49.42, 49.41, 49.41, 49.41, 49.43, 49.43, 49.43, 49.42, 49.42, 49.42, 49.41, 49.41, 49.41], "Temp_env": []}