{"Start_Time": [1758819459.5780244], "Time": [1758819461.580266, 1758819463.5829148, 1758819465.585799, 1758819467.5881252, 1758819469.5981216, 1758819471.6003804, 1758819473.6029198, 1758819475.6129375, 1758819477.6155303, 1758819479.6183767, 1758819481.620995, 1758819483.623335, 1758819485.6263106, 1758819487.6364808, 1758819489.6391253, 1758819491.6413956, 1758819493.6514583, 1758819495.6544833, 1758819497.6575751, 1758819499.6605442, 1758819501.662975, 1758819503.665805, 1758819505.6683629, 1758819507.6707964, 1758819509.673541, 1758819511.683371, 1758819513.6857247, 1758819515.6884587, 1758819517.6988685, 1758819519.7016015, 1758819521.7037752, 1758819523.7065995, 1758819525.7093155, 1758819527.7118504, 1758819529.7150438, 1758819531.7179384, 1758819533.720913, 1758819535.7310114, 1758819537.7337008, 1758819539.7363703, 1758819541.7392573, 1758819543.7421205, 1758819545.7451751, 1758819547.7480505, 1758819549.7510774], "Voltage": [227.98, 227.77, 227.83, 227.77, 227.83, 227.88, 227.88, 227.93, 227.88, 227.88, 227.83, 227.83, 227.72, 227.83, 227.88, 227.93, 227.93, 227.83, 227.83, 227.88, 227.83, 227.77, 227.72, 227.77, 227.72, 227.67, 227.67, 227.67, 227.72, 227.62, 227.72, 227.72, 227.72, 227.72, 228.3, 228.3, 228.61, 228.56, 228.45, 228.72, 228.66, 228.61, 228.45, 228.66, 228.51], "Current": [0.04, 0.04, 0.04, 0.04, 0.04, 0.04, 0.04, 0.04, 0.04, 0.04, 0.04, 0.04, 0.04, 0.04, 0.04, 0.04, 0.04, 0.04, 0.04, 0.04, 0.04, 0.04, 0.04, 0.04, 0.04, 0.04, 0.04, 0.04, 0.04, 0.04, 0.04, 0.04, 0.04, 0.04, 0.04, 0.04, 0.04, 0.04, 0.04, 0.04, 0.04, 0.04, 0.04, 0.04, 0.04], "Real_Power": [3.79, 3.91, 4.04, 3.99, 3.97, 3.89, 3.96, 4.0, 4.07, 3.92, 3.97, 3.93, 4.02, 3.79, 3.95, 3.93, 4.0, 4.04, 3.85, 4.15, 3.99, 3.97, 3.94, 4.0, 4.05, 3.99, 3.97, 3.9, 3.98, 3.92, 4.0, 3.92, 3.94, 3.86, 3.91, 4.04, 3.94, 3.96, 3.89, 3.87, 3.93, 3.92, 3.89, 3.93, 3.99], "Apparent_Power": [9.11, 9.11, 9.11, 9.11, 9.11, 9.11, 9.11, 9.11, 9.11, 9.11, 9.11, 9.11, 9.1, 9.11, 9.11, 9.11, 9.11, 9.11, 9.11, 9.11, 9.11, 9.11, 9.1, 9.11, 9.1, 9.1, 9.1, 9.1, 9.1, 9.1, 9.1, 9.1, 9.1, 9.1, 9.13, 9.13, 9.14, 9.14, 9.13, 9.14, 9.14, 9.14, 9.13, 9.14, 9.14], "Apparent_Power_Reactive": [8.28, 8.22, 8.16, 8.18, 8.19, 8.23, 8.2, 8.18, 8.15, 8.22, 8.19, 8.21, 8.16, 8.28, 8.2, 8.21, 8.18, 8.16, 8.25, 8.1, 8.18, 8.19, 8.2, 8.18, 8.14, 8.17, 8.18, 8.22, 8.18, 8.21, 8.17, 8.21, 8.2, 8.24, 8.25, 8.18, 8.24, 8.23, 8.25, 8.28, 8.25, 8.25, 8.25, 8.25, 8.22], "Power_Factor": [0.416, 0.429, 0.443, 0.437, 0.435, 0.427, 0.434, 0.439, 0.446, 0.43, 0.435, 0.431, 0.441, 0.416, 0.433, 0.431, 0.439, 0.443, 0.422, 0.455, 0.437, 0.435, 0.432, 0.439, 0.445, 0.438, 0.436, 0.428, 0.437, 0.43, 0.439, 0.43, 0.432, 0.424, 0.428, 0.442, 0.431, 0.433, 0.426, 0.423, 0.429, 0.428, 0.426, 0.429, 0.436], "Energy": [0.0, 0.0, 0.0, 0.0, 0.01, 0.01, 0.01, 0.01, 0.01, 0.02, 0.02, 0.02, 0.02, 0.03, 0.03, 0.03, 0.03, 0.03, 0.04, 0.04, 0.04, 0.04, 0.05, 0.05, 0.05, 0.05, 0.05, 0.06, 0.06, 0.06, 0.06, 0.07, 0.07, 0.07, 0.07, 0.07, 0.08, 0.08, 0.08, 0.08, 0.09, 0.09, 0.09, 0.09, 0.09], "Frequency": [49.44, 49.43, 49.43, 49.43, 49.44, 49.44, 49.44, 49.45, 49.45, 49.45, 49.43, 49.43, 49.43, 49.43, 49.43, 49.43, 49.43, 49.43, 49.43, 49.43, 49.43, 49.43, 49.43, 49.43, 49.43, 49.43, 49.43, 49.43, 49.43, 49.43, 49.43, 49.44, 49.44, 49.44, 49.47, 49.47, 49.47, 49.48, 49.48, 49.48, 49.48, 49.48, 49.48, 49.49, 49.49], "Temp_env": []}