{"Start_Time": [1759302555.7062025], "Time": [1759302557.7091537, 1759302559.7119763, 1759302561.7148523, 1759302563.7177548, 1759302565.72708, 1759302567.7297983, 1759302569.732106, 1759302571.7350233, 1759302573.7376723, 1759302575.7402627, 1759302577.7430158, 1759302579.7457302, 1759302581.7480724, 1759302583.7509856, 1759302585.7531605, 1759302587.7558408, 1759302589.765788, 1759302591.7681065, 1759302593.7711923, 1759302595.774024, 1759302597.7770216, 1759302599.779714, 1759302601.7819748, 1759302603.7848248, 1759302605.7877214, 1759302607.7900274, 1759302609.7928755, 1759302611.7957306, 1759302613.798055, 1759302615.8007593, 1759302617.8031187, 1759302619.8060777, 1759302621.8087583, 1759302623.8110063, 1759302625.8138738, 1759302627.8167667, 1759302629.8193328, 1759302631.829122, 1759302633.8320413, 1759302635.8348565, 1759302637.8376539, 1759302639.8399756, 1759302641.8428447, 1759302643.8457055, 1759302645.8480186], "Voltage": [228.45, 228.66, 228.51, 228.72, 228.66, 228.61, 228.56, 228.66, 228.51, 228.56, 228.56, 228.66, 228.56, 228.61, 228.51, 228.4, 228.56, 228.4, 228.51, 228.4, 228.51, 228.51, 228.4, 228.4, 228.45, 228.35, 228.45, 228.45, 228.4, 228.3, 228.51, 228.56, 228.56, 228.61, 228.66, 228.61, 228.61, 228.61, 228.61, 228.56, 228.51, 228.61, 228.56, 228.45, 228.4], "Current": [0.04, 0.04, 0.04, 0.04, 0.04, 0.04, 0.04, 0.04, 0.04, 0.04, 0.04, 0.04, 0.04, 0.04, 0.04, 0.04, 0.04, 0.04, 0.04, 0.04, 0.04, 0.04, 0.04, 0.04, 0.04, 0.04, 0.04, 0.04, 0.04, 0.04, 0.04, 0.04, 0.04, 0.04, 0.04, 0.04, 0.04, 0.04, 0.04, 0.04, 0.04, 0.04, 0.04, 0.04, 0.04], "Real_Power": [3.97, 4.05, 3.98, 3.91, 3.91, 4.02, 4.0, 3.87, 4.04, 4.02, 4.04, 4.11, 3.92, 3.96, 3.96, 4.0, 4.04, 4.03, 3.94, 4.1, 4.04, 3.96, 3.95, 4.0, 3.97, 3.98, 4.04, 4.08, 3.88, 3.99, 3.99, 4.02, 4.08, 4.03, 4.08, 4.07, 3.95, 3.97, 4.07, 4.12, 4.05, 4.08, 3.99, 3.9, 4.0], "Apparent_Power": [9.13, 9.14, 9.14, 9.14, 9.14, 9.14, 9.14, 9.14, 9.14, 9.14, 9.14, 9.14, 9.14, 9.14, 9.14, 9.13, 9.14, 9.13, 9.14, 9.13, 9.14, 9.14, 9.13, 9.13, 9.13, 9.13, 9.13, 9.13, 9.13, 9.13, 9.14, 9.14, 9.14, 9.14, 9.14, 9.14, 9.14, 9.14, 9.14, 9.14, 9.14, 9.14, 9.14, 9.13, 9.13], "Apparent_Power_Reactive": [8.22, 8.19, 8.22, 8.26, 8.26, 8.2, 8.21, 8.28, 8.19, 8.2, 8.19, 8.16, 8.25, 8.23, 8.23, 8.2, 8.19, 8.19, 8.24, 8.15, 8.19, 8.23, 8.23, 8.2, 8.22, 8.21, 8.18, 8.16, 8.26, 8.21, 8.22, 8.2, 8.17, 8.2, 8.17, 8.18, 8.24, 8.23, 8.18, 8.15, 8.19, 8.17, 8.22, 8.25, 8.2], "Power_Factor": [0.434, 0.443, 0.435, 0.427, 0.427, 0.439, 0.437, 0.423, 0.442, 0.439, 0.442, 0.449, 0.428, 0.433, 0.433, 0.438, 0.442, 0.441, 0.431, 0.449, 0.442, 0.433, 0.432, 0.438, 0.434, 0.435, 0.442, 0.446, 0.424, 0.437, 0.436, 0.439, 0.446, 0.44, 0.446, 0.445, 0.432, 0.434, 0.445, 0.45, 0.443, 0.446, 0.436, 0.427, 0.438], "Energy": [0.0, 0.0, 0.0, 0.0, 0.01, 0.01, 0.01, 0.01, 0.02, 0.02, 0.02, 0.02, 0.02, 0.03, 0.03, 0.03, 0.03, 0.04, 0.04, 0.04, 0.04, 0.04, 0.05, 0.05, 0.05, 0.05, 0.06, 0.06, 0.06, 0.06, 0.06, 0.07, 0.07, 0.07, 0.07, 0.08, 0.08, 0.08, 0.08, 0.08, 0.09, 0.09, 0.09, 0.09, 0.1], "Frequency": [49.42, 49.42, 49.42, 49.41, 49.41, 49.41, 49.42, 49.42, 49.42, 49.42, 49.42, 49.42, 49.41, 49.41, 49.41, 49.42, 49.42, 49.42, 49.4, 49.4, 49.4, 49.4, 49.4, 49.4, 49.39, 49.39, 49.39, 49.39, 49.39, 49.39, 49.41, 49.41, 49.41, 49.41, 49.41, 49.41, 49.43, 49.43, 49.43, 49.4, 49.4, 49.4, 49.4, 49.4, 49.4], "Temp_env": []}