{"Start_Time": [1759324099.9060395], "Time": [1759324101.9082294, 1759324103.9111824, 1759324105.9141295, 1759324107.9172409, 1759324109.9199555, 1759324111.9224057, 1759324113.925494, 1759324115.928357, 1759324117.930314, 1759324119.9332423, 1759324121.9363468, 1759324123.9390333, 1759324125.9413521, 1759324127.94425, 1759324129.9474416, 1759324131.9502869, 1759324133.9531183, 1759324135.9554589, 1759324137.9585598, 1759324139.9617078, 1759324141.9645793, 1759324143.966648, 1759324145.9694476, 1759324147.9726486, 1759324149.975024, 1759324151.9776154, 1759324153.9815576, 1759324155.9837692, 1759324157.986478, 1759324159.9888477, 1759324161.9911807, 1759324163.994099, 1759324165.9967742, 1759324167.9988437, 1759324170.0016057, 1759324172.0038254, 1759324174.006677, 1759324176.009042, 1759324178.0120995, 1759324180.014978, 1759324182.017914, 1759324184.0207403, 1759324186.0235157, 1759324188.0263596, 1759324190.0288014], "Voltage": [227.88, 227.67, 227.51, 227.46, 227.62, 227.46, 227.41, 227.41, 227.41, 227.51, 227.46, 227.51, 227.41, 227.56, 227.46, 227.46, 227.51, 227.62, 227.46, 227.56, 227.51, 227.56, 227.51, 227.46, 227.51, 227.67, 227.62, 227.67, 227.51, 227.72, 227.62, 227.51, 227.51, 227.46, 227.72, 227.62, 227.51, 227.62, 227.56, 227.77, 227.62, 227.77, 227.62, 227.72, 227.67], "Current": [0.04, 0.04, 0.04, 0.04, 0.04, 0.04, 0.04, 0.04, 0.04, 0.04, 0.04, 0.04, 0.04, 0.04, 0.04, 0.04, 0.04, 0.04, 0.04, 0.04, 0.04, 0.04, 0.04, 0.04, 0.04, 0.04, 0.04, 0.04, 0.04, 0.04, 0.04, 0.04, 0.04, 0.04, 0.04, 0.04, 0.04, 0.04, 0.04, 0.04, 0.04, 0.04, 0.04, 0.04, 0.04], "Real_Power": [3.96, 3.94, 3.98, 4.08, 4.04, 3.94, 4.1, 4.18, 4.0, 4.01, 4.1, 4.08, 4.02, 3.96, 4.07, 4.02, 4.05, 4.08, 3.97, 4.07, 4.02, 3.98, 3.98, 3.96, 4.02, 4.07, 4.0, 3.99, 4.16, 4.09, 4.0, 3.94, 4.03, 4.03, 4.09, 4.06, 4.04, 4.01, 4.09, 4.06, 4.09, 4.06, 4.06, 4.06, 3.98], "Apparent_Power": [9.11, 9.1, 9.1, 9.09, 9.1, 9.09, 9.09, 9.09, 9.09, 9.1, 9.09, 9.1, 9.09, 9.1, 9.09, 9.09, 9.1, 9.1, 9.09, 9.1, 9.1, 9.1, 9.1, 9.09, 9.1, 9.1, 9.1, 9.1, 9.1, 9.1, 9.1, 9.1, 9.1, 9.09, 9.1, 9.1, 9.1, 9.1, 9.1, 9.11, 9.1, 9.11, 9.1, 9.1, 9.1], "Apparent_Power_Reactive": [8.2, 8.2, 8.18, 8.12, 8.15, 8.19, 8.11, 8.07, 8.16, 8.16, 8.11, 8.13, 8.15, 8.19, 8.12, 8.15, 8.14, 8.13, 8.17, 8.13, 8.16, 8.18, 8.18, 8.18, 8.16, 8.13, 8.17, 8.17, 8.09, 8.12, 8.17, 8.2, 8.15, 8.14, 8.12, 8.14, 8.15, 8.16, 8.12, 8.15, 8.12, 8.15, 8.14, 8.14, 8.18], "Power_Factor": [0.434, 0.432, 0.437, 0.448, 0.443, 0.433, 0.451, 0.459, 0.44, 0.44, 0.451, 0.448, 0.442, 0.435, 0.447, 0.442, 0.445, 0.448, 0.436, 0.447, 0.441, 0.437, 0.437, 0.435, 0.441, 0.447, 0.439, 0.438, 0.457, 0.449, 0.439, 0.432, 0.442, 0.443, 0.449, 0.446, 0.443, 0.44, 0.449, 0.445, 0.449, 0.445, 0.446, 0.446, 0.437], "Energy": [0.0, 0.0, 0.0, 0.0, 0.01, 0.01, 0.01, 0.01, 0.02, 0.02, 0.02, 0.02, 0.02, 0.03, 0.03, 0.03, 0.03, 0.04, 0.04, 0.04, 0.04, 0.04, 0.05, 0.05, 0.05, 0.05, 0.06, 0.06, 0.06, 0.06, 0.07, 0.07, 0.07, 0.07, 0.07, 0.08, 0.08, 0.08, 0.08, 0.09, 0.09, 0.09, 0.09, 0.09, 0.1], "Frequency": [49.43, 49.42, 49.42, 49.42, 49.41, 49.41, 49.41, 49.4, 49.4, 49.4, 49.42, 49.42, 49.42, 49.42, 49.42, 49.42, 49.43, 49.43, 49.43, 49.43, 49.43, 49.43, 49.43, 49.43, 49.43, 49.42, 49.42, 49.42, 49.42, 49.42, 49.42, 49.42, 49.42, 49.42, 49.42, 49.42, 49.42, 49.43, 49.43, 49.43, 49.42, 49.42, 49.42, 49.43, 49.43], "Temp_env": []}