{"Start_Time": [1758818949.0983503], "Time": [1758818951.101031, 1758818953.10383, 1758818955.106423, 1758818957.1085835, 1758818959.1106937, 1758818961.1133125, 1758818963.1155374, 1758818965.1180537, 1758818967.120935, 1758818969.1230521, 1758818971.125048, 1758818973.126993, 1758818975.1289864, 1758818977.131079, 1758818979.133401, 1758818981.1361039, 1758818983.1382275, 1758818985.140183, 1758818987.1426318, 1758818989.1450164, 1758818991.1472018, 1758818993.1495159, 1758818995.1514797, 1758818997.153984, 1758818999.1565251, 1758819001.1587958, 1758819003.1613011, 1758819005.1638863, 1758819007.166373, 1758819009.1695683, 1758819011.171662, 1758819013.174029, 1758819015.1768265, 1758819017.1788511, 1758819019.1815226, 1758819021.1839612, 1758819023.1862993, 1758819025.188672, 1758819027.1911085, 1758819029.1941712, 1758819031.196692, 1758819033.1990314, 1758819035.2019958, 1758819037.2042341, 1758819039.2072647], "Voltage": [229.35, 229.19, 229.29, 229.19, 229.24, 229.4, 229.29, 229.29, 229.35, 229.4, 229.29, 229.29, 229.35, 229.24, 229.35, 229.35, 229.35, 229.19, 229.24, 229.4, 229.5, 229.24, 229.35, 229.24, 229.4, 229.29, 229.19, 229.24, 229.19, 229.24, 229.29, 229.19, 229.24, 229.14, 229.08, 229.29, 229.19, 229.24, 229.14, 229.19, 229.24, 229.35, 229.35, 229.29, 229.4], "Current": [0.04, 0.04, 0.04, 0.04, 0.04, 0.04, 0.04, 0.04, 0.04, 0.04, 0.04, 0.04, 0.04, 0.04, 0.04, 0.04, 0.04, 0.04, 0.04, 0.04, 0.04, 0.04, 0.04, 0.04, 0.04, 0.04, 0.04, 0.04, 0.04, 0.04, 0.04, 0.04, 0.04, 0.04, 0.04, 0.04, 0.04, 0.04, 0.04, 0.04, 0.04, 0.04, 0.04, 0.04, 0.04], "Real_Power": [3.85, 3.82, 3.93, 4.0, 3.9, 4.01, 3.83, 3.88, 3.9, 4.01, 3.96, 3.84, 3.94, 3.93, 4.07, 3.98, 3.93, 4.03, 3.84, 4.0, 4.02, 3.82, 3.95, 3.95, 3.99, 3.91, 3.87, 3.97, 3.95, 3.98, 3.99, 3.99, 3.92, 4.05, 3.93, 3.95, 3.88, 3.99, 4.07, 3.9, 3.84, 4.0, 3.94, 3.91, 4.01], "Apparent_Power": [9.17, 9.16, 9.17, 9.16, 9.16, 9.17, 9.17, 9.17, 9.17, 9.17, 9.17, 9.17, 9.17, 9.16, 9.17, 9.17, 9.17, 9.16, 9.16, 9.17, 9.18, 9.16, 9.17, 9.16, 9.17, 9.17, 9.16, 9.16, 9.16, 9.16, 9.17, 9.16, 9.16, 9.16, 9.16, 9.17, 9.16, 9.16, 9.16, 9.16, 9.16, 9.17, 9.17, 9.17, 9.17], "Apparent_Power_Reactive": [8.32, 8.32, 8.28, 8.24, 8.28, 8.24, 8.33, 8.3, 8.29, 8.24, 8.27, 8.32, 8.28, 8.27, 8.21, 8.26, 8.28, 8.22, 8.31, 8.25, 8.25, 8.32, 8.27, 8.26, 8.25, 8.29, 8.3, 8.25, 8.26, 8.25, 8.25, 8.24, 8.27, 8.21, 8.27, 8.27, 8.29, 8.24, 8.2, 8.28, 8.31, 8.25, 8.28, 8.29, 8.24], "Power_Factor": [0.419, 0.417, 0.428, 0.436, 0.425, 0.437, 0.417, 0.423, 0.425, 0.437, 0.431, 0.418, 0.429, 0.429, 0.443, 0.434, 0.428, 0.439, 0.419, 0.436, 0.437, 0.417, 0.43, 0.431, 0.435, 0.426, 0.422, 0.433, 0.431, 0.434, 0.435, 0.435, 0.427, 0.442, 0.429, 0.43, 0.423, 0.435, 0.444, 0.425, 0.419, 0.436, 0.429, 0.426, 0.437], "Energy": [0.0, 0.0, 0.0, 0.0, 0.01, 0.01, 0.01, 0.01, 0.01, 0.02, 0.02, 0.02, 0.02, 0.03, 0.03, 0.03, 0.03, 0.03, 0.04, 0.04, 0.04, 0.04, 0.05, 0.05, 0.05, 0.05, 0.05, 0.06, 0.06, 0.06, 0.06, 0.07, 0.07, 0.07, 0.07, 0.07, 0.08, 0.08, 0.08, 0.08, 0.09, 0.09, 0.09, 0.09, 0.09], "Frequency": [49.4, 49.39, 49.39, 49.39, 49.4, 49.4, 49.4, 49.39, 49.39, 49.39, 49.41, 49.41, 49.41, 49.42, 49.42, 49.42, 49.41, 49.41, 49.41, 49.4, 49.4, 49.4, 49.41, 49.41, 49.41, 49.39, 49.39, 49.39, 49.38, 49.38, 49.38, 49.39, 49.39, 49.39, 49.39, 49.39, 49.39, 49.39, 49.39, 49.39, 49.4, 49.4, 49.4, 49.39, 49.39], "Temp_env": []}