{"Start_Time": [1759236593.7812655], "Time": [1759236595.7841887, 1759236597.7870657, 1759236599.7899764, 1759236601.7922459, 1759236603.794984, 1759236605.8042593, 1759236607.8063312, 1759236609.8083124, 1759236611.8112984, 1759236613.8141294, 1759236615.8164988, 1759236617.8184643, 1759236619.8214157, 1759236621.8244317, 1759236623.8275661, 1759236625.8302217, 1759236627.8324897, 1759236629.8355806, 1759236631.8382626, 1759236633.840641, 1759236635.8435333, 1759236637.846646, 1759236639.8497133, 1759236641.8523643, 1759236643.8545663, 1759236645.8573995, 1759236647.8607626, 1759236649.8636537, 1759236651.866844, 1759236653.8694122, 1759236655.8718166, 1759236657.8745575, 1759236659.8774529, 1759236661.880146, 1759236663.8829896, 1759236665.8858433, 1759236667.8879015, 1759236669.8906486, 1759236671.8936064, 1759236673.8959682, 1759236675.8991325, 1759236677.9018197, 1759236679.9049277, 1759236681.9078639, 1759236683.9107978], "Voltage": [230.92, 230.81, 230.71, 230.5, 230.86, 230.5, 230.66, 230.76, 230.66, 230.71, 230.71, 230.76, 230.81, 230.76, 230.66, 230.81, 230.76, 230.5, 230.81, 230.81, 230.86, 230.66, 230.81, 230.45, 230.5, 230.39, 230.66, 230.18, 230.45, 230.6, 230.55, 230.45, 230.29, 230.45, 230.66, 230.6, 230.6, 230.5, 230.39, 230.55, 230.45, 230.45, 230.29, 230.45, 230.45], "Current": [0.04, 0.04, 0.04, 0.04, 0.04, 0.04, 0.04, 0.04, 0.04, 0.04, 0.04, 0.04, 0.04, 0.04, 0.04, 0.04, 0.04, 0.04, 0.04, 0.04, 0.04, 0.04, 0.04, 0.04, 0.04, 0.04, 0.04, 0.04, 0.04, 0.04, 0.04, 0.04, 0.04, 0.04, 0.04, 0.04, 0.04, 0.04, 0.04, 0.04, 0.04, 0.04, 0.04, 0.04, 0.04], "Real_Power": [3.91, 4.01, 4.03, 4.03, 3.96, 3.87, 4.0, 4.06, 4.09, 4.07, 4.06, 4.04, 4.07, 4.03, 3.99, 4.05, 4.03, 4.05, 4.03, 3.9, 4.0, 4.02, 3.98, 4.04, 4.06, 4.11, 3.99, 4.06, 4.04, 3.93, 3.97, 4.03, 4.0, 3.83, 4.0, 4.02, 3.9, 4.05, 4.07, 3.98, 3.93, 4.06, 4.06, 3.91, 3.96], "Apparent_Power": [9.23, 9.23, 9.22, 9.22, 9.23, 9.22, 9.22, 9.23, 9.22, 9.22, 9.22, 9.23, 9.23, 9.23, 9.22, 9.23, 9.23, 9.22, 9.23, 9.23, 9.23, 9.22, 9.23, 9.21, 9.22, 9.21, 9.22, 9.2, 9.21, 9.22, 9.22, 9.21, 9.21, 9.21, 9.22, 9.22, 9.22, 9.22, 9.21, 9.22, 9.21, 9.21, 9.21, 9.21, 9.21], "Apparent_Power_Reactive": [8.36, 8.31, 8.29, 8.29, 8.33, 8.36, 8.3, 8.28, 8.26, 8.27, 8.27, 8.29, 8.28, 8.3, 8.31, 8.29, 8.3, 8.28, 8.3, 8.36, 8.31, 8.29, 8.32, 8.27, 8.27, 8.24, 8.31, 8.25, 8.27, 8.34, 8.32, 8.28, 8.29, 8.37, 8.3, 8.29, 8.35, 8.28, 8.26, 8.31, 8.32, 8.26, 8.26, 8.33, 8.31], "Power_Factor": [0.423, 0.434, 0.437, 0.437, 0.429, 0.419, 0.433, 0.439, 0.443, 0.441, 0.44, 0.437, 0.44, 0.436, 0.432, 0.438, 0.436, 0.439, 0.436, 0.422, 0.433, 0.436, 0.431, 0.438, 0.44, 0.446, 0.432, 0.441, 0.438, 0.426, 0.43, 0.437, 0.434, 0.415, 0.433, 0.436, 0.422, 0.439, 0.441, 0.431, 0.426, 0.44, 0.44, 0.424, 0.429], "Energy": [0.0, 0.0, 0.0, 0.0, 0.01, 0.01, 0.01, 0.01, 0.02, 0.02, 0.02, 0.02, 0.02, 0.03, 0.03, 0.03, 0.03, 0.04, 0.04, 0.04, 0.04, 0.04, 0.05, 0.05, 0.05, 0.05, 0.06, 0.06, 0.06, 0.06, 0.06, 0.07, 0.07, 0.07, 0.07, 0.08, 0.08, 0.08, 0.08, 0.09, 0.09, 0.09, 0.09, 0.09, 0.1], "Frequency": [49.4, 49.4, 49.4, 49.39, 49.39, 49.39, 49.39, 49.39, 49.39, 49.39, 49.39, 49.39, 49.4, 49.4, 49.4, 49.39, 49.39, 49.39, 49.4, 49.4, 49.4, 49.4, 49.4, 49.4, 49.4, 49.4, 49.4, 49.4, 49.4, 49.4, 49.39, 49.39, 49.39, 49.4, 49.4, 49.4, 49.41, 49.41, 49.41, 49.43, 49.43, 49.43, 49.41, 49.41, 49.41], "Temp_env": []}