{"Start_Time": [1759002743.8101394], "Time": [1759002745.8138504, 1759002747.8166137, 1759002749.8190284, 1759002751.821883, 1759002753.8240843, 1759002755.8266253, 1759002757.8289773, 1759002759.830909, 1759002761.83308, 1759002763.8360467, 1759002765.8390858, 1759002767.8417528, 1759002769.8442757, 1759002771.854498, 1759002773.857359, 1759002775.8602161, 1759002777.8631597, 1759002779.8661654, 1759002781.8690972, 1759002783.871178, 1759002785.874532, 1759002787.8773568, 1759002789.8802328, 1759002791.882357, 1759002793.8850543, 1759002795.8877983, 1759002797.890333, 1759002799.893518, 1759002801.8954868, 1759002803.8984284, 1759002805.90113, 1759002807.9034684, 1759002809.9064543, 1759002811.9096744, 1759002813.9125972, 1759002815.9147265, 1759002817.917248, 1759002819.9196043, 1759002821.9226117, 1759002823.9248538, 1759002825.9274116, 1759002827.9297395, 1759002829.9324567, 1759002831.9352713, 1759002833.937677], "Voltage": [231.55, 231.39, 231.49, 231.49, 231.44, 231.7, 231.65, 231.76, 231.81, 231.81, 231.7, 231.76, 231.7, 231.7, 231.6, 231.65, 231.55, 231.7, 231.6, 231.76, 231.7, 231.65, 231.76, 231.7, 231.7, 231.86, 231.81, 231.91, 231.81, 231.86, 231.81, 231.86, 231.81, 231.91, 231.81, 231.81, 231.76, 231.86, 231.91, 231.81, 231.86, 231.7, 231.86, 231.81, 231.81], "Current": [0.04, 0.04, 0.04, 0.04, 0.03, 0.04, 0.04, 0.04, 0.04, 0.04, 0.04, 0.04, 0.04, 0.04, 0.04, 0.04, 0.03, 0.04, 0.03, 0.04, 0.04, 0.03, 0.04, 0.04, 0.04, 0.04, 0.04, 0.04, 0.03, 0.03, 0.04, 0.03, 0.04, 0.04, 0.03, 0.04, 0.04, 0.03, 0.04, 0.04, 0.04, 0.04, 0.04, 0.04, 0.04], "Real_Power": [3.89, 3.91, 3.83, 3.85, 3.81, 3.92, 3.83, 3.75, 3.89, 3.86, 3.9, 3.92, 3.88, 3.81, 3.9, 3.88, 3.82, 3.91, 3.8, 3.86, 3.78, 3.79, 3.98, 3.91, 3.95, 3.83, 3.96, 3.86, 3.83, 3.8, 3.84, 3.76, 3.88, 3.86, 3.87, 3.96, 3.94, 3.8, 3.94, 4.01, 3.84, 3.86, 3.79, 3.87, 3.91], "Apparent_Power": [9.26, 9.25, 9.25, 9.25, 6.94, 9.26, 9.26, 9.27, 9.27, 9.27, 9.26, 9.27, 9.26, 9.26, 9.26, 9.26, 6.94, 9.26, 6.94, 9.27, 9.26, 6.94, 9.27, 9.26, 9.26, 9.27, 9.27, 9.27, 6.95, 6.95, 9.27, 6.95, 9.27, 9.27, 6.95, 9.27, 9.27, 6.95, 9.27, 9.27, 9.27, 9.26, 9.27, 9.27, 9.27], "Apparent_Power_Reactive": [8.4, 8.38, 8.41, 8.41, 5.8, 8.38, 8.43, 8.47, 8.41, 8.42, 8.39, 8.4, 8.4, 8.43, 8.39, 8.4, 5.79, 8.39, 5.8, 8.42, 8.45, 5.81, 8.37, 8.39, 8.37, 8.44, 8.38, 8.42, 5.79, 5.81, 8.43, 5.84, 8.41, 8.42, 5.77, 8.38, 8.39, 5.81, 8.39, 8.35, 8.43, 8.41, 8.45, 8.42, 8.4], "Power_Factor": [0.42, 0.422, 0.414, 0.416, 0.548, 0.423, 0.413, 0.404, 0.419, 0.416, 0.421, 0.422, 0.419, 0.411, 0.421, 0.419, 0.55, 0.422, 0.547, 0.416, 0.408, 0.546, 0.429, 0.422, 0.426, 0.413, 0.427, 0.416, 0.551, 0.546, 0.414, 0.541, 0.418, 0.416, 0.556, 0.427, 0.425, 0.546, 0.425, 0.432, 0.414, 0.416, 0.408, 0.417, 0.421], "Energy": [0.0, 0.0, 0.0, 0.0, 0.01, 0.01, 0.01, 0.01, 0.01, 0.02, 0.02, 0.02, 0.02, 0.03, 0.03, 0.03, 0.03, 0.03, 0.04, 0.04, 0.04, 0.04, 0.05, 0.05, 0.05, 0.05, 0.05, 0.06, 0.06, 0.06, 0.06, 0.06, 0.07, 0.07, 0.07, 0.07, 0.08, 0.08, 0.08, 0.08, 0.08, 0.09, 0.09, 0.09, 0.09], "Frequency": [49.41, 49.41, 49.4, 49.4, 49.4, 49.42, 49.42, 49.42, 49.42, 49.42, 49.42, 49.44, 49.44, 49.44, 49.42, 49.42, 49.42, 49.4, 49.4, 49.4, 49.42, 49.42, 49.42, 49.42, 49.42, 49.42, 49.43, 49.43, 49.43, 49.42, 49.42, 49.42, 49.41, 49.41, 49.41, 49.41, 49.41, 49.41, 49.43, 49.43, 49.43, 49.43, 49.43, 49.43, 49.42], "Temp_env": []}