{"Start_Time": [1758707244.501575], "Time": [1758707246.5037947, 1758707248.5064752, 1758707250.5095365, 1758707252.511598, 1758707254.5146952, 1758707256.5174377, 1758707258.5202343, 1758707260.5225844, 1758707262.532545, 1758707264.535109, 1758707266.5375974, 1758707268.5405266, 1758707270.5428247, 1758707272.5455642, 1758707274.5551958, 1758707276.5579586, 1758707278.5608118, 1758707280.5701547, 1758707282.5726578, 1758707284.5749419, 1758707286.577726, 1758707288.580129, 1758707290.5830584, 1758707292.5859733, 1758707294.5888817, 1758707296.5917585, 1758707298.6011903, 1758707300.60428, 1758707302.6071203, 1758707304.617013, 1758707306.619275, 1758707308.6219394, 1758707310.6243038, 1758707312.6274114, 1758707314.6304774, 1758707316.6334088, 1758707318.636221, 1758707320.6383302, 1758707322.6480656, 1758707324.6504567, 1758707326.6531935, 1758707328.6553588, 1758707330.6584687, 1758707332.6613324, 1758707334.664379], "Voltage": [229.19, 229.03, 228.87, 228.93, 228.98, 229.08, 228.87, 228.82, 228.98, 228.82, 228.72, 228.82, 228.77, 228.87, 228.87, 228.82, 228.66, 228.61, 228.66, 228.56, 228.61, 228.4, 228.24, 228.35, 228.82, 228.87, 229.61, 229.45, 229.29, 229.5, 229.61, 229.55, 229.71, 229.66, 229.4, 229.45, 229.55, 229.24, 229.45, 229.55, 229.29, 229.5, 229.4, 229.29, 229.4], "Current": [0.04, 0.04, 0.04, 0.04, 0.04, 0.04, 0.04, 0.04, 0.04, 0.04, 0.04, 0.04, 0.04, 0.04, 0.04, 0.04, 0.04, 0.04, 0.04, 0.04, 0.04, 0.04, 0.04, 0.04, 0.04, 0.04, 0.04, 0.04, 0.04, 0.04, 0.04, 0.04, 0.04, 0.04, 0.04, 0.04, 0.04, 0.04, 0.04, 0.04, 0.04, 0.04, 0.04, 0.04, 0.04], "Real_Power": [4.03, 3.98, 3.91, 3.9, 3.95, 3.93, 4.03, 4.02, 4.0, 3.96, 3.92, 4.03, 4.05, 4.03, 4.01, 3.96, 3.96, 3.94, 3.93, 3.93, 3.93, 4.05, 3.96, 4.01, 3.89, 3.88, 4.0, 4.0, 4.04, 4.1, 3.96, 3.82, 3.9, 3.87, 4.0, 4.04, 3.93, 3.98, 3.87, 4.03, 3.92, 3.85, 4.03, 3.99, 4.04], "Apparent_Power": [9.16, 9.16, 9.15, 9.15, 9.15, 9.16, 9.15, 9.15, 9.15, 9.15, 9.14, 9.15, 9.15, 9.15, 9.15, 9.15, 9.14, 9.14, 9.14, 9.14, 9.14, 9.13, 9.12, 9.13, 9.15, 9.15, 9.18, 9.17, 9.17, 9.18, 9.18, 9.18, 9.18, 9.18, 9.17, 9.17, 9.18, 9.16, 9.17, 9.18, 9.17, 9.18, 9.17, 9.17, 9.17], "Apparent_Power_Reactive": [8.22, 8.25, 8.27, 8.27, 8.25, 8.27, 8.21, 8.21, 8.22, 8.24, 8.25, 8.21, 8.2, 8.21, 8.22, 8.24, 8.23, 8.24, 8.25, 8.25, 8.25, 8.18, 8.21, 8.2, 8.28, 8.28, 8.26, 8.25, 8.23, 8.21, 8.28, 8.34, 8.31, 8.32, 8.25, 8.23, 8.29, 8.25, 8.31, 8.24, 8.28, 8.33, 8.23, 8.25, 8.23], "Power_Factor": [0.439, 0.434, 0.427, 0.426, 0.431, 0.429, 0.44, 0.439, 0.437, 0.432, 0.428, 0.44, 0.442, 0.44, 0.438, 0.432, 0.433, 0.431, 0.429, 0.429, 0.429, 0.443, 0.434, 0.439, 0.425, 0.424, 0.435, 0.436, 0.44, 0.446, 0.431, 0.416, 0.424, 0.421, 0.436, 0.44, 0.428, 0.434, 0.422, 0.438, 0.427, 0.419, 0.439, 0.435, 0.44], "Energy": [0.0, 0.0, 0.0, 0.0, 0.01, 0.01, 0.01, 0.01, 0.01, 0.02, 0.02, 0.02, 0.02, 0.03, 0.03, 0.03, 0.03, 0.04, 0.04, 0.04, 0.04, 0.04, 0.05, 0.05, 0.05, 0.05, 0.06, 0.06, 0.06, 0.06, 0.06, 0.07, 0.07, 0.07, 0.07, 0.08, 0.08, 0.08, 0.08, 0.08, 0.09, 0.09, 0.09, 0.09, 0.1], "Frequency": [49.42, 49.42, 49.42, 49.43, 49.43, 49.43, 49.41, 49.41, 49.41, 49.41, 49.41, 49.41, 49.41, 49.41, 49.41, 49.42, 49.42, 49.42, 49.42, 49.42, 49.42, 49.41, 49.41, 49.41, 49.41, 49.41, 49.41, 49.43, 49.43, 49.43, 49.42, 49.42, 49.42, 49.42, 49.42, 49.42, 49.43, 49.43, 49.43, 49.43, 49.43, 49.43, 49.43, 49.43, 49.43], "Temp_env": []}