{"Start_Time": [1759118126.1141248], "Time": [1759118128.1166947, 1759118130.119154, 1759118132.1220088, 1759118134.1248665, 1759118136.1275895, 1759118138.1299007, 1759118140.1325579, 1759118142.1347325, 1759118144.1369636, 1759118146.1399984, 1759118148.1438646, 1759118150.1467414, 1759118152.14907, 1759118154.1517577, 1759118156.1540673, 1759118158.156794, 1759118160.1593776, 1759118162.1620324, 1759118164.164912, 1759118166.167138, 1759118168.1699681, 1759118170.172868, 1759118172.1751812, 1759118174.17814, 1759118176.1810393, 1759118178.183932, 1759118180.1862712, 1759118182.1889672, 1759118184.1913817, 1759118186.194286, 1759118188.1969688, 1759118190.1993885, 1759118192.2019866, 1759118194.204339, 1759118196.2071993, 1759118198.2103384, 1759118200.213103, 1759118202.215494, 1759118204.2181566, 1759118206.2205546, 1759118208.2235398, 1759118210.2264028, 1759118212.2292547, 1759118214.2321088, 1759118216.2349594], "Voltage": [228.93, 228.87, 228.87, 228.93, 228.98, 228.98, 228.93, 228.98, 228.98, 228.87, 228.98, 227.83, 227.83, 227.93, 227.77, 227.88, 227.83, 227.88, 227.93, 227.93, 227.88, 227.83, 228.04, 227.93, 227.98, 227.93, 227.93, 227.88, 227.93, 227.93, 227.93, 227.98, 227.93, 227.93, 228.04, 228.04, 227.88, 227.98, 228.04, 228.09, 228.14, 228.04, 228.09, 228.09, 228.24], "Current": [0.04, 0.04, 0.04, 0.03, 0.04, 0.04, 0.04, 0.04, 0.04, 0.04, 0.03, 0.04, 0.04, 0.04, 0.03, 0.04, 0.04, 0.04, 0.04, 0.04, 0.04, 0.04, 0.04, 0.04, 0.04, 0.04, 0.04, 0.04, 0.04, 0.04, 0.04, 0.04, 0.04, 0.04, 0.04, 0.04, 0.04, 0.04, 0.04, 0.04, 0.04, 0.04, 0.04, 0.04, 0.04], "Real_Power": [3.89, 3.9, 3.97, 3.99, 3.97, 3.94, 3.87, 3.89, 3.96, 3.92, 3.8, 3.96, 3.79, 3.86, 3.95, 3.81, 3.9, 3.89, 3.9, 3.84, 3.96, 3.85, 4.01, 3.82, 3.97, 3.9, 3.91, 3.91, 3.98, 3.99, 3.92, 3.81, 3.87, 3.88, 3.92, 3.88, 3.9, 3.92, 3.98, 3.92, 3.89, 3.94, 3.84, 3.94, 3.9], "Apparent_Power": [9.15, 9.15, 9.15, 6.86, 9.15, 9.15, 9.15, 9.15, 9.15, 9.15, 6.86, 9.11, 9.11, 9.11, 6.83, 9.11, 9.11, 9.11, 9.11, 9.11, 9.11, 9.11, 9.12, 9.11, 9.11, 9.11, 9.11, 9.11, 9.11, 9.11, 9.11, 9.11, 9.11, 9.11, 9.12, 9.12, 9.11, 9.11, 9.12, 9.12, 9.12, 9.12, 9.12, 9.12, 9.12], "Apparent_Power_Reactive": [8.28, 8.27, 8.24, 5.58, 8.24, 8.25, 8.29, 8.28, 8.24, 8.26, 5.71, 8.2, 8.28, 8.25, 5.57, 8.27, 8.23, 8.23, 8.23, 8.26, 8.2, 8.25, 8.19, 8.27, 8.19, 8.23, 8.22, 8.22, 8.19, 8.18, 8.22, 8.27, 8.24, 8.24, 8.23, 8.25, 8.23, 8.22, 8.2, 8.23, 8.24, 8.22, 8.27, 8.22, 8.24], "Power_Factor": [0.425, 0.426, 0.433, 0.581, 0.433, 0.43, 0.422, 0.425, 0.432, 0.428, 0.553, 0.434, 0.416, 0.423, 0.578, 0.418, 0.428, 0.427, 0.428, 0.421, 0.434, 0.422, 0.439, 0.419, 0.435, 0.428, 0.429, 0.429, 0.436, 0.437, 0.43, 0.418, 0.424, 0.425, 0.429, 0.425, 0.428, 0.43, 0.436, 0.429, 0.426, 0.432, 0.421, 0.432, 0.427], "Energy": [0.0, 0.0, 0.0, 0.0, 0.01, 0.01, 0.01, 0.01, 0.01, 0.02, 0.02, 0.02, 0.02, 0.03, 0.03, 0.03, 0.03, 0.03, 0.04, 0.04, 0.04, 0.04, 0.05, 0.05, 0.05, 0.05, 0.05, 0.06, 0.06, 0.06, 0.06, 0.07, 0.07, 0.07, 0.07, 0.07, 0.08, 0.08, 0.08, 0.08, 0.09, 0.09, 0.09, 0.09, 0.09], "Frequency": [49.36, 49.36, 49.36, 49.36, 49.36, 49.36, 49.36, 49.36, 49.36, 49.36, 49.36, 49.36, 49.36, 49.37, 49.37, 49.37, 49.36, 49.36, 49.36, 49.37, 49.37, 49.37, 49.37, 49.37, 49.37, 49.37, 49.37, 49.37, 49.38, 49.38, 49.38, 49.37, 49.37, 49.37, 49.38, 49.38, 49.38, 49.37, 49.37, 49.37, 49.39, 49.39, 49.39, 49.39, 49.39], "Temp_env": []}