{"Start_Time": [1758976195.698043], "Time": [1758976197.7006714, 1758976199.703917, 1758976201.7061813, 1758976203.708689, 1758976205.7184865, 1758976207.7213395, 1758976209.7241938, 1758976211.7342856, 1758976213.7369168, 1758976215.739802, 1758976217.742128, 1758976219.744847, 1758976221.7471075, 1758976223.7501614, 1758976225.753222, 1758976227.7563193, 1758976229.7661874, 1758976231.768929, 1758976233.7712827, 1758976235.7743468, 1758976237.777215, 1758976239.7803283, 1758976241.78327, 1758976243.786772, 1758976245.7892375, 1758976247.791475, 1758976249.7944448, 1758976251.797346, 1758976253.8072302, 1758976255.8103416, 1758976257.8132172, 1758976259.8155217, 1758976261.818496, 1758976263.8215437, 1758976265.8242266, 1758976267.827045, 1758976269.8299098, 1758976271.8325267, 1758976273.8345654, 1758976275.8369067, 1758976277.8394358, 1758976279.8425913, 1758976281.8454645, 1758976283.848008, 1758976285.850707], "Voltage": [231.65, 231.7, 231.65, 231.65, 231.65, 231.44, 231.6, 231.7, 231.55, 231.28, 231.39, 231.49, 231.34, 231.39, 231.23, 231.23, 231.39, 231.39, 231.34, 231.34, 231.28, 231.49, 231.44, 231.49, 231.49, 231.39, 231.49, 231.65, 231.6, 231.49, 231.55, 231.6, 231.65, 231.55, 231.49, 231.6, 231.7, 231.81, 231.65, 231.81, 231.55, 231.55, 231.65, 231.86, 231.76], "Current": [0.04, 0.04, 0.04, 0.04, 0.04, 0.04, 0.04, 0.04, 0.04, 0.04, 0.04, 0.04, 0.04, 0.04, 0.04, 0.04, 0.04, 0.04, 0.04, 0.04, 0.04, 0.04, 0.04, 0.04, 0.04, 0.04, 0.04, 0.04, 0.04, 0.04, 0.04, 0.04, 0.04, 0.04, 0.04, 0.04, 0.04, 0.04, 0.04, 0.04, 0.04, 0.04, 0.04, 0.04, 0.04], "Real_Power": [3.88, 3.84, 3.91, 3.86, 3.87, 3.86, 3.86, 3.91, 3.84, 3.98, 3.94, 3.89, 3.95, 3.99, 3.94, 3.9, 3.85, 3.8, 3.78, 3.91, 3.82, 4.05, 3.93, 3.83, 3.81, 3.89, 3.8, 3.87, 4.03, 3.89, 3.94, 3.92, 3.92, 3.86, 3.87, 3.79, 3.9, 3.92, 3.82, 3.95, 3.85, 3.9, 3.88, 3.8, 4.05], "Apparent_Power": [9.26, 9.26, 9.26, 9.26, 9.26, 9.25, 9.26, 9.26, 9.26, 9.25, 9.25, 9.25, 9.25, 9.25, 9.24, 9.24, 9.25, 9.25, 9.25, 9.25, 9.25, 9.25, 9.25, 9.25, 9.25, 9.25, 9.25, 9.26, 9.26, 9.25, 9.26, 9.26, 9.26, 9.26, 9.25, 9.26, 9.26, 9.27, 9.26, 9.27, 9.26, 9.26, 9.26, 9.27, 9.27], "Apparent_Power_Reactive": [8.4, 8.42, 8.39, 8.41, 8.41, 8.4, 8.41, 8.39, 8.42, 8.34, 8.36, 8.39, 8.36, 8.34, 8.35, 8.37, 8.41, 8.43, 8.44, 8.38, 8.42, 8.31, 8.37, 8.41, 8.42, 8.39, 8.43, 8.41, 8.33, 8.39, 8.37, 8.38, 8.38, 8.41, 8.4, 8.44, 8.39, 8.4, 8.43, 8.38, 8.42, 8.39, 8.4, 8.45, 8.33], "Power_Factor": [0.419, 0.414, 0.422, 0.416, 0.417, 0.417, 0.416, 0.422, 0.414, 0.43, 0.425, 0.42, 0.427, 0.431, 0.426, 0.422, 0.416, 0.41, 0.408, 0.422, 0.412, 0.437, 0.424, 0.414, 0.411, 0.42, 0.41, 0.417, 0.435, 0.42, 0.425, 0.423, 0.423, 0.416, 0.418, 0.409, 0.421, 0.422, 0.412, 0.426, 0.415, 0.421, 0.419, 0.409, 0.436], "Energy": [0.0, 0.0, 0.0, 0.0, 0.01, 0.01, 0.01, 0.01, 0.01, 0.02, 0.02, 0.02, 0.02, 0.03, 0.03, 0.03, 0.03, 0.03, 0.04, 0.04, 0.04, 0.04, 0.05, 0.05, 0.05, 0.05, 0.05, 0.06, 0.06, 0.06, 0.06, 0.07, 0.07, 0.07, 0.07, 0.07, 0.08, 0.08, 0.08, 0.08, 0.08, 0.09, 0.09, 0.09, 0.09], "Frequency": [49.42, 49.42, 49.42, 49.41, 49.41, 49.41, 49.42, 49.42, 49.42, 49.42, 49.42, 49.42, 49.43, 49.43, 49.43, 49.43, 49.43, 49.43, 49.41, 49.41, 49.41, 49.4, 49.4, 49.4, 49.4, 49.4, 49.4, 49.41, 49.41, 49.41, 49.42, 49.42, 49.42, 49.43, 49.43, 49.43, 49.42, 49.42, 49.42, 49.41, 49.41, 49.41, 49.42, 49.42, 49.42], "Temp_env": []}