{"Start_Time": [1759108120.8097553], "Time": [1759108122.8123255, 1759108124.8150787, 1759108126.8174462, 1759108128.820394, 1759108130.8225334, 1759108132.8255076, 1759108134.828429, 1759108136.8382719, 1759108138.8403955, 1759108140.8435514, 1759108142.8466094, 1759108144.8495064, 1759108146.8526332, 1759108148.8557417, 1759108150.8584669, 1759108152.8609676, 1759108154.8636634, 1759108156.8667467, 1759108158.869815, 1759108160.8726525, 1759108162.8751633, 1759108164.877991, 1759108166.8809485, 1759108168.8831291, 1759108170.8858428, 1759108172.888768, 1759108174.891009, 1759108176.894201, 1759108178.8968384, 1759108180.899216, 1759108182.9021368, 1759108184.9050298, 1759108186.9079607, 1759108188.9104538, 1759108190.913358, 1759108192.916286, 1759108194.9194062, 1759108196.9223385, 1759108198.9252312, 1759108200.927567, 1759108202.9306922, 1759108204.9333446, 1759108206.9355164, 1759108208.9385548, 1759108210.9410489], "Voltage": [231.39, 231.34, 231.34, 231.44, 231.49, 231.55, 231.39, 231.34, 231.44, 230.39, 230.39, 230.45, 230.39, 230.39, 230.39, 230.39, 230.45, 230.34, 230.5, 230.5, 230.45, 230.5, 230.45, 230.45, 230.5, 230.5, 230.34, 230.34, 230.39, 230.45, 230.55, 230.39, 230.5, 230.39, 230.39, 230.5, 230.34, 230.5, 230.5, 230.5, 230.5, 230.39, 230.45, 230.5, 230.55], "Current": [0.03, 0.04, 0.03, 0.04, 0.04, 0.04, 0.03, 0.03, 0.03, 0.04, 0.04, 0.04, 0.04, 0.04, 0.04, 0.04, 0.04, 0.04, 0.04, 0.04, 0.04, 0.04, 0.04, 0.04, 0.04, 0.04, 0.04, 0.04, 0.04, 0.04, 0.04, 0.04, 0.04, 0.04, 0.04, 0.04, 0.04, 0.03, 0.04, 0.04, 0.04, 0.04, 0.04, 0.04, 0.04], "Real_Power": [3.76, 3.87, 3.82, 3.92, 3.84, 4.0, 3.83, 3.94, 3.79, 3.9, 3.88, 3.87, 3.99, 3.75, 3.83, 3.86, 3.89, 3.85, 3.81, 3.97, 3.94, 3.91, 3.87, 3.81, 3.85, 3.89, 3.89, 3.84, 3.88, 3.99, 3.91, 3.93, 3.88, 3.91, 3.74, 3.87, 3.8, 3.75, 3.93, 3.9, 3.94, 3.83, 3.93, 3.83, 3.84], "Apparent_Power": [6.94, 9.25, 6.94, 9.25, 9.25, 9.26, 6.94, 6.94, 6.94, 9.21, 9.21, 9.21, 9.21, 9.21, 9.21, 9.21, 9.21, 9.21, 9.22, 9.22, 9.21, 9.22, 9.21, 9.21, 9.22, 9.22, 9.21, 9.21, 9.21, 9.21, 9.22, 9.21, 9.22, 9.21, 9.21, 9.22, 9.21, 6.91, 9.22, 9.22, 9.22, 9.21, 9.21, 9.22, 9.22], "Apparent_Power_Reactive": [5.83, 8.4, 5.79, 8.37, 8.41, 8.35, 5.78, 5.71, 5.81, 8.34, 8.35, 8.35, 8.3, 8.41, 8.37, 8.36, 8.34, 8.36, 8.39, 8.32, 8.32, 8.34, 8.35, 8.38, 8.37, 8.35, 8.34, 8.37, 8.35, 8.3, 8.34, 8.32, 8.36, 8.33, 8.41, 8.36, 8.38, 5.8, 8.34, 8.35, 8.33, 8.37, 8.32, 8.38, 8.38], "Power_Factor": [0.541, 0.418, 0.55, 0.423, 0.415, 0.431, 0.551, 0.567, 0.546, 0.423, 0.421, 0.42, 0.433, 0.407, 0.415, 0.419, 0.422, 0.418, 0.413, 0.43, 0.427, 0.424, 0.42, 0.413, 0.417, 0.421, 0.422, 0.416, 0.421, 0.433, 0.424, 0.426, 0.42, 0.424, 0.406, 0.419, 0.412, 0.542, 0.426, 0.422, 0.427, 0.415, 0.426, 0.415, 0.416], "Energy": [0.0, 0.0, 0.0, 0.0, 0.01, 0.01, 0.01, 0.01, 0.01, 0.02, 0.02, 0.02, 0.02, 0.03, 0.03, 0.03, 0.03, 0.03, 0.04, 0.04, 0.04, 0.04, 0.04, 0.05, 0.05, 0.05, 0.05, 0.06, 0.06, 0.06, 0.06, 0.06, 0.07, 0.07, 0.07, 0.07, 0.08, 0.08, 0.08, 0.08, 0.08, 0.09, 0.09, 0.09, 0.09], "Frequency": [49.39, 49.39, 49.39, 49.39, 49.39, 49.39, 49.39, 49.39, 49.39, 49.39, 49.39, 49.38, 49.38, 49.38, 49.39, 49.39, 49.39, 49.39, 49.39, 49.39, 49.39, 49.39, 49.39, 49.39, 49.39, 49.39, 49.39, 49.39, 49.38, 49.38, 49.38, 49.38, 49.38, 49.38, 49.39, 49.39, 49.39, 49.38, 49.38, 49.38, 49.39, 49.39, 49.39, 49.39, 49.39], "Temp_env": []}