{"Start_Time": [1758654147.2373524], "Time": [1758654149.2400696, 1758654151.2423882, 1758654153.2453156, 1758654155.2483923, 1758654157.2512336, 1758654159.2541106, 1758654161.2564528, 1758654163.2591016, 1758654165.2614605, 1758654167.2644062, 1758654169.2674782, 1758654171.270376, 1758654173.273285, 1758654175.2754297, 1758654177.278661, 1758654179.2812643, 1758654181.2836263, 1758654183.2863204, 1758654185.288676, 1758654187.291339, 1758654189.2946193, 1758654191.2975597, 1758654193.3003306, 1758654195.3026907, 1758654197.3053517, 1758654199.3079164, 1758654201.3103702, 1758654203.3127196, 1758654205.3154407, 1758654207.3177438, 1758654209.320461, 1758654211.32309, 1758654213.3260016, 1758654215.3288279, 1758654217.3315504, 1758654219.3347611, 1758654221.3375523, 1758654223.3401248, 1758654225.342676, 1758654227.3458092, 1758654229.3488255, 1758654231.3516376, 1758654233.354715, 1758654235.3576772, 1758654237.3611033], "Voltage": [230.18, 230.18, 230.24, 230.24, 230.24, 230.24, 230.13, 230.18, 230.24, 230.18, 230.29, 230.29, 230.29, 230.24, 230.29, 230.29, 230.29, 230.34, 230.18, 230.24, 230.29, 230.24, 230.29, 230.34, 230.29, 230.29, 230.24, 230.45, 230.24, 230.24, 230.08, 230.18, 230.29, 230.24, 230.13, 230.13, 230.29, 230.18, 230.24, 230.34, 230.18, 230.08, 230.34, 230.34, 230.39], "Current": [0.04, 0.04, 0.04, 0.04, 0.04, 0.04, 0.04, 0.04, 0.04, 0.04, 0.04, 0.04, 0.04, 0.04, 0.04, 0.04, 0.04, 0.04, 0.04, 0.04, 0.04, 0.04, 0.04, 0.03, 0.04, 0.04, 0.04, 0.04, 0.04, 0.04, 0.04, 0.04, 0.04, 0.04, 0.04, 0.04, 0.04, 0.04, 0.04, 0.04, 0.04, 0.04, 0.04, 0.04, 0.04], "Real_Power": [3.91, 3.92, 3.88, 3.91, 4.02, 4.04, 3.9, 3.96, 3.97, 3.83, 3.95, 3.91, 4.0, 3.84, 3.95, 4.02, 3.96, 3.96, 4.01, 3.89, 3.9, 3.84, 3.95, 3.81, 3.92, 3.98, 3.93, 3.98, 3.96, 3.93, 3.91, 3.9, 3.84, 3.91, 4.04, 4.01, 3.92, 3.99, 3.86, 3.93, 3.85, 3.91, 3.87, 3.89, 3.89], "Apparent_Power": [9.2, 9.2, 9.2, 9.2, 9.2, 9.2, 9.2, 9.2, 9.2, 9.2, 9.21, 9.21, 9.21, 9.2, 9.21, 9.21, 9.21, 9.21, 9.2, 9.2, 9.21, 9.2, 9.21, 6.91, 9.21, 9.21, 9.2, 9.21, 9.2, 9.2, 9.2, 9.2, 9.21, 9.2, 9.2, 9.2, 9.21, 9.2, 9.2, 9.21, 9.2, 9.2, 9.21, 9.21, 9.21], "Apparent_Power_Reactive": [8.32, 8.32, 8.34, 8.32, 8.27, 8.26, 8.33, 8.3, 8.29, 8.36, 8.31, 8.33, 8.29, 8.36, 8.31, 8.28, 8.31, 8.31, 8.28, 8.33, 8.34, 8.36, 8.31, 5.76, 8.33, 8.3, 8.31, 8.3, 8.3, 8.31, 8.32, 8.33, 8.37, 8.32, 8.26, 8.28, 8.33, 8.28, 8.35, 8.32, 8.35, 8.32, 8.35, 8.34, 8.34], "Power_Factor": [0.425, 0.426, 0.421, 0.425, 0.436, 0.439, 0.423, 0.43, 0.431, 0.416, 0.428, 0.424, 0.434, 0.417, 0.428, 0.436, 0.429, 0.429, 0.435, 0.422, 0.423, 0.417, 0.428, 0.551, 0.425, 0.432, 0.427, 0.432, 0.43, 0.427, 0.425, 0.423, 0.416, 0.425, 0.439, 0.435, 0.425, 0.433, 0.419, 0.426, 0.418, 0.425, 0.42, 0.422, 0.422], "Energy": [0.0, 0.0, 0.0, 0.0, 0.01, 0.01, 0.01, 0.01, 0.01, 0.02, 0.02, 0.02, 0.02, 0.03, 0.03, 0.03, 0.03, 0.03, 0.04, 0.04, 0.04, 0.04, 0.05, 0.05, 0.05, 0.05, 0.05, 0.06, 0.06, 0.06, 0.06, 0.07, 0.07, 0.07, 0.07, 0.07, 0.08, 0.08, 0.08, 0.08, 0.09, 0.09, 0.09, 0.09, 0.09], "Frequency": [49.37, 49.37, 49.37, 49.36, 49.36, 49.36, 49.35, 49.35, 49.35, 49.35, 49.35, 49.35, 49.36, 49.36, 49.36, 49.35, 49.35, 49.35, 49.35, 49.35, 49.35, 49.36, 49.36, 49.36, 49.37, 49.37, 49.37, 49.37, 49.37, 49.37, 49.38, 49.38, 49.38, 49.37, 49.37, 49.37, 49.38, 49.38, 49.38, 49.38, 49.38, 49.38, 49.39, 49.39, 49.39], "Temp_env": []}