{"Start_Time": [1759252420.5806677], "Time": [1759252422.5838382, 1759252424.586605, 1759252426.5897055, 1759252428.5994918, 1759252430.6022418, 1759252432.6050935, 1759252434.614963, 1759252436.6179357, 1759252438.6206648, 1759252440.6228232, 1759252442.625661, 1759252444.628249, 1759252446.6306713, 1759252448.6339514, 1759252450.636769, 1759252452.6467087, 1759252454.6490226, 1759252456.6521094, 1759252458.654701, 1759252460.6570423, 1759252462.6599662, 1759252464.6622999, 1759252466.664823, 1759252468.667915, 1759252470.677282, 1759252472.6802611, 1759252474.6831696, 1759252476.6929631, 1759252478.695332, 1759252480.6980534, 1759252482.7009764, 1759252484.703213, 1759252486.7063107, 1759252488.7093296, 1759252490.7123733, 1759252492.7150304, 1759252494.7244217, 1759252496.7275095, 1759252498.7303958, 1759252500.7326484, 1759252502.7354026, 1759252504.7383318, 1759252506.7412143, 1759252508.7434354, 1759252510.7464757], "Voltage": [231.49, 231.44, 231.39, 231.49, 231.6, 231.65, 231.49, 231.49, 231.6, 231.49, 231.49, 231.44, 231.49, 231.49, 231.6, 231.44, 231.49, 231.49, 231.44, 231.49, 231.55, 231.44, 231.39, 231.55, 231.39, 231.55, 231.6, 231.39, 231.39, 231.55, 231.49, 231.55, 231.55, 231.65, 231.49, 231.49, 231.55, 231.55, 231.65, 231.44, 231.6, 231.44, 231.49, 231.65, 231.55], "Current": [0.04, 0.04, 0.04, 0.04, 0.04, 0.04, 0.04, 0.04, 0.04, 0.04, 0.04, 0.04, 0.04, 0.04, 0.04, 0.04, 0.04, 0.04, 0.04, 0.04, 0.04, 0.04, 0.04, 0.04, 0.04, 0.04, 0.04, 0.04, 0.04, 0.04, 0.04, 0.04, 0.04, 0.04, 0.04, 0.04, 0.04, 0.04, 0.04, 0.04, 0.04, 0.04, 0.04, 0.04, 0.04], "Real_Power": [3.95, 4.05, 3.97, 3.9, 3.96, 4.05, 4.01, 4.05, 4.0, 3.99, 3.97, 3.89, 4.08, 3.97, 4.0, 3.98, 4.06, 3.99, 3.96, 3.89, 3.99, 3.94, 3.9, 4.04, 3.93, 4.04, 4.0, 3.98, 3.97, 4.0, 3.98, 4.02, 4.05, 3.97, 4.01, 3.99, 3.88, 4.06, 4.02, 3.98, 4.07, 4.09, 3.85, 3.98, 4.03], "Apparent_Power": [9.25, 9.25, 9.25, 9.25, 9.26, 9.26, 9.25, 9.25, 9.26, 9.25, 9.25, 9.25, 9.25, 9.25, 9.26, 9.25, 9.25, 9.25, 9.25, 9.25, 9.26, 9.25, 9.25, 9.26, 9.25, 9.26, 9.26, 9.25, 9.25, 9.26, 9.25, 9.26, 9.26, 9.26, 9.25, 9.25, 9.26, 9.26, 9.26, 9.25, 9.26, 9.25, 9.25, 9.26, 9.26], "Apparent_Power_Reactive": [8.36, 8.31, 8.35, 8.38, 8.37, 8.32, 8.33, 8.31, 8.35, 8.34, 8.35, 8.39, 8.3, 8.35, 8.35, 8.34, 8.31, 8.34, 8.35, 8.39, 8.35, 8.36, 8.38, 8.33, 8.37, 8.33, 8.35, 8.34, 8.35, 8.35, 8.34, 8.34, 8.32, 8.36, 8.33, 8.34, 8.4, 8.32, 8.34, 8.34, 8.31, 8.29, 8.41, 8.36, 8.33], "Power_Factor": [0.427, 0.437, 0.429, 0.421, 0.427, 0.437, 0.433, 0.437, 0.431, 0.431, 0.429, 0.42, 0.441, 0.429, 0.431, 0.43, 0.438, 0.431, 0.428, 0.42, 0.43, 0.425, 0.421, 0.436, 0.424, 0.436, 0.431, 0.43, 0.429, 0.431, 0.43, 0.434, 0.437, 0.428, 0.433, 0.431, 0.419, 0.438, 0.434, 0.43, 0.439, 0.442, 0.416, 0.429, 0.435], "Energy": [0.0, 0.0, 0.0, 0.0, 0.01, 0.01, 0.01, 0.01, 0.02, 0.02, 0.02, 0.02, 0.02, 0.03, 0.03, 0.03, 0.03, 0.04, 0.04, 0.04, 0.04, 0.04, 0.05, 0.05, 0.05, 0.05, 0.06, 0.06, 0.06, 0.06, 0.06, 0.07, 0.07, 0.07, 0.07, 0.08, 0.08, 0.08, 0.08, 0.08, 0.09, 0.09, 0.09, 0.09, 0.1], "Frequency": [49.34, 49.35, 49.35, 49.35, 49.35, 49.35, 49.35, 49.35, 49.35, 49.35, 49.36, 49.36, 49.36, 49.35, 49.35, 49.35, 49.35, 49.35, 49.35, 49.35, 49.35, 49.35, 49.35, 49.35, 49.35, 49.35, 49.35, 49.35, 49.36, 49.36, 49.36, 49.35, 49.35, 49.35, 49.35, 49.35, 49.35, 49.37, 49.37, 49.37, 49.37, 49.37, 49.37, 49.37, 49.37], "Temp_env": []}