{"Start_Time": [1759271923.1222937], "Time": [1759271925.1248026, 1759271927.1274197, 1759271929.1297839, 1759271931.1325202, 1759271933.1347978, 1759271935.1374779, 1759271937.140076, 1759271939.1439288, 1759271941.146476, 1759271943.1488485, 1759271945.1515574, 1759271947.153979, 1759271949.156525, 1759271951.159086, 1759271953.1620028, 1759271955.1646094, 1759271957.1669383, 1759271959.169615, 1759271961.172259, 1759271963.175111, 1759271965.1780236, 1759271967.1806247, 1759271969.1831913, 1759271971.1856654, 1759271973.1880171, 1759271975.1906974, 1759271977.1930654, 1759271979.1959827, 1759271981.1988697, 1759271983.2017593, 1759271985.2042136, 1759271987.207327, 1759271989.2101622, 1759271991.2129283, 1759271993.2152352, 1759271995.217932, 1759271997.220882, 1759271999.22343, 1759272001.2263408, 1759272003.229094, 1759272005.2311423, 1759272007.2343802, 1759272009.2370083, 1759272011.2393456, 1759272013.2424004], "Voltage": [231.13, 231.07, 231.07, 231.07, 231.18, 231.18, 231.18, 231.18, 231.18, 231.18, 231.28, 231.18, 231.18, 230.92, 231.07, 231.02, 230.92, 231.13, 231.23, 231.18, 231.18, 231.02, 231.13, 231.07, 231.18, 231.18, 231.07, 231.18, 231.18, 231.28, 230.97, 231.23, 231.13, 231.18, 231.18, 231.18, 231.13, 231.13, 231.02, 231.18, 231.07, 231.07, 231.07, 231.07, 230.97], "Current": [0.03, 0.03, 0.03, 0.03, 0.03, 0.03, 0.03, 0.03, 0.03, 0.03, 0.03, 0.03, 0.04, 0.04, 0.04, 0.03, 0.03, 0.04, 0.03, 0.03, 0.04, 0.04, 0.04, 0.04, 0.04, 0.04, 0.03, 0.04, 0.03, 0.03, 0.03, 0.04, 0.04, 0.03, 0.04, 0.04, 0.03, 0.03, 0.04, 0.03, 0.04, 0.03, 0.04, 0.04, 0.03], "Real_Power": [3.89, 3.9, 3.74, 3.89, 3.92, 4.03, 3.95, 3.84, 3.82, 4.0, 3.93, 3.87, 3.98, 3.89, 3.98, 3.8, 3.88, 3.97, 3.87, 3.87, 3.98, 3.94, 3.9, 3.92, 3.91, 3.91, 3.86, 3.99, 3.88, 3.86, 3.79, 3.93, 3.88, 3.88, 3.92, 3.99, 3.88, 3.79, 3.96, 3.82, 3.91, 3.96, 4.0, 3.84, 3.81], "Apparent_Power": [6.93, 6.93, 6.93, 6.93, 6.93, 6.93, 6.93, 6.93, 6.93, 6.93, 6.93, 6.93, 9.24, 9.23, 9.24, 6.93, 6.92, 9.24, 6.93, 6.93, 9.24, 9.24, 9.24, 9.24, 9.24, 9.24, 6.93, 9.24, 6.93, 6.93, 6.92, 9.24, 9.24, 6.93, 9.24, 9.24, 6.93, 6.93, 9.24, 6.93, 9.24, 6.93, 9.24, 9.24, 6.92], "Apparent_Power_Reactive": [5.73, 5.72, 5.83, 5.73, 5.71, 5.63, 5.69, 5.76, 5.78, 5.65, 5.7, 5.74, 8.33, 8.37, 8.33, 5.79, 5.72, 8.34, 5.74, 5.74, 8.33, 8.35, 8.37, 8.36, 8.37, 8.37, 5.75, 8.33, 5.74, 5.75, 5.78, 8.36, 8.38, 5.74, 8.36, 8.33, 5.74, 5.8, 8.34, 5.78, 8.37, 5.68, 8.32, 8.4, 5.77], "Power_Factor": [0.561, 0.562, 0.539, 0.561, 0.565, 0.581, 0.569, 0.554, 0.551, 0.577, 0.567, 0.558, 0.43, 0.421, 0.43, 0.548, 0.56, 0.429, 0.558, 0.558, 0.43, 0.426, 0.422, 0.424, 0.423, 0.423, 0.556, 0.431, 0.559, 0.556, 0.547, 0.425, 0.419, 0.559, 0.424, 0.431, 0.559, 0.546, 0.428, 0.551, 0.423, 0.571, 0.432, 0.415, 0.55], "Energy": [0.0, 0.0, 0.0, 0.0, 0.01, 0.01, 0.01, 0.01, 0.01, 0.02, 0.02, 0.02, 0.02, 0.03, 0.03, 0.03, 0.03, 0.03, 0.04, 0.04, 0.04, 0.04, 0.05, 0.05, 0.05, 0.05, 0.05, 0.06, 0.06, 0.06, 0.06, 0.07, 0.07, 0.07, 0.07, 0.07, 0.08, 0.08, 0.08, 0.08, 0.09, 0.09, 0.09, 0.09, 0.09], "Frequency": [49.41, 49.41, 49.41, 49.4, 49.4, 49.4, 49.42, 49.42, 49.42, 49.41, 49.41, 49.41, 49.41, 49.41, 49.41, 49.4, 49.4, 49.4, 49.41, 49.41, 49.41, 49.4, 49.4, 49.4, 49.41, 49.41, 49.41, 49.41, 49.41, 49.41, 49.4, 49.4, 49.4, 49.4, 49.4, 49.4, 49.41, 49.41, 49.41, 49.4, 49.4, 49.4, 49.4, 49.4, 49.4], "Temp_env": []}