{"Start_Time": [1759172367.202314], "Time": [1759172369.2047477, 1759172371.2076628, 1759172373.2103717, 1759172375.2126935, 1759172377.2150335, 1759172379.2179, 1759172381.2203681, 1759172383.2226064, 1759172385.2256732, 1759172387.2285655, 1759172389.2318792, 1759172391.2344663, 1759172393.2368588, 1759172395.2388902, 1759172397.241938, 1759172399.2446146, 1759172401.2469547, 1759172403.2496457, 1759172405.2523193, 1759172407.2550557, 1759172409.2576373, 1759172411.2602825, 1759172413.26275, 1759172415.265104, 1759172417.2681808, 1759172419.2710361, 1759172421.274098, 1759172423.2768316, 1759172425.2799506, 1759172427.282299, 1759172429.2848284, 1759172431.2873893, 1759172433.2903304, 1759172435.2931628, 1759172437.2960544, 1759172439.2989693, 1759172441.3013659, 1759172443.3043015, 1759172445.3073723, 1759172447.310373, 1759172449.313288, 1759172451.3161643, 1759172453.318327, 1759172455.3203914, 1759172457.323283], "Voltage": [227.72, 227.67, 228.4, 228.3, 228.61, 228.56, 228.72, 228.66, 228.66, 228.66, 228.66, 228.66, 228.82, 228.72, 228.56, 228.61, 228.56, 228.45, 228.4, 228.3, 228.4, 228.45, 228.77, 228.61, 228.56, 228.61, 228.66, 228.72, 228.66, 228.56, 228.56, 228.61, 228.72, 228.66, 228.66, 228.72, 228.77, 228.82, 228.93, 228.87, 228.93, 228.82, 228.77, 228.82, 228.82], "Current": [0.04, 0.04, 0.04, 0.04, 0.04, 0.04, 0.04, 0.04, 0.04, 0.04, 0.04, 0.04, 0.04, 0.04, 0.04, 0.04, 0.04, 0.04, 0.04, 0.04, 0.04, 0.04, 0.04, 0.04, 0.04, 0.04, 0.04, 0.04, 0.04, 0.04, 0.04, 0.04, 0.04, 0.04, 0.04, 0.04, 0.04, 0.04, 0.04, 0.04, 0.04, 0.04, 0.04, 0.04, 0.04], "Real_Power": [3.84, 3.9, 4.05, 3.89, 3.89, 3.93, 3.88, 3.8, 3.92, 3.91, 3.96, 3.86, 4.01, 3.84, 3.91, 3.94, 3.93, 3.98, 3.88, 3.92, 3.97, 3.96, 3.94, 4.01, 3.91, 4.09, 3.96, 3.76, 3.87, 3.96, 3.99, 3.91, 3.94, 4.06, 3.88, 3.87, 3.9, 3.93, 3.93, 3.9, 4.02, 3.93, 3.76, 3.83, 4.11], "Apparent_Power": [9.1, 9.1, 9.13, 9.13, 9.14, 9.14, 9.14, 9.14, 9.14, 9.14, 9.14, 9.14, 9.15, 9.14, 9.14, 9.14, 9.14, 9.13, 9.13, 9.13, 9.13, 9.13, 9.15, 9.14, 9.14, 9.14, 9.14, 9.14, 9.14, 9.14, 9.14, 9.14, 9.14, 9.14, 9.14, 9.14, 9.15, 9.15, 9.15, 9.15, 9.15, 9.15, 9.15, 9.15, 9.15], "Apparent_Power_Reactive": [8.25, 8.22, 8.18, 8.25, 8.27, 8.25, 8.27, 8.31, 8.25, 8.26, 8.23, 8.28, 8.22, 8.29, 8.26, 8.24, 8.25, 8.21, 8.26, 8.24, 8.22, 8.22, 8.25, 8.21, 8.26, 8.17, 8.23, 8.33, 8.28, 8.23, 8.22, 8.26, 8.24, 8.18, 8.27, 8.28, 8.27, 8.26, 8.26, 8.27, 8.21, 8.26, 8.34, 8.3, 8.17], "Power_Factor": [0.421, 0.428, 0.443, 0.426, 0.425, 0.429, 0.424, 0.415, 0.428, 0.427, 0.433, 0.422, 0.438, 0.42, 0.427, 0.431, 0.429, 0.435, 0.424, 0.429, 0.434, 0.433, 0.43, 0.438, 0.427, 0.447, 0.433, 0.411, 0.423, 0.433, 0.436, 0.427, 0.431, 0.444, 0.424, 0.423, 0.426, 0.429, 0.429, 0.426, 0.439, 0.429, 0.41, 0.418, 0.449], "Energy": [0.0, 0.0, 0.0, 0.0, 0.01, 0.01, 0.01, 0.01, 0.01, 0.02, 0.02, 0.02, 0.02, 0.03, 0.03, 0.03, 0.03, 0.03, 0.04, 0.04, 0.04, 0.04, 0.05, 0.05, 0.05, 0.05, 0.05, 0.06, 0.06, 0.06, 0.06, 0.07, 0.07, 0.07, 0.07, 0.07, 0.08, 0.08, 0.08, 0.08, 0.09, 0.09, 0.09, 0.09, 0.09], "Frequency": [49.39, 49.39, 49.41, 49.41, 49.41, 49.41, 49.41, 49.41, 49.4, 49.4, 49.4, 49.37, 49.37, 49.37, 49.38, 49.38, 49.38, 49.38, 49.38, 49.38, 49.35, 49.35, 49.35, 49.34, 49.34, 49.34, 49.32, 49.32, 49.32, 49.32, 49.32, 49.32, 49.3, 49.3, 49.3, 49.3, 49.3, 49.3, 49.3, 49.3, 49.3, 49.29, 49.29, 49.29, 49.3], "Temp_env": []}