{"Start_Time": [1758945666.9335518], "Time": [1758945668.9359193, 1758945670.938646, 1758945672.9409645, 1758945674.9441085, 1758945676.9465957, 1758945678.9491673, 1758945680.9518635, 1758945682.9546952, 1758945684.9570665, 1758945686.9603128, 1758945688.9631467, 1758945690.9651806, 1758945692.9681659, 1758945694.9723563, 1758945696.9748673, 1758945698.9772391, 1758945700.9802966, 1758945702.982537, 1758945704.9849477, 1758945706.987352, 1758945708.9900935, 1758945710.9925778, 1758945712.9954512, 1758945714.9983027, 1758945717.0014675, 1758945719.004407, 1758945721.0063527, 1758945723.009196, 1758945725.0115452, 1758945727.014438, 1758945729.0176053, 1758945731.0204813, 1758945733.0230417, 1758945735.025902, 1758945737.0284836, 1758945739.0316195, 1758945741.0343025, 1758945743.0366862, 1758945745.0393844, 1758945747.0420554, 1758945749.0446124, 1758945751.04669, 1758945753.0493715, 1758945755.0516942, 1758945757.0542827], "Voltage": [231.28, 231.28, 231.23, 231.34, 231.34, 231.23, 231.34, 231.18, 231.23, 231.18, 231.18, 231.28, 231.18, 231.23, 231.02, 231.23, 231.34, 231.18, 231.18, 231.23, 231.18, 231.28, 231.39, 231.39, 231.28, 231.23, 231.28, 231.18, 231.28, 231.34, 231.28, 231.18, 231.18, 231.18, 231.07, 231.07, 231.13, 230.92, 231.02, 231.02, 231.18, 231.13, 231.07, 231.13, 231.07], "Current": [0.04, 0.04, 0.04, 0.04, 0.04, 0.04, 0.04, 0.04, 0.04, 0.04, 0.04, 0.04, 0.04, 0.04, 0.04, 0.04, 0.04, 0.04, 0.04, 0.04, 0.04, 0.04, 0.04, 0.04, 0.04, 0.04, 0.04, 0.04, 0.04, 0.04, 0.04, 0.04, 0.04, 0.04, 0.04, 0.04, 0.04, 0.04, 0.04, 0.04, 0.04, 0.04, 0.04, 0.04, 0.04], "Real_Power": [3.77, 3.84, 3.84, 3.8, 3.81, 3.82, 3.94, 3.68, 3.91, 3.83, 3.82, 3.83, 3.85, 3.71, 3.83, 3.82, 3.91, 3.85, 3.77, 3.81, 3.82, 3.92, 3.92, 3.94, 3.87, 3.81, 3.8, 3.95, 3.75, 3.91, 3.77, 3.78, 3.89, 3.87, 3.85, 3.9, 3.85, 3.82, 3.87, 3.82, 3.89, 3.95, 3.82, 3.84, 3.82], "Apparent_Power": [9.25, 9.25, 9.24, 9.25, 9.25, 9.24, 9.25, 9.24, 9.24, 9.24, 9.24, 9.25, 9.24, 9.24, 9.24, 9.24, 9.25, 9.24, 9.24, 9.24, 9.24, 9.25, 9.25, 9.25, 9.25, 9.24, 9.25, 9.24, 9.25, 9.25, 9.25, 9.24, 9.24, 9.24, 9.24, 9.24, 9.24, 9.23, 9.24, 9.24, 9.24, 9.24, 9.24, 9.24, 9.24], "Apparent_Power_Reactive": [8.44, 8.41, 8.4, 8.43, 8.42, 8.41, 8.36, 8.47, 8.37, 8.4, 8.41, 8.41, 8.39, 8.46, 8.4, 8.41, 8.38, 8.39, 8.43, 8.41, 8.41, 8.37, 8.37, 8.36, 8.4, 8.41, 8.43, 8.35, 8.45, 8.38, 8.44, 8.43, 8.38, 8.39, 8.39, 8.37, 8.39, 8.4, 8.39, 8.41, 8.38, 8.35, 8.41, 8.4, 8.41], "Power_Factor": [0.407, 0.415, 0.415, 0.41, 0.411, 0.413, 0.425, 0.398, 0.423, 0.414, 0.413, 0.414, 0.416, 0.401, 0.414, 0.413, 0.422, 0.416, 0.408, 0.412, 0.413, 0.423, 0.423, 0.425, 0.418, 0.412, 0.41, 0.427, 0.405, 0.422, 0.407, 0.409, 0.42, 0.418, 0.416, 0.422, 0.416, 0.413, 0.418, 0.413, 0.42, 0.427, 0.413, 0.415, 0.413], "Energy": [0.0, 0.0, 0.0, 0.0, 0.01, 0.01, 0.01, 0.01, 0.01, 0.02, 0.02, 0.02, 0.02, 0.03, 0.03, 0.03, 0.03, 0.03, 0.04, 0.04, 0.04, 0.04, 0.04, 0.05, 0.05, 0.05, 0.05, 0.06, 0.06, 0.06, 0.06, 0.06, 0.07, 0.07, 0.07, 0.07, 0.08, 0.08, 0.08, 0.08, 0.08, 0.09, 0.09, 0.09, 0.09], "Frequency": [49.45, 49.45, 49.45, 49.45, 49.45, 49.44, 49.44, 49.44, 49.42, 49.42, 49.42, 49.42, 49.42, 49.41, 49.41, 49.41, 49.42, 49.42, 49.42, 49.42, 49.42, 49.42, 49.42, 49.42, 49.42, 49.43, 49.43, 49.43, 49.43, 49.43, 49.43, 49.43, 49.43, 49.43, 49.43, 49.43, 49.43, 49.43, 49.43, 49.43, 49.42, 49.42, 49.42, 49.42, 49.42], "Temp_env": []}