{"Start_Time": [1758635153.4739804], "Time": [1758635155.4765265, 1758635157.479946, 1758635159.4826086, 1758635161.4848456, 1758635163.4946222, 1758635165.4971821, 1758635167.5001214, 1758635169.509988, 1758635171.5125096, 1758635173.5148544, 1758635175.524624, 1758635177.527335, 1758635179.5308306, 1758635181.534048, 1758635183.5369086, 1758635185.5399153, 1758635187.5498445, 1758635189.552664, 1758635191.5549874, 1758635193.5647306, 1758635195.567074, 1758635197.5701742, 1758635199.5727656, 1758635201.5751214, 1758635203.5778103, 1758635205.5802515, 1758635207.583204, 1758635209.5860424, 1758635211.596247, 1758635213.598876, 1758635215.6019192, 1758635217.611935, 1758635219.614276, 1758635221.6172557, 1758635223.6203482, 1758635225.623168, 1758635227.6261575, 1758635229.6289725, 1758635231.631272, 1758635233.6340501, 1758635235.6440163, 1758635237.6463625, 1758635239.6492884, 1758635241.6523023, 1758635243.6550732], "Voltage": [230.18, 230.24, 230.08, 230.24, 230.24, 230.18, 230.13, 230.18, 230.24, 230.18, 230.24, 230.18, 230.08, 230.13, 230.29, 230.13, 230.24, 230.08, 230.08, 230.18, 230.18, 230.29, 230.24, 230.13, 229.97, 230.08, 230.03, 230.03, 230.03, 230.13, 230.18, 230.08, 230.18, 230.03, 230.08, 230.08, 230.08, 229.97, 229.97, 230.13, 229.97, 229.97, 230.08, 229.97, 230.08], "Current": [0.04, 0.04, 0.04, 0.04, 0.04, 0.04, 0.04, 0.04, 0.04, 0.04, 0.04, 0.04, 0.04, 0.04, 0.04, 0.04, 0.04, 0.04, 0.04, 0.04, 0.04, 0.04, 0.04, 0.04, 0.04, 0.04, 0.04, 0.04, 0.04, 0.04, 0.04, 0.04, 0.04, 0.04, 0.04, 0.04, 0.04, 0.04, 0.04, 0.04, 0.04, 0.04, 0.04, 0.04, 0.04], "Real_Power": [4.01, 3.96, 3.97, 4.04, 3.88, 3.92, 4.01, 3.88, 3.86, 3.95, 3.92, 3.95, 3.93, 3.93, 3.93, 4.0, 3.92, 4.02, 4.05, 4.08, 4.06, 3.99, 3.96, 3.83, 3.97, 4.05, 3.96, 4.01, 3.91, 3.96, 3.91, 3.95, 4.02, 3.93, 3.99, 3.88, 4.05, 3.94, 3.89, 3.99, 3.99, 4.0, 4.0, 3.95, 3.89], "Apparent_Power": [9.2, 9.2, 9.2, 9.2, 9.2, 9.2, 9.2, 9.2, 9.2, 9.2, 9.2, 9.2, 9.2, 9.2, 9.21, 9.2, 9.2, 9.2, 9.2, 9.2, 9.2, 9.21, 9.2, 9.2, 9.19, 9.2, 9.2, 9.2, 9.2, 9.2, 9.2, 9.2, 9.2, 9.2, 9.2, 9.2, 9.2, 9.19, 9.19, 9.2, 9.19, 9.19, 9.2, 9.19, 9.2], "Apparent_Power_Reactive": [8.28, 8.3, 8.29, 8.26, 8.34, 8.32, 8.28, 8.34, 8.35, 8.3, 8.32, 8.3, 8.31, 8.31, 8.32, 8.28, 8.32, 8.27, 8.26, 8.24, 8.25, 8.3, 8.3, 8.36, 8.28, 8.26, 8.3, 8.28, 8.32, 8.3, 8.32, 8.3, 8.27, 8.31, 8.28, 8.34, 8.26, 8.3, 8.32, 8.28, 8.27, 8.27, 8.28, 8.29, 8.33], "Power_Factor": [0.435, 0.43, 0.431, 0.439, 0.421, 0.426, 0.435, 0.421, 0.419, 0.429, 0.426, 0.429, 0.427, 0.427, 0.426, 0.434, 0.426, 0.436, 0.44, 0.443, 0.441, 0.433, 0.43, 0.416, 0.431, 0.44, 0.43, 0.435, 0.425, 0.43, 0.425, 0.429, 0.436, 0.427, 0.433, 0.421, 0.44, 0.428, 0.423, 0.433, 0.434, 0.435, 0.434, 0.429, 0.422], "Energy": [0.0, 0.0, 0.0, 0.0, 0.01, 0.01, 0.01, 0.01, 0.01, 0.02, 0.02, 0.02, 0.02, 0.03, 0.03, 0.03, 0.03, 0.04, 0.04, 0.04, 0.04, 0.04, 0.05, 0.05, 0.05, 0.05, 0.06, 0.06, 0.06, 0.06, 0.06, 0.07, 0.07, 0.07, 0.07, 0.08, 0.08, 0.08, 0.08, 0.08, 0.09, 0.09, 0.09, 0.09, 0.1], "Frequency": [49.39, 49.39, 49.39, 49.39, 49.39, 49.39, 49.39, 49.4, 49.4, 49.4, 49.38, 49.38, 49.38, 49.38, 49.38, 49.38, 49.39, 49.39, 49.39, 49.39, 49.39, 49.39, 49.39, 49.39, 49.39, 49.4, 49.4, 49.4, 49.39, 49.39, 49.39, 49.4, 49.4, 49.4, 49.39, 49.39, 49.39, 49.39, 49.39, 49.39, 49.37, 49.37, 49.37, 49.4, 49.4], "Temp_env": []}