{"Start_Time": [1759229037.282801], "Time": [1759229039.2857344, 1759229041.28876, 1759229043.291666, 1759229045.2943785, 1759229047.2966647, 1759229049.2992196, 1759229051.3019125, 1759229053.3042145, 1759229055.3068728, 1759229057.3098073, 1759229059.3121676, 1759229061.3152213, 1759229063.318075, 1759229065.3211079, 1759229067.3241482, 1759229069.3268766, 1759229071.3291614, 1759229073.3318722, 1759229075.334319, 1759229077.3372724, 1759229079.3401756, 1759229081.3430715, 1759229083.3453639, 1759229085.3484614, 1759229087.3513033, 1759229089.3544946, 1759229091.3573627, 1759229093.3603258, 1759229095.363192, 1759229097.3654754, 1759229099.3684416, 1759229101.378083, 1759229103.3804595, 1759229105.3833756, 1759229107.386374, 1759229109.3892424, 1759229111.3917873, 1759229113.3946645, 1759229115.397368, 1759229117.4004831, 1759229119.4036314, 1759229121.406288, 1759229123.4086156, 1759229125.4185421, 1759229127.4213767], "Voltage": [229.61, 229.76, 229.55, 229.66, 229.45, 229.61, 229.55, 229.61, 229.45, 229.45, 229.45, 229.45, 229.4, 229.45, 229.61, 229.61, 229.71, 229.5, 229.61, 229.5, 229.61, 229.61, 229.55, 229.71, 229.66, 229.76, 229.76, 229.92, 229.82, 229.76, 229.82, 229.76, 229.66, 229.76, 229.76, 229.76, 229.82, 229.87, 229.82, 229.71, 229.76, 229.92, 229.82, 229.92, 229.97], "Current": [0.04, 0.04, 0.04, 0.04, 0.04, 0.04, 0.04, 0.04, 0.04, 0.04, 0.04, 0.04, 0.04, 0.04, 0.04, 0.04, 0.04, 0.04, 0.04, 0.04, 0.04, 0.04, 0.04, 0.04, 0.04, 0.04, 0.04, 0.04, 0.04, 0.04, 0.04, 0.04, 0.04, 0.04, 0.04, 0.04, 0.04, 0.04, 0.04, 0.04, 0.04, 0.04, 0.04, 0.04, 0.04], "Real_Power": [3.92, 3.93, 3.99, 3.96, 3.92, 3.98, 3.92, 4.06, 3.98, 4.05, 4.02, 4.02, 4.05, 4.09, 4.01, 3.95, 3.98, 4.0, 4.0, 3.91, 4.0, 3.96, 4.05, 4.09, 4.04, 3.92, 3.99, 3.94, 4.05, 3.96, 3.95, 3.91, 4.05, 3.91, 3.97, 4.04, 4.09, 4.07, 3.97, 3.9, 4.03, 4.14, 3.96, 3.95, 4.06], "Apparent_Power": [9.18, 9.19, 9.18, 9.18, 9.17, 9.18, 9.18, 9.18, 9.17, 9.17, 9.17, 9.17, 9.17, 9.17, 9.18, 9.18, 9.18, 9.18, 9.18, 9.18, 9.18, 9.18, 9.18, 9.18, 9.18, 9.19, 9.19, 9.19, 9.19, 9.19, 9.19, 9.19, 9.18, 9.19, 9.19, 9.19, 9.19, 9.19, 9.19, 9.18, 9.19, 9.19, 9.19, 9.19, 9.19], "Apparent_Power_Reactive": [8.3, 8.3, 8.26, 8.28, 8.28, 8.27, 8.3, 8.23, 8.26, 8.22, 8.24, 8.24, 8.22, 8.2, 8.25, 8.28, 8.27, 8.26, 8.26, 8.3, 8.26, 8.28, 8.23, 8.21, 8.24, 8.31, 8.27, 8.3, 8.24, 8.29, 8.29, 8.31, 8.23, 8.31, 8.28, 8.25, 8.22, 8.23, 8.28, 8.31, 8.25, 8.2, 8.29, 8.29, 8.24], "Power_Factor": [0.427, 0.427, 0.434, 0.431, 0.427, 0.433, 0.427, 0.442, 0.434, 0.441, 0.438, 0.438, 0.441, 0.446, 0.436, 0.43, 0.433, 0.435, 0.435, 0.425, 0.435, 0.431, 0.441, 0.445, 0.44, 0.426, 0.434, 0.428, 0.44, 0.43, 0.429, 0.425, 0.441, 0.425, 0.431, 0.439, 0.445, 0.442, 0.431, 0.424, 0.438, 0.45, 0.43, 0.429, 0.441], "Energy": [0.0, 0.0, 0.0, 0.0, 0.01, 0.01, 0.01, 0.01, 0.02, 0.02, 0.02, 0.02, 0.02, 0.03, 0.03, 0.03, 0.03, 0.04, 0.04, 0.04, 0.04, 0.04, 0.05, 0.05, 0.05, 0.05, 0.06, 0.06, 0.06, 0.06, 0.06, 0.07, 0.07, 0.07, 0.07, 0.08, 0.08, 0.08, 0.08, 0.08, 0.09, 0.09, 0.09, 0.09, 0.1], "Frequency": [49.39, 49.39, 49.39, 49.39, 49.39, 49.39, 49.39, 49.4, 49.4, 49.4, 49.39, 49.39, 49.39, 49.43, 49.43, 49.43, 49.42, 49.42, 49.42, 49.41, 49.41, 49.41, 49.42, 49.42, 49.42, 49.42, 49.42, 49.42, 49.42, 49.42, 49.42, 49.42, 49.42, 49.42, 49.42, 49.42, 49.43, 49.43, 49.43, 49.43, 49.43, 49.43, 49.43, 49.43, 49.43], "Temp_env": []}