{"Start_Time": [1759070239.101718], "Time": [1759070241.1039503, 1759070243.106942, 1759070245.1099849, 1759070247.1127887, 1759070249.1151686, 1759070251.1181548, 1759070253.120894, 1759070255.1240506, 1759070257.1269004, 1759070259.1299832, 1759070261.1328244, 1759070263.1351702, 1759070265.1380913, 1759070267.1402795, 1759070269.142941, 1759070271.145834, 1759070273.1482122, 1759070275.1513395, 1759070277.1532397, 1759070279.156216, 1759070281.159144, 1759070283.161917, 1759070285.165017, 1759070287.167157, 1759070289.1704133, 1759070291.1730535, 1759070293.1751835, 1759070295.1780334, 1759070297.1805484, 1759070299.1830668, 1759070301.1854272, 1759070303.1883767, 1759070305.1906042, 1759070307.193369, 1759070309.1964595, 1759070311.1991343, 1759070313.2013907, 1759070315.204489, 1759070317.2071416, 1759070319.2094688, 1759070321.212589, 1759070323.21522, 1759070325.2175808, 1759070327.220526, 1759070329.222503], "Voltage": [231.49, 231.6, 231.55, 231.44, 231.55, 231.55, 231.6, 231.6, 231.65, 231.65, 231.6, 231.6, 231.6, 231.7, 231.65, 231.6, 231.65, 231.65, 231.49, 231.49, 231.6, 231.6, 231.55, 231.44, 231.55, 231.7, 231.55, 231.55, 231.6, 231.39, 231.44, 231.55, 231.55, 231.44, 231.49, 231.6, 231.49, 231.49, 231.44, 231.34, 231.39, 231.39, 231.34, 231.39, 231.34], "Current": [0.04, 0.04, 0.04, 0.04, 0.04, 0.04, 0.04, 0.04, 0.04, 0.04, 0.04, 0.04, 0.04, 0.04, 0.04, 0.04, 0.04, 0.04, 0.04, 0.04, 0.04, 0.04, 0.04, 0.04, 0.04, 0.04, 0.04, 0.04, 0.04, 0.04, 0.04, 0.04, 0.04, 0.04, 0.04, 0.04, 0.04, 0.04, 0.04, 0.04, 0.04, 0.04, 0.04, 0.04, 0.04], "Real_Power": [3.85, 3.87, 3.75, 4.01, 3.95, 3.87, 3.96, 3.96, 3.89, 3.91, 3.86, 3.96, 3.89, 3.96, 3.89, 3.85, 3.96, 3.82, 3.93, 3.83, 3.81, 3.86, 3.92, 3.89, 3.76, 4.05, 3.83, 3.94, 3.83, 3.86, 3.85, 3.96, 3.89, 3.92, 3.94, 3.85, 3.9, 3.87, 3.97, 3.87, 3.87, 3.8, 3.93, 3.85, 3.9], "Apparent_Power": [9.25, 9.26, 9.26, 9.25, 9.26, 9.26, 9.26, 9.26, 9.26, 9.26, 9.26, 9.26, 9.26, 9.26, 9.26, 9.26, 9.26, 9.26, 9.25, 9.25, 9.26, 9.26, 9.26, 9.25, 9.26, 9.26, 9.26, 9.26, 9.26, 9.25, 9.25, 9.26, 9.26, 9.25, 9.25, 9.26, 9.25, 9.25, 9.25, 9.25, 9.25, 9.25, 9.25, 9.25, 9.25], "Apparent_Power_Reactive": [8.41, 8.41, 8.46, 8.33, 8.37, 8.41, 8.37, 8.37, 8.4, 8.39, 8.41, 8.37, 8.4, 8.37, 8.4, 8.42, 8.37, 8.43, 8.37, 8.41, 8.43, 8.41, 8.38, 8.39, 8.46, 8.32, 8.43, 8.37, 8.43, 8.4, 8.41, 8.37, 8.4, 8.37, 8.36, 8.42, 8.38, 8.4, 8.35, 8.4, 8.4, 8.43, 8.37, 8.41, 8.38], "Power_Factor": [0.416, 0.417, 0.404, 0.433, 0.426, 0.417, 0.427, 0.427, 0.42, 0.422, 0.416, 0.427, 0.42, 0.427, 0.42, 0.415, 0.427, 0.412, 0.424, 0.414, 0.411, 0.416, 0.423, 0.42, 0.406, 0.437, 0.413, 0.425, 0.413, 0.417, 0.416, 0.427, 0.42, 0.423, 0.425, 0.415, 0.421, 0.418, 0.429, 0.418, 0.418, 0.41, 0.424, 0.416, 0.421], "Energy": [0.0, 0.0, 0.0, 0.0, 0.01, 0.01, 0.01, 0.01, 0.01, 0.02, 0.02, 0.02, 0.02, 0.03, 0.03, 0.03, 0.03, 0.03, 0.04, 0.04, 0.04, 0.04, 0.05, 0.05, 0.05, 0.05, 0.05, 0.06, 0.06, 0.06, 0.06, 0.07, 0.07, 0.07, 0.07, 0.07, 0.08, 0.08, 0.08, 0.08, 0.08, 0.09, 0.09, 0.09, 0.09], "Frequency": [49.35, 49.35, 49.35, 49.37, 49.37, 49.37, 49.36, 49.36, 49.36, 49.38, 49.38, 49.38, 49.37, 49.37, 49.37, 49.36, 49.36, 49.36, 49.37, 49.37, 49.37, 49.38, 49.38, 49.38, 49.37, 49.37, 49.37, 49.37, 49.37, 49.37, 49.36, 49.36, 49.36, 49.36, 49.36, 49.36, 49.35, 49.35, 49.35, 49.35, 49.35, 49.35, 49.34, 49.34, 49.34], "Temp_env": []}