{"Start_Time": [1759322466.6018493], "Time": [1759322468.6044626, 1759322470.6073055, 1759322472.6101058, 1759322474.6124759, 1759322476.614432, 1759322478.6173508, 1759322480.6203637, 1759322482.622494, 1759322484.6254165, 1759322486.6287227, 1759322488.6386778, 1759322490.6416047, 1759322492.644321, 1759322494.6546433, 1759322496.657505, 1759322498.6605253, 1759322500.6626062, 1759322502.6657178, 1759322504.6685073, 1759322506.670582, 1759322508.673655, 1759322510.6765795, 1759322512.6868827, 1759322514.6894612, 1759322516.692029, 1759322518.6945195, 1759322520.6968527, 1759322522.6997795, 1759322524.703001, 1759322526.7058563, 1759322528.7087944, 1759322530.7116172, 1759322532.7139525, 1759322534.7167072, 1759322536.726639, 1759322538.7293007, 1759322540.7320838, 1759322542.7346435, 1759322544.7372198, 1759322546.7399, 1759322548.742767, 1759322550.7451055, 1759322552.748011, 1759322554.7580838, 1759322556.7607455], "Voltage": [227.88, 227.98, 228.35, 228.24, 228.14, 228.3, 228.24, 228.35, 228.35, 228.19, 228.14, 228.14, 228.14, 228.09, 228.04, 228.09, 227.93, 228.09, 228.04, 228.09, 228.09, 228.09, 228.04, 228.14, 228.24, 228.24, 228.04, 228.3, 228.35, 228.35, 228.51, 228.61, 228.51, 228.45, 228.45, 228.35, 228.24, 228.19, 228.24, 228.14, 228.24, 228.24, 228.35, 228.19, 228.3], "Current": [0.04, 0.04, 0.04, 0.04, 0.04, 0.04, 0.04, 0.04, 0.04, 0.04, 0.04, 0.04, 0.04, 0.04, 0.04, 0.04, 0.04, 0.04, 0.04, 0.04, 0.04, 0.04, 0.04, 0.04, 0.04, 0.04, 0.04, 0.04, 0.04, 0.04, 0.04, 0.04, 0.04, 0.04, 0.04, 0.04, 0.04, 0.04, 0.04, 0.04, 0.04, 0.04, 0.04, 0.04, 0.04], "Real_Power": [4.06, 4.09, 4.06, 3.98, 3.96, 4.06, 3.97, 4.06, 4.1, 3.95, 4.01, 4.05, 4.09, 3.98, 4.01, 4.02, 4.05, 4.03, 4.01, 4.05, 4.12, 4.0, 4.1, 4.09, 3.92, 3.97, 3.98, 4.03, 3.99, 3.96, 4.04, 4.06, 3.86, 4.13, 3.96, 4.04, 4.0, 4.08, 3.97, 4.01, 4.04, 4.04, 4.0, 3.95, 4.07], "Apparent_Power": [9.11, 9.11, 9.13, 9.12, 9.12, 9.13, 9.12, 9.13, 9.13, 9.12, 9.12, 9.12, 9.12, 9.12, 9.12, 9.12, 9.11, 9.12, 9.12, 9.12, 9.12, 9.12, 9.12, 9.12, 9.12, 9.12, 9.12, 9.13, 9.13, 9.13, 9.14, 9.14, 9.14, 9.13, 9.13, 9.13, 9.12, 9.12, 9.12, 9.12, 9.12, 9.12, 9.13, 9.12, 9.13], "Apparent_Power_Reactive": [8.15, 8.14, 8.17, 8.2, 8.21, 8.17, 8.21, 8.17, 8.15, 8.22, 8.19, 8.17, 8.15, 8.2, 8.19, 8.18, 8.16, 8.18, 8.19, 8.17, 8.13, 8.19, 8.14, 8.15, 8.23, 8.21, 8.2, 8.19, 8.21, 8.22, 8.19, 8.18, 8.28, 8.14, 8.22, 8.18, 8.19, 8.15, 8.21, 8.19, 8.17, 8.17, 8.2, 8.22, 8.17], "Power_Factor": [0.445, 0.448, 0.444, 0.436, 0.434, 0.444, 0.435, 0.444, 0.449, 0.433, 0.439, 0.444, 0.448, 0.436, 0.439, 0.44, 0.444, 0.441, 0.439, 0.444, 0.451, 0.438, 0.449, 0.448, 0.429, 0.435, 0.436, 0.441, 0.437, 0.433, 0.442, 0.444, 0.422, 0.452, 0.433, 0.442, 0.438, 0.447, 0.435, 0.439, 0.442, 0.442, 0.438, 0.433, 0.445], "Energy": [0.0, 0.0, 0.0, 0.0, 0.01, 0.01, 0.01, 0.01, 0.02, 0.02, 0.02, 0.02, 0.02, 0.03, 0.03, 0.03, 0.03, 0.04, 0.04, 0.04, 0.04, 0.04, 0.05, 0.05, 0.05, 0.05, 0.06, 0.06, 0.06, 0.06, 0.07, 0.07, 0.07, 0.07, 0.07, 0.08, 0.08, 0.08, 0.08, 0.09, 0.09, 0.09, 0.09, 0.09, 0.1], "Frequency": [49.37, 49.37, 49.37, 49.37, 49.37, 49.36, 49.36, 49.36, 49.37, 49.37, 49.37, 49.36, 49.36, 49.36, 49.35, 49.35, 49.35, 49.36, 49.36, 49.36, 49.35, 49.35, 49.35, 49.35, 49.35, 49.35, 49.35, 49.35, 49.35, 49.37, 49.37, 49.37, 49.4, 49.4, 49.4, 49.41, 49.41, 49.41, 49.4, 49.4, 49.4, 49.4, 49.4, 49.4, 49.39], "Temp_env": []}