{"Start_Time": [1758760033.7861874], "Time": [1758760035.7893605, 1758760037.7922766, 1758760039.795144, 1758760041.7980928, 1758760043.800308, 1758760045.8032513, 1758760047.8061166, 1758760049.8084493, 1758760051.8110764, 1758760053.8134272, 1758760055.8164442, 1758760057.818439, 1758760059.8211272, 1758760061.8313415, 1758760063.8344176, 1758760065.837097, 1758760067.8395147, 1758760069.842485, 1758760071.8453567, 1758760073.8484495, 1758760075.8514194, 1758760077.8542824, 1758760079.8571522, 1758760081.8595817, 1758760083.8623066, 1758760085.865441, 1758760087.8685422, 1758760089.8715243, 1758760091.874201, 1758760093.8765342, 1758760095.8798013, 1758760097.8822758, 1758760099.8845968, 1758760101.8875272, 1758760103.8905096, 1758760105.8933916, 1758760107.8965771, 1758760109.8998272, 1758760111.9023147, 1758760113.90571, 1758760115.9083438, 1758760117.9105594, 1758760119.9136028, 1758760121.9165308, 1758760123.919543], "Voltage": [230.55, 230.55, 230.6, 231.02, 231.02, 231.07, 231.02, 231.07, 231.07, 231.13, 230.97, 231.02, 231.02, 230.97, 230.92, 230.92, 230.81, 230.97, 231.07, 231.07, 230.97, 231.02, 230.92, 231.07, 231.07, 231.02, 231.13, 230.97, 230.97, 230.92, 230.86, 230.86, 230.97, 230.92, 230.92, 231.07, 231.13, 230.97, 231.07, 231.02, 231.07, 231.07, 230.97, 230.97, 230.92], "Current": [0.03, 0.04, 0.04, 0.04, 0.04, 0.04, 0.04, 0.04, 0.04, 0.04, 0.04, 0.04, 0.04, 0.04, 0.04, 0.04, 0.04, 0.04, 0.04, 0.04, 0.04, 0.04, 0.04, 0.04, 0.04, 0.04, 0.04, 0.04, 0.04, 0.04, 0.04, 0.04, 0.04, 0.04, 0.04, 0.04, 0.04, 0.04, 0.04, 0.04, 0.04, 0.04, 0.03, 0.04, 0.04], "Real_Power": [3.99, 3.89, 4.12, 4.05, 3.97, 4.0, 3.86, 3.89, 3.91, 3.85, 4.07, 4.06, 3.93, 3.96, 3.88, 3.95, 3.96, 3.96, 3.9, 4.0, 3.91, 4.0, 3.9, 3.85, 4.06, 3.93, 3.93, 3.98, 3.79, 3.91, 3.93, 3.97, 3.94, 3.86, 3.94, 3.98, 3.99, 4.03, 3.89, 3.93, 3.98, 4.09, 3.89, 4.03, 3.99], "Apparent_Power": [6.91, 9.22, 9.22, 9.24, 9.24, 9.24, 9.24, 9.24, 9.24, 9.24, 9.23, 9.24, 9.24, 9.23, 9.23, 9.23, 9.23, 9.23, 9.24, 9.24, 9.23, 9.24, 9.23, 9.24, 9.24, 9.24, 9.24, 9.23, 9.23, 9.23, 9.23, 9.23, 9.23, 9.23, 9.23, 9.24, 9.24, 9.23, 9.24, 9.24, 9.24, 9.24, 6.92, 9.23, 9.23], "Apparent_Power_Reactive": [5.64, 8.35, 8.24, 8.3, 8.34, 8.32, 8.39, 8.38, 8.37, 8.39, 8.28, 8.3, 8.36, 8.33, 8.37, 8.34, 8.33, 8.33, 8.37, 8.32, 8.36, 8.32, 8.36, 8.39, 8.3, 8.36, 8.36, 8.32, 8.41, 8.36, 8.35, 8.33, 8.34, 8.38, 8.34, 8.33, 8.33, 8.3, 8.38, 8.36, 8.33, 8.28, 5.72, 8.3, 8.32], "Power_Factor": [0.577, 0.421, 0.446, 0.438, 0.429, 0.432, 0.417, 0.42, 0.423, 0.416, 0.44, 0.439, 0.425, 0.429, 0.42, 0.427, 0.429, 0.429, 0.422, 0.432, 0.423, 0.432, 0.422, 0.416, 0.439, 0.425, 0.425, 0.431, 0.41, 0.423, 0.425, 0.43, 0.426, 0.418, 0.426, 0.43, 0.431, 0.436, 0.42, 0.425, 0.43, 0.442, 0.562, 0.436, 0.432], "Energy": [0.0, 0.0, 0.0, 0.0, 0.01, 0.01, 0.01, 0.01, 0.01, 0.02, 0.02, 0.02, 0.02, 0.03, 0.03, 0.03, 0.03, 0.03, 0.04, 0.04, 0.04, 0.04, 0.05, 0.05, 0.05, 0.05, 0.05, 0.06, 0.06, 0.06, 0.06, 0.07, 0.07, 0.07, 0.07, 0.07, 0.08, 0.08, 0.08, 0.08, 0.09, 0.09, 0.09, 0.09, 0.09], "Frequency": [49.39, 49.4, 49.4, 49.4, 49.4, 49.4, 49.4, 49.4, 49.4, 49.4, 49.4, 49.4, 49.4, 49.38, 49.38, 49.38, 49.39, 49.39, 49.39, 49.38, 49.38, 49.38, 49.39, 49.39, 49.39, 49.39, 49.39, 49.39, 49.39, 49.39, 49.39, 49.39, 49.39, 49.39, 49.39, 49.39, 49.39, 49.39, 49.39, 49.39, 49.39, 49.39, 49.39, 49.39, 49.39], "Temp_env": []}