{"Start_Time": [1758626474.4340212], "Time": [1758626476.4365907, 1758626478.4389203, 1758626480.4416022, 1758626482.44387, 1758626484.4536264, 1758626486.4562135, 1758626488.4590747, 1758626490.4687963, 1758626492.471897, 1758626494.474953, 1758626496.4778373, 1758626498.4807463, 1758626500.483266, 1758626502.4933999, 1758626504.4961615, 1758626506.4987638, 1758626508.5082037, 1758626510.5109146, 1758626512.5136528, 1758626514.5232823, 1758626516.5262883, 1758626518.5292618, 1758626520.53203, 1758626522.5343323, 1758626524.5370452, 1758626526.5464609, 1758626528.5492034, 1758626530.5523338, 1758626532.5624244, 1758626534.565468, 1758626536.5683925, 1758626538.570538, 1758626540.5734534, 1758626542.5765226, 1758626544.579406, 1758626546.5825603, 1758626548.5855706, 1758626550.5953364, 1758626552.5976858, 1758626554.6004074, 1758626556.6096396, 1758626558.6124337, 1758626560.6146917, 1758626562.617607, 1758626564.620447], "Voltage": [227.98, 227.72, 227.77, 227.98, 227.88, 227.93, 227.88, 227.98, 227.83, 227.98, 227.88, 227.93, 227.72, 227.77, 227.56, 227.88, 227.72, 227.62, 227.72, 227.67, 227.67, 227.62, 227.51, 227.67, 227.83, 227.67, 227.51, 227.46, 227.51, 227.41, 227.56, 227.41, 227.25, 227.3, 227.46, 227.62, 227.56, 227.51, 227.62, 227.51, 227.62, 227.51, 227.77, 227.72, 227.72], "Current": [0.04, 0.04, 0.04, 0.04, 0.04, 0.04, 0.04, 0.04, 0.04, 0.04, 0.04, 0.04, 0.04, 0.04, 0.04, 0.04, 0.04, 0.04, 0.04, 0.04, 0.04, 0.04, 0.04, 0.04, 0.04, 0.04, 0.04, 0.04, 0.04, 0.04, 0.04, 0.04, 0.04, 0.04, 0.04, 0.04, 0.04, 0.04, 0.04, 0.04, 0.04, 0.04, 0.04, 0.04, 0.04], "Real_Power": [3.88, 3.93, 3.94, 3.92, 3.97, 4.0, 3.87, 3.93, 3.9, 3.87, 3.96, 3.88, 3.97, 4.04, 4.0, 4.01, 3.9, 3.92, 3.94, 4.01, 3.96, 3.96, 3.91, 3.99, 3.88, 3.88, 3.96, 4.01, 3.97, 3.97, 3.9, 4.01, 3.99, 3.93, 3.81, 4.01, 3.99, 3.95, 3.87, 3.95, 3.97, 4.06, 3.93, 3.99, 4.01], "Apparent_Power": [9.11, 9.1, 9.11, 9.11, 9.11, 9.11, 9.11, 9.11, 9.11, 9.11, 9.11, 9.11, 9.1, 9.11, 9.1, 9.11, 9.1, 9.1, 9.1, 9.1, 9.1, 9.1, 9.1, 9.1, 9.11, 9.1, 9.1, 9.09, 9.1, 9.09, 9.1, 9.09, 9.09, 9.09, 9.09, 9.1, 9.1, 9.1, 9.1, 9.1, 9.1, 9.1, 9.11, 9.1, 9.1], "Apparent_Power_Reactive": [8.24, 8.2, 8.21, 8.22, 8.19, 8.18, 8.24, 8.21, 8.23, 8.24, 8.2, 8.24, 8.18, 8.16, 8.17, 8.17, 8.22, 8.21, 8.2, 8.16, 8.19, 8.19, 8.21, 8.17, 8.24, 8.23, 8.19, 8.15, 8.18, 8.17, 8.22, 8.15, 8.16, 8.19, 8.25, 8.16, 8.17, 8.19, 8.23, 8.19, 8.18, 8.14, 8.21, 8.17, 8.16], "Power_Factor": [0.425, 0.431, 0.432, 0.43, 0.435, 0.439, 0.424, 0.431, 0.428, 0.424, 0.434, 0.425, 0.436, 0.443, 0.439, 0.44, 0.428, 0.43, 0.432, 0.44, 0.435, 0.435, 0.429, 0.438, 0.425, 0.426, 0.435, 0.441, 0.436, 0.436, 0.428, 0.441, 0.438, 0.432, 0.419, 0.44, 0.438, 0.434, 0.425, 0.434, 0.436, 0.446, 0.431, 0.438, 0.44], "Energy": [0.0, 0.0, 0.0, 0.0, 0.01, 0.01, 0.01, 0.01, 0.01, 0.02, 0.02, 0.02, 0.02, 0.03, 0.03, 0.03, 0.03, 0.04, 0.04, 0.04, 0.04, 0.04, 0.05, 0.05, 0.05, 0.05, 0.06, 0.06, 0.06, 0.06, 0.06, 0.07, 0.07, 0.07, 0.07, 0.08, 0.08, 0.08, 0.08, 0.08, 0.09, 0.09, 0.09, 0.09, 0.1], "Frequency": [49.37, 49.37, 49.36, 49.36, 49.36, 49.36, 49.36, 49.36, 49.35, 49.35, 49.35, 49.35, 49.35, 49.35, 49.35, 49.35, 49.35, 49.37, 49.37, 49.37, 49.38, 49.38, 49.38, 49.39, 49.39, 49.39, 49.39, 49.39, 49.39, 49.39, 49.39, 49.39, 49.39, 49.39, 49.39, 49.39, 49.39, 49.39, 49.36, 49.36, 49.36, 49.36, 49.36, 49.36, 49.37], "Temp_env": []}