{"Start_Time": [1759246294.117004], "Time": [1759246296.119188, 1759246298.1221013, 1759246300.1247194, 1759246302.1272712, 1759246304.1301215, 1759246306.1327276, 1759246308.1350236, 1759246310.137768, 1759246312.1400533, 1759246314.142204, 1759246316.1451247, 1759246318.1480734, 1759246320.1501296, 1759246322.1528952, 1759246324.1551979, 1759246326.1583729, 1759246328.1612432, 1759246330.164272, 1759246332.1672347, 1759246334.1702597, 1759246336.173065, 1759246338.1752033, 1759246340.1774254, 1759246342.1803281, 1759246344.1824448, 1759246346.1844404, 1759246348.1874316, 1759246350.1913018, 1759246352.1945033, 1759246354.1971188, 1759246356.1995628, 1759246358.2025285, 1759246360.2052155, 1759246362.2077847, 1759246364.2103782, 1759246366.2126758, 1759246368.2156076, 1759246370.2185013, 1759246372.220712, 1759246374.2229393, 1759246376.2254632, 1759246378.227741, 1759246380.2303884, 1759246382.2327206, 1759246384.2354171], "Voltage": [230.34, 230.18, 230.39, 230.39, 230.39, 230.39, 230.39, 230.34, 230.34, 230.24, 230.39, 230.39, 230.29, 230.34, 230.34, 230.29, 230.29, 230.45, 230.29, 230.29, 230.29, 230.13, 230.34, 230.29, 230.18, 230.29, 230.24, 230.18, 230.24, 230.18, 230.24, 230.24, 230.18, 230.18, 230.08, 230.13, 230.18, 230.24, 230.08, 230.18, 230.13, 229.97, 230.08, 230.13, 230.03], "Current": [0.04, 0.04, 0.04, 0.04, 0.04, 0.04, 0.04, 0.04, 0.04, 0.04, 0.04, 0.04, 0.04, 0.04, 0.04, 0.04, 0.04, 0.04, 0.04, 0.04, 0.04, 0.04, 0.04, 0.04, 0.04, 0.04, 0.04, 0.04, 0.04, 0.04, 0.04, 0.04, 0.04, 0.04, 0.04, 0.04, 0.04, 0.04, 0.04, 0.04, 0.04, 0.04, 0.04, 0.04, 0.04], "Real_Power": [4.01, 3.93, 4.06, 4.06, 4.02, 4.06, 3.84, 3.92, 3.91, 3.97, 4.02, 3.92, 3.93, 4.1, 4.01, 3.92, 3.99, 3.95, 4.0, 3.98, 4.02, 4.04, 3.9, 4.02, 4.01, 3.93, 4.12, 3.98, 3.99, 4.02, 4.02, 4.06, 3.98, 4.01, 3.94, 3.87, 4.07, 3.97, 3.89, 3.95, 3.98, 4.0, 3.99, 3.97, 3.9], "Apparent_Power": [9.21, 9.2, 9.21, 9.21, 9.21, 9.21, 9.21, 9.21, 9.21, 9.2, 9.21, 9.21, 9.21, 9.21, 9.21, 9.21, 9.21, 9.21, 9.21, 9.21, 9.21, 9.2, 9.21, 9.21, 9.2, 9.21, 9.2, 9.2, 9.2, 9.2, 9.2, 9.2, 9.2, 9.2, 9.2, 9.2, 9.2, 9.2, 9.2, 9.2, 9.2, 9.19, 9.2, 9.2, 9.2], "Apparent_Power_Reactive": [8.29, 8.31, 8.26, 8.26, 8.28, 8.26, 8.37, 8.33, 8.33, 8.29, 8.28, 8.33, 8.32, 8.24, 8.29, 8.33, 8.3, 8.31, 8.29, 8.3, 8.28, 8.26, 8.34, 8.28, 8.28, 8.32, 8.22, 8.29, 8.28, 8.27, 8.27, 8.25, 8.29, 8.28, 8.31, 8.34, 8.25, 8.29, 8.33, 8.3, 8.29, 8.27, 8.28, 8.29, 8.33], "Power_Factor": [0.435, 0.427, 0.44, 0.44, 0.436, 0.44, 0.416, 0.425, 0.424, 0.431, 0.436, 0.425, 0.426, 0.445, 0.435, 0.425, 0.433, 0.428, 0.434, 0.432, 0.436, 0.439, 0.423, 0.436, 0.435, 0.426, 0.447, 0.432, 0.433, 0.436, 0.436, 0.441, 0.432, 0.435, 0.428, 0.42, 0.442, 0.431, 0.422, 0.429, 0.432, 0.435, 0.433, 0.431, 0.423], "Energy": [0.0, 0.0, 0.0, 0.0, 0.01, 0.01, 0.01, 0.01, 0.02, 0.02, 0.02, 0.02, 0.02, 0.03, 0.03, 0.03, 0.03, 0.04, 0.04, 0.04, 0.04, 0.04, 0.05, 0.05, 0.05, 0.05, 0.06, 0.06, 0.06, 0.06, 0.06, 0.07, 0.07, 0.07, 0.07, 0.08, 0.08, 0.08, 0.08, 0.08, 0.09, 0.09, 0.09, 0.09, 0.1], "Frequency": [49.41, 49.41, 49.41, 49.41, 49.39, 49.39, 49.39, 49.4, 49.4, 49.4, 49.42, 49.42, 49.42, 49.41, 49.41, 49.41, 49.41, 49.41, 49.41, 49.42, 49.42, 49.42, 49.41, 49.41, 49.41, 49.41, 49.41, 49.41, 49.41, 49.41, 49.4, 49.4, 49.4, 49.4, 49.4, 49.4, 49.4, 49.4, 49.4, 49.41, 49.41, 49.41, 49.42, 49.42, 49.42], "Temp_env": []}