{"Start_Time": [1758737877.0297384], "Time": [1758737879.032659, 1758737881.0355904, 1758737883.0386653, 1758737885.0415847, 1758737887.044038, 1758737889.0465004, 1758737891.0488646, 1758737893.0517926, 1758737895.0544598, 1758737897.0570366, 1758737899.0598245, 1758737901.0627716, 1758737903.0656126, 1758737905.067949, 1758737907.0706356, 1758737909.073272, 1758737911.0761867, 1758737913.0786593, 1758737915.081011, 1758737917.083952, 1758737919.086823, 1758737921.0897288, 1758737923.0922947, 1758737925.095193, 1758737927.097801, 1758737929.1001506, 1758737931.1029665, 1758737933.1058064, 1758737935.1083765, 1758737937.1113088, 1758737939.1141686, 1758737941.116878, 1758737943.1191626, 1758737945.122515, 1758737947.1251585, 1758737949.1272185, 1758737951.1303327, 1758737953.1334019, 1758737955.1360056, 1758737957.1384048, 1758737959.1414714, 1758737961.1441128, 1758737963.146466, 1758737965.14941, 1758737967.1523438], "Voltage": [230.29, 230.18, 230.29, 230.13, 230.03, 230.08, 230.08, 230.08, 230.08, 229.97, 230.13, 230.13, 230.13, 230.03, 230.03, 230.18, 230.18, 230.13, 230.13, 230.18, 230.03, 230.29, 230.29, 230.39, 230.34, 230.24, 230.39, 230.39, 230.24, 230.24, 230.39, 230.34, 230.39, 230.5, 230.5, 230.5, 230.55, 230.45, 230.5, 230.6, 230.5, 230.55, 230.55, 230.55, 230.45], "Current": [0.04, 0.04, 0.04, 0.04, 0.04, 0.04, 0.04, 0.04, 0.04, 0.04, 0.04, 0.04, 0.04, 0.04, 0.04, 0.04, 0.04, 0.04, 0.04, 0.04, 0.04, 0.04, 0.04, 0.04, 0.04, 0.04, 0.04, 0.04, 0.04, 0.04, 0.04, 0.04, 0.04, 0.04, 0.04, 0.04, 0.04, 0.04, 0.04, 0.04, 0.04, 0.04, 0.04, 0.04, 0.04], "Real_Power": [3.96, 3.96, 3.94, 3.83, 3.85, 3.93, 4.04, 4.07, 3.96, 3.85, 3.93, 3.84, 4.03, 3.92, 3.86, 3.99, 3.89, 3.92, 3.83, 3.96, 3.92, 3.98, 3.96, 3.99, 3.9, 4.0, 3.98, 3.91, 3.98, 3.94, 3.98, 3.95, 3.95, 4.0, 3.97, 3.91, 3.88, 3.96, 3.92, 4.02, 3.89, 4.03, 4.0, 4.02, 3.92], "Apparent_Power": [9.21, 9.2, 9.21, 9.2, 9.2, 9.2, 9.2, 9.2, 9.2, 9.19, 9.2, 9.2, 9.2, 9.2, 9.2, 9.2, 9.2, 9.2, 9.2, 9.2, 9.2, 9.21, 9.21, 9.21, 9.21, 9.2, 9.21, 9.21, 9.2, 9.2, 9.21, 9.21, 9.21, 9.22, 9.22, 9.22, 9.22, 9.21, 9.22, 9.22, 9.22, 9.22, 9.22, 9.22, 9.21], "Apparent_Power_Reactive": [8.31, 8.3, 8.32, 8.36, 8.35, 8.31, 8.26, 8.25, 8.3, 8.34, 8.31, 8.36, 8.27, 8.32, 8.35, 8.28, 8.33, 8.32, 8.36, 8.3, 8.32, 8.3, 8.31, 8.3, 8.34, 8.28, 8.3, 8.33, 8.29, 8.31, 8.3, 8.31, 8.31, 8.3, 8.32, 8.34, 8.36, 8.31, 8.34, 8.29, 8.35, 8.29, 8.3, 8.29, 8.33], "Power_Factor": [0.429, 0.43, 0.427, 0.416, 0.418, 0.427, 0.439, 0.442, 0.43, 0.418, 0.427, 0.417, 0.438, 0.426, 0.419, 0.433, 0.422, 0.426, 0.416, 0.43, 0.426, 0.432, 0.429, 0.433, 0.423, 0.434, 0.432, 0.424, 0.432, 0.428, 0.432, 0.428, 0.428, 0.433, 0.43, 0.424, 0.42, 0.429, 0.425, 0.436, 0.421, 0.437, 0.433, 0.436, 0.425], "Energy": [0.0, 0.0, 0.0, 0.0, 0.01, 0.01, 0.01, 0.01, 0.01, 0.02, 0.02, 0.02, 0.02, 0.03, 0.03, 0.03, 0.03, 0.03, 0.04, 0.04, 0.04, 0.04, 0.05, 0.05, 0.05, 0.05, 0.05, 0.06, 0.06, 0.06, 0.06, 0.07, 0.07, 0.07, 0.07, 0.07, 0.08, 0.08, 0.08, 0.08, 0.09, 0.09, 0.09, 0.09, 0.09], "Frequency": [49.37, 49.37, 49.37, 49.37, 49.37, 49.37, 49.37, 49.38, 49.38, 49.38, 49.36, 49.36, 49.36, 49.38, 49.38, 49.38, 49.39, 49.39, 49.39, 49.4, 49.4, 49.4, 49.4, 49.4, 49.4, 49.39, 49.39, 49.39, 49.39, 49.39, 49.39, 49.39, 49.39, 49.39, 49.39, 49.39, 49.39, 49.4, 49.4, 49.4, 49.41, 49.41, 49.41, 49.42, 49.42], "Temp_env": []}