{"Start_Time": [1759237409.3938644], "Time": [1759237411.3964016, 1759237413.3993003, 1759237415.4019315, 1759237417.4043097, 1759237419.4144561, 1759237421.41732, 1759237423.4201427, 1759237425.4303124, 1759237427.433407, 1759237429.4355974, 1759237431.4455457, 1759237433.4485152, 1759237435.4515812, 1759237437.4612725, 1759237439.4636047, 1759237441.4661534, 1759237443.4760795, 1759237445.478762, 1759237447.4814548, 1759237449.4916537, 1759237451.4945352, 1759237453.4977565, 1759237455.5074859, 1759237457.510061, 1759237459.512876, 1759237461.5158098, 1759237463.5186815, 1759237465.5214324, 1759237467.5309935, 1759237469.5336978, 1759237471.536151, 1759237473.5463328, 1759237475.5488234, 1759237477.5511556, 1759237479.561525, 1759237481.5644212, 1759237483.5669966, 1759237485.5701406, 1759237487.5732732, 1759237489.5763495, 1759237491.5864499, 1759237493.5903192, 1759237495.5930264, 1759237497.6033893, 1759237499.6064947], "Voltage": [230.39, 230.18, 230.39, 230.24, 230.08, 230.39, 230.18, 230.24, 230.08, 230.18, 230.08, 230.39, 230.24, 230.45, 230.45, 230.45, 230.5, 230.34, 230.24, 230.18, 230.45, 230.24, 230.13, 229.97, 230.39, 230.5, 230.45, 230.29, 230.5, 230.34, 230.18, 230.34, 230.34, 230.55, 230.34, 230.55, 230.45, 230.5, 230.34, 230.55, 230.55, 230.39, 230.29, 230.45, 230.55], "Current": [0.04, 0.04, 0.04, 0.04, 0.04, 0.04, 0.04, 0.04, 0.04, 0.04, 0.04, 0.04, 0.04, 0.04, 0.04, 0.04, 0.04, 0.04, 0.04, 0.04, 0.04, 0.04, 0.04, 0.04, 0.04, 0.04, 0.04, 0.04, 0.04, 0.04, 0.04, 0.04, 0.04, 0.04, 0.04, 0.04, 0.04, 0.04, 0.04, 0.04, 0.04, 0.04, 0.04, 0.04, 0.04], "Real_Power": [4.01, 4.11, 4.12, 3.99, 4.01, 4.07, 4.07, 4.08, 4.0, 4.01, 3.99, 4.08, 4.04, 4.06, 4.02, 4.07, 4.05, 4.06, 3.98, 4.12, 4.05, 4.0, 4.01, 4.1, 4.02, 4.05, 4.15, 4.01, 3.95, 4.06, 4.05, 4.05, 4.06, 3.9, 4.04, 3.99, 4.03, 3.93, 4.08, 4.02, 4.17, 4.03, 4.03, 4.09, 4.1], "Apparent_Power": [9.21, 9.2, 9.21, 9.2, 9.2, 9.21, 9.2, 9.2, 9.2, 9.2, 9.2, 9.21, 9.2, 9.21, 9.21, 9.21, 9.22, 9.21, 9.2, 9.2, 9.21, 9.2, 9.2, 9.19, 9.21, 9.22, 9.21, 9.21, 9.22, 9.21, 9.2, 9.21, 9.21, 9.22, 9.21, 9.22, 9.21, 9.22, 9.21, 9.22, 9.22, 9.21, 9.21, 9.21, 9.22], "Apparent_Power_Reactive": [8.29, 8.23, 8.23, 8.28, 8.28, 8.26, 8.25, 8.24, 8.28, 8.28, 8.28, 8.25, 8.26, 8.26, 8.28, 8.26, 8.28, 8.26, 8.29, 8.22, 8.27, 8.28, 8.28, 8.22, 8.28, 8.28, 8.22, 8.29, 8.33, 8.26, 8.26, 8.27, 8.26, 8.35, 8.27, 8.31, 8.28, 8.34, 8.25, 8.29, 8.22, 8.28, 8.28, 8.25, 8.25], "Power_Factor": [0.435, 0.446, 0.447, 0.433, 0.435, 0.441, 0.442, 0.443, 0.434, 0.435, 0.433, 0.442, 0.439, 0.44, 0.436, 0.441, 0.439, 0.44, 0.432, 0.447, 0.439, 0.434, 0.435, 0.446, 0.436, 0.439, 0.45, 0.435, 0.428, 0.44, 0.44, 0.439, 0.44, 0.422, 0.438, 0.432, 0.437, 0.426, 0.442, 0.436, 0.452, 0.437, 0.437, 0.444, 0.444], "Energy": [0.0, 0.0, 0.0, 0.0, 0.01, 0.01, 0.01, 0.01, 0.02, 0.02, 0.02, 0.02, 0.02, 0.03, 0.03, 0.03, 0.03, 0.04, 0.04, 0.04, 0.04, 0.04, 0.05, 0.05, 0.05, 0.05, 0.06, 0.06, 0.06, 0.06, 0.07, 0.07, 0.07, 0.07, 0.07, 0.08, 0.08, 0.08, 0.08, 0.09, 0.09, 0.09, 0.09, 0.09, 0.1], "Frequency": [49.44, 49.44, 49.44, 49.45, 49.45, 49.45, 49.44, 49.44, 49.44, 49.44, 49.44, 49.44, 49.46, 49.46, 49.46, 49.46, 49.46, 49.46, 49.44, 49.44, 49.44, 49.44, 49.44, 49.44, 49.43, 49.43, 49.43, 49.42, 49.42, 49.42, 49.43, 49.43, 49.43, 49.43, 49.43, 49.43, 49.42, 49.42, 49.42, 49.42, 49.42, 49.42, 49.44, 49.44, 49.44], "Temp_env": []}