{"Start_Time": [1758757889.890031], "Time": [1758757891.8925266, 1758757893.8955574, 1758757895.8985674, 1758757897.9014347, 1758757899.9036078, 1758757901.906841, 1758757903.9094517, 1758757905.912148, 1758757907.9149952, 1758757909.9178472, 1758757911.9198325, 1758757913.9225433, 1758757915.9248528, 1758757917.9272623, 1758757919.9296453, 1758757921.9320188, 1758757923.9348536, 1758757925.9370537, 1758757927.9395883, 1758757929.9419415, 1758757931.9446645, 1758757933.9473584, 1758757935.9500117, 1758757937.952895, 1758757939.9557772, 1758757941.9586687, 1758757943.961759, 1758757945.9640913, 1758757947.967179, 1758757949.9701576, 1758757951.9727895, 1758757953.9751449, 1758757955.977814, 1758757957.9801426, 1758757959.9831686, 1758757961.9861436, 1758757963.9891503, 1758757965.9912753, 1758757967.993986, 1758757969.9963055, 1758757971.9992826, 1758757974.0022948, 1758757976.005199, 1758757978.0081995, 1758757980.0110812], "Voltage": [229.97, 229.97, 229.87, 229.97, 230.03, 229.87, 230.08, 229.97, 230.13, 230.08, 230.08, 230.08, 229.97, 230.13, 230.03, 229.97, 229.87, 229.71, 229.92, 229.76, 229.82, 229.76, 229.61, 229.82, 229.92, 229.92, 229.92, 229.97, 230.03, 229.87, 229.97, 229.82, 229.87, 229.87, 229.87, 229.87, 229.76, 229.87, 229.87, 229.92, 229.87, 229.82, 229.92, 229.87, 229.92], "Current": [0.03, 0.04, 0.04, 0.03, 0.04, 0.04, 0.04, 0.04, 0.04, 0.04, 0.04, 0.04, 0.04, 0.04, 0.04, 0.04, 0.04, 0.04, 0.04, 0.04, 0.04, 0.04, 0.04, 0.04, 0.04, 0.04, 0.04, 0.04, 0.04, 0.04, 0.04, 0.04, 0.04, 0.04, 0.04, 0.04, 0.04, 0.04, 0.03, 0.04, 0.04, 0.04, 0.04, 0.04, 0.04], "Real_Power": [3.91, 4.0, 3.96, 3.79, 3.95, 3.9, 3.9, 3.97, 4.0, 3.89, 3.95, 3.93, 3.84, 3.89, 3.96, 3.87, 3.95, 3.94, 3.97, 3.95, 3.9, 3.9, 3.89, 3.89, 4.01, 4.01, 3.96, 3.94, 3.97, 3.86, 3.92, 3.95, 4.0, 3.9, 3.86, 3.92, 3.9, 3.92, 3.91, 3.9, 3.86, 3.91, 3.94, 3.9, 4.0], "Apparent_Power": [6.89, 9.19, 9.19, 6.89, 9.2, 9.19, 9.2, 9.19, 9.2, 9.2, 9.2, 9.2, 9.19, 9.2, 9.2, 9.19, 9.19, 9.18, 9.19, 9.19, 9.19, 9.19, 9.18, 9.19, 9.19, 9.19, 9.19, 9.19, 9.2, 9.19, 9.19, 9.19, 9.19, 9.19, 9.19, 9.19, 9.19, 9.19, 6.89, 9.19, 9.19, 9.19, 9.19, 9.19, 9.19], "Apparent_Power_Reactive": [5.67, 8.27, 8.29, 5.75, 8.3, 8.32, 8.33, 8.28, 8.28, 8.33, 8.3, 8.31, 8.34, 8.33, 8.3, 8.33, 8.29, 8.29, 8.28, 8.29, 8.32, 8.32, 8.31, 8.32, 8.26, 8.26, 8.29, 8.3, 8.29, 8.34, 8.31, 8.29, 8.27, 8.32, 8.34, 8.31, 8.32, 8.31, 5.67, 8.32, 8.34, 8.31, 8.3, 8.32, 8.27], "Power_Factor": [0.567, 0.435, 0.43, 0.55, 0.429, 0.424, 0.423, 0.431, 0.434, 0.422, 0.429, 0.427, 0.417, 0.422, 0.43, 0.421, 0.429, 0.429, 0.431, 0.429, 0.424, 0.424, 0.423, 0.423, 0.436, 0.436, 0.43, 0.428, 0.431, 0.42, 0.426, 0.429, 0.435, 0.424, 0.42, 0.426, 0.424, 0.426, 0.567, 0.424, 0.42, 0.425, 0.428, 0.424, 0.435], "Energy": [0.0, 0.0, 0.0, 0.0, 0.01, 0.01, 0.01, 0.01, 0.01, 0.02, 0.02, 0.02, 0.02, 0.03, 0.03, 0.03, 0.03, 0.03, 0.04, 0.04, 0.04, 0.04, 0.05, 0.05, 0.05, 0.05, 0.05, 0.06, 0.06, 0.06, 0.06, 0.07, 0.07, 0.07, 0.07, 0.07, 0.08, 0.08, 0.08, 0.08, 0.09, 0.09, 0.09, 0.09, 0.09], "Frequency": [49.4, 49.4, 49.4, 49.4, 49.4, 49.39, 49.39, 49.39, 49.4, 49.4, 49.4, 49.41, 49.41, 49.41, 49.42, 49.42, 49.42, 49.39, 49.39, 49.39, 49.39, 49.39, 49.39, 49.39, 49.39, 49.39, 49.4, 49.4, 49.4, 49.41, 49.41, 49.41, 49.39, 49.39, 49.39, 49.39, 49.39, 49.39, 49.39, 49.39, 49.39, 49.39, 49.39, 49.39, 49.41], "Temp_env": []}