{"Start_Time": [1758683553.8016696], "Time": [1758683555.8042562, 1758683557.8072727, 1758683559.8096578, 1758683561.8117552, 1758683563.814447, 1758683565.8165853, 1758683567.8193529, 1758683569.8220854, 1758683571.8247573, 1758683573.8274567, 1758683575.829755, 1758683577.8324432, 1758683579.8347795, 1758683581.8445108, 1758683583.8470588, 1758683585.8497198, 1758683587.8520098, 1758683589.8545718, 1758683591.8576317, 1758683593.8605618, 1758683595.8629262, 1758683597.8656745, 1758683599.8680098, 1758683601.8706613, 1758683603.8736334, 1758683605.8760297, 1758683607.879124, 1758683609.8820534, 1758683611.8847146, 1758683613.8870285, 1758683615.8897371, 1758683617.8921993, 1758683619.8948956, 1758683621.898023, 1758683623.9008238, 1758683625.9030807, 1758683627.9057949, 1758683629.9081364, 1758683631.911261, 1758683633.914055, 1758683635.9168308, 1758683637.9191866, 1758683639.9220798, 1758683641.9249005, 1758683643.928038], "Voltage": [228.19, 228.04, 228.04, 228.04, 228.04, 228.04, 228.09, 227.98, 227.98, 228.04, 228.14, 228.24, 228.14, 228.4, 228.14, 228.19, 228.19, 228.24, 228.24, 228.3, 228.35, 228.3, 228.3, 228.35, 228.4, 228.35, 228.3, 228.3, 228.51, 228.56, 228.45, 228.4, 228.45, 228.4, 228.61, 228.45, 228.56, 228.45, 228.45, 228.4, 228.4, 228.51, 228.35, 228.3, 228.4], "Current": [0.04, 0.04, 0.04, 0.04, 0.04, 0.04, 0.04, 0.04, 0.04, 0.04, 0.04, 0.04, 0.04, 0.04, 0.04, 0.04, 0.04, 0.04, 0.04, 0.04, 0.04, 0.04, 0.04, 0.04, 0.04, 0.04, 0.04, 0.04, 0.04, 0.04, 0.04, 0.04, 0.04, 0.04, 0.04, 0.04, 0.04, 0.04, 0.04, 0.04, 0.04, 0.04, 0.04, 0.04, 0.04], "Real_Power": [3.9, 3.89, 3.86, 3.95, 3.94, 3.9, 3.89, 3.93, 3.98, 3.85, 3.72, 3.9, 3.88, 3.92, 3.97, 3.94, 3.96, 3.95, 3.95, 3.91, 3.82, 3.96, 3.78, 3.98, 3.98, 3.93, 3.98, 3.9, 3.94, 3.92, 3.86, 3.96, 3.9, 3.82, 3.94, 3.91, 3.92, 3.91, 3.93, 3.85, 3.88, 3.95, 3.92, 3.99, 3.89], "Apparent_Power": [9.12, 9.12, 9.12, 9.12, 9.12, 9.12, 9.12, 9.11, 9.11, 9.12, 9.12, 9.12, 9.12, 9.13, 9.12, 9.12, 9.12, 9.12, 9.12, 9.13, 9.13, 9.13, 9.13, 9.13, 9.13, 9.13, 9.13, 9.13, 9.14, 9.14, 9.13, 9.13, 9.13, 9.13, 9.14, 9.13, 9.14, 9.13, 9.13, 9.13, 9.13, 9.14, 9.13, 9.13, 9.13], "Apparent_Power_Reactive": [8.24, 8.24, 8.26, 8.22, 8.22, 8.24, 8.24, 8.21, 8.19, 8.26, 8.32, 8.24, 8.25, 8.24, 8.21, 8.22, 8.21, 8.22, 8.22, 8.25, 8.29, 8.22, 8.31, 8.21, 8.21, 8.24, 8.21, 8.25, 8.24, 8.25, 8.27, 8.22, 8.25, 8.29, 8.24, 8.25, 8.25, 8.25, 8.24, 8.27, 8.26, 8.24, 8.24, 8.21, 8.25], "Power_Factor": [0.427, 0.426, 0.423, 0.433, 0.432, 0.427, 0.426, 0.431, 0.436, 0.422, 0.407, 0.427, 0.425, 0.429, 0.435, 0.432, 0.434, 0.433, 0.433, 0.428, 0.418, 0.433, 0.414, 0.435, 0.435, 0.43, 0.435, 0.427, 0.431, 0.428, 0.422, 0.433, 0.427, 0.418, 0.431, 0.428, 0.428, 0.428, 0.43, 0.421, 0.424, 0.432, 0.429, 0.437, 0.426], "Energy": [0.0, 0.0, 0.0, 0.0, 0.01, 0.01, 0.01, 0.01, 0.01, 0.02, 0.02, 0.02, 0.02, 0.03, 0.03, 0.03, 0.03, 0.03, 0.04, 0.04, 0.04, 0.04, 0.05, 0.05, 0.05, 0.05, 0.05, 0.06, 0.06, 0.06, 0.06, 0.07, 0.07, 0.07, 0.07, 0.07, 0.08, 0.08, 0.08, 0.08, 0.09, 0.09, 0.09, 0.09, 0.09], "Frequency": [49.38, 49.38, 49.38, 49.38, 49.38, 49.38, 49.38, 49.38, 49.37, 49.37, 49.37, 49.38, 49.38, 49.38, 49.39, 49.39, 49.39, 49.39, 49.39, 49.39, 49.38, 49.38, 49.38, 49.39, 49.39, 49.39, 49.39, 49.39, 49.39, 49.39, 49.39, 49.39, 49.4, 49.4, 49.4, 49.39, 49.39, 49.39, 49.4, 49.4, 49.4, 49.39, 49.39, 49.39, 49.39], "Temp_env": []}