{"Start_Time": [1759178902.4930987], "Time": [1759178904.495254, 1759178906.4982479, 1759178908.5014153, 1759178910.50444, 1759178912.5073168, 1759178914.510348, 1759178916.513257, 1759178918.5155087, 1759178920.5253344, 1759178922.528333, 1759178924.5314934, 1759178926.5346224, 1759178928.5374384, 1759178930.5405202, 1759178932.5506303, 1759178934.5537126, 1759178936.556293, 1759178938.5664217, 1759178940.5695953, 1759178942.5716717, 1759178944.5748308, 1759178946.577397, 1759178948.5797427, 1759178950.5826828, 1759178952.5856655, 1759178954.5877686, 1759178956.5979517, 1759178958.6006365, 1759178960.6037815, 1759178962.6136067, 1759178964.6163955, 1759178966.6192827, 1759178968.6220853, 1759178970.6251876, 1759178972.6281044, 1759178974.6306982, 1759178976.6330512, 1759178978.6357052, 1759178980.645658, 1759178982.6479864, 1759178984.6509645, 1759178986.6540585, 1759178988.6568942, 1759178990.6591773, 1759178992.6618657], "Voltage": [230.08, 229.97, 229.97, 229.92, 229.92, 229.97, 230.08, 230.13, 230.03, 230.08, 230.08, 230.13, 230.18, 230.18, 230.18, 230.08, 230.03, 230.18, 230.18, 230.18, 230.18, 230.18, 230.24, 230.03, 230.13, 230.08, 230.03, 230.18, 230.03, 230.24, 230.13, 230.13, 230.24, 230.13, 230.03, 230.13, 229.97, 230.24, 230.13, 230.08, 230.13, 230.18, 230.18, 230.29, 230.18], "Current": [0.04, 0.04, 0.04, 0.04, 0.04, 0.04, 0.04, 0.04, 0.04, 0.04, 0.04, 0.04, 0.04, 0.04, 0.04, 0.04, 0.04, 0.04, 0.04, 0.04, 0.04, 0.04, 0.04, 0.04, 0.04, 0.04, 0.04, 0.04, 0.04, 0.04, 0.04, 0.04, 0.04, 0.04, 0.04, 0.04, 0.04, 0.04, 0.04, 0.04, 0.04, 0.04, 0.04, 0.04, 0.04], "Real_Power": [3.92, 3.9, 3.98, 3.78, 3.94, 3.9, 3.92, 3.94, 3.83, 3.95, 3.9, 3.95, 3.88, 3.85, 3.82, 3.9, 4.06, 3.93, 3.97, 3.88, 4.0, 4.1, 3.97, 4.03, 3.95, 3.98, 3.93, 3.94, 3.96, 3.87, 4.02, 3.95, 3.93, 3.98, 3.94, 3.84, 3.9, 3.88, 3.89, 3.87, 3.89, 3.94, 3.95, 4.07, 4.03], "Apparent_Power": [9.2, 9.19, 9.19, 9.19, 9.19, 9.19, 9.2, 9.2, 9.2, 9.2, 9.2, 9.2, 9.2, 9.2, 9.2, 9.2, 9.2, 9.2, 9.2, 9.2, 9.2, 9.2, 9.2, 9.2, 9.2, 9.2, 9.2, 9.2, 9.2, 9.2, 9.2, 9.2, 9.2, 9.2, 9.2, 9.2, 9.19, 9.2, 9.2, 9.2, 9.2, 9.2, 9.2, 9.21, 9.2], "Apparent_Power_Reactive": [8.32, 8.32, 8.28, 8.37, 8.3, 8.32, 8.32, 8.31, 8.36, 8.3, 8.33, 8.3, 8.34, 8.35, 8.36, 8.33, 8.25, 8.31, 8.29, 8.34, 8.28, 8.23, 8.29, 8.27, 8.3, 8.29, 8.31, 8.31, 8.3, 8.34, 8.27, 8.3, 8.31, 8.29, 8.31, 8.36, 8.32, 8.34, 8.33, 8.34, 8.33, 8.31, 8.3, 8.26, 8.27], "Power_Factor": [0.426, 0.424, 0.433, 0.411, 0.428, 0.424, 0.426, 0.428, 0.416, 0.429, 0.423, 0.429, 0.421, 0.418, 0.415, 0.423, 0.441, 0.427, 0.431, 0.421, 0.434, 0.445, 0.431, 0.438, 0.429, 0.432, 0.427, 0.428, 0.43, 0.42, 0.436, 0.429, 0.427, 0.432, 0.428, 0.417, 0.424, 0.421, 0.422, 0.42, 0.422, 0.428, 0.429, 0.441, 0.438], "Energy": [0.0, 0.0, 0.0, 0.0, 0.01, 0.01, 0.01, 0.01, 0.01, 0.02, 0.02, 0.02, 0.02, 0.03, 0.03, 0.03, 0.03, 0.03, 0.04, 0.04, 0.04, 0.04, 0.05, 0.05, 0.05, 0.05, 0.05, 0.06, 0.06, 0.06, 0.06, 0.07, 0.07, 0.07, 0.07, 0.07, 0.08, 0.08, 0.08, 0.08, 0.09, 0.09, 0.09, 0.09, 0.09], "Frequency": [49.4, 49.39, 49.39, 49.39, 49.39, 49.39, 49.39, 49.39, 49.39, 49.39, 49.38, 49.38, 49.38, 49.4, 49.4, 49.4, 49.43, 49.43, 49.43, 49.43, 49.43, 49.43, 49.42, 49.42, 49.42, 49.43, 49.43, 49.43, 49.44, 49.44, 49.44, 49.43, 49.43, 49.43, 49.43, 49.43, 49.43, 49.44, 49.44, 49.44, 49.44, 49.44, 49.44, 49.42, 49.42], "Temp_env": []}