{"Start_Time": [1759014181.2580962], "Time": [1759014183.2609155, 1759014185.2641747, 1759014187.2672522, 1759014189.2699485, 1759014191.2723227, 1759014193.2755902, 1759014195.2784805, 1759014197.2813487, 1759014199.2842746, 1759014201.2862916, 1759014203.289264, 1759014205.2920494, 1759014207.2944205, 1759014209.2974522, 1759014211.3004684, 1759014213.3034117, 1759014215.3063996, 1759014217.309266, 1759014219.3114736, 1759014221.3145928, 1759014223.3174617, 1759014225.3202996, 1759014227.3226283, 1759014229.3259935, 1759014231.3288448, 1759014233.3313408, 1759014235.3336403, 1759014237.3358142, 1759014239.3383455, 1759014241.3406918, 1759014243.3433926, 1759014245.346054, 1759014247.3487484, 1759014249.3516722, 1759014251.3545506, 1759014253.3574438, 1759014255.3607607, 1759014257.3634539, 1759014259.3661277, 1759014261.3686204, 1759014263.3785677, 1759014265.3809395, 1759014267.3836157, 1759014269.386311, 1759014271.3889735], "Voltage": [231.28, 231.23, 231.44, 231.39, 231.34, 231.39, 231.39, 231.39, 231.44, 231.44, 231.28, 231.34, 231.34, 231.34, 231.28, 231.34, 231.34, 231.28, 231.34, 231.39, 231.44, 231.49, 231.39, 231.44, 231.55, 231.49, 231.44, 231.49, 231.39, 231.39, 231.28, 231.34, 231.39, 231.28, 231.34, 231.34, 231.28, 231.34, 231.34, 231.23, 231.39, 231.34, 231.44, 231.44, 231.34], "Current": [0.04, 0.04, 0.04, 0.04, 0.03, 0.04, 0.04, 0.04, 0.04, 0.04, 0.04, 0.04, 0.04, 0.04, 0.04, 0.04, 0.04, 0.03, 0.04, 0.04, 0.04, 0.04, 0.04, 0.04, 0.04, 0.04, 0.04, 0.04, 0.04, 0.04, 0.03, 0.04, 0.03, 0.04, 0.04, 0.04, 0.03, 0.03, 0.04, 0.04, 0.04, 0.04, 0.04, 0.04, 0.04], "Real_Power": [3.8, 3.81, 3.93, 3.84, 3.8, 3.81, 3.84, 3.9, 3.9, 3.94, 3.87, 3.89, 3.91, 3.88, 3.93, 3.95, 3.83, 3.77, 3.7, 3.91, 3.85, 3.85, 3.86, 3.87, 3.85, 3.78, 3.86, 3.8, 3.84, 3.83, 3.86, 3.87, 3.73, 3.89, 3.9, 3.84, 3.75, 3.8, 3.84, 3.86, 3.84, 3.92, 3.84, 3.86, 3.84], "Apparent_Power": [9.25, 9.24, 9.25, 9.25, 6.94, 9.25, 9.25, 9.25, 9.25, 9.25, 9.25, 9.25, 9.25, 9.25, 9.25, 9.25, 9.25, 6.93, 9.25, 9.25, 9.25, 9.25, 9.25, 9.25, 9.26, 9.25, 9.25, 9.25, 9.25, 9.25, 6.93, 9.25, 6.94, 9.25, 9.25, 9.25, 6.93, 6.94, 9.25, 9.24, 9.25, 9.25, 9.25, 9.25, 9.25], "Apparent_Power_Reactive": [8.43, 8.41, 8.37, 8.41, 5.8, 8.42, 8.41, 8.38, 8.38, 8.36, 8.4, 8.39, 8.38, 8.39, 8.37, 8.36, 8.41, 5.81, 8.47, 8.38, 8.41, 8.41, 8.4, 8.4, 8.42, 8.44, 8.4, 8.43, 8.41, 8.41, 5.75, 8.4, 5.85, 8.39, 8.38, 8.41, 5.82, 5.8, 8.41, 8.39, 8.41, 8.37, 8.41, 8.4, 8.41], "Power_Factor": [0.41, 0.412, 0.424, 0.415, 0.547, 0.411, 0.415, 0.421, 0.421, 0.425, 0.418, 0.42, 0.422, 0.419, 0.424, 0.427, 0.414, 0.544, 0.4, 0.422, 0.416, 0.416, 0.417, 0.418, 0.415, 0.408, 0.417, 0.41, 0.415, 0.414, 0.556, 0.418, 0.537, 0.42, 0.421, 0.415, 0.541, 0.547, 0.415, 0.417, 0.415, 0.423, 0.415, 0.417, 0.415], "Energy": [0.0, 0.0, 0.0, 0.0, 0.01, 0.01, 0.01, 0.01, 0.01, 0.02, 0.02, 0.02, 0.02, 0.03, 0.03, 0.03, 0.03, 0.03, 0.04, 0.04, 0.04, 0.04, 0.04, 0.05, 0.05, 0.05, 0.05, 0.06, 0.06, 0.06, 0.06, 0.06, 0.07, 0.07, 0.07, 0.07, 0.08, 0.08, 0.08, 0.08, 0.08, 0.09, 0.09, 0.09, 0.09], "Frequency": [49.39, 49.38, 49.38, 49.38, 49.39, 49.39, 49.39, 49.39, 49.39, 49.39, 49.41, 49.41, 49.41, 49.4, 49.4, 49.4, 49.38, 49.38, 49.38, 49.38, 49.38, 49.38, 49.37, 49.37, 49.37, 49.37, 49.37, 49.37, 49.38, 49.38, 49.38, 49.38, 49.38, 49.38, 49.38, 49.38, 49.38, 49.38, 49.38, 49.38, 49.37, 49.37, 49.37, 49.38, 49.38], "Temp_env": []}