{"Start_Time": [1759173591.5540383], "Time": [1759173593.5564792, 1759173595.5595706, 1759173597.5627244, 1759173599.5653398, 1759173601.5755932, 1759173603.5785956, 1759173605.581272, 1759173607.5834072, 1759173609.5856674, 1759173611.5885916, 1759173613.590699, 1759173615.5933847, 1759173617.5961213, 1759173619.6059384, 1759173621.6085372, 1759173623.6116343, 1759173625.621542, 1759173627.6245465, 1759173629.6278534, 1759173631.6304007, 1759173633.6329498, 1759173635.6356335, 1759173637.6385283, 1759173639.6406746, 1759173641.6436262, 1759173643.6534927, 1759173645.6566265, 1759173647.659751, 1759173649.6694891, 1759173651.6716368, 1759173653.6745787, 1759173655.677625, 1759173657.6806495, 1759173659.6835434, 1759173661.686649, 1759173663.689635, 1759173665.6925054, 1759173667.7026522, 1759173669.7057397, 1759173671.7084136, 1759173673.7106733, 1759173675.7133977, 1759173677.715748, 1759173679.7184083, 1759173681.7210636], "Voltage": [229.08, 229.08, 229.08, 228.98, 228.93, 229.03, 229.08, 229.03, 228.87, 228.98, 228.98, 228.87, 228.98, 228.82, 228.93, 228.93, 229.14, 229.08, 228.98, 228.98, 228.98, 228.93, 228.93, 228.87, 228.98, 228.93, 228.98, 228.98, 229.03, 228.93, 229.03, 229.03, 229.03, 228.93, 228.98, 229.08, 229.14, 229.03, 229.08, 229.19, 229.14, 229.19, 229.14, 229.19, 229.24], "Current": [0.04, 0.04, 0.04, 0.04, 0.04, 0.04, 0.04, 0.04, 0.04, 0.04, 0.04, 0.04, 0.04, 0.04, 0.04, 0.04, 0.04, 0.04, 0.04, 0.04, 0.04, 0.04, 0.04, 0.04, 0.04, 0.04, 0.04, 0.04, 0.04, 0.04, 0.04, 0.04, 0.04, 0.04, 0.04, 0.04, 0.04, 0.04, 0.04, 0.04, 0.04, 0.04, 0.04, 0.04, 0.04], "Real_Power": [3.9, 3.87, 3.96, 3.92, 4.05, 3.81, 3.89, 3.99, 3.92, 3.9, 3.9, 3.96, 3.9, 3.91, 3.98, 3.99, 3.85, 3.94, 3.87, 3.91, 4.0, 4.02, 3.84, 3.87, 3.91, 3.88, 3.96, 3.84, 4.02, 3.94, 3.96, 3.9, 3.93, 4.03, 3.99, 3.84, 3.96, 3.93, 3.91, 3.97, 3.98, 3.99, 3.92, 3.87, 4.06], "Apparent_Power": [9.16, 9.16, 9.16, 9.15, 9.15, 9.16, 9.16, 9.16, 9.15, 9.15, 9.15, 9.15, 9.15, 9.15, 9.15, 9.15, 9.16, 9.16, 9.15, 9.15, 9.15, 9.15, 9.15, 9.15, 9.15, 9.15, 9.15, 9.15, 9.16, 9.15, 9.16, 9.16, 9.16, 9.15, 9.15, 9.16, 9.16, 9.16, 9.16, 9.16, 9.16, 9.16, 9.16, 9.16, 9.16], "Apparent_Power_Reactive": [8.28, 8.3, 8.25, 8.26, 8.2, 8.33, 8.29, 8.24, 8.26, 8.27, 8.27, 8.24, 8.27, 8.27, 8.23, 8.23, 8.31, 8.26, 8.29, 8.27, 8.22, 8.21, 8.3, 8.29, 8.27, 8.28, 8.24, 8.3, 8.23, 8.25, 8.25, 8.28, 8.27, 8.21, 8.23, 8.31, 8.25, 8.27, 8.28, 8.25, 8.25, 8.24, 8.27, 8.3, 8.21], "Power_Factor": [0.425, 0.422, 0.432, 0.428, 0.442, 0.415, 0.424, 0.435, 0.428, 0.426, 0.426, 0.432, 0.426, 0.427, 0.434, 0.436, 0.42, 0.43, 0.422, 0.427, 0.437, 0.439, 0.419, 0.422, 0.427, 0.424, 0.432, 0.419, 0.438, 0.43, 0.432, 0.425, 0.429, 0.44, 0.436, 0.419, 0.432, 0.429, 0.426, 0.433, 0.434, 0.435, 0.427, 0.422, 0.443], "Energy": [0.0, 0.0, 0.0, 0.0, 0.01, 0.01, 0.01, 0.01, 0.01, 0.02, 0.02, 0.02, 0.02, 0.03, 0.03, 0.03, 0.03, 0.03, 0.04, 0.04, 0.04, 0.04, 0.05, 0.05, 0.05, 0.05, 0.05, 0.06, 0.06, 0.06, 0.06, 0.07, 0.07, 0.07, 0.07, 0.07, 0.08, 0.08, 0.08, 0.08, 0.09, 0.09, 0.09, 0.09, 0.09], "Frequency": [49.42, 49.42, 49.4, 49.4, 49.4, 49.39, 49.39, 49.39, 49.38, 49.38, 49.38, 49.38, 49.38, 49.38, 49.39, 49.39, 49.39, 49.39, 49.39, 49.39, 49.39, 49.39, 49.39, 49.39, 49.39, 49.39, 49.39, 49.39, 49.39, 49.39, 49.39, 49.39, 49.39, 49.39, 49.39, 49.39, 49.39, 49.39, 49.39, 49.39, 49.39, 49.4, 49.4, 49.4, 49.42], "Temp_env": []}