{"Start_Time": [1758814457.972696], "Time": [1758814459.975599, 1758814461.9785447, 1758814463.9813485, 1758814465.9841, 1758814467.9869602, 1758814469.989397, 1758814471.9916506, 1758814473.9946964, 1758814475.997584, 1758814478.000641, 1758814480.0034602, 1758814482.0060499, 1758814484.0088089, 1758814486.0109847, 1758814488.013554, 1758814490.0159142, 1758814492.0186286, 1758814494.021301, 1758814496.0242307, 1758814498.0267365, 1758814500.029071, 1758814502.0317507, 1758814504.0340993, 1758814506.0372012, 1758814508.040058, 1758814510.0429192, 1758814512.0457833, 1758814514.0481532, 1758814516.0510564, 1758814518.0538778, 1758814520.0562327, 1758814522.059173, 1758814524.0622962, 1758814526.0648956, 1758814528.0672455, 1758814530.0699546, 1758814532.0721972, 1758814534.0753253, 1758814536.078273, 1758814538.0813708, 1758814540.083984, 1758814542.0863206, 1758814544.0890195, 1758814546.0914614, 1758814548.0944302], "Voltage": [227.62, 227.46, 227.62, 227.56, 227.62, 227.51, 227.51, 227.67, 227.51, 227.67, 227.62, 227.83, 227.77, 227.67, 227.62, 227.77, 227.77, 227.62, 227.67, 227.56, 227.62, 227.51, 227.67, 227.62, 227.62, 227.62, 227.62, 227.62, 227.67, 227.67, 227.77, 227.83, 227.77, 227.67, 227.72, 227.56, 228.77, 228.66, 228.72, 228.82, 228.56, 228.51, 228.72, 228.56, 228.51], "Current": [0.04, 0.04, 0.04, 0.04, 0.04, 0.04, 0.04, 0.04, 0.04, 0.04, 0.04, 0.04, 0.04, 0.04, 0.04, 0.04, 0.04, 0.04, 0.04, 0.04, 0.04, 0.04, 0.04, 0.04, 0.04, 0.04, 0.04, 0.04, 0.04, 0.04, 0.04, 0.04, 0.04, 0.04, 0.04, 0.04, 0.04, 0.04, 0.04, 0.04, 0.04, 0.04, 0.04, 0.04, 0.04], "Real_Power": [3.99, 3.94, 3.9, 3.99, 3.98, 3.99, 3.99, 4.02, 3.85, 3.97, 3.93, 3.97, 3.97, 3.98, 3.89, 3.9, 3.98, 3.97, 4.02, 3.91, 3.97, 4.04, 3.96, 3.97, 3.96, 3.96, 3.93, 3.97, 3.97, 3.93, 3.87, 3.94, 3.93, 3.99, 3.93, 4.03, 3.88, 4.03, 3.91, 4.12, 4.0, 3.92, 4.08, 4.0, 4.05], "Apparent_Power": [9.1, 9.09, 9.1, 9.1, 9.1, 9.1, 9.1, 9.1, 9.1, 9.1, 9.1, 9.11, 9.11, 9.1, 9.1, 9.11, 9.11, 9.1, 9.1, 9.1, 9.1, 9.1, 9.1, 9.1, 9.1, 9.1, 9.1, 9.1, 9.1, 9.1, 9.11, 9.11, 9.11, 9.1, 9.1, 9.1, 9.15, 9.14, 9.14, 9.15, 9.14, 9.14, 9.14, 9.14, 9.14], "Apparent_Power_Reactive": [8.17, 8.19, 8.22, 8.17, 8.18, 8.17, 8.17, 8.16, 8.24, 8.18, 8.2, 8.19, 8.19, 8.18, 8.22, 8.23, 8.19, 8.18, 8.16, 8.21, 8.18, 8.15, 8.19, 8.18, 8.19, 8.19, 8.2, 8.18, 8.18, 8.2, 8.24, 8.21, 8.21, 8.17, 8.2, 8.15, 8.28, 8.2, 8.26, 8.16, 8.21, 8.25, 8.17, 8.21, 8.19], "Power_Factor": [0.438, 0.433, 0.428, 0.438, 0.437, 0.438, 0.438, 0.441, 0.423, 0.436, 0.431, 0.435, 0.435, 0.437, 0.427, 0.428, 0.436, 0.436, 0.441, 0.429, 0.436, 0.443, 0.435, 0.436, 0.435, 0.435, 0.431, 0.436, 0.436, 0.431, 0.424, 0.432, 0.431, 0.438, 0.431, 0.442, 0.424, 0.44, 0.427, 0.45, 0.437, 0.428, 0.446, 0.437, 0.443], "Energy": [0.0, 0.0, 0.0, 0.0, 0.01, 0.01, 0.01, 0.01, 0.01, 0.02, 0.02, 0.02, 0.02, 0.03, 0.03, 0.03, 0.03, 0.04, 0.04, 0.04, 0.04, 0.04, 0.05, 0.05, 0.05, 0.05, 0.06, 0.06, 0.06, 0.06, 0.06, 0.07, 0.07, 0.07, 0.07, 0.08, 0.08, 0.08, 0.08, 0.08, 0.09, 0.09, 0.09, 0.09, 0.1], "Frequency": [49.39, 49.39, 49.39, 49.39, 49.39, 49.39, 49.39, 49.39, 49.39, 49.39, 49.39, 49.37, 49.37, 49.37, 49.37, 49.37, 49.37, 49.39, 49.39, 49.39, 49.38, 49.38, 49.38, 49.39, 49.39, 49.39, 49.39, 49.39, 49.39, 49.37, 49.37, 49.37, 49.38, 49.38, 49.38, 49.37, 49.37, 49.37, 49.37, 49.37, 49.37, 49.36, 49.36, 49.36, 49.38], "Temp_env": []}