{"Start_Time": [1759132830.122678], "Time": [1759132832.1252823, 1759132834.1280172, 1759132836.1308236, 1759132838.1333168, 1759132840.1362133, 1759132842.139067, 1759132844.1418996, 1759132846.1441293, 1759132848.1470017, 1759132850.149154, 1759132852.151126, 1759132854.1534808, 1759132856.1561468, 1759132858.1590154, 1759132860.1611812, 1759132862.1635242, 1759132864.166153, 1759132866.1692145, 1759132868.1723046, 1759132870.1749403, 1759132872.1772735, 1759132874.179978, 1759132876.1823187, 1759132878.185221, 1759132880.188406, 1759132882.1910589, 1759132884.1935542, 1759132886.1962745, 1759132888.198342, 1759132890.2010052, 1759132892.2036192, 1759132894.2063506, 1759132896.209166, 1759132898.212076, 1759132900.2154653, 1759132902.2184143, 1759132904.2213356, 1759132906.2240822, 1759132908.2274005, 1759132910.2304327, 1759132912.2335815, 1759132914.2363997, 1759132916.239294, 1759132918.2424438, 1759132920.2454345], "Voltage": [227.83, 227.77, 227.83, 227.93, 227.77, 227.88, 227.88, 227.83, 227.88, 227.88, 227.88, 227.98, 228.04, 227.93, 227.98, 227.98, 227.98, 229.03, 229.24, 228.98, 229.03, 228.87, 228.87, 228.87, 228.82, 228.87, 228.98, 228.72, 228.93, 228.82, 228.93, 228.72, 228.35, 228.61, 227.98, 227.98, 228.09, 227.98, 227.93, 228.04, 227.98, 228.04, 227.93, 227.98, 227.88], "Current": [0.04, 0.04, 0.04, 0.04, 0.04, 0.04, 0.04, 0.04, 0.04, 0.04, 0.04, 0.04, 0.04, 0.04, 0.04, 0.04, 0.04, 0.04, 0.04, 0.04, 0.04, 0.04, 0.04, 0.04, 0.04, 0.04, 0.04, 0.04, 0.04, 0.04, 0.04, 0.04, 0.04, 0.04, 0.04, 0.04, 0.04, 0.04, 0.04, 0.04, 0.04, 0.04, 0.04, 0.04, 0.04], "Real_Power": [3.95, 3.97, 3.93, 3.9, 3.96, 4.0, 3.98, 3.97, 4.0, 3.9, 3.9, 3.93, 4.01, 4.09, 3.97, 3.93, 3.98, 4.02, 3.96, 3.96, 4.01, 3.93, 3.93, 4.0, 4.06, 3.95, 3.94, 3.94, 3.97, 3.97, 3.95, 3.89, 3.96, 3.94, 3.87, 4.0, 3.99, 4.05, 3.99, 3.9, 3.96, 3.93, 3.98, 3.96, 3.95], "Apparent_Power": [9.11, 9.11, 9.11, 9.11, 9.11, 9.11, 9.11, 9.11, 9.11, 9.11, 9.11, 9.11, 9.12, 9.11, 9.11, 9.11, 9.11, 9.16, 9.16, 9.15, 9.16, 9.15, 9.15, 9.15, 9.15, 9.15, 9.15, 9.14, 9.15, 9.15, 9.15, 9.14, 9.13, 9.14, 9.11, 9.11, 9.12, 9.11, 9.11, 9.12, 9.11, 9.12, 9.11, 9.11, 9.11], "Apparent_Power_Reactive": [8.2, 8.19, 8.21, 8.23, 8.2, 8.18, 8.19, 8.19, 8.18, 8.23, 8.23, 8.21, 8.19, 8.14, 8.19, 8.21, 8.19, 8.23, 8.25, 8.24, 8.23, 8.26, 8.26, 8.22, 8.19, 8.25, 8.25, 8.24, 8.24, 8.24, 8.25, 8.27, 8.22, 8.24, 8.24, 8.18, 8.2, 8.16, 8.18, 8.24, 8.2, 8.22, 8.19, 8.2, 8.2], "Power_Factor": [0.433, 0.435, 0.431, 0.428, 0.434, 0.439, 0.436, 0.435, 0.439, 0.428, 0.428, 0.431, 0.439, 0.448, 0.435, 0.431, 0.436, 0.438, 0.432, 0.432, 0.437, 0.429, 0.429, 0.437, 0.443, 0.431, 0.43, 0.431, 0.433, 0.433, 0.431, 0.425, 0.433, 0.431, 0.424, 0.439, 0.437, 0.444, 0.437, 0.427, 0.434, 0.43, 0.436, 0.434, 0.433], "Energy": [0.0, 0.0, 0.0, 0.0, 0.01, 0.01, 0.01, 0.01, 0.01, 0.02, 0.02, 0.02, 0.02, 0.03, 0.03, 0.03, 0.03, 0.03, 0.04, 0.04, 0.04, 0.04, 0.05, 0.05, 0.05, 0.05, 0.06, 0.06, 0.06, 0.06, 0.06, 0.07, 0.07, 0.07, 0.07, 0.08, 0.08, 0.08, 0.08, 0.08, 0.09, 0.09, 0.09, 0.09, 0.1], "Frequency": [49.34, 49.34, 49.37, 49.37, 49.37, 49.36, 49.36, 49.36, 49.36, 49.36, 49.36, 49.37, 49.37, 49.37, 49.36, 49.36, 49.36, 49.35, 49.35, 49.35, 49.36, 49.36, 49.36, 49.35, 49.35, 49.35, 49.35, 49.35, 49.35, 49.35, 49.35, 49.35, 49.35, 49.35, 49.35, 49.33, 49.33, 49.33, 49.31, 49.31, 49.31, 49.34, 49.34, 49.34, 49.34], "Temp_env": []}