{"Start_Time": [1758913604.3942802], "Time": [1758913606.3969393, 1758913608.4003751, 1758913610.4028442, 1758913612.405279, 1758913614.4148695, 1758913616.417141, 1758913618.419974, 1758913620.4228835, 1758913622.42514, 1758913624.428216, 1758913626.4380972, 1758913628.4409926, 1758913630.4441335, 1758913632.454525, 1758913634.4573278, 1758913636.4601882, 1758913638.4701734, 1758913640.473319, 1758913642.4759104, 1758913644.4782343, 1758913646.4809124, 1758913648.4832425, 1758913650.4929862, 1758913652.4961836, 1758913654.4990573, 1758913656.508944, 1758913658.511273, 1758913660.514352, 1758913662.5246387, 1758913664.5272875, 1758913666.530166, 1758913668.5330274, 1758913670.5352724, 1758913672.5383322, 1758913674.5483687, 1758913676.5511332, 1758913678.5533142, 1758913680.5630515, 1758913682.5652971, 1758913684.568416, 1758913686.5710824, 1758913688.5744038, 1758913690.577229, 1758913692.5803244, 1758913694.5829892], "Voltage": [230.6, 230.55, 230.66, 230.55, 230.55, 230.5, 230.5, 230.45, 230.5, 230.66, 230.55, 230.5, 230.55, 230.5, 230.55, 230.39, 230.6, 230.6, 230.39, 230.5, 230.39, 230.39, 230.45, 230.39, 230.5, 230.39, 230.45, 230.55, 230.24, 230.55, 230.34, 230.39, 230.55, 230.34, 230.5, 230.55, 230.6, 230.5, 230.34, 230.45, 230.39, 230.45, 230.5, 230.5, 230.5], "Current": [0.04, 0.04, 0.04, 0.04, 0.04, 0.04, 0.04, 0.04, 0.03, 0.04, 0.04, 0.04, 0.04, 0.04, 0.03, 0.04, 0.04, 0.04, 0.04, 0.04, 0.04, 0.04, 0.04, 0.04, 0.04, 0.04, 0.04, 0.04, 0.04, 0.04, 0.04, 0.04, 0.04, 0.04, 0.03, 0.04, 0.04, 0.04, 0.04, 0.04, 0.03, 0.04, 0.04, 0.04, 0.04], "Real_Power": [4.01, 3.97, 3.95, 3.94, 3.87, 4.05, 3.88, 3.93, 3.82, 3.87, 4.05, 3.93, 3.89, 3.94, 3.93, 4.02, 3.99, 3.88, 3.98, 4.01, 3.99, 3.96, 4.02, 3.91, 4.03, 3.92, 3.87, 4.03, 3.88, 4.08, 3.92, 3.98, 4.0, 4.05, 3.94, 3.9, 4.07, 4.0, 3.91, 3.94, 3.87, 3.97, 3.85, 3.94, 3.96], "Apparent_Power": [9.22, 9.22, 9.22, 9.22, 9.22, 9.22, 9.22, 9.21, 6.91, 9.22, 9.22, 9.22, 9.22, 9.22, 6.91, 9.21, 9.22, 9.22, 9.21, 9.22, 9.21, 9.21, 9.21, 9.21, 9.22, 9.21, 9.21, 9.22, 9.2, 9.22, 9.21, 9.21, 9.22, 9.21, 6.91, 9.22, 9.22, 9.22, 9.21, 9.21, 6.91, 9.21, 9.22, 9.22, 9.22], "Apparent_Power_Reactive": [8.3, 8.32, 8.33, 8.33, 8.36, 8.28, 8.36, 8.32, 5.75, 8.36, 8.28, 8.34, 8.35, 8.33, 5.68, 8.28, 8.31, 8.36, 8.3, 8.3, 8.3, 8.31, 8.28, 8.33, 8.29, 8.33, 8.35, 8.29, 8.34, 8.26, 8.33, 8.3, 8.3, 8.27, 5.67, 8.35, 8.27, 8.3, 8.33, 8.32, 5.72, 8.31, 8.37, 8.33, 8.32], "Power_Factor": [0.434, 0.43, 0.428, 0.427, 0.419, 0.439, 0.42, 0.426, 0.552, 0.419, 0.439, 0.426, 0.421, 0.427, 0.568, 0.436, 0.432, 0.42, 0.432, 0.434, 0.433, 0.429, 0.436, 0.424, 0.437, 0.425, 0.42, 0.437, 0.421, 0.442, 0.425, 0.432, 0.433, 0.439, 0.57, 0.422, 0.441, 0.433, 0.424, 0.427, 0.56, 0.431, 0.417, 0.427, 0.429], "Energy": [0.0, 0.0, 0.0, 0.0, 0.01, 0.01, 0.01, 0.01, 0.01, 0.02, 0.02, 0.02, 0.02, 0.03, 0.03, 0.03, 0.03, 0.03, 0.04, 0.04, 0.04, 0.04, 0.05, 0.05, 0.05, 0.05, 0.05, 0.06, 0.06, 0.06, 0.06, 0.07, 0.07, 0.07, 0.07, 0.07, 0.08, 0.08, 0.08, 0.08, 0.09, 0.09, 0.09, 0.09, 0.09], "Frequency": [49.39, 49.39, 49.39, 49.43, 49.43, 49.43, 49.45, 49.45, 49.45, 49.44, 49.44, 49.44, 49.43, 49.43, 49.43, 49.44, 49.44, 49.44, 49.43, 49.43, 49.43, 49.39, 49.39, 49.39, 49.39, 49.39, 49.39, 49.39, 49.39, 49.39, 49.39, 49.39, 49.39, 49.4, 49.4, 49.4, 49.4, 49.4, 49.4, 49.43, 49.43, 49.43, 49.42, 49.42, 49.42], "Temp_env": []}