{"Start_Time": [1758789032.7380943], "Time": [1758789034.7409089, 1758789036.7438319, 1758789038.7462208, 1758789040.749163, 1758789042.752013, 1758789044.754919, 1758789046.7572007, 1758789048.7603788, 1758789050.7624156, 1758789052.76538, 1758789054.7753198, 1758789056.7773685, 1758789058.7800822, 1758789060.7825031, 1758789062.785366, 1758789064.7881055, 1758789066.7904649, 1758789068.793418, 1758789070.7960918, 1758789072.798444, 1758789074.8015149, 1758789076.8043985, 1758789078.806523, 1758789080.8095343, 1758789082.8125837, 1758789084.8154619, 1758789086.8186457, 1758789088.8212786, 1758789090.8242652, 1758789092.8265777, 1758789094.829518, 1758789096.8389335, 1758789098.8415709, 1758789100.8447387, 1758789102.8468003, 1758789104.8495667, 1758789106.8527434, 1758789108.8554435, 1758789110.8580077, 1758789112.860713, 1758789114.8630514, 1758789116.865772, 1758789118.8685172, 1758789120.8712246, 1758789122.8740618], "Voltage": [229.87, 229.61, 229.82, 229.71, 227.51, 228.82, 228.77, 228.77, 228.72, 228.56, 228.61, 228.61, 228.72, 228.61, 228.51, 228.56, 228.45, 228.45, 228.45, 228.35, 228.56, 228.45, 228.56, 228.61, 228.61, 228.56, 228.66, 228.72, 228.66, 228.82, 228.82, 228.66, 228.82, 228.93, 228.82, 228.77, 228.82, 228.77, 228.77, 228.66, 228.98, 228.82, 228.93, 228.72, 228.66], "Current": [0.04, 0.04, 0.04, 0.04, 0.04, 0.04, 0.04, 0.04, 0.04, 0.04, 0.04, 0.04, 0.04, 0.04, 0.04, 0.04, 0.04, 0.04, 0.04, 0.04, 0.04, 0.04, 0.04, 0.04, 0.04, 0.04, 0.04, 0.04, 0.04, 0.04, 0.04, 0.04, 0.04, 0.04, 0.04, 0.04, 0.04, 0.04, 0.04, 0.04, 0.04, 0.04, 0.04, 0.04, 0.04], "Real_Power": [3.99, 4.02, 4.06, 3.94, 3.8, 3.92, 4.05, 3.96, 4.0, 4.06, 4.09, 3.93, 4.07, 4.03, 4.03, 4.07, 4.02, 4.0, 3.97, 3.99, 3.95, 4.11, 3.98, 4.05, 3.93, 3.92, 3.97, 4.01, 4.07, 4.01, 3.96, 3.99, 3.96, 4.07, 3.95, 3.95, 4.0, 4.07, 4.0, 4.11, 4.06, 3.92, 4.02, 4.0, 3.98], "Apparent_Power": [9.19, 9.18, 9.19, 9.18, 9.1, 9.15, 9.15, 9.15, 9.14, 9.14, 9.14, 9.14, 9.14, 9.14, 9.14, 9.14, 9.13, 9.13, 9.13, 9.13, 9.14, 9.13, 9.14, 9.14, 9.14, 9.14, 9.14, 9.14, 9.14, 9.15, 9.15, 9.14, 9.15, 9.15, 9.15, 9.15, 9.15, 9.15, 9.15, 9.14, 9.15, 9.15, 9.15, 9.14, 9.14], "Apparent_Power_Reactive": [8.27, 8.25, 8.24, 8.29, 8.26, 8.26, 8.2, 8.24, 8.21, 8.18, 8.17, 8.25, 8.18, 8.2, 8.2, 8.18, 8.19, 8.2, 8.22, 8.21, 8.24, 8.15, 8.22, 8.19, 8.25, 8.25, 8.23, 8.21, 8.18, 8.22, 8.24, 8.22, 8.24, 8.19, 8.25, 8.25, 8.22, 8.19, 8.22, 8.16, 8.19, 8.26, 8.21, 8.21, 8.22], "Power_Factor": [0.434, 0.437, 0.441, 0.429, 0.417, 0.428, 0.442, 0.432, 0.437, 0.444, 0.447, 0.429, 0.445, 0.44, 0.44, 0.445, 0.44, 0.438, 0.434, 0.437, 0.432, 0.45, 0.435, 0.443, 0.429, 0.428, 0.434, 0.438, 0.445, 0.438, 0.432, 0.436, 0.432, 0.444, 0.431, 0.431, 0.437, 0.444, 0.437, 0.449, 0.443, 0.428, 0.439, 0.437, 0.435], "Energy": [0.0, 0.0, 0.0, 0.0, 0.01, 0.01, 0.01, 0.01, 0.02, 0.02, 0.02, 0.02, 0.02, 0.03, 0.03, 0.03, 0.03, 0.04, 0.04, 0.04, 0.04, 0.04, 0.05, 0.05, 0.05, 0.05, 0.06, 0.06, 0.06, 0.06, 0.06, 0.07, 0.07, 0.07, 0.07, 0.08, 0.08, 0.08, 0.08, 0.08, 0.09, 0.09, 0.09, 0.09, 0.1], "Frequency": [49.4, 49.4, 49.39, 49.39, 49.39, 49.4, 49.4, 49.4, 49.38, 49.38, 49.38, 49.39, 49.39, 49.39, 49.39, 49.39, 49.39, 49.39, 49.39, 49.39, 49.39, 49.39, 49.39, 49.39, 49.39, 49.39, 49.38, 49.38, 49.38, 49.39, 49.39, 49.39, 49.38, 49.38, 49.38, 49.39, 49.39, 49.39, 49.39, 49.39, 49.39, 49.4, 49.4, 49.4, 49.39], "Temp_env": []}