{"Start_Time": [1758859792.057653], "Time": [1758859794.0604575, 1758859796.0634596, 1758859798.0656967, 1758859800.068176, 1758859802.070561, 1758859804.0734892, 1758859806.0764697, 1758859808.0785966, 1758859810.0815933, 1758859812.0844395, 1758859814.0875337, 1758859816.0904305, 1758859818.0933056, 1758859820.0957503, 1758859822.0982418, 1758859824.100551, 1758859826.1034765, 1758859828.1065416, 1758859830.1090932, 1758859832.1121917, 1758859834.1144967, 1758859836.1171806, 1758859838.1195133, 1758859840.122158, 1758859842.1244912, 1758859844.1271613, 1758859846.129476, 1758859848.1321418, 1758859850.1344993, 1758859852.1374128, 1758859854.1404994, 1758859856.1431515, 1758859858.1455483, 1758859860.148256, 1758859862.151114, 1758859864.1534388, 1758859866.1561456, 1758859868.1584518, 1758859870.1611464, 1758859872.1634738, 1758859874.1663666, 1758859876.169447, 1758859878.1723647, 1758859880.1748407, 1758859882.1773279], "Voltage": [230.24, 230.24, 230.08, 230.13, 230.34, 230.29, 230.29, 230.34, 230.29, 230.18, 230.24, 230.24, 230.18, 230.29, 230.24, 230.18, 229.14, 229.19, 229.19, 229.24, 229.24, 229.29, 229.24, 229.08, 229.24, 229.4, 229.24, 229.19, 229.24, 229.29, 229.35, 229.29, 229.14, 229.03, 228.93, 229.03, 229.08, 229.03, 228.98, 229.03, 229.08, 229.03, 228.98, 229.03, 229.14], "Current": [0.04, 0.04, 0.04, 0.04, 0.04, 0.04, 0.04, 0.04, 0.04, 0.04, 0.04, 0.04, 0.04, 0.04, 0.04, 0.04, 0.04, 0.04, 0.04, 0.04, 0.04, 0.04, 0.04, 0.04, 0.04, 0.04, 0.04, 0.04, 0.04, 0.04, 0.04, 0.04, 0.04, 0.04, 0.04, 0.04, 0.04, 0.04, 0.04, 0.04, 0.04, 0.04, 0.04, 0.04, 0.04], "Real_Power": [3.96, 3.9, 3.89, 3.85, 3.84, 3.92, 3.89, 4.01, 3.95, 3.9, 3.92, 3.88, 4.01, 3.94, 3.96, 3.82, 3.89, 4.01, 3.91, 4.0, 4.07, 3.91, 3.99, 3.88, 3.94, 3.88, 3.93, 4.08, 4.01, 3.97, 3.98, 3.92, 3.89, 3.89, 3.99, 3.95, 3.93, 4.09, 3.96, 3.94, 3.93, 3.92, 3.85, 3.98, 4.0], "Apparent_Power": [9.2, 9.2, 9.2, 9.2, 9.21, 9.21, 9.21, 9.21, 9.21, 9.2, 9.2, 9.2, 9.2, 9.21, 9.2, 9.2, 9.16, 9.16, 9.16, 9.16, 9.16, 9.17, 9.16, 9.16, 9.16, 9.17, 9.16, 9.16, 9.16, 9.17, 9.17, 9.17, 9.16, 9.16, 9.15, 9.16, 9.16, 9.16, 9.15, 9.16, 9.16, 9.16, 9.15, 9.16, 9.16], "Apparent_Power_Reactive": [8.3, 8.33, 8.33, 8.35, 8.37, 8.33, 8.34, 8.29, 8.31, 8.33, 8.32, 8.34, 8.28, 8.32, 8.3, 8.36, 8.29, 8.23, 8.28, 8.24, 8.2, 8.29, 8.24, 8.29, 8.26, 8.3, 8.27, 8.2, 8.23, 8.26, 8.26, 8.28, 8.29, 8.29, 8.23, 8.26, 8.27, 8.19, 8.24, 8.26, 8.27, 8.27, 8.3, 8.25, 8.24], "Power_Factor": [0.43, 0.423, 0.422, 0.418, 0.416, 0.425, 0.422, 0.435, 0.428, 0.423, 0.426, 0.421, 0.435, 0.427, 0.43, 0.415, 0.424, 0.437, 0.426, 0.436, 0.444, 0.426, 0.435, 0.423, 0.43, 0.423, 0.429, 0.445, 0.437, 0.432, 0.434, 0.427, 0.424, 0.424, 0.436, 0.431, 0.429, 0.446, 0.432, 0.43, 0.429, 0.427, 0.42, 0.434, 0.436], "Energy": [0.0, 0.0, 0.0, 0.0, 0.01, 0.01, 0.01, 0.01, 0.01, 0.02, 0.02, 0.02, 0.02, 0.03, 0.03, 0.03, 0.03, 0.03, 0.04, 0.04, 0.04, 0.04, 0.05, 0.05, 0.05, 0.05, 0.05, 0.06, 0.06, 0.06, 0.06, 0.07, 0.07, 0.07, 0.07, 0.07, 0.08, 0.08, 0.08, 0.08, 0.09, 0.09, 0.09, 0.09, 0.09], "Frequency": [49.39, 49.39, 49.39, 49.39, 49.39, 49.39, 49.39, 49.4, 49.4, 49.4, 49.4, 49.4, 49.4, 49.42, 49.42, 49.42, 49.43, 49.43, 49.43, 49.43, 49.43, 49.43, 49.43, 49.43, 49.43, 49.44, 49.44, 49.44, 49.44, 49.44, 49.44, 49.43, 49.43, 49.43, 49.43, 49.43, 49.43, 49.44, 49.44, 49.44, 49.43, 49.43, 49.43, 49.39, 49.39], "Temp_env": []}