{"Start_Time": [1759070442.4342906], "Time": [1759070444.4374397, 1759070446.440511, 1759070448.443118, 1759070450.4454954, 1759070452.4484375, 1759070454.458347, 1759070456.461663, 1759070458.4642537, 1759070460.4744568, 1759070462.4773128, 1759070464.4798512, 1759070466.4824796, 1759070468.4855275, 1759070470.488405, 1759070472.498608, 1759070474.5018203, 1759070476.5043693, 1759070478.514446, 1759070480.5166059, 1759070482.5186894, 1759070484.5218039, 1759070486.5244129, 1759070488.5269873, 1759070490.5296724, 1759070492.5319932, 1759070494.5345016, 1759070496.5439243, 1759070498.546624, 1759070500.5499346, 1759070502.5597637, 1759070504.562109, 1759070506.5648606, 1759070508.5677073, 1759070510.5698402, 1759070512.5721338, 1759070514.5823476, 1759070516.5850208, 1759070518.5876153, 1759070520.5977652, 1759070522.6007326, 1759070524.6030824, 1759070526.6128418, 1759070528.6160142, 1759070530.6188345, 1759070532.6219265], "Voltage": [230.34, 230.34, 230.39, 230.39, 230.34, 230.34, 230.29, 230.45, 230.45, 230.45, 230.45, 230.45, 230.39, 230.39, 230.39, 230.39, 230.45, 230.39, 230.5, 230.55, 230.39, 230.39, 230.39, 230.5, 230.55, 230.6, 230.39, 230.45, 230.45, 230.45, 230.55, 230.5, 230.45, 230.39, 230.39, 230.45, 230.45, 230.5, 230.45, 230.34, 230.39, 230.34, 230.45, 230.45, 230.5], "Current": [0.04, 0.04, 0.04, 0.04, 0.04, 0.04, 0.04, 0.04, 0.04, 0.04, 0.04, 0.04, 0.04, 0.04, 0.04, 0.04, 0.04, 0.04, 0.04, 0.04, 0.04, 0.04, 0.04, 0.04, 0.04, 0.04, 0.04, 0.04, 0.04, 0.04, 0.04, 0.04, 0.04, 0.04, 0.04, 0.04, 0.04, 0.04, 0.04, 0.04, 0.04, 0.04, 0.04, 0.04, 0.04], "Real_Power": [3.95, 3.92, 3.93, 3.94, 3.87, 3.85, 3.87, 3.96, 3.9, 3.85, 3.84, 3.86, 3.98, 3.84, 3.94, 3.93, 3.86, 3.88, 3.89, 3.86, 3.86, 4.0, 3.88, 3.92, 4.01, 3.89, 3.94, 3.86, 3.91, 3.89, 3.91, 3.97, 3.94, 3.96, 3.82, 3.92, 3.9, 4.02, 3.95, 3.92, 3.95, 4.02, 3.92, 3.93, 3.85], "Apparent_Power": [9.21, 9.21, 9.21, 9.21, 9.21, 9.21, 9.21, 9.21, 9.21, 9.21, 9.21, 9.21, 9.21, 9.21, 9.21, 9.21, 9.21, 9.21, 9.22, 9.22, 9.21, 9.21, 9.21, 9.22, 9.22, 9.22, 9.21, 9.21, 9.21, 9.21, 9.22, 9.22, 9.21, 9.21, 9.21, 9.21, 9.21, 9.22, 9.21, 9.21, 9.21, 9.21, 9.21, 9.21, 9.22], "Apparent_Power_Reactive": [8.31, 8.33, 8.32, 8.32, 8.35, 8.36, 8.35, 8.31, 8.34, 8.36, 8.37, 8.36, 8.3, 8.37, 8.32, 8.32, 8.36, 8.35, 8.35, 8.37, 8.36, 8.29, 8.35, 8.34, 8.3, 8.35, 8.32, 8.36, 8.33, 8.34, 8.34, 8.32, 8.32, 8.31, 8.38, 8.33, 8.34, 8.29, 8.31, 8.33, 8.31, 8.28, 8.33, 8.32, 8.37], "Power_Factor": [0.428, 0.425, 0.426, 0.427, 0.42, 0.418, 0.42, 0.429, 0.423, 0.418, 0.416, 0.419, 0.432, 0.416, 0.427, 0.426, 0.419, 0.421, 0.421, 0.418, 0.419, 0.434, 0.421, 0.425, 0.434, 0.421, 0.427, 0.419, 0.424, 0.422, 0.424, 0.43, 0.427, 0.429, 0.414, 0.425, 0.423, 0.436, 0.428, 0.425, 0.428, 0.436, 0.425, 0.426, 0.417], "Energy": [0.0, 0.0, 0.0, 0.0, 0.01, 0.01, 0.01, 0.01, 0.01, 0.02, 0.02, 0.02, 0.02, 0.03, 0.03, 0.03, 0.03, 0.03, 0.04, 0.04, 0.04, 0.04, 0.05, 0.05, 0.05, 0.05, 0.05, 0.06, 0.06, 0.06, 0.06, 0.07, 0.07, 0.07, 0.07, 0.07, 0.08, 0.08, 0.08, 0.08, 0.08, 0.09, 0.09, 0.09, 0.09], "Frequency": [49.38, 49.38, 49.38, 49.35, 49.35, 49.35, 49.37, 49.37, 49.37, 49.36, 49.36, 49.36, 49.36, 49.36, 49.36, 49.36, 49.36, 49.36, 49.36, 49.36, 49.36, 49.36, 49.36, 49.36, 49.35, 49.35, 49.35, 49.35, 49.35, 49.35, 49.35, 49.35, 49.35, 49.36, 49.36, 49.36, 49.35, 49.35, 49.35, 49.35, 49.35, 49.35, 49.35, 49.35, 49.35], "Temp_env": []}