{"Start_Time": [1759276007.3698375], "Time": [1759276009.3730147, 1759276011.375774, 1759276013.378222, 1759276015.3807385, 1759276017.3830729, 1759276019.3862631, 1759276021.3888314, 1759276023.3982728, 1759276025.4008107, 1759276027.403194, 1759276029.4131162, 1759276031.416118, 1759276033.418353, 1759276035.4285426, 1759276037.4312677, 1759276039.4338772, 1759276041.4440126, 1759276043.4463332, 1759276045.4490075, 1759276047.4592006, 1759276049.4622717, 1759276051.4649534, 1759276053.4671202, 1759276055.4694262, 1759276057.4724836, 1759276059.4822593, 1759276061.4850771, 1759276063.487485, 1759276065.497168, 1759276067.4997864, 1759276069.5023444, 1759276071.5121477, 1759276073.5145128, 1759276075.5172236, 1759276077.5194368, 1759276079.5216463, 1759276081.5245173, 1759276083.5342677, 1759276085.5367076, 1759276087.5393577, 1759276089.5505042, 1759276091.5533724, 1759276093.5556824, 1759276095.5588007, 1759276097.5613627], "Voltage": [231.97, 231.91, 232.02, 231.97, 231.86, 231.97, 231.97, 231.97, 231.91, 232.07, 232.12, 231.97, 232.02, 232.02, 231.81, 231.91, 231.81, 231.91, 231.76, 231.76, 231.81, 231.7, 231.65, 231.65, 231.65, 231.65, 231.76, 231.7, 231.7, 231.55, 231.65, 231.65, 231.6, 231.6, 231.55, 231.55, 231.55, 231.6, 231.55, 231.6, 231.49, 231.49, 231.49, 231.55, 231.55], "Current": [0.04, 0.04, 0.03, 0.04, 0.04, 0.04, 0.04, 0.04, 0.04, 0.04, 0.04, 0.04, 0.04, 0.04, 0.04, 0.04, 0.04, 0.04, 0.04, 0.04, 0.04, 0.04, 0.03, 0.04, 0.04, 0.04, 0.04, 0.04, 0.04, 0.04, 0.04, 0.04, 0.04, 0.04, 0.04, 0.04, 0.04, 0.04, 0.04, 0.04, 0.04, 0.04, 0.04, 0.04, 0.04], "Real_Power": [3.88, 3.96, 3.93, 4.06, 3.83, 3.9, 3.96, 3.89, 3.86, 3.93, 3.85, 4.01, 3.89, 3.97, 4.02, 3.96, 4.11, 3.93, 3.94, 3.92, 3.85, 3.91, 3.96, 3.89, 3.94, 3.89, 3.84, 3.97, 3.9, 3.95, 3.86, 3.96, 3.91, 3.96, 3.91, 3.89, 3.91, 3.83, 3.83, 3.91, 3.87, 4.0, 3.86, 3.77, 3.92], "Apparent_Power": [9.27, 9.27, 6.96, 9.27, 9.27, 9.27, 9.27, 9.27, 9.27, 9.28, 9.28, 9.27, 9.28, 9.28, 9.27, 9.27, 9.27, 9.27, 9.27, 9.27, 9.27, 9.26, 6.94, 9.26, 9.26, 9.26, 9.27, 9.26, 9.26, 9.26, 9.26, 9.26, 9.26, 9.26, 9.26, 9.26, 9.26, 9.26, 9.26, 9.26, 9.25, 9.25, 9.25, 9.26, 9.26], "Apparent_Power_Reactive": [8.41, 8.38, 5.74, 8.33, 8.44, 8.4, 8.38, 8.41, 8.42, 8.4, 8.44, 8.35, 8.42, 8.38, 8.35, 8.38, 8.3, 8.39, 8.39, 8.4, 8.43, 8.39, 5.69, 8.4, 8.37, 8.4, 8.43, 8.36, 8.39, 8.37, 8.41, 8.37, 8.39, 8.37, 8.39, 8.4, 8.39, 8.43, 8.43, 8.39, 8.4, 8.34, 8.4, 8.45, 8.38], "Power_Factor": [0.418, 0.427, 0.564, 0.437, 0.413, 0.42, 0.427, 0.419, 0.416, 0.423, 0.414, 0.432, 0.419, 0.427, 0.433, 0.427, 0.443, 0.423, 0.425, 0.422, 0.415, 0.422, 0.57, 0.42, 0.425, 0.42, 0.414, 0.428, 0.421, 0.426, 0.416, 0.427, 0.422, 0.427, 0.422, 0.42, 0.422, 0.413, 0.413, 0.422, 0.418, 0.432, 0.417, 0.407, 0.423], "Energy": [0.0, 0.0, 0.0, 0.0, 0.01, 0.01, 0.01, 0.01, 0.01, 0.02, 0.02, 0.02, 0.02, 0.03, 0.03, 0.03, 0.03, 0.03, 0.04, 0.04, 0.04, 0.04, 0.05, 0.05, 0.05, 0.05, 0.05, 0.06, 0.06, 0.06, 0.06, 0.07, 0.07, 0.07, 0.07, 0.07, 0.08, 0.08, 0.08, 0.08, 0.08, 0.09, 0.09, 0.09, 0.09], "Frequency": [49.41, 49.41, 49.41, 49.4, 49.4, 49.4, 49.41, 49.41, 49.41, 49.39, 49.39, 49.39, 49.4, 49.4, 49.4, 49.41, 49.41, 49.41, 49.41, 49.41, 49.41, 49.4, 49.4, 49.4, 49.4, 49.4, 49.4, 49.39, 49.39, 49.39, 49.4, 49.4, 49.4, 49.42, 49.42, 49.42, 49.4, 49.4, 49.4, 49.41, 49.41, 49.41, 49.41, 49.41, 49.41], "Temp_env": []}