{"Start_Time": [1759003459.8341246], "Time": [1759003461.8365738, 1759003463.839438, 1759003465.8422945, 1759003467.8451762, 1759003469.8475056, 1759003471.8504536, 1759003473.8532808, 1759003475.862523, 1759003477.8654444, 1759003479.8685212, 1759003481.8706796, 1759003483.8733706, 1759003485.8759475, 1759003487.878456, 1759003489.8818011, 1759003491.8845248, 1759003493.8870122, 1759003495.8894837, 1759003497.892141, 1759003499.894474, 1759003501.8973167, 1759003503.900158, 1759003505.9030285, 1759003507.9058864, 1759003509.9086552, 1759003511.9112532, 1759003513.9136648, 1759003515.9160514, 1759003517.9187312, 1759003519.92112, 1759003521.9240134, 1759003523.926693, 1759003525.929061, 1759003527.931981, 1759003529.9348154, 1759003531.9371502, 1759003533.9391084, 1759003535.9422445, 1759003537.9452302, 1759003539.9479408, 1759003541.950304, 1759003543.9529996, 1759003545.9553344, 1759003547.9582813, 1759003549.9612577], "Voltage": [230.13, 230.08, 230.08, 229.92, 229.92, 229.97, 229.97, 230.03, 230.18, 230.13, 230.24, 230.13, 230.18, 230.18, 230.18, 230.13, 230.08, 230.08, 230.03, 230.08, 229.97, 230.08, 229.92, 231.13, 231.23, 231.23, 231.13, 231.07, 231.02, 231.18, 231.23, 231.02, 231.18, 231.02, 231.13, 231.23, 231.13, 231.07, 231.13, 231.07, 231.13, 231.13, 231.28, 231.18, 231.23], "Current": [0.04, 0.04, 0.04, 0.04, 0.04, 0.04, 0.04, 0.04, 0.04, 0.04, 0.04, 0.04, 0.04, 0.04, 0.04, 0.04, 0.04, 0.03, 0.04, 0.04, 0.04, 0.04, 0.03, 0.04, 0.04, 0.04, 0.04, 0.04, 0.04, 0.03, 0.04, 0.04, 0.04, 0.04, 0.04, 0.04, 0.04, 0.04, 0.04, 0.04, 0.04, 0.04, 0.04, 0.04, 0.04], "Real_Power": [3.86, 3.85, 3.94, 3.83, 3.88, 3.84, 3.93, 3.85, 3.77, 3.79, 3.95, 3.93, 3.87, 3.9, 3.84, 3.91, 3.84, 3.75, 3.96, 3.86, 3.99, 3.91, 3.73, 3.84, 3.95, 3.81, 3.91, 3.95, 3.94, 3.86, 3.8, 3.95, 3.82, 3.94, 3.8, 4.02, 3.93, 3.9, 3.92, 4.03, 3.92, 3.82, 3.99, 3.97, 3.85], "Apparent_Power": [9.2, 9.2, 9.2, 9.19, 9.19, 9.19, 9.19, 9.2, 9.2, 9.2, 9.2, 9.2, 9.2, 9.2, 9.2, 9.2, 9.2, 6.9, 9.2, 9.2, 9.19, 9.2, 6.89, 9.24, 9.24, 9.24, 9.24, 9.24, 9.24, 6.93, 9.24, 9.24, 9.24, 9.24, 9.24, 9.24, 9.24, 9.24, 9.24, 9.24, 9.24, 9.24, 9.25, 9.24, 9.24], "Apparent_Power_Reactive": [8.35, 8.35, 8.31, 8.35, 8.33, 8.34, 8.3, 8.35, 8.39, 8.38, 8.3, 8.31, 8.34, 8.33, 8.36, 8.32, 8.36, 5.79, 8.3, 8.35, 8.27, 8.32, 5.79, 8.4, 8.35, 8.41, 8.37, 8.35, 8.35, 5.75, 8.42, 8.35, 8.41, 8.35, 8.42, 8.31, 8.36, 8.37, 8.36, 8.31, 8.36, 8.41, 8.34, 8.34, 8.39], "Power_Factor": [0.419, 0.418, 0.428, 0.416, 0.422, 0.417, 0.427, 0.418, 0.409, 0.411, 0.429, 0.427, 0.42, 0.423, 0.417, 0.425, 0.417, 0.543, 0.43, 0.419, 0.434, 0.425, 0.541, 0.415, 0.427, 0.412, 0.423, 0.427, 0.426, 0.556, 0.411, 0.427, 0.413, 0.426, 0.411, 0.435, 0.425, 0.422, 0.424, 0.436, 0.424, 0.413, 0.431, 0.429, 0.416], "Energy": [0.0, 0.0, 0.0, 0.0, 0.01, 0.01, 0.01, 0.01, 0.01, 0.02, 0.02, 0.02, 0.02, 0.03, 0.03, 0.03, 0.03, 0.03, 0.04, 0.04, 0.04, 0.04, 0.05, 0.05, 0.05, 0.05, 0.05, 0.06, 0.06, 0.06, 0.06, 0.06, 0.07, 0.07, 0.07, 0.07, 0.08, 0.08, 0.08, 0.08, 0.08, 0.09, 0.09, 0.09, 0.09], "Frequency": [49.39, 49.39, 49.39, 49.39, 49.38, 49.38, 49.38, 49.37, 49.37, 49.37, 49.39, 49.39, 49.39, 49.4, 49.4, 49.4, 49.39, 49.39, 49.39, 49.4, 49.4, 49.4, 49.4, 49.4, 49.4, 49.38, 49.38, 49.38, 49.38, 49.38, 49.38, 49.37, 49.37, 49.37, 49.37, 49.37, 49.37, 49.38, 49.38, 49.38, 49.37, 49.37, 49.37, 49.39, 49.39], "Temp_env": []}