{"Start_Time": [1758776472.545699], "Time": [1758776474.5480807, 1758776476.5503035, 1758776478.552841, 1758776480.555226, 1758776482.5651422, 1758776484.5678558, 1758776486.5703173, 1758776488.5803204, 1758776490.5831926, 1758776492.5863023, 1758776494.5889153, 1758776496.5916224, 1758776498.5944903, 1758776500.6042528, 1758776502.607311, 1758776504.6106117, 1758776506.62095, 1758776508.6232758, 1758776510.626097, 1758776512.6285026, 1758776514.6314275, 1758776516.6345317, 1758776518.6372404, 1758776520.6409435, 1758776522.6434004, 1758776524.653285, 1758776526.6555965, 1758776528.658322, 1758776530.6683621, 1758776532.671094, 1758776534.6739607, 1758776536.676406, 1758776538.6787653, 1758776540.681644, 1758776542.6844988, 1758776544.687428, 1758776546.6897862, 1758776548.6999726, 1758776550.7024765, 1758776552.7048318, 1758776554.7075703, 1758776556.7099285, 1758776558.7126198, 1758776560.7151494, 1758776562.718074], "Voltage": [230.18, 230.08, 230.03, 230.08, 229.92, 230.03, 229.97, 229.87, 229.92, 229.97, 229.97, 230.13, 229.66, 229.66, 229.66, 229.87, 229.87, 229.92, 229.76, 229.76, 229.82, 229.61, 229.87, 229.66, 229.82, 229.87, 229.82, 229.76, 229.82, 229.76, 229.87, 229.71, 229.82, 229.87, 229.97, 229.82, 229.76, 229.76, 229.76, 229.82, 229.92, 229.87, 229.82, 228.93, 228.82], "Current": [0.04, 0.04, 0.04, 0.04, 0.04, 0.04, 0.04, 0.04, 0.04, 0.04, 0.04, 0.04, 0.04, 0.04, 0.04, 0.04, 0.04, 0.04, 0.04, 0.04, 0.04, 0.04, 0.04, 0.04, 0.04, 0.04, 0.04, 0.04, 0.04, 0.04, 0.04, 0.04, 0.04, 0.04, 0.04, 0.04, 0.04, 0.04, 0.04, 0.04, 0.04, 0.04, 0.04, 0.04, 0.04], "Real_Power": [3.99, 3.92, 3.9, 3.97, 4.03, 4.03, 3.93, 4.04, 3.98, 3.98, 3.93, 4.0, 3.98, 4.05, 3.87, 3.94, 3.88, 4.01, 3.9, 3.95, 3.98, 3.92, 4.01, 3.76, 3.96, 3.92, 3.99, 4.01, 3.92, 4.0, 4.0, 4.0, 3.91, 3.96, 3.99, 3.96, 3.93, 3.93, 4.02, 3.98, 3.99, 3.89, 3.94, 4.03, 3.96], "Apparent_Power": [9.2, 9.2, 9.2, 9.2, 9.19, 9.2, 9.19, 9.19, 9.19, 9.19, 9.19, 9.2, 9.18, 9.18, 9.18, 9.19, 9.19, 9.19, 9.19, 9.19, 9.19, 9.18, 9.19, 9.18, 9.19, 9.19, 9.19, 9.19, 9.19, 9.19, 9.19, 9.18, 9.19, 9.19, 9.19, 9.19, 9.19, 9.19, 9.19, 9.19, 9.19, 9.19, 9.19, 9.15, 9.15], "Apparent_Power_Reactive": [8.28, 8.32, 8.33, 8.29, 8.25, 8.27, 8.3, 8.25, 8.28, 8.28, 8.3, 8.28, 8.27, 8.23, 8.32, 8.3, 8.33, 8.26, 8.32, 8.29, 8.28, 8.3, 8.26, 8.37, 8.29, 8.31, 8.27, 8.26, 8.31, 8.27, 8.27, 8.26, 8.31, 8.29, 8.27, 8.29, 8.3, 8.3, 8.26, 8.28, 8.27, 8.32, 8.3, 8.21, 8.24], "Power_Factor": [0.433, 0.426, 0.423, 0.431, 0.438, 0.438, 0.427, 0.439, 0.433, 0.433, 0.427, 0.434, 0.433, 0.441, 0.421, 0.428, 0.422, 0.436, 0.424, 0.429, 0.433, 0.427, 0.436, 0.409, 0.43, 0.426, 0.434, 0.436, 0.426, 0.435, 0.435, 0.435, 0.425, 0.43, 0.434, 0.43, 0.427, 0.427, 0.437, 0.433, 0.434, 0.423, 0.428, 0.44, 0.432], "Energy": [0.0, 0.0, 0.0, 0.0, 0.01, 0.01, 0.01, 0.01, 0.01, 0.02, 0.02, 0.02, 0.02, 0.03, 0.03, 0.03, 0.03, 0.03, 0.04, 0.04, 0.04, 0.04, 0.05, 0.05, 0.05, 0.05, 0.06, 0.06, 0.06, 0.06, 0.06, 0.07, 0.07, 0.07, 0.07, 0.08, 0.08, 0.08, 0.08, 0.08, 0.09, 0.09, 0.09, 0.09, 0.09], "Frequency": [49.43, 49.43, 49.44, 49.44, 49.44, 49.44, 49.44, 49.44, 49.43, 49.43, 49.43, 49.43, 49.43, 49.43, 49.43, 49.43, 49.43, 49.44, 49.44, 49.44, 49.43, 49.43, 49.43, 49.43, 49.43, 49.43, 49.44, 49.44, 49.44, 49.43, 49.43, 49.43, 49.43, 49.43, 49.43, 49.43, 49.43, 49.43, 49.43, 49.43, 49.43, 49.47, 49.47, 49.47, 49.46], "Temp_env": []}