{"Start_Time": [1758711225.1302042], "Time": [1758711227.1335974, 1758711229.1362953, 1758711231.1393602, 1758711233.1422021, 1758711235.1445732, 1758711237.1474955, 1758711239.1504014, 1758711241.153661, 1758711243.1564867, 1758711245.159543, 1758711247.1622202, 1758711249.1645033, 1758711251.1665945, 1758711253.1692975, 1758711255.171634, 1758711257.174553, 1758711259.1776297, 1758711261.1806917, 1758711263.1835434, 1758711265.1866522, 1758711267.1895492, 1758711269.1921244, 1758711271.1949646, 1758711273.1975033, 1758711275.2006977, 1758711277.2027857, 1758711279.2054977, 1758711281.208607, 1758711283.2111495, 1758711285.214066, 1758711287.2167485, 1758711289.2189317, 1758711291.2217119, 1758711293.2240198, 1758711295.2267153, 1758711297.228983, 1758711299.2316368, 1758711301.23415, 1758711303.2366743, 1758711305.2397254, 1758711307.242051, 1758711309.2447524, 1758711311.2471087, 1758711313.2498288, 1758711315.252172], "Voltage": [230.45, 230.45, 230.34, 230.39, 230.6, 230.39, 230.5, 230.45, 230.5, 230.55, 230.6, 230.39, 230.39, 230.29, 230.34, 230.29, 230.24, 230.39, 230.71, 230.55, 230.5, 230.6, 230.45, 230.45, 230.39, 230.34, 230.55, 230.39, 230.55, 230.24, 230.45, 230.55, 230.55, 230.39, 230.39, 230.39, 230.55, 230.66, 230.6, 230.45, 230.5, 230.5, 230.6, 230.66, 230.6], "Current": [0.04, 0.04, 0.04, 0.04, 0.04, 0.04, 0.04, 0.04, 0.04, 0.04, 0.04, 0.04, 0.04, 0.04, 0.04, 0.04, 0.04, 0.04, 0.04, 0.04, 0.04, 0.04, 0.04, 0.04, 0.04, 0.04, 0.04, 0.04, 0.04, 0.04, 0.04, 0.04, 0.04, 0.04, 0.04, 0.04, 0.04, 0.04, 0.04, 0.04, 0.04, 0.04, 0.04, 0.04, 0.04], "Real_Power": [4.01, 4.05, 4.08, 4.09, 3.94, 3.99, 3.94, 3.83, 3.91, 4.04, 3.94, 3.98, 3.91, 4.02, 3.91, 4.02, 3.96, 4.0, 3.99, 4.03, 3.97, 3.9, 4.03, 4.03, 4.03, 4.1, 4.0, 3.96, 3.92, 4.03, 3.97, 4.06, 4.02, 3.91, 4.03, 3.97, 3.98, 3.89, 4.02, 3.96, 4.06, 3.99, 3.91, 3.92, 3.92], "Apparent_Power": [9.21, 9.21, 9.21, 9.21, 9.22, 9.21, 9.22, 9.21, 9.22, 9.22, 9.22, 9.21, 9.21, 9.21, 9.21, 9.21, 9.2, 9.21, 9.22, 9.22, 9.22, 9.22, 9.21, 9.21, 9.21, 9.21, 9.22, 9.21, 9.22, 9.2, 9.21, 9.22, 9.22, 9.21, 9.21, 9.21, 9.22, 9.22, 9.22, 9.21, 9.22, 9.22, 9.22, 9.22, 9.22], "Apparent_Power_Reactive": [8.29, 8.27, 8.25, 8.25, 8.33, 8.3, 8.33, 8.37, 8.34, 8.28, 8.33, 8.3, 8.33, 8.28, 8.33, 8.28, 8.3, 8.29, 8.31, 8.29, 8.32, 8.35, 8.28, 8.28, 8.28, 8.24, 8.3, 8.31, 8.34, 8.27, 8.31, 8.27, 8.29, 8.33, 8.28, 8.31, 8.31, 8.35, 8.29, 8.31, 8.27, 8.31, 8.34, 8.34, 8.34], "Power_Factor": [0.435, 0.439, 0.442, 0.444, 0.427, 0.433, 0.427, 0.415, 0.424, 0.438, 0.427, 0.432, 0.424, 0.436, 0.424, 0.436, 0.43, 0.434, 0.432, 0.437, 0.43, 0.422, 0.437, 0.437, 0.437, 0.445, 0.433, 0.429, 0.425, 0.438, 0.431, 0.44, 0.436, 0.424, 0.437, 0.431, 0.431, 0.421, 0.436, 0.429, 0.44, 0.432, 0.424, 0.425, 0.425], "Energy": [0.0, 0.0, 0.0, 0.0, 0.01, 0.01, 0.01, 0.01, 0.02, 0.02, 0.02, 0.02, 0.02, 0.03, 0.03, 0.03, 0.03, 0.04, 0.04, 0.04, 0.04, 0.04, 0.05, 0.05, 0.05, 0.05, 0.06, 0.06, 0.06, 0.06, 0.06, 0.07, 0.07, 0.07, 0.07, 0.08, 0.08, 0.08, 0.08, 0.08, 0.09, 0.09, 0.09, 0.09, 0.1], "Frequency": [49.41, 49.41, 49.39, 49.39, 49.39, 49.41, 49.41, 49.41, 49.4, 49.4, 49.4, 49.41, 49.41, 49.41, 49.39, 49.39, 49.39, 49.39, 49.39, 49.39, 49.4, 49.4, 49.4, 49.39, 49.39, 49.39, 49.38, 49.38, 49.38, 49.38, 49.38, 49.38, 49.39, 49.39, 49.39, 49.39, 49.39, 49.39, 49.4, 49.4, 49.4, 49.42, 49.42, 49.42, 49.43], "Temp_env": []}