{"Start_Time": [1759039911.7849576], "Time": [1759039913.7875853, 1759039915.7906168, 1759039917.7928832, 1759039919.7956326, 1759039921.7979927, 1759039923.8006618, 1759039925.802882, 1759039927.8060544, 1759039929.8080993, 1759039931.810803, 1759039933.8129745, 1759039935.8158667, 1759039937.818769, 1759039939.8210864, 1759039941.8240707, 1759039943.8271394, 1759039945.8298388, 1759039947.8322802, 1759039949.8349867, 1759039951.8383276, 1759039953.8412693, 1759039955.8439221, 1759039957.8462753, 1759039959.8489408, 1759039961.8512917, 1759039963.8539689, 1759039965.8563082, 1759039967.8592668, 1759039969.862485, 1759039971.865305, 1759039973.8681822, 1759039975.870336, 1759039977.87845, 1759039979.8815005, 1759039981.88439, 1759039983.8864756, 1759039985.8894155, 1759039987.892715, 1759039989.8952875, 1759039991.897621, 1759039993.9003255, 1759039995.903157, 1759039997.9060085, 1759039999.9085653, 1759040001.9117343], "Voltage": [231.02, 231.07, 231.07, 231.13, 231.07, 230.97, 230.92, 231.02, 231.02, 231.07, 231.02, 231.02, 230.97, 230.97, 231.02, 230.97, 230.97, 231.02, 230.97, 230.97, 230.92, 230.97, 231.07, 231.07, 231.07, 231.23, 230.97, 231.07, 230.97, 230.97, 230.86, 230.92, 231.02, 230.92, 230.92, 230.92, 231.02, 231.07, 230.92, 230.97, 230.97, 231.02, 230.97, 231.02, 231.02], "Current": [0.04, 0.04, 0.04, 0.04, 0.04, 0.04, 0.04, 0.04, 0.04, 0.04, 0.04, 0.04, 0.04, 0.04, 0.04, 0.04, 0.04, 0.04, 0.04, 0.04, 0.04, 0.04, 0.04, 0.04, 0.04, 0.04, 0.04, 0.04, 0.04, 0.04, 0.04, 0.04, 0.04, 0.04, 0.04, 0.04, 0.04, 0.04, 0.04, 0.04, 0.04, 0.04, 0.04, 0.04, 0.04], "Real_Power": [3.96, 3.93, 3.92, 3.83, 3.87, 3.85, 3.82, 3.92, 3.81, 3.94, 3.92, 3.84, 3.88, 3.87, 3.95, 3.96, 3.88, 3.83, 3.94, 3.96, 3.82, 3.95, 3.88, 3.97, 3.93, 3.98, 3.87, 4.01, 3.95, 3.9, 3.94, 3.98, 3.97, 3.84, 3.94, 3.93, 3.92, 3.88, 3.96, 3.91, 3.87, 3.84, 3.98, 3.83, 3.95], "Apparent_Power": [9.24, 9.24, 9.24, 9.24, 9.24, 9.23, 9.23, 9.24, 9.24, 9.24, 9.24, 9.24, 9.23, 9.23, 9.24, 9.23, 9.23, 9.24, 9.23, 9.23, 9.23, 9.23, 9.24, 9.24, 9.24, 9.24, 9.23, 9.24, 9.23, 9.23, 9.23, 9.23, 9.24, 9.23, 9.23, 9.23, 9.24, 9.24, 9.23, 9.23, 9.23, 9.24, 9.23, 9.24, 9.24], "Apparent_Power_Reactive": [8.34, 8.36, 8.36, 8.4, 8.39, 8.38, 8.4, 8.36, 8.41, 8.35, 8.36, 8.4, 8.37, 8.37, 8.35, 8.33, 8.37, 8.4, 8.34, 8.33, 8.4, 8.34, 8.38, 8.34, 8.36, 8.33, 8.37, 8.32, 8.34, 8.36, 8.34, 8.32, 8.34, 8.39, 8.34, 8.35, 8.36, 8.38, 8.33, 8.36, 8.37, 8.4, 8.32, 8.4, 8.35], "Power_Factor": [0.428, 0.425, 0.424, 0.414, 0.418, 0.417, 0.413, 0.424, 0.412, 0.426, 0.424, 0.415, 0.42, 0.419, 0.427, 0.429, 0.42, 0.414, 0.426, 0.429, 0.413, 0.427, 0.419, 0.429, 0.425, 0.43, 0.419, 0.433, 0.427, 0.422, 0.426, 0.431, 0.429, 0.416, 0.426, 0.425, 0.424, 0.419, 0.429, 0.423, 0.419, 0.415, 0.431, 0.414, 0.427], "Energy": [0.0, 0.0, 0.0, 0.0, 0.01, 0.01, 0.01, 0.01, 0.01, 0.02, 0.02, 0.02, 0.02, 0.03, 0.03, 0.03, 0.03, 0.03, 0.04, 0.04, 0.04, 0.04, 0.05, 0.05, 0.05, 0.05, 0.05, 0.06, 0.06, 0.06, 0.06, 0.07, 0.07, 0.07, 0.07, 0.07, 0.08, 0.08, 0.08, 0.08, 0.08, 0.09, 0.09, 0.09, 0.09], "Frequency": [49.44, 49.43, 49.43, 49.43, 49.45, 49.45, 49.45, 49.44, 49.44, 49.44, 49.43, 49.43, 49.43, 49.43, 49.43, 49.43, 49.43, 49.43, 49.43, 49.43, 49.43, 49.43, 49.42, 49.42, 49.42, 49.43, 49.43, 49.43, 49.45, 49.45, 49.45, 49.46, 49.46, 49.46, 49.46, 49.46, 49.46, 49.47, 49.47, 49.47, 49.47, 49.47, 49.47, 49.46, 49.46], "Temp_env": []}