{"Start_Time": [1759345031.8823905], "Time": [1759345033.884487, 1759345035.887556, 1759345037.8904004, 1759345039.893215, 1759345041.8955474, 1759345043.8982418, 1759345045.9005246, 1759345047.9025016, 1759345049.9056017, 1759345051.908473, 1759345053.9106042, 1759345055.9135501, 1759345057.915963, 1759345059.9183614, 1759345061.9207718, 1759345063.923425, 1759345065.9265761, 1759345067.9296095, 1759345069.932541, 1759345071.9349866, 1759345073.937678, 1759345075.9407377, 1759345077.9428387, 1759345079.9455173, 1759345081.9482167, 1759345083.9510653, 1759345085.953921, 1759345087.9566286, 1759345089.9588866, 1759345091.9616337, 1759345093.9647467, 1759345095.9672866, 1759345097.9701524, 1759345099.972944, 1759345101.9756706, 1759345103.9786463, 1759345105.981035, 1759345107.9837499, 1759345109.9861126, 1759345111.9890685, 1759345113.992125, 1759345115.994835, 1759345117.998137, 1759345120.00087, 1759345122.0031908], "Voltage": [230.03, 230.13, 230.03, 230.13, 230.03, 230.08, 230.03, 229.92, 229.92, 229.97, 229.97, 230.03, 229.92, 229.97, 230.08, 230.03, 229.97, 230.08, 230.03, 230.08, 230.03, 230.03, 229.97, 230.03, 230.03, 229.92, 229.92, 229.97, 229.87, 229.92, 229.82, 229.87, 229.87, 229.87, 229.87, 229.76, 229.82, 229.76, 229.87, 229.87, 229.92, 229.97, 229.82, 229.92, 229.87], "Current": [0.04, 0.04, 0.04, 0.04, 0.04, 0.04, 0.04, 0.04, 0.04, 0.04, 0.04, 0.04, 0.04, 0.04, 0.04, 0.04, 0.04, 0.04, 0.04, 0.04, 0.04, 0.04, 0.04, 0.04, 0.04, 0.04, 0.04, 0.04, 0.04, 0.04, 0.04, 0.04, 0.04, 0.04, 0.04, 0.04, 0.04, 0.04, 0.04, 0.04, 0.04, 0.04, 0.04, 0.04, 0.04], "Real_Power": [3.93, 3.92, 4.0, 3.88, 3.79, 3.89, 4.0, 3.97, 3.92, 3.98, 3.92, 3.92, 3.92, 3.96, 4.06, 3.98, 3.86, 4.0, 3.87, 3.99, 3.96, 3.93, 3.87, 3.83, 3.99, 3.91, 3.89, 3.9, 4.0, 3.81, 3.86, 3.99, 4.11, 3.96, 3.89, 3.82, 4.12, 4.03, 3.9, 4.03, 4.02, 3.93, 4.06, 3.9, 4.01], "Apparent_Power": [9.2, 9.2, 9.2, 9.2, 9.2, 9.2, 9.2, 9.19, 9.19, 9.19, 9.19, 9.2, 9.19, 9.19, 9.2, 9.2, 9.19, 9.2, 9.2, 9.2, 9.2, 9.2, 9.19, 9.2, 9.2, 9.19, 9.19, 9.19, 9.19, 9.19, 9.19, 9.19, 9.19, 9.19, 9.19, 9.19, 9.19, 9.19, 9.19, 9.19, 9.19, 9.19, 9.19, 9.19, 9.19], "Apparent_Power_Reactive": [8.31, 8.32, 8.28, 8.34, 8.38, 8.33, 8.28, 8.28, 8.31, 8.28, 8.31, 8.32, 8.31, 8.29, 8.25, 8.29, 8.34, 8.28, 8.34, 8.28, 8.3, 8.31, 8.33, 8.36, 8.28, 8.31, 8.32, 8.32, 8.27, 8.36, 8.34, 8.27, 8.21, 8.29, 8.32, 8.35, 8.21, 8.25, 8.32, 8.25, 8.26, 8.3, 8.24, 8.32, 8.26], "Power_Factor": [0.427, 0.426, 0.434, 0.421, 0.411, 0.422, 0.434, 0.431, 0.426, 0.433, 0.426, 0.426, 0.426, 0.43, 0.441, 0.432, 0.42, 0.434, 0.42, 0.433, 0.43, 0.427, 0.421, 0.416, 0.433, 0.425, 0.423, 0.424, 0.435, 0.414, 0.42, 0.434, 0.447, 0.43, 0.423, 0.415, 0.448, 0.438, 0.424, 0.438, 0.437, 0.427, 0.441, 0.424, 0.436], "Energy": [0.0, 0.0, 0.0, 0.0, 0.01, 0.01, 0.01, 0.01, 0.01, 0.02, 0.02, 0.02, 0.02, 0.03, 0.03, 0.03, 0.03, 0.03, 0.04, 0.04, 0.04, 0.04, 0.05, 0.05, 0.05, 0.05, 0.05, 0.06, 0.06, 0.06, 0.06, 0.07, 0.07, 0.07, 0.07, 0.07, 0.08, 0.08, 0.08, 0.08, 0.09, 0.09, 0.09, 0.09, 0.1], "Frequency": [49.43, 49.43, 49.43, 49.43, 49.43, 49.43, 49.43, 49.43, 49.43, 49.43, 49.43, 49.43, 49.43, 49.42, 49.42, 49.42, 49.43, 49.43, 49.43, 49.43, 49.43, 49.43, 49.43, 49.43, 49.43, 49.43, 49.43, 49.43, 49.42, 49.42, 49.42, 49.42, 49.42, 49.42, 49.41, 49.41, 49.41, 49.42, 49.42, 49.42, 49.41, 49.41, 49.41, 49.41, 49.41], "Temp_env": []}