{"Start_Time": [1759328694.730193], "Time": [1759328696.7325337, 1759328698.7354422, 1759328700.7382965, 1759328702.7415094, 1759328704.7443273, 1759328706.7471862, 1759328708.7493615, 1759328710.7516863, 1759328712.754618, 1759328714.7572393, 1759328716.7595618, 1759328718.7625175, 1759328720.7724226, 1759328722.774474, 1759328724.7773123, 1759328726.7796302, 1759328728.782327, 1759328730.7846558, 1759328732.7875981, 1759328734.7909157, 1759328736.7937107, 1759328738.7965164, 1759328740.7986727, 1759328742.8017137, 1759328744.8116865, 1759328746.8145182, 1759328748.8178742, 1759328750.8205924, 1759328752.8228834, 1759328754.8255708, 1759328756.8286548, 1759328758.8311534, 1759328760.833676, 1759328762.8366013, 1759328764.8391623, 1759328766.841805, 1759328768.8446634, 1759328770.8472898, 1759328772.850147, 1759328774.852844, 1759328776.8552272, 1759328778.857919, 1759328780.8607564, 1759328782.8630028, 1759328784.8663154], "Voltage": [228.82, 228.87, 228.87, 228.93, 228.87, 228.77, 228.77, 228.77, 228.72, 228.72, 228.61, 228.56, 228.51, 228.66, 228.61, 228.56, 228.56, 228.61, 228.61, 228.61, 228.45, 228.51, 228.4, 228.51, 228.61, 228.35, 228.45, 228.35, 228.3, 228.04, 228.04, 228.14, 228.14, 228.09, 228.09, 228.09, 227.98, 228.04, 228.04, 228.04, 228.04, 228.14, 228.14, 228.19, 227.98], "Current": [0.04, 0.04, 0.04, 0.04, 0.04, 0.04, 0.04, 0.04, 0.04, 0.04, 0.04, 0.04, 0.04, 0.04, 0.04, 0.04, 0.04, 0.04, 0.04, 0.04, 0.04, 0.04, 0.04, 0.04, 0.04, 0.04, 0.04, 0.04, 0.04, 0.04, 0.04, 0.04, 0.04, 0.04, 0.04, 0.04, 0.04, 0.04, 0.04, 0.04, 0.04, 0.04, 0.04, 0.04, 0.04], "Real_Power": [3.95, 4.04, 4.05, 4.01, 3.92, 3.93, 4.06, 4.0, 4.06, 4.12, 4.09, 4.05, 3.96, 4.02, 3.92, 4.01, 4.05, 4.0, 4.01, 4.07, 4.07, 4.07, 4.02, 4.08, 4.01, 4.13, 4.04, 4.12, 3.93, 4.02, 4.01, 4.03, 4.03, 4.04, 4.05, 4.07, 3.97, 4.04, 4.02, 3.98, 3.96, 4.02, 4.1, 4.05, 3.95], "Apparent_Power": [9.15, 9.15, 9.15, 9.15, 9.15, 9.15, 9.15, 9.15, 9.14, 9.14, 9.14, 9.14, 9.14, 9.14, 9.14, 9.14, 9.14, 9.14, 9.14, 9.14, 9.13, 9.14, 9.13, 9.14, 9.14, 9.13, 9.13, 9.13, 9.13, 9.12, 9.12, 9.12, 9.12, 9.12, 9.12, 9.12, 9.11, 9.12, 9.12, 9.12, 9.12, 9.12, 9.12, 9.12, 9.11], "Apparent_Power_Reactive": [8.25, 8.2, 8.2, 8.22, 8.26, 8.26, 8.19, 8.22, 8.18, 8.15, 8.17, 8.19, 8.23, 8.2, 8.25, 8.21, 8.19, 8.21, 8.21, 8.18, 8.17, 8.18, 8.19, 8.17, 8.21, 8.14, 8.18, 8.14, 8.24, 8.18, 8.19, 8.18, 8.18, 8.17, 8.17, 8.16, 8.19, 8.17, 8.18, 8.2, 8.21, 8.18, 8.14, 8.17, 8.2], "Power_Factor": [0.431, 0.441, 0.442, 0.438, 0.428, 0.429, 0.443, 0.437, 0.444, 0.45, 0.447, 0.443, 0.433, 0.439, 0.428, 0.438, 0.443, 0.437, 0.438, 0.445, 0.445, 0.445, 0.44, 0.446, 0.438, 0.452, 0.442, 0.451, 0.43, 0.44, 0.439, 0.441, 0.441, 0.442, 0.444, 0.446, 0.435, 0.442, 0.44, 0.436, 0.434, 0.44, 0.449, 0.444, 0.433], "Energy": [0.0, 0.0, 0.0, 0.0, 0.01, 0.01, 0.01, 0.01, 0.02, 0.02, 0.02, 0.02, 0.02, 0.03, 0.03, 0.03, 0.03, 0.04, 0.04, 0.04, 0.04, 0.04, 0.05, 0.05, 0.05, 0.05, 0.06, 0.06, 0.06, 0.06, 0.07, 0.07, 0.07, 0.07, 0.07, 0.08, 0.08, 0.08, 0.08, 0.09, 0.09, 0.09, 0.09, 0.09, 0.1], "Frequency": [49.36, 49.36, 49.36, 49.36, 49.37, 49.37, 49.37, 49.36, 49.36, 49.36, 49.36, 49.36, 49.36, 49.36, 49.36, 49.36, 49.37, 49.37, 49.37, 49.35, 49.35, 49.35, 49.36, 49.36, 49.36, 49.35, 49.35, 49.35, 49.36, 49.36, 49.36, 49.36, 49.36, 49.36, 49.39, 49.39, 49.39, 49.37, 49.37, 49.37, 49.38, 49.38, 49.38, 49.38, 49.38], "Temp_env": []}