{"Start_Time": [1759322977.1623204], "Time": [1759322979.1647718, 1759322981.1679153, 1759322983.1707332, 1759322985.1729286, 1759322987.1749268, 1759322989.1778693, 1759322991.18079, 1759322993.1832309, 1759322995.1862764, 1759322997.1888862, 1759322999.1914778, 1759323001.1940246, 1759323003.196623, 1759323005.1994424, 1759323007.202419, 1759323009.2053692, 1759323011.2084227, 1759323013.2115164, 1759323015.2144933, 1759323017.2177227, 1759323019.220362, 1759323021.2229545, 1759323023.225448, 1759323025.2277024, 1759323027.230749, 1759323029.233971, 1759323031.2369723, 1759323033.2398653, 1759323035.242608, 1759323037.2449813, 1759323039.2479873, 1759323041.2512336, 1759323043.254105, 1759323045.257275, 1759323047.2601645, 1759323049.2628965, 1759323051.2660131, 1759323053.268942, 1759323055.2712874, 1759323057.2734299, 1759323059.2764294, 1759323061.2793303, 1759323063.2825117, 1759323065.2851436, 1759323067.2875948], "Voltage": [229.97, 230.08, 229.92, 229.76, 229.97, 229.92, 229.82, 230.08, 229.87, 229.87, 229.92, 229.92, 229.97, 229.87, 229.97, 229.87, 229.97, 229.97, 229.82, 229.24, 229.45, 229.14, 229.08, 228.82, 228.82, 228.82, 228.72, 228.72, 228.72, 228.66, 228.66, 228.72, 228.56, 228.72, 228.82, 228.82, 228.87, 228.93, 228.87, 228.87, 228.93, 228.98, 228.98, 228.98, 228.93], "Current": [0.04, 0.04, 0.04, 0.04, 0.04, 0.04, 0.04, 0.04, 0.04, 0.04, 0.04, 0.04, 0.04, 0.04, 0.04, 0.04, 0.04, 0.04, 0.04, 0.04, 0.04, 0.04, 0.04, 0.04, 0.04, 0.04, 0.04, 0.04, 0.04, 0.04, 0.04, 0.04, 0.04, 0.04, 0.04, 0.04, 0.04, 0.04, 0.04, 0.04, 0.04, 0.04, 0.04, 0.04, 0.04], "Real_Power": [3.96, 4.02, 4.06, 4.06, 3.93, 4.09, 3.9, 3.96, 4.07, 4.03, 4.0, 3.91, 4.01, 4.04, 4.04, 4.0, 4.01, 3.91, 4.05, 3.99, 4.05, 3.95, 4.01, 3.99, 3.94, 3.92, 4.08, 4.07, 4.0, 4.05, 4.06, 4.12, 4.09, 3.96, 4.04, 3.99, 4.01, 4.05, 4.02, 4.0, 4.0, 4.07, 4.05, 3.95, 3.95], "Apparent_Power": [9.19, 9.2, 9.19, 9.19, 9.19, 9.19, 9.19, 9.2, 9.19, 9.19, 9.19, 9.19, 9.19, 9.19, 9.19, 9.19, 9.19, 9.19, 9.19, 9.16, 9.17, 9.16, 9.16, 9.15, 9.15, 9.15, 9.14, 9.14, 9.14, 9.14, 9.14, 9.14, 9.14, 9.14, 9.15, 9.15, 9.15, 9.15, 9.15, 9.15, 9.15, 9.15, 9.15, 9.15, 9.15], "Apparent_Power_Reactive": [8.29, 8.27, 8.24, 8.24, 8.3, 8.22, 8.32, 8.3, 8.23, 8.25, 8.27, 8.31, 8.26, 8.25, 8.25, 8.27, 8.26, 8.31, 8.24, 8.24, 8.22, 8.26, 8.23, 8.23, 8.25, 8.26, 8.17, 8.18, 8.21, 8.19, 8.18, 8.15, 8.17, 8.23, 8.2, 8.23, 8.22, 8.2, 8.21, 8.22, 8.22, 8.19, 8.2, 8.25, 8.25], "Power_Factor": [0.43, 0.436, 0.441, 0.441, 0.427, 0.445, 0.424, 0.43, 0.442, 0.438, 0.435, 0.425, 0.436, 0.439, 0.439, 0.435, 0.436, 0.425, 0.44, 0.435, 0.441, 0.431, 0.437, 0.436, 0.43, 0.428, 0.446, 0.445, 0.437, 0.443, 0.444, 0.45, 0.447, 0.433, 0.441, 0.436, 0.438, 0.442, 0.439, 0.437, 0.437, 0.444, 0.442, 0.431, 0.431], "Energy": [0.0, 0.0, 0.0, 0.0, 0.01, 0.01, 0.01, 0.01, 0.02, 0.02, 0.02, 0.02, 0.02, 0.03, 0.03, 0.03, 0.03, 0.04, 0.04, 0.04, 0.04, 0.04, 0.05, 0.05, 0.05, 0.05, 0.06, 0.06, 0.06, 0.06, 0.06, 0.07, 0.07, 0.07, 0.07, 0.08, 0.08, 0.08, 0.08, 0.09, 0.09, 0.09, 0.09, 0.09, 0.1], "Frequency": [49.35, 49.35, 49.35, 49.35, 49.35, 49.37, 49.37, 49.37, 49.37, 49.37, 49.37, 49.37, 49.37, 49.37, 49.36, 49.36, 49.36, 49.35, 49.35, 49.35, 49.35, 49.35, 49.35, 49.35, 49.35, 49.35, 49.36, 49.36, 49.36, 49.36, 49.36, 49.36, 49.37, 49.37, 49.37, 49.37, 49.37, 49.37, 49.37, 49.37, 49.37, 49.39, 49.39, 49.39, 49.37], "Temp_env": []}