{"Start_Time": [1758862344.770046], "Time": [1758862346.7725704, 1758862348.775295, 1758862350.7783825, 1758862352.7816021, 1758862354.7917392, 1758862356.794166, 1758862358.7965288, 1758862360.7994955, 1758862362.8024933, 1758862364.8055713, 1758862366.8085043, 1758862368.811775, 1758862370.8143792, 1758862372.8167336, 1758862374.819673, 1758862376.8226397, 1758862378.825726, 1758862380.8284283, 1758862382.8307805, 1758862384.8334875, 1758862386.8358333, 1758862388.8385723, 1758862390.8421445, 1758862392.8449948, 1758862394.8478398, 1758862396.8506207, 1758862398.8528948, 1758862400.8556266, 1758862402.8579898, 1758862404.8606827, 1758862406.8631504, 1758862408.8658526, 1758862410.868649, 1758862412.8710365, 1758862414.8737261, 1758862416.8760972, 1758862418.8791761, 1758862420.8861263, 1758862422.8890793, 1758862424.8921964, 1758862426.894801, 1758862428.8971915, 1758862430.9002957, 1758862432.9023306, 1758862434.9052908], "Voltage": [228.66, 228.72, 228.61, 228.66, 228.77, 228.82, 228.77, 228.77, 228.82, 228.77, 228.82, 228.87, 228.93, 229.03, 228.98, 228.77, 228.98, 228.93, 228.72, 228.82, 228.72, 228.77, 228.77, 228.66, 228.66, 228.51, 228.56, 228.51, 229.66, 229.55, 229.45, 229.55, 229.4, 229.61, 229.55, 229.66, 229.76, 229.55, 229.45, 229.66, 229.5, 229.71, 229.66, 229.71, 229.76], "Current": [0.04, 0.04, 0.04, 0.04, 0.04, 0.04, 0.04, 0.04, 0.04, 0.04, 0.04, 0.04, 0.04, 0.04, 0.04, 0.04, 0.04, 0.04, 0.04, 0.04, 0.04, 0.04, 0.04, 0.04, 0.04, 0.04, 0.04, 0.04, 0.04, 0.04, 0.04, 0.04, 0.04, 0.04, 0.04, 0.04, 0.04, 0.04, 0.04, 0.04, 0.04, 0.04, 0.04, 0.04, 0.04], "Real_Power": [3.9, 3.93, 4.03, 4.01, 3.95, 3.9, 3.79, 3.99, 4.07, 4.01, 3.98, 3.91, 4.01, 4.03, 3.99, 3.99, 4.03, 3.89, 4.01, 3.92, 4.1, 3.95, 4.0, 3.98, 3.94, 4.07, 3.94, 3.99, 3.92, 3.88, 3.89, 3.84, 3.87, 3.94, 3.89, 3.99, 3.96, 3.93, 3.94, 3.97, 4.03, 3.9, 3.87, 3.99, 4.0], "Apparent_Power": [9.14, 9.14, 9.14, 9.14, 9.15, 9.15, 9.15, 9.15, 9.15, 9.15, 9.15, 9.15, 9.15, 9.16, 9.15, 9.15, 9.15, 9.15, 9.14, 9.15, 9.14, 9.15, 9.15, 9.14, 9.14, 9.14, 9.14, 9.14, 9.18, 9.18, 9.17, 9.18, 9.17, 9.18, 9.18, 9.18, 9.19, 9.18, 9.17, 9.18, 9.18, 9.18, 9.18, 9.18, 9.19], "Apparent_Power_Reactive": [8.26, 8.25, 8.2, 8.21, 8.25, 8.27, 8.32, 8.23, 8.19, 8.22, 8.23, 8.27, 8.22, 8.22, 8.23, 8.23, 8.21, 8.28, 8.21, 8.26, 8.16, 8.25, 8.22, 8.22, 8.24, 8.18, 8.24, 8.22, 8.3, 8.31, 8.3, 8.33, 8.31, 8.29, 8.31, 8.26, 8.29, 8.29, 8.28, 8.27, 8.24, 8.31, 8.32, 8.26, 8.27], "Power_Factor": [0.426, 0.429, 0.44, 0.438, 0.431, 0.426, 0.414, 0.436, 0.444, 0.438, 0.434, 0.427, 0.438, 0.439, 0.436, 0.436, 0.44, 0.425, 0.438, 0.428, 0.448, 0.431, 0.437, 0.435, 0.431, 0.445, 0.431, 0.436, 0.427, 0.422, 0.424, 0.418, 0.422, 0.429, 0.423, 0.434, 0.43, 0.428, 0.429, 0.432, 0.438, 0.424, 0.421, 0.434, 0.435], "Energy": [0.0, 0.0, 0.0, 0.0, 0.01, 0.01, 0.01, 0.01, 0.01, 0.02, 0.02, 0.02, 0.02, 0.03, 0.03, 0.03, 0.03, 0.04, 0.04, 0.04, 0.04, 0.04, 0.05, 0.05, 0.05, 0.05, 0.06, 0.06, 0.06, 0.06, 0.06, 0.07, 0.07, 0.07, 0.07, 0.08, 0.08, 0.08, 0.08, 0.08, 0.09, 0.09, 0.09, 0.09, 0.1], "Frequency": [49.39, 49.39, 49.39, 49.39, 49.39, 49.39, 49.41, 49.41, 49.41, 49.43, 49.43, 49.43, 49.45, 49.45, 49.45, 49.45, 49.45, 49.45, 49.41, 49.41, 49.41, 49.4, 49.4, 49.4, 49.39, 49.39, 49.39, 49.39, 49.39, 49.39, 49.38, 49.38, 49.38, 49.38, 49.38, 49.38, 49.38, 49.38, 49.38, 49.39, 49.39, 49.39, 49.39, 49.39, 49.39], "Temp_env": []}