{"Start_Time": [1759048387.6666167], "Time": [1759048389.6689677, 1759048391.6715207, 1759048393.6738777, 1759048395.6761649, 1759048397.6863282, 1759048399.689169, 1759048401.6920202, 1759048403.702055, 1759048405.7046587, 1759048407.7070966, 1759048409.7098956, 1759048411.7121623, 1759048413.7151783, 1759048415.7181938, 1759048417.7207644, 1759048419.7231505, 1759048421.732947, 1759048423.735277, 1759048425.738354, 1759048427.7403271, 1759048429.743266, 1759048431.746383, 1759048433.7491717, 1759048435.7512605, 1759048437.7544918, 1759048439.7571156, 1759048441.7594154, 1759048443.7623556, 1759048445.7722895, 1759048447.7753582, 1759048449.7781138, 1759048451.7804754, 1759048453.7834158, 1759048455.7866764, 1759048457.789304, 1759048459.7919433, 1759048461.7947986, 1759048463.7973113, 1759048465.7996838, 1759048467.8023822, 1759048469.8047361, 1759048471.8070946, 1759048473.8093822, 1759048475.81194, 1759048477.8146737], "Voltage": [230.76, 230.81, 230.86, 230.81, 230.76, 230.86, 230.97, 231.13, 231.02, 231.07, 231.23, 231.34, 231.28, 231.39, 231.49, 231.44, 231.44, 231.55, 231.44, 231.44, 231.39, 231.49, 231.39, 231.39, 231.39, 231.39, 231.44, 231.44, 231.44, 231.44, 231.39, 231.49, 231.23, 231.23, 231.34, 231.23, 231.28, 231.18, 230.97, 231.18, 231.02, 231.07, 231.07, 231.13, 231.02], "Current": [0.04, 0.04, 0.04, 0.04, 0.04, 0.04, 0.04, 0.04, 0.04, 0.04, 0.04, 0.04, 0.04, 0.04, 0.04, 0.04, 0.04, 0.04, 0.04, 0.04, 0.04, 0.04, 0.04, 0.04, 0.04, 0.04, 0.04, 0.04, 0.04, 0.04, 0.04, 0.04, 0.04, 0.04, 0.04, 0.04, 0.04, 0.04, 0.04, 0.04, 0.04, 0.04, 0.04, 0.04, 0.04], "Real_Power": [3.77, 3.81, 3.9, 3.98, 3.86, 3.85, 3.82, 4.01, 3.91, 3.87, 3.84, 3.88, 3.94, 3.86, 3.89, 3.87, 3.89, 3.85, 3.85, 3.94, 3.85, 3.91, 3.87, 3.9, 3.88, 4.04, 3.94, 3.78, 3.82, 3.95, 3.91, 4.03, 3.86, 3.83, 3.87, 3.83, 3.83, 3.88, 3.84, 3.97, 3.94, 3.9, 3.95, 3.97, 3.95], "Apparent_Power": [9.23, 9.23, 9.23, 9.23, 9.23, 9.23, 9.23, 9.24, 9.24, 9.24, 9.24, 9.25, 9.25, 9.25, 9.25, 9.25, 9.25, 9.26, 9.25, 9.25, 9.25, 9.25, 9.25, 9.25, 9.25, 9.25, 9.25, 9.25, 9.25, 9.25, 9.25, 9.25, 9.24, 9.24, 9.25, 9.24, 9.25, 9.24, 9.23, 9.24, 9.24, 9.24, 9.24, 9.24, 9.24], "Apparent_Power_Reactive": [8.42, 8.4, 8.36, 8.32, 8.38, 8.38, 8.4, 8.32, 8.37, 8.39, 8.4, 8.39, 8.36, 8.4, 8.39, 8.4, 8.39, 8.42, 8.41, 8.36, 8.41, 8.38, 8.4, 8.38, 8.39, 8.32, 8.36, 8.44, 8.42, 8.36, 8.38, 8.32, 8.39, 8.4, 8.4, 8.4, 8.41, 8.38, 8.39, 8.34, 8.35, 8.37, 8.35, 8.34, 8.35], "Power_Factor": [0.408, 0.412, 0.422, 0.431, 0.418, 0.417, 0.413, 0.433, 0.423, 0.418, 0.415, 0.419, 0.425, 0.417, 0.42, 0.418, 0.42, 0.415, 0.416, 0.425, 0.416, 0.422, 0.418, 0.421, 0.419, 0.436, 0.425, 0.408, 0.412, 0.427, 0.422, 0.435, 0.417, 0.414, 0.418, 0.414, 0.414, 0.419, 0.416, 0.429, 0.426, 0.422, 0.427, 0.429, 0.427], "Energy": [0.0, 0.0, 0.0, 0.0, 0.01, 0.01, 0.01, 0.01, 0.01, 0.02, 0.02, 0.02, 0.02, 0.03, 0.03, 0.03, 0.03, 0.03, 0.04, 0.04, 0.04, 0.04, 0.05, 0.05, 0.05, 0.05, 0.05, 0.06, 0.06, 0.06, 0.06, 0.07, 0.07, 0.07, 0.07, 0.07, 0.08, 0.08, 0.08, 0.08, 0.09, 0.09, 0.09, 0.09, 0.09], "Frequency": [49.36, 49.36, 49.38, 49.38, 49.38, 49.35, 49.35, 49.35, 49.36, 49.36, 49.36, 49.36, 49.36, 49.36, 49.36, 49.36, 49.36, 49.37, 49.37, 49.37, 49.37, 49.37, 49.37, 49.39, 49.39, 49.39, 49.39, 49.39, 49.39, 49.39, 49.39, 49.39, 49.38, 49.38, 49.38, 49.39, 49.39, 49.39, 49.37, 49.37, 49.37, 49.38, 49.38, 49.38, 49.38], "Temp_env": []}