{"Start_Time": [1759180434.117485], "Time": [1759180436.1202667, 1759180438.1231167, 1759180440.1259959, 1759180442.1284251, 1759180444.1311321, 1759180446.1334753, 1759180448.1375508, 1759180450.1404402, 1759180452.143148, 1759180454.1454701, 1759180456.1484756, 1759180458.150563, 1759180460.153519, 1759180462.1564, 1759180464.1595423, 1759180466.1623213, 1759180468.165268, 1759180470.167718, 1759180472.1702764, 1759180474.1726317, 1759180476.1755688, 1759180478.1780095, 1759180480.1807244, 1759180482.1836529, 1759180484.1867535, 1759180486.1894293, 1759180488.1928203, 1759180490.1954827, 1759180492.1981344, 1759180494.200824, 1759180496.2035336, 1759180498.205846, 1759180500.2085516, 1759180502.2111835, 1759180504.2140486, 1759180506.2169192, 1759180508.2195814, 1759180510.2221448, 1759180512.2246184, 1759180514.2270005, 1759180516.2296586, 1759180518.2320538, 1759180520.2349997, 1759180522.2380462, 1759180524.2407584], "Voltage": [229.66, 229.5, 229.5, 229.5, 229.5, 229.55, 229.61, 229.55, 229.5, 229.45, 229.55, 229.55, 229.55, 229.61, 229.45, 229.5, 229.55, 229.45, 229.55, 229.4, 229.61, 229.61, 229.55, 229.55, 230.71, 230.55, 230.45, 230.29, 230.6, 230.45, 230.39, 230.55, 230.5, 230.39, 230.5, 230.45, 230.5, 230.45, 230.5, 230.39, 230.34, 230.45, 230.29, 230.34, 230.24], "Current": [0.04, 0.04, 0.04, 0.04, 0.04, 0.04, 0.04, 0.04, 0.04, 0.04, 0.04, 0.04, 0.04, 0.04, 0.04, 0.04, 0.04, 0.04, 0.04, 0.04, 0.04, 0.04, 0.04, 0.04, 0.04, 0.04, 0.04, 0.04, 0.04, 0.04, 0.04, 0.04, 0.04, 0.04, 0.04, 0.04, 0.04, 0.04, 0.04, 0.04, 0.04, 0.04, 0.04, 0.04, 0.04], "Real_Power": [3.85, 3.81, 3.76, 3.85, 3.92, 3.87, 3.93, 3.92, 3.85, 3.93, 3.87, 3.89, 4.0, 3.8, 3.89, 3.94, 3.83, 3.9, 3.85, 3.87, 4.01, 3.93, 3.86, 3.92, 3.9, 3.91, 3.95, 3.94, 3.81, 3.9, 3.83, 3.94, 3.87, 3.83, 3.86, 3.91, 3.85, 3.87, 3.9, 3.88, 3.93, 3.84, 3.82, 4.0, 3.89], "Apparent_Power": [9.18, 9.18, 9.18, 9.18, 9.18, 9.18, 9.18, 9.18, 9.18, 9.17, 9.18, 9.18, 9.18, 9.18, 9.17, 9.18, 9.18, 9.17, 9.18, 9.17, 9.18, 9.18, 9.18, 9.18, 9.22, 9.22, 9.21, 9.21, 9.22, 9.21, 9.21, 9.22, 9.22, 9.21, 9.22, 9.21, 9.22, 9.21, 9.22, 9.21, 9.21, 9.21, 9.21, 9.21, 9.2], "Apparent_Power_Reactive": [8.33, 8.35, 8.37, 8.33, 8.3, 8.32, 8.29, 8.3, 8.33, 8.28, 8.32, 8.31, 8.26, 8.35, 8.3, 8.29, 8.34, 8.29, 8.33, 8.31, 8.25, 8.29, 8.32, 8.3, 8.35, 8.34, 8.31, 8.32, 8.39, 8.34, 8.37, 8.33, 8.36, 8.37, 8.37, 8.33, 8.37, 8.35, 8.35, 8.35, 8.32, 8.37, 8.38, 8.29, 8.33], "Power_Factor": [0.419, 0.415, 0.409, 0.419, 0.427, 0.421, 0.428, 0.427, 0.419, 0.428, 0.421, 0.423, 0.435, 0.413, 0.424, 0.429, 0.417, 0.425, 0.419, 0.422, 0.436, 0.428, 0.42, 0.427, 0.422, 0.424, 0.428, 0.427, 0.413, 0.423, 0.415, 0.427, 0.419, 0.415, 0.418, 0.424, 0.417, 0.42, 0.422, 0.421, 0.426, 0.416, 0.414, 0.434, 0.422], "Energy": [0.0, 0.0, 0.0, 0.0, 0.01, 0.01, 0.01, 0.01, 0.01, 0.02, 0.02, 0.02, 0.02, 0.03, 0.03, 0.03, 0.03, 0.03, 0.04, 0.04, 0.04, 0.04, 0.05, 0.05, 0.05, 0.05, 0.05, 0.06, 0.06, 0.06, 0.06, 0.07, 0.07, 0.07, 0.07, 0.07, 0.08, 0.08, 0.08, 0.08, 0.09, 0.09, 0.09, 0.09, 0.09], "Frequency": [49.4, 49.41, 49.41, 49.41, 49.4, 49.4, 49.4, 49.4, 49.4, 49.4, 49.4, 49.4, 49.4, 49.4, 49.4, 49.4, 49.44, 49.44, 49.44, 49.41, 49.41, 49.41, 49.41, 49.41, 49.41, 49.42, 49.42, 49.42, 49.41, 49.41, 49.41, 49.4, 49.4, 49.4, 49.39, 49.39, 49.39, 49.39, 49.39, 49.39, 49.4, 49.4, 49.4, 49.4, 49.4], "Temp_env": []}