{"Start_Time": [1759010810.8341963], "Time": [1759010812.8368642, 1759010814.8391504, 1759010816.8418763, 1759010818.8443258, 1759010820.847253, 1759010822.8501048, 1759010824.8530023, 1759010826.856046, 1759010828.8589785, 1759010830.8613458, 1759010832.8644397, 1759010834.8672724, 1759010836.8703847, 1759010838.8730524, 1759010840.87606, 1759010842.8784087, 1759010844.8813791, 1759010846.8846505, 1759010848.887532, 1759010850.890379, 1759010852.8934853, 1759010854.896245, 1759010856.8988247, 1759010858.9013186, 1759010860.9036808, 1759010862.906344, 1759010864.9086835, 1759010866.911864, 1759010868.914522, 1759010870.9174492, 1759010872.9197855, 1759010874.9224725, 1759010876.9249308, 1759010878.927486, 1759010880.9300244, 1759010882.9327312, 1759010884.9350502, 1759010886.9375782, 1759010888.9406834, 1759010890.9430165, 1759010892.9458168, 1759010894.9486942, 1759010896.9510882, 1759010898.9538064, 1759010900.9566956], "Voltage": [231.07, 230.92, 231.07, 231.07, 231.02, 231.02, 231.02, 231.13, 230.97, 231.07, 231.02, 231.18, 231.07, 231.13, 231.23, 231.23, 231.28, 231.28, 231.18, 231.23, 231.39, 231.13, 231.23, 231.18, 231.23, 231.13, 231.23, 231.18, 231.18, 231.28, 231.28, 231.07, 231.28, 231.07, 231.13, 231.18, 231.02, 231.13, 231.23, 231.23, 231.23, 231.28, 231.28, 231.23, 231.28], "Current": [0.04, 0.04, 0.03, 0.04, 0.04, 0.03, 0.04, 0.04, 0.04, 0.04, 0.04, 0.04, 0.04, 0.04, 0.04, 0.04, 0.04, 0.04, 0.04, 0.04, 0.04, 0.04, 0.04, 0.04, 0.04, 0.04, 0.04, 0.04, 0.04, 0.04, 0.04, 0.04, 0.04, 0.04, 0.04, 0.04, 0.04, 0.04, 0.04, 0.04, 0.04, 0.04, 0.04, 0.04, 0.04], "Real_Power": [3.82, 3.85, 3.79, 3.83, 3.88, 3.81, 3.84, 3.88, 3.81, 3.82, 3.89, 3.83, 3.86, 3.83, 3.89, 3.9, 3.85, 3.81, 3.79, 3.89, 3.92, 3.81, 3.83, 3.85, 3.85, 3.93, 3.83, 3.82, 3.83, 3.83, 3.95, 3.86, 3.86, 3.88, 3.76, 3.73, 3.87, 3.96, 3.9, 3.81, 3.83, 3.82, 3.75, 3.77, 3.81], "Apparent_Power": [9.24, 9.23, 6.93, 9.24, 9.24, 6.93, 9.24, 9.24, 9.23, 9.24, 9.24, 9.24, 9.24, 9.24, 9.24, 9.24, 9.25, 9.25, 9.24, 9.24, 9.25, 9.24, 9.24, 9.24, 9.24, 9.24, 9.24, 9.24, 9.24, 9.25, 9.25, 9.24, 9.25, 9.24, 9.24, 9.24, 9.24, 9.24, 9.24, 9.24, 9.24, 9.25, 9.25, 9.24, 9.25], "Apparent_Power_Reactive": [8.41, 8.38, 5.8, 8.4, 8.38, 5.78, 8.4, 8.38, 8.4, 8.41, 8.38, 8.4, 8.39, 8.4, 8.38, 8.37, 8.41, 8.42, 8.42, 8.38, 8.37, 8.41, 8.4, 8.39, 8.39, 8.36, 8.4, 8.41, 8.4, 8.41, 8.36, 8.39, 8.4, 8.38, 8.44, 8.45, 8.39, 8.34, 8.37, 8.41, 8.4, 8.42, 8.45, 8.43, 8.42], "Power_Factor": [0.413, 0.417, 0.546, 0.414, 0.419, 0.549, 0.415, 0.419, 0.412, 0.413, 0.42, 0.414, 0.417, 0.414, 0.42, 0.422, 0.416, 0.411, 0.41, 0.42, 0.423, 0.412, 0.414, 0.416, 0.416, 0.425, 0.414, 0.413, 0.414, 0.414, 0.427, 0.417, 0.417, 0.419, 0.406, 0.403, 0.418, 0.428, 0.422, 0.412, 0.414, 0.412, 0.405, 0.408, 0.411], "Energy": [0.0, 0.0, 0.0, 0.0, 0.01, 0.01, 0.01, 0.01, 0.01, 0.02, 0.02, 0.02, 0.02, 0.03, 0.03, 0.03, 0.03, 0.03, 0.04, 0.04, 0.04, 0.04, 0.04, 0.05, 0.05, 0.05, 0.05, 0.06, 0.06, 0.06, 0.06, 0.06, 0.07, 0.07, 0.07, 0.07, 0.07, 0.08, 0.08, 0.08, 0.08, 0.09, 0.09, 0.09, 0.09], "Frequency": [49.36, 49.36, 49.36, 49.36, 49.36, 49.36, 49.35, 49.35, 49.35, 49.38, 49.38, 49.38, 49.39, 49.39, 49.39, 49.38, 49.38, 49.38, 49.39, 49.39, 49.39, 49.39, 49.39, 49.39, 49.39, 49.39, 49.39, 49.39, 49.39, 49.39, 49.39, 49.39, 49.39, 49.39, 49.39, 49.39, 49.39, 49.39, 49.39, 49.39, 49.39, 49.39, 49.39, 49.39, 49.39], "Temp_env": []}