{"Start_Time": [1759254053.9697928], "Time": [1759254055.9727108, 1759254057.97499, 1759254059.9777825, 1759254061.980654, 1759254063.9832335, 1759254065.9861562, 1759254067.9888344, 1759254069.9909282, 1759254071.993773, 1759254073.997002, 1759254075.9989877, 1759254078.0020533, 1759254080.004787, 1759254082.0071652, 1759254084.0098643, 1759254086.0130396, 1759254088.0151265, 1759254090.0184286, 1759254092.021357, 1759254094.024183, 1759254096.027084, 1759254098.0301907, 1759254100.0330386, 1759254102.0363793, 1759254104.0390272, 1759254106.0413873, 1759254108.0443006, 1759254110.0464253, 1759254112.0491254, 1759254114.051467, 1759254116.0544126, 1759254118.0564802, 1759254120.0594163, 1759254122.0624664, 1759254124.065159, 1759254126.0675075, 1759254128.070513, 1759254130.0734613, 1759254132.0765803, 1759254134.079075, 1759254136.081943, 1759254138.0845408, 1759254140.0866165, 1759254142.0889623, 1759254144.0914989], "Voltage": [227.41, 227.41, 227.51, 227.41, 227.41, 227.35, 227.35, 227.35, 227.25, 227.98, 228.04, 228.24, 228.35, 228.45, 228.56, 228.4, 228.35, 228.45, 228.45, 228.4, 228.51, 228.51, 228.56, 228.45, 228.61, 228.56, 228.51, 228.61, 228.56, 228.56, 228.56, 228.51, 228.56, 228.56, 228.51, 228.61, 228.51, 228.51, 228.51, 228.45, 228.45, 228.35, 228.4, 228.4, 228.35], "Current": [0.04, 0.04, 0.04, 0.04, 0.04, 0.04, 0.04, 0.04, 0.04, 0.04, 0.04, 0.04, 0.04, 0.04, 0.04, 0.04, 0.04, 0.04, 0.04, 0.04, 0.04, 0.04, 0.04, 0.04, 0.04, 0.04, 0.04, 0.04, 0.04, 0.04, 0.04, 0.04, 0.04, 0.04, 0.04, 0.04, 0.04, 0.04, 0.04, 0.04, 0.04, 0.04, 0.04, 0.04, 0.04], "Real_Power": [3.98, 3.89, 4.0, 3.84, 3.92, 3.94, 3.98, 4.0, 3.92, 3.93, 3.99, 3.89, 3.97, 3.83, 3.88, 3.96, 3.9, 3.94, 3.89, 4.03, 4.02, 3.98, 3.99, 3.88, 3.95, 3.95, 3.93, 3.92, 4.13, 3.85, 3.95, 3.96, 3.94, 3.92, 3.9, 3.92, 3.95, 3.91, 3.89, 3.98, 3.98, 3.99, 3.94, 3.96, 3.99], "Apparent_Power": [9.09, 9.09, 9.1, 9.09, 9.09, 9.09, 9.09, 9.09, 9.09, 9.11, 9.12, 9.12, 9.13, 9.13, 9.14, 9.13, 9.13, 9.13, 9.13, 9.13, 9.14, 9.14, 9.14, 9.13, 9.14, 9.14, 9.14, 9.14, 9.14, 9.14, 9.14, 9.14, 9.14, 9.14, 9.14, 9.14, 9.14, 9.14, 9.14, 9.13, 9.13, 9.13, 9.13, 9.13, 9.13], "Apparent_Power_Reactive": [8.17, 8.21, 8.17, 8.23, 8.2, 8.19, 8.17, 8.16, 8.2, 8.21, 8.2, 8.24, 8.22, 8.28, 8.27, 8.22, 8.25, 8.23, 8.25, 8.19, 8.2, 8.22, 8.22, 8.26, 8.24, 8.24, 8.25, 8.25, 8.15, 8.28, 8.24, 8.23, 8.24, 8.25, 8.26, 8.25, 8.24, 8.26, 8.27, 8.21, 8.21, 8.21, 8.23, 8.22, 8.21], "Power_Factor": [0.437, 0.427, 0.439, 0.422, 0.431, 0.433, 0.437, 0.44, 0.431, 0.431, 0.437, 0.426, 0.434, 0.419, 0.424, 0.433, 0.427, 0.431, 0.426, 0.441, 0.439, 0.435, 0.436, 0.424, 0.432, 0.432, 0.429, 0.428, 0.451, 0.421, 0.432, 0.433, 0.431, 0.428, 0.426, 0.428, 0.432, 0.427, 0.425, 0.435, 0.435, 0.437, 0.431, 0.433, 0.437], "Energy": [0.0, 0.0, 0.0, 0.0, 0.01, 0.01, 0.01, 0.01, 0.01, 0.02, 0.02, 0.02, 0.02, 0.03, 0.03, 0.03, 0.03, 0.04, 0.04, 0.04, 0.04, 0.04, 0.05, 0.05, 0.05, 0.05, 0.06, 0.06, 0.06, 0.06, 0.06, 0.07, 0.07, 0.07, 0.07, 0.07, 0.08, 0.08, 0.08, 0.08, 0.09, 0.09, 0.09, 0.09, 0.1], "Frequency": [49.37, 49.38, 49.38, 49.38, 49.37, 49.37, 49.37, 49.37, 49.37, 49.37, 49.36, 49.36, 49.36, 49.36, 49.36, 49.36, 49.38, 49.38, 49.38, 49.38, 49.38, 49.38, 49.39, 49.39, 49.39, 49.37, 49.37, 49.37, 49.39, 49.39, 49.39, 49.39, 49.39, 49.39, 49.39, 49.39, 49.39, 49.39, 49.39, 49.39, 49.4, 49.4, 49.4, 49.39, 49.39], "Temp_env": []}