{"Start_Time": [1758937089.3142395], "Time": [1758937091.317382, 1758937093.3204246, 1758937095.323272, 1758937097.3263626, 1758937099.3291888, 1758937101.331442, 1758937103.3344178, 1758937105.337452, 1758937107.3403602, 1758937109.342475, 1758937111.3451943, 1758937113.3474996, 1758937115.350598, 1758937117.3535042, 1758937119.3564458, 1758937121.3596976, 1758937123.3623078, 1758937125.364903, 1758937127.3673916, 1758937129.3698752, 1758937131.372399, 1758937133.3747203, 1758937135.3844202, 1758937137.3869922, 1758937139.3898742, 1758937141.39876, 1758937143.401519, 1758937145.403843, 1758937147.4135695, 1758937149.4167178, 1758937151.420025, 1758937153.4303036, 1758937155.4327855, 1758937157.4356053, 1758937159.445001, 1758937161.446967, 1758937163.4501977, 1758937165.460116, 1758937167.4629378, 1758937169.4658072, 1758937171.4757864, 1758937173.4786985, 1758937175.4813597, 1758937177.484232, 1758937179.4871485], "Voltage": [231.49, 231.49, 231.49, 231.49, 231.39, 231.49, 231.44, 231.49, 231.44, 231.55, 231.49, 231.44, 231.55, 231.39, 231.44, 231.39, 231.34, 231.34, 231.44, 231.55, 231.49, 231.44, 231.28, 231.34, 231.44, 231.39, 231.44, 231.34, 231.34, 231.34, 231.55, 231.44, 231.6, 231.44, 231.49, 231.39, 231.23, 231.39, 231.39, 231.28, 231.34, 231.28, 231.18, 231.07, 231.34], "Current": [0.04, 0.03, 0.04, 0.04, 0.04, 0.04, 0.04, 0.04, 0.03, 0.04, 0.04, 0.04, 0.04, 0.04, 0.04, 0.03, 0.03, 0.03, 0.04, 0.03, 0.03, 0.03, 0.03, 0.03, 0.03, 0.03, 0.03, 0.03, 0.03, 0.03, 0.03, 0.03, 0.03, 0.04, 0.03, 0.03, 0.03, 0.04, 0.03, 0.03, 0.03, 0.04, 0.03, 0.04, 0.04], "Real_Power": [3.73, 3.7, 3.9, 3.82, 3.86, 3.92, 3.91, 3.9, 3.76, 3.88, 3.9, 3.86, 3.89, 3.85, 3.78, 3.9, 3.99, 3.86, 3.92, 3.84, 3.96, 3.84, 3.75, 3.89, 3.88, 3.89, 3.81, 3.86, 3.89, 3.88, 3.93, 3.96, 3.98, 3.9, 3.9, 3.81, 3.94, 3.95, 3.84, 3.78, 3.91, 3.92, 3.88, 3.89, 3.9], "Apparent_Power": [9.25, 6.94, 9.25, 9.25, 9.25, 9.25, 9.25, 9.25, 6.94, 9.26, 9.25, 9.25, 9.26, 9.25, 9.25, 6.94, 6.94, 6.94, 9.25, 6.94, 6.94, 6.94, 6.93, 6.94, 6.94, 6.94, 6.94, 6.94, 6.94, 6.94, 6.94, 6.94, 6.94, 9.25, 6.94, 6.94, 6.93, 9.25, 6.94, 6.93, 6.94, 9.25, 6.93, 9.24, 9.25], "Apparent_Power_Reactive": [8.46, 5.87, 8.38, 8.42, 8.4, 8.37, 8.38, 8.38, 5.83, 8.4, 8.38, 8.4, 8.4, 8.41, 8.44, 5.74, 5.67, 5.76, 8.37, 5.78, 5.69, 5.78, 5.82, 5.74, 5.75, 5.74, 5.8, 5.76, 5.74, 5.75, 5.72, 5.69, 5.68, 8.38, 5.74, 5.8, 5.7, 8.36, 5.78, 5.8, 5.73, 8.37, 5.74, 8.38, 8.38], "Power_Factor": [0.403, 0.533, 0.421, 0.412, 0.417, 0.423, 0.422, 0.421, 0.541, 0.419, 0.421, 0.417, 0.42, 0.416, 0.408, 0.561, 0.574, 0.556, 0.423, 0.553, 0.57, 0.553, 0.541, 0.56, 0.559, 0.56, 0.548, 0.556, 0.56, 0.559, 0.566, 0.57, 0.573, 0.421, 0.561, 0.548, 0.568, 0.427, 0.553, 0.545, 0.563, 0.423, 0.559, 0.42, 0.421], "Energy": [0.0, 0.0, 0.0, 0.0, 0.01, 0.01, 0.01, 0.01, 0.01, 0.02, 0.02, 0.02, 0.02, 0.03, 0.03, 0.03, 0.03, 0.03, 0.04, 0.04, 0.04, 0.04, 0.04, 0.05, 0.05, 0.05, 0.05, 0.06, 0.06, 0.06, 0.06, 0.06, 0.07, 0.07, 0.07, 0.07, 0.08, 0.08, 0.08, 0.08, 0.08, 0.09, 0.09, 0.09, 0.09], "Frequency": [49.4, 49.4, 49.4, 49.4, 49.4, 49.4, 49.4, 49.4, 49.4, 49.39, 49.39, 49.39, 49.4, 49.4, 49.4, 49.39, 49.39, 49.39, 49.39, 49.39, 49.39, 49.4, 49.4, 49.4, 49.42, 49.42, 49.42, 49.42, 49.42, 49.42, 49.39, 49.39, 49.39, 49.39, 49.39, 49.39, 49.39, 49.39, 49.39, 49.39, 49.39, 49.39, 49.39, 49.39, 49.39], "Temp_env": []}