{"Start_Time": [1758867043.4777353], "Time": [1758867045.4804437, 1758867047.4835823, 1758867049.4866667, 1758867051.4895725, 1758867053.4927227, 1758867055.4946723, 1758867057.4974008, 1758867059.50752, 1758867061.5101295, 1758867063.5127559, 1758867065.5227454, 1758867067.525496, 1758867069.527858, 1758867071.530582, 1758867073.5330248, 1758867075.535563, 1758867077.5381284, 1758867079.5406158, 1758867081.5430605, 1758867083.5530014, 1758867085.5556657, 1758867087.5581174, 1758867089.5681653, 1758867091.570745, 1758867093.5731802, 1758867095.5758953, 1758867097.578753, 1758867099.5811083, 1758867101.5899146, 1758867103.5932443, 1758867105.596046, 1758867107.6059902, 1758867109.608903, 1758867111.6112764, 1758867113.6139288, 1758867115.6163006, 1758867117.6190073, 1758867119.621358, 1758867121.6243114, 1758867123.627111, 1758867125.6370428, 1758867127.6393967, 1758867129.642059, 1758867131.6524134, 1758867133.6554937], "Voltage": [228.66, 228.51, 228.45, 228.51, 228.61, 228.45, 228.19, 228.3, 228.19, 228.14, 228.14, 228.09, 228.09, 228.04, 228.09, 228.19, 228.14, 228.09, 228.14, 228.14, 228.09, 227.98, 228.61, 228.35, 228.56, 228.51, 228.45, 228.61, 228.56, 228.45, 228.3, 228.14, 228.24, 228.19, 228.24, 228.14, 228.19, 228.24, 228.14, 228.35, 228.24, 228.3, 228.4, 228.35, 228.24], "Current": [0.04, 0.04, 0.04, 0.04, 0.04, 0.04, 0.04, 0.04, 0.04, 0.04, 0.04, 0.04, 0.04, 0.04, 0.04, 0.04, 0.04, 0.04, 0.04, 0.04, 0.04, 0.04, 0.04, 0.04, 0.04, 0.04, 0.04, 0.04, 0.04, 0.04, 0.04, 0.04, 0.04, 0.04, 0.04, 0.04, 0.04, 0.04, 0.04, 0.04, 0.04, 0.04, 0.04, 0.04, 0.04], "Real_Power": [3.97, 3.94, 3.93, 3.84, 3.94, 4.0, 4.0, 3.93, 3.95, 3.89, 4.05, 3.93, 3.95, 3.96, 3.99, 3.87, 4.04, 4.03, 3.89, 4.0, 3.92, 3.98, 3.92, 3.94, 3.99, 3.94, 3.96, 3.98, 4.0, 3.93, 3.97, 3.96, 3.99, 3.96, 3.93, 4.02, 4.02, 3.87, 3.87, 4.02, 3.95, 3.95, 3.95, 3.94, 3.88], "Apparent_Power": [9.14, 9.14, 9.13, 9.14, 9.14, 9.13, 9.12, 9.13, 9.12, 9.12, 9.12, 9.12, 9.12, 9.12, 9.12, 9.12, 9.12, 9.12, 9.12, 9.12, 9.12, 9.11, 9.14, 9.13, 9.14, 9.14, 9.13, 9.14, 9.14, 9.13, 9.13, 9.12, 9.12, 9.12, 9.12, 9.12, 9.12, 9.12, 9.12, 9.13, 9.12, 9.13, 9.13, 9.13, 9.12], "Apparent_Power_Reactive": [8.23, 8.24, 8.24, 8.29, 8.24, 8.2, 8.19, 8.24, 8.22, 8.24, 8.17, 8.22, 8.22, 8.21, 8.2, 8.25, 8.17, 8.18, 8.24, 8.19, 8.23, 8.19, 8.25, 8.23, 8.22, 8.24, 8.22, 8.22, 8.21, 8.24, 8.22, 8.21, 8.2, 8.21, 8.22, 8.18, 8.18, 8.25, 8.25, 8.19, 8.22, 8.23, 8.23, 8.23, 8.25], "Power_Factor": [0.434, 0.431, 0.43, 0.42, 0.431, 0.438, 0.438, 0.43, 0.433, 0.426, 0.444, 0.43, 0.433, 0.434, 0.437, 0.424, 0.442, 0.441, 0.426, 0.438, 0.429, 0.436, 0.428, 0.431, 0.436, 0.431, 0.433, 0.435, 0.437, 0.43, 0.434, 0.434, 0.437, 0.434, 0.43, 0.44, 0.44, 0.424, 0.424, 0.44, 0.433, 0.432, 0.432, 0.431, 0.425], "Energy": [0.0, 0.0, 0.0, 0.0, 0.01, 0.01, 0.01, 0.01, 0.01, 0.02, 0.02, 0.02, 0.02, 0.03, 0.03, 0.03, 0.03, 0.03, 0.04, 0.04, 0.04, 0.04, 0.05, 0.05, 0.05, 0.05, 0.05, 0.06, 0.06, 0.06, 0.06, 0.07, 0.07, 0.07, 0.07, 0.07, 0.08, 0.08, 0.08, 0.08, 0.09, 0.09, 0.09, 0.09, 0.09], "Frequency": [49.4, 49.4, 49.39, 49.39, 49.39, 49.38, 49.38, 49.38, 49.38, 49.38, 49.38, 49.37, 49.37, 49.37, 49.37, 49.37, 49.37, 49.38, 49.38, 49.38, 49.36, 49.36, 49.36, 49.39, 49.39, 49.39, 49.38, 49.38, 49.38, 49.38, 49.38, 49.38, 49.37, 49.37, 49.37, 49.37, 49.37, 49.37, 49.37, 49.37, 49.37, 49.36, 49.36, 49.36, 49.37], "Temp_env": []}