{"Start_Time": [1758944645.836636], "Time": [1758944647.8396552, 1758944649.8426251, 1758944651.8455021, 1758944653.8481138, 1758944655.8511434, 1758944657.8537807, 1758944659.8566697, 1758944661.8598065, 1758944663.8625424, 1758944665.8652341, 1758944667.8680372, 1758944669.871021, 1758944671.8738317, 1758944673.8760986, 1758944675.8787827, 1758944677.8812454, 1758944679.884237, 1758944681.887124, 1758944683.890045, 1758944685.8928292, 1758944687.8951697, 1758944689.8978915, 1758944691.9004402, 1758944693.9033146, 1758944695.906216, 1758944697.9090817, 1758944699.9118576, 1758944701.9143977, 1758944703.9171267, 1758944705.9194663, 1758944707.9223661, 1758944709.925476, 1758944711.928398, 1758944713.9318738, 1758944715.9344008, 1758944717.937623, 1758944719.9405587, 1758944721.943381, 1758944723.9455242, 1758944725.9485452, 1758944727.9519112, 1758944729.9545565, 1758944731.9576364, 1758944733.9597344, 1758944735.9623992], "Voltage": [231.65, 231.76, 231.86, 231.86, 231.97, 231.81, 231.97, 231.81, 231.97, 231.86, 231.76, 231.81, 231.86, 231.81, 231.81, 231.91, 231.86, 231.28, 231.34, 231.23, 231.28, 231.28, 231.28, 231.18, 231.28, 231.18, 231.07, 231.07, 231.13, 231.18, 231.13, 231.23, 231.18, 231.23, 231.13, 231.07, 231.23, 231.18, 231.23, 231.23, 231.28, 231.28, 231.28, 231.18, 231.44], "Current": [0.04, 0.04, 0.04, 0.04, 0.04, 0.04, 0.04, 0.04, 0.04, 0.04, 0.04, 0.04, 0.04, 0.04, 0.04, 0.04, 0.04, 0.04, 0.04, 0.04, 0.04, 0.04, 0.04, 0.04, 0.04, 0.04, 0.04, 0.04, 0.04, 0.04, 0.04, 0.04, 0.04, 0.04, 0.04, 0.04, 0.04, 0.04, 0.04, 0.04, 0.04, 0.04, 0.04, 0.04, 0.04], "Real_Power": [3.71, 3.85, 3.79, 3.82, 3.7, 3.8, 3.84, 3.76, 3.89, 3.76, 3.76, 3.82, 3.84, 3.86, 3.87, 3.85, 3.9, 3.81, 3.92, 3.69, 3.78, 3.78, 3.82, 3.76, 3.9, 3.89, 3.82, 3.86, 3.79, 3.87, 3.84, 3.79, 3.77, 3.8, 3.89, 3.79, 3.85, 3.74, 3.91, 3.83, 3.87, 3.78, 3.83, 3.85, 3.86], "Apparent_Power": [9.26, 9.27, 9.27, 9.27, 9.27, 9.27, 9.27, 9.27, 9.27, 9.27, 9.27, 9.27, 9.27, 9.27, 9.27, 9.27, 9.27, 9.25, 9.25, 9.24, 9.25, 9.25, 9.25, 9.24, 9.25, 9.24, 9.24, 9.24, 9.24, 9.24, 9.24, 9.24, 9.24, 9.24, 9.24, 9.24, 9.24, 9.24, 9.24, 9.24, 9.25, 9.25, 9.25, 9.24, 9.25], "Apparent_Power_Reactive": [8.48, 8.43, 8.45, 8.44, 8.49, 8.45, 8.43, 8.47, 8.41, 8.47, 8.47, 8.44, 8.43, 8.42, 8.42, 8.43, 8.4, 8.42, 8.37, 8.47, 8.44, 8.44, 8.42, 8.44, 8.38, 8.38, 8.41, 8.39, 8.42, 8.39, 8.4, 8.42, 8.43, 8.42, 8.38, 8.42, 8.39, 8.44, 8.37, 8.4, 8.4, 8.44, 8.41, 8.39, 8.4], "Power_Factor": [0.4, 0.415, 0.408, 0.412, 0.399, 0.409, 0.414, 0.405, 0.419, 0.405, 0.405, 0.412, 0.414, 0.416, 0.417, 0.415, 0.42, 0.411, 0.423, 0.399, 0.408, 0.408, 0.412, 0.406, 0.421, 0.42, 0.413, 0.417, 0.41, 0.418, 0.415, 0.41, 0.408, 0.411, 0.42, 0.41, 0.416, 0.404, 0.423, 0.414, 0.418, 0.408, 0.414, 0.416, 0.417], "Energy": [0.0, 0.0, 0.0, 0.0, 0.01, 0.01, 0.01, 0.01, 0.01, 0.02, 0.02, 0.02, 0.02, 0.03, 0.03, 0.03, 0.03, 0.03, 0.04, 0.04, 0.04, 0.04, 0.04, 0.05, 0.05, 0.05, 0.05, 0.06, 0.06, 0.06, 0.06, 0.06, 0.07, 0.07, 0.07, 0.07, 0.07, 0.08, 0.08, 0.08, 0.08, 0.09, 0.09, 0.09, 0.09], "Frequency": [49.35, 49.35, 49.37, 49.37, 49.37, 49.38, 49.38, 49.38, 49.38, 49.38, 49.38, 49.36, 49.36, 49.36, 49.36, 49.36, 49.36, 49.35, 49.35, 49.35, 49.37, 49.37, 49.37, 49.37, 49.37, 49.37, 49.35, 49.35, 49.35, 49.35, 49.35, 49.35, 49.35, 49.35, 49.35, 49.36, 49.36, 49.36, 49.35, 49.35, 49.35, 49.35, 49.35, 49.35, 49.35], "Temp_env": []}