{"Start_Time": [1758646794.1780272], "Time": [1758646796.1804771, 1758646798.1836462, 1758646800.18629, 1758646802.1886482, 1758646804.1916206, 1758646806.1937997, 1758646808.1965501, 1758646810.199406, 1758646812.20218, 1758646814.2045171, 1758646816.2070997, 1758646818.2098064, 1758646820.2128983, 1758646822.2151, 1758646824.217863, 1758646826.2207866, 1758646828.2231958, 1758646830.2260857, 1758646832.2289493, 1758646834.2311363, 1758646836.2341552, 1758646838.237251, 1758646840.2394197, 1758646842.2423785, 1758646844.2446568, 1758646846.2473943, 1758646848.2505178, 1758646850.2533913, 1758646852.256307, 1758646854.2586286, 1758646856.2616272, 1758646858.2646577, 1758646860.2675169, 1758646862.27013, 1758646864.2730293, 1758646866.2759068, 1758646868.278836, 1758646870.2817552, 1758646872.2848868, 1758646874.28718, 1758646876.2898352, 1758646878.292179, 1758646880.2953067, 1758646882.2981608, 1758646884.3010473], "Voltage": [228.19, 228.09, 227.98, 228.09, 228.14, 228.09, 228.09, 228.04, 228.04, 227.98, 228.04, 227.93, 227.93, 227.83, 228.04, 228.04, 227.88, 227.83, 227.83, 227.98, 227.93, 227.67, 227.72, 227.77, 227.88, 227.93, 227.88, 227.93, 227.98, 227.98, 227.98, 228.04, 228.04, 228.04, 228.04, 227.98, 228.04, 228.04, 227.98, 228.04, 227.88, 227.93, 227.88, 227.88, 227.83], "Current": [0.04, 0.04, 0.04, 0.04, 0.04, 0.04, 0.04, 0.04, 0.04, 0.04, 0.04, 0.04, 0.04, 0.04, 0.04, 0.04, 0.04, 0.04, 0.04, 0.04, 0.04, 0.04, 0.04, 0.04, 0.04, 0.04, 0.04, 0.04, 0.04, 0.04, 0.04, 0.04, 0.04, 0.04, 0.04, 0.04, 0.04, 0.04, 0.04, 0.04, 0.04, 0.04, 0.04, 0.04, 0.04], "Real_Power": [3.88, 4.07, 3.99, 3.98, 3.97, 3.93, 3.93, 3.91, 4.07, 3.95, 4.08, 3.95, 3.84, 3.96, 3.98, 3.97, 3.96, 3.98, 4.01, 4.07, 3.93, 3.95, 3.96, 3.92, 4.02, 3.94, 4.09, 3.95, 3.98, 3.99, 4.04, 4.12, 3.94, 4.03, 4.03, 3.93, 3.99, 4.04, 3.98, 4.11, 3.91, 3.99, 3.99, 3.98, 3.97], "Apparent_Power": [9.12, 9.12, 9.11, 9.12, 9.12, 9.12, 9.12, 9.12, 9.12, 9.11, 9.12, 9.11, 9.11, 9.11, 9.12, 9.12, 9.11, 9.11, 9.11, 9.11, 9.11, 9.1, 9.1, 9.11, 9.11, 9.11, 9.11, 9.11, 9.11, 9.11, 9.11, 9.12, 9.12, 9.12, 9.12, 9.11, 9.12, 9.12, 9.11, 9.12, 9.11, 9.11, 9.11, 9.11, 9.11], "Apparent_Power_Reactive": [8.25, 8.16, 8.18, 8.2, 8.21, 8.22, 8.22, 8.23, 8.16, 8.2, 8.15, 8.2, 8.26, 8.2, 8.2, 8.21, 8.2, 8.19, 8.17, 8.15, 8.21, 8.19, 8.19, 8.22, 8.17, 8.21, 8.14, 8.2, 8.19, 8.18, 8.16, 8.13, 8.22, 8.18, 8.18, 8.21, 8.2, 8.17, 8.19, 8.14, 8.22, 8.18, 8.18, 8.19, 8.19], "Power_Factor": [0.425, 0.446, 0.437, 0.436, 0.435, 0.43, 0.43, 0.428, 0.446, 0.433, 0.447, 0.433, 0.421, 0.434, 0.436, 0.435, 0.434, 0.436, 0.44, 0.446, 0.431, 0.434, 0.435, 0.43, 0.441, 0.432, 0.448, 0.433, 0.436, 0.437, 0.443, 0.451, 0.432, 0.441, 0.441, 0.431, 0.437, 0.442, 0.436, 0.45, 0.429, 0.437, 0.437, 0.436, 0.435], "Energy": [0.0, 0.0, 0.0, 0.0, 0.01, 0.01, 0.01, 0.01, 0.01, 0.02, 0.02, 0.02, 0.02, 0.03, 0.03, 0.03, 0.03, 0.03, 0.04, 0.04, 0.04, 0.04, 0.05, 0.05, 0.05, 0.05, 0.06, 0.06, 0.06, 0.06, 0.06, 0.07, 0.07, 0.07, 0.07, 0.08, 0.08, 0.08, 0.08, 0.08, 0.09, 0.09, 0.09, 0.09, 0.1], "Frequency": [49.42, 49.41, 49.41, 49.41, 49.43, 49.43, 49.43, 49.42, 49.42, 49.42, 49.42, 49.42, 49.42, 49.4, 49.4, 49.4, 49.39, 49.39, 49.39, 49.4, 49.4, 49.4, 49.4, 49.4, 49.4, 49.41, 49.41, 49.41, 49.42, 49.42, 49.42, 49.42, 49.42, 49.42, 49.42, 49.42, 49.42, 49.42, 49.42, 49.42, 49.41, 49.41, 49.41, 49.4, 49.4], "Temp_env": []}