{"Start_Time": [1759288463.8497465], "Time": [1759288465.8526654, 1759288467.8556738, 1759288469.8591416, 1759288471.862015, 1759288473.864933, 1759288475.8676658, 1759288477.869907, 1759288479.872716, 1759288481.8750212, 1759288483.8781655, 1759288485.8810177, 1759288487.883955, 1759288489.8868346, 1759288491.8892817, 1759288493.891786, 1759288495.8941567, 1759288497.8971694, 1759288499.9001749, 1759288501.9022715, 1759288503.9049976, 1759288505.9078925, 1759288507.9103198, 1759288509.913319, 1759288511.9162166, 1759288513.9261897, 1759288515.9294815, 1759288517.9321709, 1759288519.934457, 1759288521.9374902, 1759288523.9403515, 1759288525.942392, 1759288527.9453456, 1759288529.9484687, 1759288531.9512126, 1759288533.9535415, 1759288535.9565346, 1759288537.9586258, 1759288539.9614968, 1759288541.965329, 1759288543.9679496, 1759288545.970491, 1759288547.9736273, 1759288549.9756873, 1759288551.9784026, 1759288553.9806447], "Voltage": [230.45, 230.5, 230.39, 230.45, 230.39, 230.45, 230.39, 230.6, 230.66, 230.6, 230.6, 230.55, 230.66, 230.71, 230.6, 230.6, 230.45, 230.66, 230.6, 230.66, 230.6, 230.5, 230.45, 230.5, 230.66, 230.6, 230.55, 230.6, 230.55, 230.39, 230.45, 229.92, 229.97, 229.97, 229.97, 229.97, 229.87, 229.92, 229.87, 229.92, 229.97, 229.97, 229.97, 229.87, 229.97], "Current": [0.04, 0.04, 0.04, 0.04, 0.04, 0.04, 0.04, 0.04, 0.04, 0.04, 0.04, 0.04, 0.04, 0.04, 0.04, 0.04, 0.04, 0.04, 0.04, 0.04, 0.04, 0.04, 0.04, 0.04, 0.04, 0.04, 0.04, 0.04, 0.04, 0.04, 0.04, 0.04, 0.04, 0.04, 0.04, 0.03, 0.04, 0.04, 0.04, 0.04, 0.04, 0.04, 0.04, 0.04, 0.04], "Real_Power": [3.95, 3.84, 3.95, 3.96, 3.89, 3.95, 3.74, 3.99, 3.96, 3.87, 3.97, 3.81, 3.86, 3.95, 3.9, 3.83, 3.94, 3.85, 3.98, 3.95, 3.91, 3.97, 4.01, 3.99, 3.84, 3.9, 3.93, 3.91, 3.86, 3.87, 3.84, 4.04, 4.01, 3.88, 3.82, 3.81, 3.89, 3.96, 3.88, 3.91, 3.87, 3.87, 3.91, 4.0, 3.95], "Apparent_Power": [9.21, 9.22, 9.21, 9.21, 9.21, 9.21, 9.21, 9.22, 9.22, 9.22, 9.22, 9.22, 9.22, 9.22, 9.22, 9.22, 9.21, 9.22, 9.22, 9.22, 9.22, 9.22, 9.21, 9.22, 9.22, 9.22, 9.22, 9.22, 9.22, 9.21, 9.21, 9.19, 9.19, 9.19, 9.19, 6.89, 9.19, 9.19, 9.19, 9.19, 9.19, 9.19, 9.19, 9.19, 9.19], "Apparent_Power_Reactive": [8.31, 8.38, 8.31, 8.31, 8.34, 8.31, 8.41, 8.31, 8.32, 8.36, 8.32, 8.39, 8.37, 8.33, 8.35, 8.38, 8.32, 8.37, 8.31, 8.33, 8.34, 8.32, 8.29, 8.31, 8.38, 8.35, 8.34, 8.34, 8.37, 8.35, 8.37, 8.25, 8.26, 8.33, 8.35, 5.74, 8.32, 8.29, 8.33, 8.31, 8.33, 8.33, 8.31, 8.27, 8.29], "Power_Factor": [0.428, 0.416, 0.428, 0.429, 0.422, 0.428, 0.406, 0.432, 0.429, 0.419, 0.43, 0.413, 0.418, 0.428, 0.422, 0.415, 0.427, 0.417, 0.431, 0.428, 0.424, 0.43, 0.435, 0.432, 0.416, 0.422, 0.426, 0.424, 0.418, 0.42, 0.416, 0.439, 0.436, 0.422, 0.415, 0.552, 0.423, 0.43, 0.422, 0.425, 0.421, 0.421, 0.425, 0.435, 0.429], "Energy": [0.0, 0.0, 0.0, 0.0, 0.01, 0.01, 0.01, 0.01, 0.01, 0.02, 0.02, 0.02, 0.02, 0.03, 0.03, 0.03, 0.03, 0.03, 0.04, 0.04, 0.04, 0.04, 0.05, 0.05, 0.05, 0.05, 0.05, 0.06, 0.06, 0.06, 0.06, 0.07, 0.07, 0.07, 0.07, 0.07, 0.08, 0.08, 0.08, 0.08, 0.09, 0.09, 0.09, 0.09, 0.09], "Frequency": [49.42, 49.42, 49.43, 49.43, 49.43, 49.43, 49.43, 49.43, 49.41, 49.41, 49.41, 49.42, 49.42, 49.42, 49.43, 49.43, 49.43, 49.43, 49.43, 49.43, 49.43, 49.43, 49.43, 49.42, 49.42, 49.42, 49.43, 49.43, 49.43, 49.43, 49.43, 49.43, 49.41, 49.41, 49.41, 49.43, 49.43, 49.43, 49.42, 49.42, 49.42, 49.43, 49.43, 49.43, 49.44], "Temp_env": []}