{"Start_Time": [1758753805.5462584], "Time": [1758753807.5485487, 1758753809.5513887, 1758753811.5535207, 1758753813.55648, 1758753815.5593867, 1758753817.5624108, 1758753819.565255, 1758753821.5746272, 1758753823.5775611, 1758753825.5802393, 1758753827.5905516, 1758753829.593086, 1758753831.5957084, 1758753833.5984159, 1758753835.601539, 1758753837.6037414, 1758753839.606472, 1758753841.6096046, 1758753843.6129153, 1758753845.6228125, 1758753847.6255147, 1758753849.6278582, 1758753851.63759, 1758753853.6405208, 1758753855.6429703, 1758753857.6459353, 1758753859.6486173, 1758753861.6517606, 1758753863.6545265, 1758753865.657349, 1758753867.6602027, 1758753869.670108, 1758753871.6730142, 1758753873.6758146, 1758753875.6857097, 1758753877.6885016, 1758753879.691353, 1758753881.6942182, 1758753883.6970663, 1758753885.700044, 1758753887.702886, 1758753889.7057192, 1758753891.7080886, 1758753893.7178385, 1758753895.720186], "Voltage": [231.02, 231.02, 230.92, 230.97, 230.81, 230.86, 231.02, 230.86, 231.18, 230.97, 231.02, 231.02, 230.03, 230.03, 229.97, 230.03, 230.08, 229.97, 230.13, 229.97, 230.03, 230.13, 230.08, 230.03, 230.13, 230.24, 230.03, 230.13, 230.13, 229.92, 230.03, 229.97, 229.92, 229.97, 230.03, 229.92, 229.92, 230.18, 230.13, 230.08, 230.13, 229.97, 230.03, 230.03, 230.03], "Current": [0.04, 0.04, 0.04, 0.04, 0.04, 0.04, 0.04, 0.04, 0.04, 0.04, 0.04, 0.04, 0.04, 0.04, 0.04, 0.04, 0.04, 0.04, 0.04, 0.04, 0.04, 0.04, 0.04, 0.04, 0.04, 0.04, 0.04, 0.04, 0.04, 0.04, 0.04, 0.04, 0.04, 0.04, 0.04, 0.04, 0.04, 0.04, 0.04, 0.04, 0.04, 0.04, 0.04, 0.04, 0.04], "Real_Power": [3.82, 3.87, 3.9, 3.98, 3.76, 3.85, 3.79, 3.86, 3.88, 3.78, 3.86, 3.94, 3.86, 3.87, 3.87, 3.79, 3.88, 3.91, 3.85, 3.93, 3.88, 3.93, 3.91, 3.89, 3.91, 3.92, 3.84, 3.85, 4.0, 3.88, 3.89, 3.8, 3.96, 3.85, 3.8, 3.89, 3.91, 3.98, 3.92, 3.89, 3.89, 3.94, 3.78, 3.86, 3.88], "Apparent_Power": [9.24, 9.24, 9.23, 9.23, 9.23, 9.23, 9.24, 9.23, 9.24, 9.23, 9.24, 9.24, 9.2, 9.2, 9.19, 9.2, 9.2, 9.19, 9.2, 9.19, 9.2, 9.2, 9.2, 9.2, 9.2, 9.2, 9.2, 9.2, 9.2, 9.19, 9.2, 9.19, 9.19, 9.19, 9.2, 9.19, 9.19, 9.2, 9.2, 9.2, 9.2, 9.19, 9.2, 9.2, 9.2], "Apparent_Power_Reactive": [8.41, 8.39, 8.36, 8.32, 8.42, 8.38, 8.42, 8.38, 8.38, 8.42, 8.39, 8.35, 8.35, 8.34, 8.33, 8.38, 8.34, 8.31, 8.35, 8.3, 8.34, 8.31, 8.32, 8.33, 8.32, 8.32, 8.36, 8.35, 8.28, 8.33, 8.33, 8.36, 8.29, 8.34, 8.37, 8.32, 8.31, 8.29, 8.32, 8.33, 8.33, 8.3, 8.38, 8.35, 8.34], "Power_Factor": [0.413, 0.418, 0.422, 0.431, 0.407, 0.417, 0.41, 0.418, 0.419, 0.409, 0.417, 0.426, 0.419, 0.42, 0.421, 0.411, 0.421, 0.425, 0.418, 0.427, 0.421, 0.427, 0.425, 0.422, 0.425, 0.426, 0.417, 0.418, 0.434, 0.422, 0.422, 0.413, 0.43, 0.418, 0.413, 0.423, 0.425, 0.432, 0.426, 0.422, 0.422, 0.428, 0.41, 0.419, 0.421], "Energy": [0.0, 0.0, 0.0, 0.0, 0.01, 0.01, 0.01, 0.01, 0.01, 0.02, 0.02, 0.02, 0.02, 0.03, 0.03, 0.03, 0.03, 0.03, 0.04, 0.04, 0.04, 0.04, 0.05, 0.05, 0.05, 0.05, 0.05, 0.06, 0.06, 0.06, 0.06, 0.06, 0.07, 0.07, 0.07, 0.07, 0.08, 0.08, 0.08, 0.08, 0.08, 0.09, 0.09, 0.09, 0.09], "Frequency": [49.39, 49.4, 49.4, 49.4, 49.41, 49.41, 49.41, 49.41, 49.41, 49.41, 49.41, 49.41, 49.41, 49.39, 49.39, 49.39, 49.4, 49.4, 49.4, 49.41, 49.41, 49.41, 49.42, 49.42, 49.42, 49.43, 49.43, 49.43, 49.43, 49.43, 49.43, 49.42, 49.42, 49.42, 49.42, 49.42, 49.42, 49.42, 49.42, 49.42, 49.44, 49.44, 49.44, 49.43, 49.43], "Temp_env": []}