{"Start_Time": [1758816703.4817822], "Time": [1758816705.4840176, 1758816707.4870465, 1758816709.489711, 1758816711.4920223, 1758816713.50179, 1758816715.5046349, 1758816717.5068927, 1758816719.51706, 1758816721.5197184, 1758816723.5218704, 1758816725.5245745, 1758816727.5269244, 1758816729.529976, 1758816731.5328832, 1758816733.5349138, 1758816735.5377738, 1758816737.547811, 1758816739.5505605, 1758816741.5528271, 1758816743.562854, 1758816745.5655365, 1758816747.567989, 1758816749.570531, 1758816751.573128, 1758816753.575947, 1758816755.5860317, 1758816757.58871, 1758816759.5907595, 1758816761.600492, 1758816763.603124, 1758816765.6059577, 1758816767.6079922, 1758816769.610705, 1758816771.6138008, 1758816773.6163895, 1758816775.6196358, 1758816777.6227124, 1758816779.6326003, 1758816781.6356406, 1758816783.6384814, 1758816785.648376, 1758816787.6516943, 1758816789.6543558, 1758816791.6569092, 1758816793.6595318], "Voltage": [228.45, 228.51, 228.4, 228.3, 228.19, 228.19, 228.3, 228.09, 227.98, 228.24, 228.19, 228.19, 228.14, 228.14, 228.14, 228.04, 228.19, 228.09, 228.09, 228.19, 228.09, 228.19, 228.19, 228.19, 228.3, 228.14, 228.14, 227.93, 227.93, 228.09, 228.09, 227.98, 228.09, 228.09, 227.93, 227.98, 228.09, 227.98, 227.62, 227.83, 227.98, 227.77, 227.72, 228.04, 227.93], "Current": [0.04, 0.04, 0.04, 0.04, 0.04, 0.04, 0.04, 0.04, 0.04, 0.04, 0.04, 0.04, 0.04, 0.04, 0.04, 0.04, 0.04, 0.04, 0.04, 0.04, 0.04, 0.04, 0.04, 0.04, 0.04, 0.04, 0.04, 0.04, 0.04, 0.04, 0.04, 0.04, 0.04, 0.04, 0.04, 0.04, 0.04, 0.04, 0.04, 0.04, 0.04, 0.04, 0.04, 0.04, 0.04], "Real_Power": [3.92, 3.92, 3.99, 3.96, 3.93, 3.93, 3.85, 3.98, 4.06, 4.03, 3.95, 3.99, 4.02, 3.94, 4.06, 4.03, 3.94, 4.05, 3.97, 3.89, 3.93, 3.98, 4.01, 3.95, 4.03, 4.05, 3.91, 3.99, 4.07, 4.04, 4.06, 3.96, 3.99, 3.83, 3.98, 4.0, 3.98, 4.07, 4.09, 4.03, 3.95, 3.91, 3.95, 3.95, 4.07], "Apparent_Power": [9.13, 9.14, 9.13, 9.13, 9.12, 9.12, 9.13, 9.12, 9.11, 9.12, 9.12, 9.12, 9.12, 9.12, 9.12, 9.12, 9.12, 9.12, 9.12, 9.12, 9.12, 9.12, 9.12, 9.12, 9.13, 9.12, 9.12, 9.11, 9.11, 9.12, 9.12, 9.11, 9.12, 9.12, 9.11, 9.11, 9.12, 9.11, 9.1, 9.11, 9.11, 9.11, 9.1, 9.12, 9.11], "Apparent_Power_Reactive": [8.24, 8.25, 8.21, 8.22, 8.22, 8.22, 8.27, 8.2, 8.15, 8.18, 8.22, 8.2, 8.18, 8.22, 8.16, 8.18, 8.22, 8.17, 8.21, 8.24, 8.22, 8.2, 8.19, 8.22, 8.19, 8.17, 8.23, 8.18, 8.15, 8.17, 8.16, 8.2, 8.2, 8.27, 8.19, 8.18, 8.2, 8.15, 8.12, 8.17, 8.2, 8.22, 8.19, 8.22, 8.15], "Power_Factor": [0.429, 0.428, 0.437, 0.433, 0.43, 0.43, 0.421, 0.436, 0.445, 0.441, 0.433, 0.437, 0.44, 0.432, 0.445, 0.441, 0.432, 0.444, 0.435, 0.426, 0.43, 0.436, 0.439, 0.433, 0.441, 0.444, 0.428, 0.437, 0.446, 0.442, 0.445, 0.434, 0.437, 0.419, 0.436, 0.439, 0.436, 0.446, 0.449, 0.442, 0.433, 0.429, 0.434, 0.433, 0.446], "Energy": [0.0, 0.0, 0.0, 0.0, 0.01, 0.01, 0.01, 0.01, 0.02, 0.02, 0.02, 0.02, 0.02, 0.03, 0.03, 0.03, 0.03, 0.04, 0.04, 0.04, 0.04, 0.04, 0.05, 0.05, 0.05, 0.05, 0.06, 0.06, 0.06, 0.06, 0.06, 0.07, 0.07, 0.07, 0.07, 0.08, 0.08, 0.08, 0.08, 0.08, 0.09, 0.09, 0.09, 0.09, 0.1], "Frequency": [49.42, 49.42, 49.41, 49.41, 49.41, 49.4, 49.4, 49.4, 49.4, 49.4, 49.4, 49.4, 49.4, 49.4, 49.41, 49.41, 49.41, 49.39, 49.39, 49.39, 49.39, 49.39, 49.39, 49.39, 49.39, 49.39, 49.39, 49.39, 49.39, 49.39, 49.39, 49.39, 49.39, 49.39, 49.39, 49.39, 49.39, 49.39, 49.39, 49.39, 49.39, 49.39, 49.39, 49.39, 49.38], "Temp_env": []}