{"Start_Time": [1758997742.157527], "Time": [1758997744.1603503, 1758997746.1635408, 1758997748.1666584, 1758997750.169724, 1758997752.1719472, 1758997754.174475, 1758997756.1768098, 1758997758.17949, 1758997760.1821997, 1758997762.1851177, 1758997764.187741, 1758997766.1898196, 1758997768.1922143, 1758997770.1950564, 1758997772.1976483, 1758997774.2002325, 1758997776.2031047, 1758997778.2057192, 1758997780.2080314, 1758997782.2109642, 1758997784.213741, 1758997786.2161195, 1758997788.2190635, 1758997790.2212002, 1758997792.223865, 1758997794.2271373, 1758997796.2298443, 1758997798.232435, 1758997800.2352345, 1758997802.2383027, 1758997804.2411501, 1758997806.2439513, 1758997808.2463155, 1758997810.2489593, 1758997812.2512941, 1758997814.2543514, 1758997816.2572744, 1758997818.2603881, 1758997820.262469, 1758997822.2656093, 1758997824.2684603, 1758997826.2714107, 1758997828.2744317, 1758997830.2773046, 1758997832.2804475], "Voltage": [229.5, 229.55, 229.5, 229.76, 229.61, 229.82, 229.71, 229.71, 229.71, 229.71, 229.66, 229.71, 229.66, 229.82, 229.55, 229.66, 229.61, 229.82, 229.76, 229.71, 229.55, 229.61, 229.61, 229.66, 229.76, 229.71, 229.71, 229.55, 229.66, 229.55, 229.66, 229.61, 229.61, 229.66, 229.71, 229.61, 229.61, 229.61, 229.66, 229.55, 229.61, 229.55, 229.45, 229.71, 229.5], "Current": [0.04, 0.04, 0.04, 0.04, 0.04, 0.04, 0.04, 0.04, 0.04, 0.04, 0.04, 0.04, 0.04, 0.04, 0.04, 0.04, 0.04, 0.04, 0.04, 0.04, 0.04, 0.04, 0.04, 0.04, 0.04, 0.04, 0.04, 0.04, 0.04, 0.04, 0.04, 0.04, 0.04, 0.04, 0.04, 0.04, 0.04, 0.04, 0.04, 0.04, 0.04, 0.04, 0.04, 0.04, 0.04], "Real_Power": [3.91, 3.89, 4.02, 3.99, 4.02, 3.87, 4.03, 3.88, 3.86, 3.94, 3.92, 3.95, 3.8, 3.94, 3.93, 3.89, 3.87, 4.06, 3.77, 3.89, 3.82, 3.82, 3.92, 4.04, 3.95, 3.89, 3.87, 3.89, 3.95, 3.91, 3.83, 3.83, 3.91, 3.79, 3.9, 3.93, 3.98, 3.91, 3.88, 3.93, 3.97, 3.86, 3.94, 3.84, 3.91], "Apparent_Power": [9.18, 9.18, 9.18, 9.19, 9.18, 9.19, 9.18, 9.18, 9.18, 9.18, 9.18, 9.18, 9.18, 9.19, 9.18, 9.18, 9.18, 9.19, 9.19, 9.18, 9.18, 9.18, 9.18, 9.18, 9.19, 9.18, 9.18, 9.18, 9.18, 9.18, 9.18, 9.18, 9.18, 9.18, 9.18, 9.18, 9.18, 9.18, 9.18, 9.18, 9.18, 9.18, 9.17, 9.18, 9.18], "Apparent_Power_Reactive": [8.3, 8.31, 8.25, 8.27, 8.25, 8.33, 8.24, 8.31, 8.32, 8.29, 8.3, 8.28, 8.35, 8.3, 8.29, 8.31, 8.32, 8.24, 8.38, 8.31, 8.34, 8.34, 8.3, 8.24, 8.29, 8.31, 8.32, 8.31, 8.28, 8.3, 8.34, 8.34, 8.3, 8.36, 8.31, 8.29, 8.27, 8.3, 8.31, 8.29, 8.27, 8.32, 8.28, 8.33, 8.3], "Power_Factor": [0.425, 0.423, 0.437, 0.434, 0.437, 0.421, 0.438, 0.422, 0.42, 0.429, 0.427, 0.43, 0.413, 0.428, 0.428, 0.423, 0.421, 0.441, 0.41, 0.423, 0.416, 0.416, 0.427, 0.44, 0.429, 0.423, 0.421, 0.423, 0.43, 0.425, 0.417, 0.417, 0.425, 0.412, 0.424, 0.428, 0.433, 0.425, 0.422, 0.428, 0.432, 0.42, 0.429, 0.418, 0.425], "Energy": [0.0, 0.0, 0.0, 0.0, 0.01, 0.01, 0.01, 0.01, 0.01, 0.02, 0.02, 0.02, 0.02, 0.03, 0.03, 0.03, 0.03, 0.03, 0.04, 0.04, 0.04, 0.04, 0.05, 0.05, 0.05, 0.05, 0.05, 0.06, 0.06, 0.06, 0.06, 0.06, 0.07, 0.07, 0.07, 0.07, 0.08, 0.08, 0.08, 0.08, 0.08, 0.09, 0.09, 0.09, 0.09], "Frequency": [49.39, 49.4, 49.4, 49.4, 49.4, 49.4, 49.4, 49.39, 49.39, 49.39, 49.4, 49.4, 49.4, 49.4, 49.4, 49.4, 49.39, 49.39, 49.39, 49.41, 49.41, 49.41, 49.41, 49.41, 49.41, 49.41, 49.41, 49.41, 49.41, 49.41, 49.41, 49.4, 49.4, 49.4, 49.41, 49.41, 49.41, 49.39, 49.39, 49.39, 49.41, 49.41, 49.41, 49.4, 49.4], "Temp_env": []}