{"Start_Time": [1758790462.5967], "Time": [1758790464.5992558, 1758790466.602142, 1758790468.6050842, 1758790470.6070218, 1758790472.6097262, 1758790474.6124816, 1758790476.6153347, 1758790478.618193, 1758790480.6281579, 1758790482.6310632, 1758790484.6339252, 1758790486.6369252, 1758790488.6393127, 1758790490.6423402, 1758790492.6454802, 1758790494.6479502, 1758790496.6503007, 1758790498.6600478, 1758790500.6623912, 1758790502.6655052, 1758790504.6683836, 1758790506.6704164, 1758790508.6733778, 1758790510.675914, 1758790512.678438, 1758790514.6811528, 1758790516.683504, 1758790518.6864445, 1758790520.6895118, 1758790522.6994445, 1758790524.7025452, 1758790526.7057693, 1758790528.7082715, 1758790530.7105885, 1758790532.7133067, 1758790534.7157605, 1758790536.718474, 1758790538.7215884, 1758790540.724752, 1758790542.7276387, 1758790544.7298005, 1758790546.739537, 1758790548.742702, 1758790550.7450354, 1758790552.7479072], "Voltage": [229.61, 229.61, 229.61, 229.5, 229.5, 229.55, 229.5, 229.4, 229.5, 229.45, 229.45, 229.5, 229.45, 229.5, 229.35, 229.35, 229.24, 229.45, 229.4, 229.29, 229.4, 229.4, 229.29, 229.4, 229.4, 229.45, 229.4, 229.45, 229.61, 229.45, 229.66, 229.5, 229.5, 229.5, 229.55, 229.61, 229.55, 229.5, 229.61, 229.71, 229.66, 229.71, 229.76, 229.5, 229.45], "Current": [0.04, 0.04, 0.04, 0.04, 0.04, 0.04, 0.04, 0.04, 0.04, 0.04, 0.04, 0.04, 0.04, 0.04, 0.04, 0.04, 0.04, 0.04, 0.04, 0.04, 0.04, 0.04, 0.04, 0.04, 0.04, 0.04, 0.04, 0.04, 0.04, 0.04, 0.04, 0.04, 0.04, 0.04, 0.04, 0.04, 0.04, 0.04, 0.04, 0.04, 0.04, 0.04, 0.04, 0.04, 0.04], "Real_Power": [3.95, 3.9, 3.96, 3.87, 3.94, 3.96, 3.98, 3.99, 4.01, 3.94, 4.08, 3.97, 3.97, 3.95, 4.08, 3.95, 3.94, 4.06, 4.11, 3.94, 3.9, 3.97, 4.02, 4.01, 4.02, 4.11, 4.04, 3.98, 3.91, 3.98, 3.95, 4.0, 4.01, 3.98, 4.02, 4.0, 3.89, 3.96, 3.91, 4.11, 3.94, 4.04, 3.93, 3.91, 4.11], "Apparent_Power": [9.18, 9.18, 9.18, 9.18, 9.18, 9.18, 9.18, 9.17, 9.18, 9.17, 9.17, 9.18, 9.17, 9.18, 9.17, 9.17, 9.16, 9.17, 9.17, 9.17, 9.17, 9.17, 9.17, 9.17, 9.17, 9.17, 9.17, 9.17, 9.18, 9.17, 9.18, 9.18, 9.18, 9.18, 9.18, 9.18, 9.18, 9.18, 9.18, 9.18, 9.18, 9.18, 9.19, 9.18, 9.17], "Apparent_Power_Reactive": [8.28, 8.31, 8.28, 8.32, 8.29, 8.28, 8.27, 8.25, 8.25, 8.28, 8.21, 8.27, 8.26, 8.28, 8.21, 8.27, 8.26, 8.22, 8.19, 8.28, 8.29, 8.26, 8.24, 8.24, 8.24, 8.19, 8.23, 8.26, 8.3, 8.26, 8.28, 8.26, 8.25, 8.27, 8.25, 8.26, 8.31, 8.28, 8.3, 8.2, 8.29, 8.24, 8.3, 8.3, 8.19], "Power_Factor": [0.43, 0.424, 0.431, 0.421, 0.429, 0.431, 0.433, 0.435, 0.436, 0.429, 0.444, 0.432, 0.432, 0.43, 0.444, 0.43, 0.43, 0.442, 0.448, 0.429, 0.425, 0.432, 0.438, 0.437, 0.438, 0.448, 0.44, 0.434, 0.425, 0.434, 0.43, 0.435, 0.436, 0.433, 0.437, 0.435, 0.423, 0.431, 0.425, 0.447, 0.429, 0.44, 0.427, 0.425, 0.448], "Energy": [0.0, 0.0, 0.0, 0.0, 0.01, 0.01, 0.01, 0.01, 0.02, 0.02, 0.02, 0.02, 0.02, 0.03, 0.03, 0.03, 0.03, 0.04, 0.04, 0.04, 0.04, 0.04, 0.05, 0.05, 0.05, 0.05, 0.06, 0.06, 0.06, 0.06, 0.06, 0.07, 0.07, 0.07, 0.07, 0.08, 0.08, 0.08, 0.08, 0.08, 0.09, 0.09, 0.09, 0.09, 0.1], "Frequency": [49.38, 49.38, 49.38, 49.38, 49.37, 49.37, 49.37, 49.36, 49.36, 49.36, 49.37, 49.37, 49.37, 49.37, 49.37, 49.37, 49.38, 49.38, 49.38, 49.38, 49.38, 49.38, 49.4, 49.4, 49.4, 49.43, 49.43, 49.43, 49.42, 49.42, 49.42, 49.42, 49.42, 49.42, 49.42, 49.42, 49.42, 49.43, 49.43, 49.43, 49.42, 49.42, 49.42, 49.4, 49.4], "Temp_env": []}