{"Start_Time": [1759171549.466245], "Time": [1759171551.4690566, 1759171553.471824, 1759171555.4749131, 1759171557.4777944, 1759171559.4870012, 1759171561.4890816, 1759171563.492068, 1759171565.4952812, 1759171567.4978755, 1759171569.5002046, 1759171571.509915, 1759171573.5122607, 1759171575.5153742, 1759171577.5256608, 1759171579.528356, 1759171581.5309906, 1759171583.5332937, 1759171585.5363789, 1759171587.5393007, 1759171589.5422883, 1759171591.5454636, 1759171593.5480897, 1759171595.5581074, 1759171597.5603876, 1759171599.563348, 1759171601.5662708, 1759171603.5684109, 1759171605.5714011, 1759171607.5740561, 1759171609.5764656, 1759171611.5794444, 1759171613.5893457, 1759171615.5923936, 1759171617.5956597, 1759171619.6055644, 1759171621.6087234, 1759171623.6111825, 1759171625.6135223, 1759171627.6156728, 1759171629.6181872, 1759171631.6205227, 1759171633.6234481, 1759171635.625657, 1759171637.6284392, 1759171639.6315324], "Voltage": [229.03, 229.14, 229.08, 229.08, 229.03, 228.98, 229.14, 229.03, 228.98, 229.08, 229.03, 229.19, 229.14, 229.19, 229.03, 229.19, 229.14, 229.14, 229.03, 229.14, 228.93, 228.98, 229.08, 229.14, 229.14, 228.98, 229.08, 229.03, 229.03, 228.98, 228.93, 229.08, 229.08, 228.98, 229.08, 228.98, 228.93, 229.08, 229.14, 229.03, 229.14, 229.08, 229.03, 229.14, 229.03], "Current": [0.04, 0.04, 0.04, 0.04, 0.04, 0.04, 0.04, 0.04, 0.04, 0.04, 0.04, 0.04, 0.04, 0.04, 0.04, 0.04, 0.04, 0.04, 0.04, 0.04, 0.04, 0.04, 0.04, 0.04, 0.04, 0.04, 0.04, 0.04, 0.04, 0.04, 0.04, 0.04, 0.04, 0.04, 0.04, 0.04, 0.04, 0.04, 0.04, 0.04, 0.04, 0.04, 0.04, 0.04, 0.04], "Real_Power": [3.96, 3.9, 3.95, 3.94, 3.95, 4.0, 4.01, 3.93, 3.89, 3.83, 3.91, 3.92, 3.97, 4.02, 3.9, 4.01, 3.91, 3.96, 3.97, 3.98, 3.85, 3.99, 3.9, 3.91, 4.09, 3.94, 3.88, 3.85, 3.97, 3.92, 3.97, 3.91, 3.96, 4.01, 3.98, 3.89, 4.04, 3.91, 4.01, 3.99, 3.9, 3.95, 3.95, 3.96, 3.97], "Apparent_Power": [9.16, 9.16, 9.16, 9.16, 9.16, 9.15, 9.16, 9.16, 9.15, 9.16, 9.16, 9.16, 9.16, 9.16, 9.16, 9.16, 9.16, 9.16, 9.16, 9.16, 9.15, 9.15, 9.16, 9.16, 9.16, 9.15, 9.16, 9.16, 9.16, 9.15, 9.15, 9.16, 9.16, 9.15, 9.16, 9.15, 9.15, 9.16, 9.16, 9.16, 9.16, 9.16, 9.16, 9.16, 9.16], "Apparent_Power_Reactive": [8.25, 8.28, 8.26, 8.26, 8.26, 8.22, 8.23, 8.27, 8.28, 8.32, 8.28, 8.27, 8.25, 8.23, 8.28, 8.23, 8.28, 8.25, 8.25, 8.25, 8.3, 8.23, 8.28, 8.28, 8.19, 8.25, 8.29, 8.31, 8.25, 8.26, 8.24, 8.28, 8.25, 8.22, 8.25, 8.28, 8.2, 8.28, 8.23, 8.24, 8.28, 8.26, 8.26, 8.25, 8.25], "Power_Factor": [0.432, 0.425, 0.431, 0.43, 0.431, 0.437, 0.437, 0.429, 0.425, 0.418, 0.426, 0.427, 0.433, 0.438, 0.425, 0.437, 0.426, 0.432, 0.433, 0.434, 0.42, 0.436, 0.425, 0.426, 0.446, 0.43, 0.423, 0.42, 0.433, 0.428, 0.433, 0.426, 0.432, 0.438, 0.434, 0.425, 0.441, 0.426, 0.437, 0.435, 0.425, 0.431, 0.431, 0.432, 0.433], "Energy": [0.0, 0.0, 0.0, 0.0, 0.01, 0.01, 0.01, 0.01, 0.01, 0.02, 0.02, 0.02, 0.02, 0.03, 0.03, 0.03, 0.03, 0.03, 0.04, 0.04, 0.04, 0.04, 0.05, 0.05, 0.05, 0.05, 0.05, 0.06, 0.06, 0.06, 0.06, 0.07, 0.07, 0.07, 0.07, 0.07, 0.08, 0.08, 0.08, 0.08, 0.09, 0.09, 0.09, 0.09, 0.09], "Frequency": [49.43, 49.43, 49.43, 49.43, 49.43, 49.43, 49.43, 49.43, 49.43, 49.43, 49.43, 49.43, 49.43, 49.43, 49.43, 49.44, 49.44, 49.44, 49.42, 49.42, 49.42, 49.41, 49.41, 49.41, 49.43, 49.43, 49.43, 49.42, 49.42, 49.42, 49.4, 49.4, 49.4, 49.39, 49.39, 49.39, 49.39, 49.39, 49.39, 49.4, 49.4, 49.4, 49.39, 49.39, 49.39], "Temp_env": []}