{"Start_Time": [1759239451.5467474], "Time": [1759239453.5491402, 1759239455.551866, 1759239457.5541856, 1759239459.5568535, 1759239461.5662649, 1759239463.5682023, 1759239465.571163, 1759239467.5732825, 1759239469.5759418, 1759239471.578511, 1759239473.5813584, 1759239475.583331, 1759239477.5863194, 1759239479.5963416, 1759239481.5983934, 1759239483.6011384, 1759239485.6110713, 1759239487.6134026, 1759239489.6157308, 1759239491.6183207, 1759239493.6214, 1759239495.6238112, 1759239497.6263742, 1759239499.6295304, 1759239501.6315904, 1759239503.6413472, 1759239505.6445398, 1759239507.6469567, 1759239509.6495385, 1759239511.6526594, 1759239513.6547182, 1759239515.6574037, 1759239517.6597354, 1759239519.662443, 1759239521.671915, 1759239523.6744819, 1759239525.6776621, 1759239527.686823, 1759239529.6895146, 1759239531.6929193, 1759239533.6960886, 1759239535.6989267, 1759239537.7016056, 1759239539.7041261, 1759239541.7066329], "Voltage": [230.45, 230.55, 230.39, 230.5, 230.55, 230.66, 230.5, 230.24, 230.39, 230.34, 230.5, 230.5, 230.6, 230.55, 230.5, 230.55, 230.6, 230.55, 230.39, 230.5, 230.5, 230.45, 230.39, 230.34, 230.34, 230.34, 229.29, 229.24, 229.29, 229.29, 229.29, 229.29, 229.4, 229.24, 229.35, 229.29, 229.19, 229.4, 229.29, 229.45, 229.5, 229.4, 229.29, 229.5, 229.4], "Current": [0.04, 0.04, 0.04, 0.04, 0.04, 0.04, 0.04, 0.04, 0.04, 0.04, 0.04, 0.04, 0.04, 0.04, 0.04, 0.04, 0.04, 0.04, 0.04, 0.04, 0.04, 0.04, 0.04, 0.04, 0.04, 0.04, 0.04, 0.04, 0.04, 0.04, 0.04, 0.04, 0.04, 0.04, 0.04, 0.04, 0.04, 0.04, 0.04, 0.04, 0.04, 0.04, 0.04, 0.04, 0.04], "Real_Power": [4.06, 3.95, 3.97, 3.93, 4.13, 4.02, 4.01, 3.96, 3.97, 4.21, 4.04, 4.08, 3.96, 4.0, 3.98, 4.09, 4.0, 3.92, 3.94, 4.0, 3.98, 3.88, 3.96, 3.95, 4.01, 3.99, 3.94, 4.03, 3.91, 4.07, 4.01, 3.93, 4.09, 4.0, 4.09, 4.09, 4.1, 4.05, 3.97, 4.06, 3.86, 3.94, 4.07, 4.04, 4.04], "Apparent_Power": [9.21, 9.22, 9.21, 9.22, 9.22, 9.22, 9.22, 9.2, 9.21, 9.21, 9.22, 9.22, 9.22, 9.22, 9.22, 9.22, 9.22, 9.22, 9.21, 9.22, 9.22, 9.21, 9.21, 9.21, 9.21, 9.21, 9.17, 9.16, 9.17, 9.17, 9.17, 9.17, 9.17, 9.16, 9.17, 9.17, 9.16, 9.17, 9.17, 9.17, 9.18, 9.17, 9.17, 9.18, 9.17], "Apparent_Power_Reactive": [8.26, 8.33, 8.31, 8.34, 8.24, 8.29, 8.3, 8.3, 8.31, 8.19, 8.28, 8.26, 8.32, 8.3, 8.31, 8.26, 8.3, 8.34, 8.32, 8.3, 8.31, 8.35, 8.31, 8.31, 8.29, 8.3, 8.28, 8.22, 8.29, 8.21, 8.24, 8.28, 8.2, 8.24, 8.2, 8.2, 8.19, 8.22, 8.26, 8.22, 8.32, 8.28, 8.21, 8.24, 8.23], "Power_Factor": [0.44, 0.428, 0.431, 0.426, 0.447, 0.436, 0.434, 0.43, 0.431, 0.457, 0.438, 0.442, 0.429, 0.433, 0.431, 0.443, 0.433, 0.425, 0.427, 0.433, 0.431, 0.421, 0.429, 0.428, 0.435, 0.433, 0.429, 0.439, 0.426, 0.443, 0.437, 0.428, 0.446, 0.436, 0.446, 0.446, 0.447, 0.441, 0.432, 0.442, 0.42, 0.429, 0.443, 0.44, 0.44], "Energy": [0.0, 0.0, 0.0, 0.0, 0.01, 0.01, 0.01, 0.01, 0.02, 0.02, 0.02, 0.02, 0.02, 0.03, 0.03, 0.03, 0.03, 0.04, 0.04, 0.04, 0.04, 0.04, 0.05, 0.05, 0.05, 0.05, 0.06, 0.06, 0.06, 0.06, 0.06, 0.07, 0.07, 0.07, 0.07, 0.08, 0.08, 0.08, 0.08, 0.08, 0.09, 0.09, 0.09, 0.09, 0.1], "Frequency": [49.41, 49.41, 49.43, 49.43, 49.43, 49.4, 49.4, 49.4, 49.41, 49.41, 49.41, 49.4, 49.4, 49.4, 49.43, 49.43, 49.43, 49.43, 49.43, 49.43, 49.43, 49.43, 49.43, 49.41, 49.41, 49.41, 49.4, 49.4, 49.4, 49.39, 49.39, 49.39, 49.39, 49.39, 49.39, 49.38, 49.38, 49.38, 49.38, 49.38, 49.38, 49.39, 49.39, 49.39, 49.37], "Temp_env": []}