{"Start_Time": [1759038992.3536847], "Time": [1759038994.3564937, 1759038996.3590488, 1759038998.3617928, 1759039000.3642585, 1759039002.3740098, 1759039004.3768296, 1759039006.3792145, 1759039008.3892555, 1759039010.3921335, 1759039012.3944182, 1759039014.4045656, 1759039016.4074702, 1759039018.4103808, 1759039020.4204276, 1759039022.423283, 1759039024.426324, 1759039026.436271, 1759039028.4383268, 1759039030.441445, 1759039032.4513597, 1759039034.454617, 1759039036.4571815, 1759039038.467393, 1759039040.4702237, 1759039042.4725811, 1759039044.4825776, 1759039046.4852595, 1759039048.487564, 1759039050.4973505, 1759039052.4999187, 1759039054.5025764, 1759039056.5126488, 1759039058.5155816, 1759039060.5186918, 1759039062.5213413, 1759039064.5240386, 1759039066.526891, 1759039068.5366154, 1759039070.5397162, 1759039072.5423899, 1759039074.551716, 1759039076.5541975, 1759039078.5565615, 1759039080.5588882, 1759039082.5616474], "Voltage": [230.03, 230.18, 230.13, 230.18, 230.08, 230.13, 230.13, 230.13, 230.13, 230.18, 230.24, 230.24, 230.24, 230.18, 230.24, 230.13, 230.18, 230.18, 230.29, 230.24, 230.18, 230.08, 230.13, 230.13, 230.08, 230.18, 230.13, 230.08, 230.29, 230.13, 230.18, 230.29, 230.18, 230.13, 230.45, 230.29, 230.29, 230.39, 230.39, 230.34, 230.45, 230.34, 230.34, 230.45, 230.29], "Current": [0.04, 0.04, 0.04, 0.04, 0.04, 0.04, 0.04, 0.04, 0.04, 0.04, 0.04, 0.04, 0.04, 0.04, 0.04, 0.04, 0.04, 0.04, 0.04, 0.04, 0.04, 0.04, 0.04, 0.04, 0.04, 0.04, 0.04, 0.04, 0.04, 0.04, 0.04, 0.04, 0.04, 0.04, 0.04, 0.04, 0.04, 0.04, 0.04, 0.04, 0.04, 0.04, 0.04, 0.04, 0.04], "Real_Power": [3.79, 3.93, 3.91, 3.9, 3.81, 3.78, 3.83, 3.82, 3.86, 3.82, 3.87, 3.82, 3.9, 3.94, 3.85, 3.95, 3.87, 3.9, 3.79, 3.97, 3.82, 4.01, 3.93, 3.88, 3.94, 3.9, 3.91, 3.99, 3.95, 3.88, 4.07, 4.01, 3.97, 3.8, 3.97, 3.86, 3.92, 3.93, 3.81, 3.88, 4.01, 3.95, 3.88, 3.82, 3.95], "Apparent_Power": [9.2, 9.2, 9.2, 9.2, 9.2, 9.2, 9.2, 9.2, 9.2, 9.2, 9.2, 9.2, 9.2, 9.2, 9.2, 9.2, 9.2, 9.2, 9.21, 9.2, 9.2, 9.2, 9.2, 9.2, 9.2, 9.2, 9.2, 9.2, 9.21, 9.2, 9.2, 9.21, 9.2, 9.2, 9.21, 9.21, 9.21, 9.21, 9.21, 9.21, 9.21, 9.21, 9.21, 9.21, 9.21], "Apparent_Power_Reactive": [8.38, 8.31, 8.32, 8.33, 8.37, 8.38, 8.36, 8.36, 8.35, 8.36, 8.34, 8.36, 8.33, 8.31, 8.35, 8.3, 8.34, 8.33, 8.39, 8.29, 8.36, 8.28, 8.31, 8.34, 8.31, 8.33, 8.32, 8.28, 8.31, 8.34, 8.25, 8.29, 8.29, 8.37, 8.31, 8.36, 8.33, 8.32, 8.38, 8.35, 8.29, 8.31, 8.35, 8.38, 8.31], "Power_Factor": [0.411, 0.427, 0.425, 0.423, 0.414, 0.41, 0.416, 0.415, 0.419, 0.415, 0.42, 0.415, 0.423, 0.428, 0.418, 0.429, 0.42, 0.423, 0.411, 0.431, 0.415, 0.435, 0.427, 0.421, 0.428, 0.423, 0.425, 0.433, 0.428, 0.421, 0.442, 0.435, 0.431, 0.413, 0.431, 0.419, 0.425, 0.426, 0.413, 0.421, 0.435, 0.428, 0.421, 0.414, 0.428], "Energy": [0.0, 0.0, 0.0, 0.0, 0.01, 0.01, 0.01, 0.01, 0.01, 0.02, 0.02, 0.02, 0.02, 0.03, 0.03, 0.03, 0.03, 0.03, 0.04, 0.04, 0.04, 0.04, 0.05, 0.05, 0.05, 0.05, 0.05, 0.06, 0.06, 0.06, 0.06, 0.07, 0.07, 0.07, 0.07, 0.07, 0.08, 0.08, 0.08, 0.08, 0.09, 0.09, 0.09, 0.09, 0.09], "Frequency": [49.4, 49.4, 49.4, 49.4, 49.4, 49.4, 49.4, 49.4, 49.4, 49.4, 49.39, 49.39, 49.39, 49.4, 49.4, 49.4, 49.4, 49.4, 49.4, 49.39, 49.39, 49.39, 49.39, 49.39, 49.39, 49.39, 49.39, 49.39, 49.39, 49.39, 49.39, 49.39, 49.39, 49.39, 49.39, 49.39, 49.39, 49.4, 49.4, 49.4, 49.39, 49.39, 49.39, 49.4, 49.4], "Temp_env": []}