{"Start_Time": [1758927183.7220113], "Time": [1758927185.7246058, 1758927187.727387, 1758927189.730427, 1758927191.7326982, 1758927193.7356355, 1758927195.7385836, 1758927197.7418096, 1758927199.7442727, 1758927201.7466214, 1758927203.7493248, 1758927205.7586446, 1758927207.7618048, 1758927209.764386, 1758927211.7667685, 1758927213.7694468, 1758927215.7719393, 1758927217.7744482, 1758927219.7768373, 1758927221.7796624, 1758927223.782204, 1758927225.7850986, 1758927227.7876186, 1758927229.7970045, 1758927231.7996874, 1758927233.8021195, 1758927235.8046823, 1758927237.8070316, 1758927239.809946, 1758927241.8127217, 1758927243.8151, 1758927245.8178046, 1758927247.8201213, 1758927249.8222919, 1758927251.8252547, 1758927253.828008, 1758927255.8309526, 1758927257.8335533, 1758927259.8364224, 1758927261.8392735, 1758927263.8424435, 1758927265.8449361, 1758927267.8473313, 1758927269.8500276, 1758927271.8524747, 1758927273.854455], "Voltage": [230.55, 230.45, 230.55, 230.5, 230.39, 230.39, 230.39, 230.45, 230.45, 230.39, 230.29, 230.39, 230.29, 230.29, 230.29, 230.18, 230.13, 230.18, 230.34, 230.29, 230.29, 230.29, 230.13, 230.39, 230.24, 230.24, 230.08, 230.18, 230.24, 230.29, 230.18, 230.24, 230.29, 230.24, 230.24, 230.24, 230.24, 230.29, 230.29, 230.29, 230.45, 230.39, 230.39, 230.55, 230.5], "Current": [0.04, 0.04, 0.04, 0.04, 0.04, 0.04, 0.04, 0.04, 0.04, 0.04, 0.04, 0.04, 0.04, 0.04, 0.04, 0.04, 0.04, 0.04, 0.04, 0.04, 0.04, 0.04, 0.04, 0.04, 0.04, 0.04, 0.04, 0.04, 0.04, 0.04, 0.04, 0.04, 0.04, 0.04, 0.04, 0.04, 0.04, 0.04, 0.04, 0.04, 0.04, 0.04, 0.04, 0.04, 0.04], "Real_Power": [3.75, 3.81, 3.8, 3.94, 3.78, 3.83, 3.86, 3.78, 3.93, 3.89, 3.79, 3.96, 3.79, 3.85, 3.89, 3.84, 3.87, 3.73, 3.89, 3.89, 3.85, 3.83, 3.73, 3.9, 3.84, 3.87, 3.8, 3.96, 3.85, 3.78, 3.87, 4.02, 3.84, 3.97, 3.83, 3.81, 3.84, 4.01, 3.84, 3.88, 3.84, 3.88, 3.84, 3.92, 3.89], "Apparent_Power": [9.22, 9.21, 9.22, 9.22, 9.21, 9.21, 9.21, 9.21, 9.21, 9.21, 9.21, 9.21, 9.21, 9.21, 9.21, 9.2, 9.2, 9.2, 9.21, 9.21, 9.21, 9.21, 9.2, 9.21, 9.2, 9.2, 9.2, 9.2, 9.2, 9.21, 9.2, 9.2, 9.21, 9.2, 9.2, 9.2, 9.2, 9.21, 9.21, 9.21, 9.21, 9.21, 9.21, 9.22, 9.22], "Apparent_Power_Reactive": [8.42, 8.38, 8.4, 8.33, 8.39, 8.37, 8.36, 8.39, 8.32, 8.34, 8.39, 8.31, 8.39, 8.36, 8.34, 8.36, 8.34, 8.4, 8.34, 8.34, 8.36, 8.37, 8.4, 8.34, 8.36, 8.34, 8.37, 8.3, 8.35, 8.39, 8.34, 8.27, 8.37, 8.29, 8.36, 8.37, 8.36, 8.29, 8.37, 8.35, 8.37, 8.35, 8.37, 8.34, 8.35], "Power_Factor": [0.406, 0.413, 0.412, 0.427, 0.41, 0.415, 0.419, 0.41, 0.426, 0.422, 0.411, 0.429, 0.411, 0.418, 0.422, 0.417, 0.42, 0.405, 0.422, 0.422, 0.418, 0.415, 0.405, 0.423, 0.417, 0.42, 0.413, 0.43, 0.418, 0.41, 0.42, 0.436, 0.416, 0.431, 0.416, 0.414, 0.417, 0.435, 0.416, 0.421, 0.416, 0.421, 0.416, 0.425, 0.421], "Energy": [0.0, 0.0, 0.0, 0.0, 0.01, 0.01, 0.01, 0.01, 0.01, 0.02, 0.02, 0.02, 0.02, 0.03, 0.03, 0.03, 0.03, 0.03, 0.04, 0.04, 0.04, 0.04, 0.04, 0.05, 0.05, 0.05, 0.05, 0.06, 0.06, 0.06, 0.06, 0.06, 0.07, 0.07, 0.07, 0.07, 0.08, 0.08, 0.08, 0.08, 0.08, 0.09, 0.09, 0.09, 0.09], "Frequency": [49.39, 49.39, 49.4, 49.4, 49.4, 49.4, 49.4, 49.4, 49.4, 49.4, 49.4, 49.39, 49.39, 49.39, 49.39, 49.39, 49.39, 49.39, 49.39, 49.39, 49.4, 49.4, 49.4, 49.39, 49.39, 49.39, 49.38, 49.38, 49.38, 49.39, 49.39, 49.39, 49.37, 49.37, 49.37, 49.38, 49.38, 49.38, 49.39, 49.39, 49.39, 49.39, 49.39, 49.39, 49.38], "Temp_env": []}