{"Start_Time": [1758724194.2103155], "Time": [1758724196.2128768, 1758724198.2156444, 1758724200.2178066, 1758724202.220596, 1758724204.223067, 1758724206.2258108, 1758724208.2286096, 1758724210.2309535, 1758724212.233608, 1758724214.2362392, 1758724216.2386303, 1758724218.2409296, 1758724220.2436407, 1758724222.2459607, 1758724224.2486403, 1758724226.2510111, 1758724228.254075, 1758724230.256933, 1758724232.2589853, 1758724234.2618608, 1758724236.2647176, 1758724238.266991, 1758724240.27016, 1758724242.2727592, 1758724244.2750807, 1758724246.2777793, 1758724248.2807934, 1758724250.283037, 1758724252.285777, 1758724254.2881286, 1758724256.2910805, 1758724258.293744, 1758724260.2960978, 1758724262.2988575, 1758724264.3011594, 1758724266.3041127, 1758724268.3067584, 1758724270.309147, 1758724272.3119993, 1758724274.314917, 1758724276.3178148, 1758724278.320162, 1758724280.3223104, 1758724282.3252482, 1758724284.327847], "Voltage": [231.34, 231.28, 231.34, 231.39, 231.28, 231.34, 231.39, 231.34, 231.28, 231.55, 231.65, 231.6, 231.6, 231.65, 231.7, 231.76, 231.81, 231.81, 231.81, 231.7, 231.91, 231.7, 231.55, 231.65, 231.55, 231.55, 231.55, 231.76, 231.65, 231.6, 231.7, 231.7, 231.65, 231.7, 231.65, 232.86, 232.75, 232.65, 232.75, 232.7, 232.7, 233.01, 232.86, 232.8, 232.96], "Current": [0.04, 0.04, 0.04, 0.04, 0.04, 0.04, 0.04, 0.04, 0.04, 0.04, 0.04, 0.04, 0.04, 0.04, 0.04, 0.04, 0.04, 0.04, 0.04, 0.04, 0.04, 0.04, 0.04, 0.04, 0.04, 0.04, 0.04, 0.04, 0.04, 0.04, 0.04, 0.04, 0.04, 0.04, 0.04, 0.04, 0.04, 0.04, 0.04, 0.04, 0.04, 0.04, 0.04, 0.04, 0.04], "Real_Power": [3.99, 3.96, 4.04, 4.05, 3.93, 3.92, 3.95, 3.9, 4.03, 3.93, 3.97, 4.02, 3.98, 4.04, 3.93, 3.96, 3.98, 4.06, 3.92, 4.01, 3.9, 3.98, 4.0, 3.97, 4.04, 3.98, 4.0, 4.0, 4.01, 3.91, 4.02, 3.92, 3.96, 3.97, 3.98, 4.02, 3.97, 4.0, 3.94, 3.93, 3.94, 4.0, 4.06, 4.04, 3.95], "Apparent_Power": [9.25, 9.25, 9.25, 9.25, 9.25, 9.25, 9.25, 9.25, 9.25, 9.26, 9.26, 9.26, 9.26, 9.26, 9.26, 9.27, 9.27, 9.27, 9.27, 9.26, 9.27, 9.26, 9.26, 9.26, 9.26, 9.26, 9.26, 9.27, 9.26, 9.26, 9.26, 9.26, 9.26, 9.26, 9.26, 9.31, 9.31, 9.3, 9.31, 9.3, 9.3, 9.32, 9.31, 9.31, 9.31], "Apparent_Power_Reactive": [8.34, 8.35, 8.32, 8.31, 8.37, 8.37, 8.36, 8.38, 8.32, 8.38, 8.36, 8.34, 8.36, 8.33, 8.38, 8.38, 8.37, 8.33, 8.4, 8.34, 8.4, 8.36, 8.35, 8.36, 8.33, 8.36, 8.35, 8.36, 8.34, 8.39, 8.34, 8.38, 8.37, 8.36, 8.36, 8.39, 8.42, 8.39, 8.43, 8.42, 8.42, 8.41, 8.37, 8.38, 8.43], "Power_Factor": [0.431, 0.428, 0.436, 0.437, 0.424, 0.423, 0.427, 0.421, 0.435, 0.424, 0.428, 0.434, 0.429, 0.436, 0.424, 0.427, 0.429, 0.437, 0.422, 0.433, 0.42, 0.429, 0.431, 0.428, 0.436, 0.429, 0.431, 0.431, 0.433, 0.422, 0.434, 0.423, 0.427, 0.428, 0.429, 0.431, 0.426, 0.43, 0.423, 0.422, 0.423, 0.429, 0.436, 0.433, 0.424], "Energy": [0.0, 0.0, 0.0, 0.0, 0.01, 0.01, 0.01, 0.01, 0.02, 0.02, 0.02, 0.02, 0.02, 0.03, 0.03, 0.03, 0.03, 0.04, 0.04, 0.04, 0.04, 0.04, 0.05, 0.05, 0.05, 0.05, 0.06, 0.06, 0.06, 0.06, 0.06, 0.07, 0.07, 0.07, 0.07, 0.08, 0.08, 0.08, 0.08, 0.09, 0.09, 0.09, 0.09, 0.09, 0.1], "Frequency": [49.36, 49.36, 49.36, 49.36, 49.36, 49.37, 49.37, 49.37, 49.35, 49.35, 49.35, 49.37, 49.37, 49.37, 49.36, 49.36, 49.36, 49.39, 49.39, 49.39, 49.38, 49.38, 49.38, 49.39, 49.39, 49.38, 49.38, 49.38, 49.38, 49.38, 49.38, 49.38, 49.38, 49.38, 49.38, 49.38, 49.38, 49.36, 49.36, 49.36, 49.39, 49.39, 49.39, 49.39, 49.39], "Temp_env": []}