{"Start_Time": [1759325834.8571808], "Time": [1759325836.8594763, 1759325838.8621073, 1759325840.8644323, 1759325842.8676362, 1759325844.8704991, 1759325846.8735018, 1759325848.8764043, 1759325850.8785846, 1759325852.8815682, 1759325854.884786, 1759325856.8874273, 1759325858.8905323, 1759325860.8926146, 1759325862.8955262, 1759325864.8980322, 1759325866.900888, 1759325868.9037821, 1759325870.9063504, 1759325872.9087582, 1759325874.9114292, 1759325876.9137414, 1759325878.9164975, 1759325880.9187853, 1759325882.921488, 1759325884.9238536, 1759325886.9265728, 1759325888.9290726, 1759325890.9315894, 1759325892.9341621, 1759325894.937067, 1759325896.9397266, 1759325898.9426146, 1759325900.9450245, 1759325902.9478495, 1759325904.95068, 1759325906.9530911, 1759325908.9560244, 1759325910.9582593, 1759325912.9607098, 1759325914.9637678, 1759325916.9661872, 1759325918.96917, 1759325920.9720109, 1759325922.975083, 1759325924.9781132], "Voltage": [228.93, 228.98, 228.93, 228.98, 228.93, 228.72, 228.82, 228.93, 228.82, 228.93, 228.93, 228.87, 228.82, 228.77, 228.82, 228.77, 228.72, 228.72, 228.66, 228.72, 228.72, 228.77, 228.66, 228.66, 228.72, 228.61, 228.61, 228.72, 228.72, 228.66, 228.61, 228.82, 228.87, 228.72, 228.82, 228.66, 228.72, 228.56, 228.66, 228.61, 228.61, 228.72, 228.72, 228.82, 228.66], "Current": [0.04, 0.04, 0.04, 0.04, 0.04, 0.04, 0.04, 0.04, 0.04, 0.04, 0.04, 0.04, 0.04, 0.04, 0.04, 0.04, 0.04, 0.04, 0.04, 0.04, 0.04, 0.04, 0.04, 0.04, 0.04, 0.04, 0.04, 0.04, 0.04, 0.04, 0.04, 0.04, 0.04, 0.04, 0.04, 0.04, 0.04, 0.04, 0.04, 0.04, 0.04, 0.04, 0.04, 0.04, 0.04], "Real_Power": [3.96, 3.92, 4.01, 4.0, 3.97, 4.02, 4.02, 4.03, 3.92, 4.04, 3.96, 4.04, 4.05, 3.98, 4.0, 3.97, 3.89, 4.03, 3.95, 4.0, 3.98, 3.98, 4.04, 4.0, 4.0, 4.04, 3.93, 3.99, 4.03, 4.08, 4.05, 3.93, 4.04, 3.92, 3.97, 3.94, 4.09, 3.98, 4.03, 3.9, 4.02, 4.06, 3.92, 4.02, 3.96], "Apparent_Power": [9.15, 9.15, 9.15, 9.15, 9.15, 9.14, 9.15, 9.15, 9.15, 9.15, 9.15, 9.15, 9.15, 9.15, 9.15, 9.15, 9.14, 9.14, 9.14, 9.14, 9.14, 9.15, 9.14, 9.14, 9.14, 9.14, 9.14, 9.14, 9.14, 9.14, 9.14, 9.15, 9.15, 9.14, 9.15, 9.14, 9.14, 9.14, 9.14, 9.14, 9.14, 9.14, 9.14, 9.15, 9.14], "Apparent_Power_Reactive": [8.24, 8.26, 8.22, 8.22, 8.24, 8.2, 8.21, 8.21, 8.26, 8.2, 8.24, 8.2, 8.2, 8.23, 8.22, 8.24, 8.27, 8.2, 8.24, 8.21, 8.22, 8.23, 8.19, 8.21, 8.21, 8.19, 8.25, 8.22, 8.2, 8.17, 8.19, 8.26, 8.2, 8.25, 8.24, 8.24, 8.17, 8.22, 8.2, 8.26, 8.2, 8.18, 8.25, 8.21, 8.23], "Power_Factor": [0.432, 0.428, 0.438, 0.437, 0.433, 0.439, 0.439, 0.44, 0.428, 0.441, 0.432, 0.441, 0.442, 0.434, 0.437, 0.433, 0.425, 0.44, 0.432, 0.437, 0.435, 0.434, 0.442, 0.437, 0.437, 0.442, 0.429, 0.436, 0.44, 0.446, 0.443, 0.429, 0.441, 0.428, 0.433, 0.431, 0.447, 0.435, 0.44, 0.426, 0.439, 0.444, 0.428, 0.439, 0.433], "Energy": [0.0, 0.0, 0.0, 0.0, 0.01, 0.01, 0.01, 0.01, 0.02, 0.02, 0.02, 0.02, 0.02, 0.03, 0.03, 0.03, 0.03, 0.04, 0.04, 0.04, 0.04, 0.04, 0.05, 0.05, 0.05, 0.05, 0.06, 0.06, 0.06, 0.06, 0.06, 0.07, 0.07, 0.07, 0.07, 0.08, 0.08, 0.08, 0.08, 0.08, 0.09, 0.09, 0.09, 0.09, 0.1], "Frequency": [49.42, 49.42, 49.42, 49.42, 49.42, 49.42, 49.42, 49.41, 49.41, 49.41, 49.39, 49.39, 49.39, 49.39, 49.39, 49.39, 49.41, 49.41, 49.39, 49.39, 49.39, 49.41, 49.41, 49.41, 49.42, 49.42, 49.42, 49.42, 49.42, 49.42, 49.42, 49.42, 49.42, 49.41, 49.41, 49.41, 49.41, 49.41, 49.41, 49.42, 49.42, 49.42, 49.42, 49.42, 49.42], "Temp_env": []}