{"Start_Time": [1758796485.282252], "Time": [1758796487.285099, 1758796489.288004, 1758796491.2905204, 1758796493.2928588, 1758796495.2948096, 1758796497.297479, 1758796499.3001776, 1758796501.3025763, 1758796503.3051608, 1758796505.3078141, 1758796507.3098955, 1758796509.312645, 1758796511.3157096, 1758796513.3181987, 1758796515.321056, 1758796517.3239129, 1758796519.3272393, 1758796521.329848, 1758796523.3327641, 1758796525.3351142, 1758796527.3382292, 1758796529.3411512, 1758796531.3432758, 1758796533.3462412, 1758796535.3488755, 1758796537.3512406, 1758796539.3539255, 1758796541.356289, 1758796543.3592234, 1758796545.3623269, 1758796547.3652546, 1758796549.3750856, 1758796551.377569, 1758796553.38041, 1758796555.3902154, 1758796557.392551, 1758796559.3952556, 1758796561.4055185, 1758796563.4077199, 1758796565.4102273, 1758796567.4196289, 1758796569.4223464, 1758796571.4246593, 1758796573.4344442, 1758796575.4367547], "Voltage": [229.08, 229.08, 229.87, 229.82, 230.34, 230.24, 230.13, 229.97, 230.13, 230.08, 230.24, 230.29, 230.29, 230.29, 230.08, 230.29, 230.29, 230.34, 230.45, 230.39, 230.24, 230.34, 230.34, 230.29, 230.5, 230.55, 230.39, 230.39, 230.5, 230.24, 230.39, 230.39, 230.39, 230.39, 230.45, 230.5, 230.34, 230.34, 230.55, 230.5, 230.39, 230.34, 230.45, 230.34, 230.45], "Current": [0.04, 0.04, 0.04, 0.04, 0.04, 0.04, 0.04, 0.04, 0.04, 0.04, 0.04, 0.04, 0.04, 0.04, 0.04, 0.04, 0.04, 0.04, 0.04, 0.04, 0.04, 0.04, 0.04, 0.04, 0.04, 0.04, 0.04, 0.04, 0.04, 0.04, 0.04, 0.04, 0.04, 0.04, 0.04, 0.04, 0.04, 0.04, 0.04, 0.04, 0.04, 0.04, 0.04, 0.04, 0.04], "Real_Power": [3.93, 4.01, 4.13, 3.97, 4.08, 3.99, 4.01, 3.97, 4.03, 4.05, 3.95, 4.04, 3.96, 3.96, 3.93, 3.95, 3.92, 4.01, 3.95, 4.05, 4.02, 4.02, 3.97, 3.97, 4.0, 4.08, 3.95, 3.98, 3.96, 4.02, 4.0, 3.93, 3.92, 4.01, 4.03, 3.97, 3.89, 3.96, 3.94, 3.9, 3.86, 3.91, 4.01, 3.92, 4.01], "Apparent_Power": [9.16, 9.16, 9.19, 9.19, 9.21, 9.2, 9.2, 9.19, 9.2, 9.2, 9.2, 9.21, 9.21, 9.21, 9.2, 9.21, 9.21, 9.21, 9.21, 9.21, 9.2, 9.21, 9.21, 9.21, 9.22, 9.22, 9.21, 9.21, 9.22, 9.2, 9.21, 9.21, 9.21, 9.21, 9.21, 9.22, 9.21, 9.21, 9.22, 9.22, 9.21, 9.21, 9.21, 9.21, 9.21], "Apparent_Power_Reactive": [8.27, 8.23, 8.2, 8.28, 8.25, 8.28, 8.28, 8.28, 8.27, 8.26, 8.3, 8.27, 8.31, 8.31, 8.31, 8.31, 8.33, 8.29, 8.31, 8.27, 8.27, 8.28, 8.31, 8.31, 8.3, 8.26, 8.31, 8.3, 8.32, 8.27, 8.29, 8.32, 8.33, 8.29, 8.28, 8.32, 8.34, 8.31, 8.33, 8.35, 8.36, 8.33, 8.29, 8.33, 8.29], "Power_Factor": [0.429, 0.437, 0.449, 0.431, 0.442, 0.433, 0.435, 0.431, 0.438, 0.44, 0.429, 0.438, 0.429, 0.429, 0.427, 0.428, 0.425, 0.435, 0.428, 0.439, 0.436, 0.436, 0.431, 0.431, 0.433, 0.442, 0.428, 0.432, 0.429, 0.436, 0.434, 0.426, 0.425, 0.435, 0.437, 0.43, 0.422, 0.429, 0.427, 0.422, 0.419, 0.424, 0.435, 0.425, 0.435], "Energy": [0.0, 0.0, 0.0, 0.0, 0.01, 0.01, 0.01, 0.01, 0.01, 0.02, 0.02, 0.02, 0.02, 0.03, 0.03, 0.03, 0.03, 0.04, 0.04, 0.04, 0.04, 0.04, 0.05, 0.05, 0.05, 0.05, 0.06, 0.06, 0.06, 0.06, 0.06, 0.07, 0.07, 0.07, 0.07, 0.08, 0.08, 0.08, 0.08, 0.08, 0.09, 0.09, 0.09, 0.09, 0.1], "Frequency": [49.38, 49.38, 49.39, 49.39, 49.39, 49.39, 49.39, 49.39, 49.39, 49.39, 49.39, 49.41, 49.41, 49.41, 49.41, 49.41, 49.41, 49.4, 49.4, 49.4, 49.39, 49.39, 49.39, 49.39, 49.39, 49.39, 49.39, 49.39, 49.39, 49.39, 49.39, 49.39, 49.39, 49.39, 49.39, 49.4, 49.4, 49.4, 49.4, 49.4, 49.4, 49.4, 49.4, 49.4, 49.39], "Temp_env": []}