{"Start_Time": [1758951996.9142213], "Time": [1758951998.9168904, 1758952000.919508, 1758952002.9226232, 1758952004.9259048, 1758952006.9287333, 1758952008.931676, 1758952010.9336028, 1758952012.9366107, 1758952014.9397118, 1758952016.9422982, 1758952018.9446104, 1758952020.9469001, 1758952022.9493642, 1758952024.9515066, 1758952026.954561, 1758952028.9569921, 1758952030.959268, 1758952032.9615726, 1758952034.9645312, 1758952036.967511, 1758952038.970676, 1758952040.9733078, 1758952042.9756093, 1758952044.9785593, 1758952046.981457, 1758952048.9845033, 1758952050.9869914, 1758952052.9898129, 1758952054.9922464, 1758952056.9945724, 1758952058.9967623, 1758952060.999471, 1758952063.0024037, 1758952065.0052586, 1758952067.0074697, 1758952069.010496, 1758952071.0132878, 1758952073.015364, 1758952075.0184586, 1758952077.0211062, 1758952079.0234284, 1758952081.0265615, 1758952083.0293744, 1758952085.0313437, 1758952087.0342758], "Voltage": [229.35, 229.4, 229.24, 229.35, 229.45, 229.5, 229.45, 229.4, 229.4, 229.4, 229.45, 229.45, 229.4, 229.4, 229.45, 229.4, 229.35, 229.4, 229.4, 229.55, 229.5, 229.55, 229.66, 229.61, 229.61, 229.61, 229.71, 229.92, 230.24, 230.13, 230.29, 230.08, 230.24, 230.08, 230.08, 230.13, 230.13, 229.92, 230.08, 230.08, 230.18, 230.18, 230.08, 229.92, 230.03], "Current": [0.04, 0.04, 0.04, 0.04, 0.04, 0.04, 0.04, 0.04, 0.04, 0.04, 0.04, 0.04, 0.04, 0.04, 0.04, 0.04, 0.04, 0.04, 0.04, 0.04, 0.04, 0.04, 0.04, 0.04, 0.04, 0.04, 0.04, 0.04, 0.04, 0.04, 0.04, 0.04, 0.04, 0.04, 0.04, 0.04, 0.04, 0.04, 0.04, 0.04, 0.04, 0.04, 0.04, 0.04, 0.04], "Real_Power": [3.95, 3.89, 4.0, 3.89, 3.92, 3.92, 3.84, 3.94, 3.94, 3.81, 3.8, 4.0, 3.9, 4.14, 3.78, 3.84, 3.9, 3.85, 3.83, 3.93, 3.94, 3.91, 4.06, 3.99, 4.05, 3.92, 3.8, 3.88, 3.88, 3.98, 3.91, 3.93, 3.96, 3.93, 3.86, 3.84, 3.97, 3.97, 4.01, 3.9, 3.87, 3.92, 3.9, 3.96, 3.78], "Apparent_Power": [9.17, 9.17, 9.16, 9.17, 9.17, 9.18, 9.17, 9.17, 9.17, 9.17, 9.17, 9.17, 9.17, 9.17, 9.17, 9.17, 9.17, 9.17, 9.17, 9.18, 9.18, 9.18, 9.18, 9.18, 9.18, 9.18, 9.18, 9.19, 9.2, 9.2, 9.21, 9.2, 9.2, 9.2, 9.2, 9.2, 9.2, 9.19, 9.2, 9.2, 9.2, 9.2, 9.2, 9.19, 9.2], "Apparent_Power_Reactive": [8.27, 8.3, 8.24, 8.3, 8.28, 8.3, 8.32, 8.28, 8.28, 8.34, 8.34, 8.25, 8.29, 8.18, 8.35, 8.32, 8.29, 8.32, 8.33, 8.29, 8.29, 8.3, 8.23, 8.26, 8.23, 8.3, 8.35, 8.33, 8.34, 8.29, 8.33, 8.31, 8.3, 8.31, 8.35, 8.36, 8.29, 8.28, 8.28, 8.33, 8.34, 8.32, 8.33, 8.29, 8.38], "Power_Factor": [0.43, 0.424, 0.436, 0.424, 0.427, 0.427, 0.418, 0.429, 0.429, 0.415, 0.414, 0.436, 0.425, 0.451, 0.412, 0.418, 0.425, 0.419, 0.417, 0.428, 0.429, 0.425, 0.442, 0.434, 0.441, 0.427, 0.413, 0.422, 0.421, 0.432, 0.424, 0.427, 0.43, 0.427, 0.419, 0.417, 0.431, 0.431, 0.435, 0.423, 0.42, 0.426, 0.423, 0.43, 0.41], "Energy": [0.0, 0.0, 0.0, 0.0, 0.01, 0.01, 0.01, 0.01, 0.01, 0.02, 0.02, 0.02, 0.02, 0.03, 0.03, 0.03, 0.03, 0.03, 0.04, 0.04, 0.04, 0.04, 0.05, 0.05, 0.05, 0.05, 0.05, 0.06, 0.06, 0.06, 0.06, 0.07, 0.07, 0.07, 0.07, 0.07, 0.08, 0.08, 0.08, 0.08, 0.09, 0.09, 0.09, 0.09, 0.09], "Frequency": [49.36, 49.36, 49.36, 49.36, 49.36, 49.36, 49.36, 49.36, 49.37, 49.37, 49.37, 49.36, 49.36, 49.36, 49.37, 49.37, 49.37, 49.39, 49.39, 49.39, 49.37, 49.37, 49.37, 49.37, 49.37, 49.37, 49.38, 49.38, 49.38, 49.39, 49.39, 49.39, 49.39, 49.39, 49.39, 49.38, 49.38, 49.38, 49.37, 49.37, 49.37, 49.38, 49.38, 49.38, 49.38], "Temp_env": []}