{"Start_Time": [1758636278.3892972], "Time": [1758636280.39182, 1758636282.3948627, 1758636284.3977635, 1758636286.399999, 1758636288.403106, 1758636290.4060485, 1758636292.409069, 1758636294.411917, 1758636296.421852, 1758636298.424221, 1758636300.426336, 1758636302.4361587, 1758636304.438198, 1758636306.441087, 1758636308.4434037, 1758636310.4461432, 1758636312.4494088, 1758636314.459524, 1758636316.462447, 1758636318.46506, 1758636320.4743528, 1758636322.477144, 1758636324.4796147, 1758636326.4896648, 1758636328.4921722, 1758636330.4955003, 1758636332.4983132, 1758636334.501237, 1758636336.503583, 1758636338.5133662, 1758636340.5156744, 1758636342.5186217, 1758636344.5289922, 1758636346.5318441, 1758636348.53434, 1758636350.5435536, 1758636352.5466242, 1758636354.549696, 1758636356.5525618, 1758636358.5556698, 1758636360.5588732, 1758636362.5684738, 1758636364.5717049, 1758636366.574588, 1758636368.5845356], "Voltage": [229.92, 230.03, 230.03, 230.18, 230.03, 229.92, 229.92, 229.76, 229.76, 229.76, 229.97, 229.97, 229.92, 229.97, 229.71, 230.03, 229.97, 229.92, 229.97, 229.92, 229.97, 229.92, 229.92, 229.87, 230.03, 229.87, 229.87, 229.92, 229.87, 229.82, 229.92, 229.92, 229.71, 229.87, 229.76, 229.87, 229.97, 230.08, 229.92, 229.76, 229.87, 229.92, 229.92, 230.03, 229.82], "Current": [0.04, 0.04, 0.04, 0.04, 0.04, 0.04, 0.04, 0.04, 0.04, 0.04, 0.04, 0.04, 0.04, 0.04, 0.04, 0.04, 0.04, 0.04, 0.04, 0.04, 0.04, 0.04, 0.04, 0.04, 0.04, 0.04, 0.04, 0.04, 0.04, 0.04, 0.04, 0.04, 0.04, 0.04, 0.04, 0.04, 0.04, 0.04, 0.04, 0.04, 0.04, 0.04, 0.04, 0.04, 0.04], "Real_Power": [3.94, 4.05, 3.88, 3.97, 3.83, 3.93, 3.99, 4.08, 3.95, 3.86, 3.96, 3.92, 3.94, 4.07, 3.95, 4.07, 3.86, 4.07, 4.03, 3.93, 3.86, 4.03, 3.93, 4.05, 4.02, 3.91, 4.02, 4.07, 3.96, 3.97, 3.91, 3.94, 4.05, 4.09, 4.0, 4.01, 3.95, 4.0, 4.03, 3.89, 3.93, 4.05, 4.08, 4.07, 3.86], "Apparent_Power": [9.19, 9.2, 9.2, 9.2, 9.2, 9.19, 9.19, 9.19, 9.19, 9.19, 9.19, 9.19, 9.19, 9.19, 9.18, 9.2, 9.19, 9.19, 9.19, 9.19, 9.19, 9.19, 9.19, 9.19, 9.2, 9.19, 9.19, 9.19, 9.19, 9.19, 9.19, 9.19, 9.18, 9.19, 9.19, 9.19, 9.19, 9.2, 9.19, 9.19, 9.19, 9.19, 9.19, 9.2, 9.19], "Apparent_Power_Reactive": [8.3, 8.26, 8.34, 8.29, 8.36, 8.3, 8.27, 8.23, 8.29, 8.34, 8.29, 8.31, 8.3, 8.23, 8.28, 8.25, 8.34, 8.23, 8.25, 8.3, 8.34, 8.25, 8.3, 8.24, 8.27, 8.31, 8.26, 8.23, 8.29, 8.28, 8.31, 8.3, 8.23, 8.22, 8.27, 8.26, 8.29, 8.28, 8.25, 8.32, 8.3, 8.24, 8.23, 8.25, 8.34], "Power_Factor": [0.428, 0.44, 0.421, 0.431, 0.416, 0.427, 0.434, 0.443, 0.429, 0.42, 0.43, 0.426, 0.428, 0.442, 0.43, 0.442, 0.42, 0.442, 0.438, 0.427, 0.42, 0.438, 0.427, 0.44, 0.436, 0.425, 0.437, 0.442, 0.43, 0.431, 0.425, 0.428, 0.441, 0.445, 0.435, 0.436, 0.429, 0.434, 0.438, 0.423, 0.427, 0.44, 0.443, 0.442, 0.42], "Energy": [0.0, 0.0, 0.0, 0.0, 0.01, 0.01, 0.01, 0.01, 0.01, 0.02, 0.02, 0.02, 0.02, 0.03, 0.03, 0.03, 0.03, 0.04, 0.04, 0.04, 0.04, 0.04, 0.05, 0.05, 0.05, 0.05, 0.06, 0.06, 0.06, 0.06, 0.06, 0.07, 0.07, 0.07, 0.07, 0.08, 0.08, 0.08, 0.08, 0.08, 0.09, 0.09, 0.09, 0.09, 0.1], "Frequency": [49.43, 49.43, 49.43, 49.43, 49.43, 49.42, 49.42, 49.42, 49.43, 49.43, 49.43, 49.43, 49.43, 49.43, 49.42, 49.42, 49.42, 49.43, 49.43, 49.43, 49.43, 49.43, 49.43, 49.43, 49.43, 49.43, 49.43, 49.43, 49.43, 49.42, 49.42, 49.42, 49.41, 49.41, 49.41, 49.41, 49.41, 49.41, 49.43, 49.43, 49.43, 49.42, 49.42, 49.42, 49.42], "Temp_env": []}