{"Start_Time": [1759210861.1780381], "Time": [1759210863.180613, 1759210865.1831458, 1759210867.185516, 1759210869.1886141, 1759210871.1905315, 1759210873.193418, 1759210875.1965387, 1759210877.1994658, 1759210879.2019095, 1759210881.2044225, 1759210883.2066607, 1759210885.20937, 1759210887.2117922, 1759210889.2142985, 1759210891.2169526, 1759210893.2198143, 1759210895.2224464, 1759210897.2248125, 1759210899.227515, 1759210901.230655, 1759210903.2337327, 1759210905.2364185, 1759210907.238719, 1759210909.2417128, 1759210911.244566, 1759210913.2473545, 1759210915.2502537, 1759210917.2530642, 1759210919.255921, 1759210921.258708, 1759210923.2617762, 1759210925.2646139, 1759210927.2677257, 1759210929.2706306, 1759210931.273109, 1759210933.2759364, 1759210935.2788198, 1759210937.2818964, 1759210939.2847307, 1759210941.2873447, 1759210943.2901545, 1759210945.2928457, 1759210947.2958727, 1759210949.2981436, 1759210951.3008752], "Voltage": [230.5, 230.55, 230.5, 230.6, 230.6, 230.55, 230.18, 230.24, 230.39, 230.29, 230.34, 230.29, 230.24, 230.13, 230.13, 230.03, 230.13, 230.08, 230.13, 230.13, 230.18, 230.24, 230.18, 230.29, 230.34, 230.39, 230.34, 230.24, 230.29, 230.34, 230.34, 230.24, 230.18, 230.29, 230.24, 230.18, 230.24, 230.24, 230.29, 230.34, 230.29, 230.29, 230.29, 230.29, 230.29], "Current": [0.04, 0.04, 0.04, 0.04, 0.04, 0.04, 0.04, 0.04, 0.04, 0.04, 0.04, 0.04, 0.04, 0.04, 0.04, 0.04, 0.04, 0.04, 0.04, 0.04, 0.04, 0.04, 0.04, 0.04, 0.04, 0.04, 0.04, 0.04, 0.04, 0.04, 0.04, 0.04, 0.04, 0.04, 0.04, 0.04, 0.04, 0.04, 0.04, 0.04, 0.04, 0.04, 0.04, 0.04, 0.04], "Real_Power": [3.89, 3.96, 3.89, 3.93, 3.93, 3.92, 3.99, 3.99, 3.89, 3.93, 4.01, 4.0, 3.93, 3.93, 4.0, 3.96, 3.93, 3.86, 3.95, 4.06, 3.95, 3.95, 3.91, 3.95, 3.99, 3.99, 3.9, 3.95, 3.85, 3.92, 3.86, 3.98, 3.94, 3.89, 3.97, 3.94, 3.88, 3.93, 4.0, 4.0, 3.99, 4.02, 3.98, 3.87, 3.96], "Apparent_Power": [9.22, 9.22, 9.22, 9.22, 9.22, 9.22, 9.2, 9.2, 9.21, 9.21, 9.21, 9.21, 9.2, 9.2, 9.2, 9.2, 9.2, 9.2, 9.2, 9.2, 9.2, 9.2, 9.2, 9.21, 9.21, 9.21, 9.21, 9.2, 9.21, 9.21, 9.21, 9.2, 9.2, 9.21, 9.2, 9.2, 9.2, 9.2, 9.21, 9.21, 9.21, 9.21, 9.21, 9.21, 9.21], "Apparent_Power_Reactive": [8.35, 8.32, 8.35, 8.34, 8.34, 8.34, 8.28, 8.28, 8.34, 8.32, 8.29, 8.29, 8.31, 8.31, 8.28, 8.3, 8.31, 8.35, 8.3, 8.25, 8.3, 8.3, 8.32, 8.31, 8.3, 8.3, 8.34, 8.3, 8.36, 8.33, 8.36, 8.29, 8.31, 8.34, 8.29, 8.31, 8.34, 8.31, 8.29, 8.29, 8.3, 8.28, 8.3, 8.35, 8.31], "Power_Factor": [0.421, 0.429, 0.421, 0.426, 0.426, 0.425, 0.433, 0.433, 0.422, 0.426, 0.435, 0.434, 0.427, 0.427, 0.434, 0.43, 0.427, 0.419, 0.429, 0.441, 0.429, 0.429, 0.425, 0.428, 0.433, 0.433, 0.423, 0.429, 0.418, 0.425, 0.419, 0.432, 0.428, 0.422, 0.431, 0.428, 0.421, 0.427, 0.434, 0.434, 0.433, 0.436, 0.432, 0.42, 0.429], "Energy": [0.0, 0.0, 0.0, 0.0, 0.01, 0.01, 0.01, 0.01, 0.01, 0.02, 0.02, 0.02, 0.02, 0.03, 0.03, 0.03, 0.03, 0.04, 0.04, 0.04, 0.04, 0.04, 0.05, 0.05, 0.05, 0.05, 0.06, 0.06, 0.06, 0.06, 0.06, 0.07, 0.07, 0.07, 0.07, 0.08, 0.08, 0.08, 0.08, 0.08, 0.09, 0.09, 0.09, 0.09, 0.1], "Frequency": [49.38, 49.38, 49.38, 49.38, 49.39, 49.39, 49.39, 49.39, 49.39, 49.39, 49.38, 49.38, 49.38, 49.37, 49.37, 49.37, 49.38, 49.38, 49.38, 49.37, 49.37, 49.37, 49.38, 49.38, 49.38, 49.38, 49.38, 49.38, 49.39, 49.39, 49.39, 49.39, 49.39, 49.39, 49.39, 49.39, 49.39, 49.38, 49.38, 49.38, 49.38, 49.38, 49.38, 49.37, 49.37], "Temp_env": []}