{"Start_Time": [1758893693.242305], "Time": [1758893695.2445607, 1758893697.2475295, 1758893699.250459, 1758893701.2537456, 1758893703.2563453, 1758893705.258688, 1758893707.2613597, 1758893709.2638896, 1758893711.2664351, 1758893713.2697487, 1758893715.2724016, 1758893717.2746549, 1758893719.2767148, 1758893721.2794306, 1758893723.2817633, 1758893725.2845585, 1758893727.287067, 1758893729.289925, 1758893731.2928033, 1758893733.294826, 1758893735.2975404, 1758893737.3003242, 1758893739.3031752, 1758893741.306028, 1758893743.3086436, 1758893745.3110073, 1758893747.313873, 1758893749.3168986, 1758893751.318974, 1758893753.3218713, 1758893755.3243723, 1758893757.3270612, 1758893759.3296564, 1758893761.3320458, 1758893763.33432, 1758893765.3367505, 1758893767.3390837, 1758893769.3420432, 1758893771.3448658, 1758893773.3471875, 1758893775.3498769, 1758893777.3522267, 1758893779.3552132, 1758893781.3581982, 1758893783.3610897], "Voltage": [229.19, 229.08, 229.24, 229.24, 229.14, 229.14, 229.19, 229.19, 229.24, 229.08, 229.35, 229.24, 229.35, 229.29, 229.24, 229.14, 229.14, 229.35, 229.24, 228.82, 228.93, 229.03, 229.45, 229.45, 229.5, 229.55, 229.4, 229.45, 229.45, 229.55, 229.55, 229.66, 229.5, 229.55, 229.55, 229.61, 229.55, 229.55, 229.45, 229.61, 229.55, 229.61, 229.82, 229.76, 229.29], "Current": [0.04, 0.04, 0.04, 0.04, 0.04, 0.04, 0.04, 0.04, 0.04, 0.04, 0.04, 0.04, 0.04, 0.04, 0.04, 0.04, 0.04, 0.04, 0.04, 0.04, 0.04, 0.04, 0.04, 0.04, 0.04, 0.04, 0.04, 0.04, 0.04, 0.04, 0.04, 0.04, 0.04, 0.04, 0.04, 0.04, 0.04, 0.04, 0.04, 0.04, 0.04, 0.04, 0.04, 0.04, 0.04], "Real_Power": [3.94, 3.89, 3.93, 4.02, 3.97, 3.95, 3.93, 3.95, 4.05, 3.93, 4.07, 3.95, 4.0, 4.01, 4.01, 4.08, 4.01, 4.1, 3.99, 4.08, 4.03, 4.12, 4.04, 3.97, 3.98, 4.07, 4.0, 4.01, 3.95, 3.98, 3.96, 3.9, 3.91, 4.08, 3.96, 3.95, 3.93, 4.08, 3.99, 4.1, 3.99, 4.0, 4.06, 4.08, 4.03], "Apparent_Power": [9.16, 9.16, 9.16, 9.16, 9.16, 9.16, 9.16, 9.16, 9.16, 9.16, 9.17, 9.16, 9.17, 9.17, 9.16, 9.16, 9.16, 9.17, 9.16, 9.15, 9.15, 9.16, 9.17, 9.17, 9.18, 9.18, 9.17, 9.17, 9.17, 9.18, 9.18, 9.18, 9.18, 9.18, 9.18, 9.18, 9.18, 9.18, 9.17, 9.18, 9.18, 9.18, 9.19, 9.19, 9.17], "Apparent_Power_Reactive": [8.26, 8.29, 8.27, 8.23, 8.25, 8.26, 8.27, 8.26, 8.21, 8.27, 8.21, 8.26, 8.25, 8.24, 8.23, 8.2, 8.23, 8.2, 8.24, 8.19, 8.21, 8.18, 8.23, 8.26, 8.27, 8.22, 8.25, 8.24, 8.27, 8.27, 8.28, 8.31, 8.3, 8.22, 8.28, 8.28, 8.29, 8.22, 8.25, 8.21, 8.26, 8.26, 8.24, 8.23, 8.23], "Power_Factor": [0.43, 0.424, 0.429, 0.438, 0.433, 0.431, 0.429, 0.431, 0.442, 0.429, 0.443, 0.431, 0.436, 0.437, 0.437, 0.445, 0.437, 0.447, 0.435, 0.445, 0.44, 0.449, 0.44, 0.432, 0.433, 0.443, 0.436, 0.437, 0.43, 0.433, 0.431, 0.424, 0.425, 0.444, 0.431, 0.43, 0.428, 0.444, 0.435, 0.446, 0.434, 0.435, 0.441, 0.443, 0.439], "Energy": [0.0, 0.0, 0.0, 0.0, 0.01, 0.01, 0.01, 0.01, 0.02, 0.02, 0.02, 0.02, 0.02, 0.03, 0.03, 0.03, 0.03, 0.04, 0.04, 0.04, 0.04, 0.04, 0.05, 0.05, 0.05, 0.05, 0.06, 0.06, 0.06, 0.06, 0.06, 0.07, 0.07, 0.07, 0.07, 0.08, 0.08, 0.08, 0.08, 0.09, 0.09, 0.09, 0.09, 0.09, 0.1], "Frequency": [49.39, 49.38, 49.38, 49.38, 49.38, 49.38, 49.38, 49.38, 49.38, 49.38, 49.39, 49.39, 49.39, 49.39, 49.39, 49.39, 49.37, 49.37, 49.37, 49.37, 49.37, 49.37, 49.37, 49.37, 49.37, 49.37, 49.37, 49.37, 49.38, 49.38, 49.38, 49.38, 49.38, 49.38, 49.39, 49.39, 49.39, 49.39, 49.39, 49.39, 49.39, 49.39, 49.39, 49.39, 49.39], "Temp_env": []}