{"Start_Time": [1758846926.9302826], "Time": [1758846928.9332576, 1758846930.9358532, 1758846932.9382718, 1758846934.9414372, 1758846936.9442902, 1758846938.9469817, 1758846940.9491732, 1758846942.9522445, 1758846944.955125, 1758846946.9573827, 1758846948.9593654, 1758846950.9622705, 1758846952.9651623, 1758846954.9684932, 1758846956.9713275, 1758846958.9741979, 1758846960.9765246, 1758846962.9791858, 1758846964.981504, 1758846966.984474, 1758846968.9876175, 1758846970.990468, 1758846972.9936864, 1758846974.9965482, 1758846976.9986541, 1758846979.0013618, 1758846981.0036938, 1758846983.006635, 1758846985.0095916, 1758846987.012713, 1758846989.0153363, 1758846991.0176988, 1758846993.0205636, 1758846995.0231285, 1758846997.025984, 1758846999.0288486, 1758847001.0316892, 1758847003.034581, 1758847005.0377479, 1758847007.0404952, 1758847009.043133, 1758847011.0459726, 1758847013.0491378, 1758847015.051799, 1758847017.0538776], "Voltage": [230.34, 230.34, 230.18, 230.34, 230.24, 230.29, 230.29, 230.13, 230.34, 230.34, 230.45, 230.34, 230.39, 230.29, 230.34, 230.29, 230.34, 230.34, 230.34, 230.29, 230.34, 230.24, 230.29, 230.13, 230.18, 230.24, 230.29, 230.18, 230.29, 230.24, 230.34, 230.24, 230.34, 230.13, 230.29, 230.34, 230.18, 230.29, 230.34, 230.18, 230.29, 230.29, 230.24, 230.34, 230.24], "Current": [0.04, 0.04, 0.03, 0.04, 0.04, 0.04, 0.04, 0.04, 0.04, 0.04, 0.04, 0.04, 0.04, 0.04, 0.04, 0.04, 0.04, 0.04, 0.03, 0.04, 0.03, 0.04, 0.04, 0.04, 0.04, 0.04, 0.03, 0.03, 0.03, 0.04, 0.03, 0.04, 0.04, 0.04, 0.04, 0.04, 0.04, 0.04, 0.04, 0.03, 0.03, 0.04, 0.04, 0.04, 0.04], "Real_Power": [3.77, 3.88, 3.93, 4.0, 3.92, 3.95, 3.88, 3.94, 3.88, 3.98, 3.92, 3.9, 3.89, 3.94, 3.9, 4.02, 3.91, 3.95, 3.79, 3.87, 3.73, 3.92, 3.87, 3.89, 4.02, 3.95, 3.78, 3.75, 3.82, 3.85, 3.84, 3.82, 3.87, 3.86, 3.95, 3.93, 3.93, 3.95, 3.86, 3.87, 3.86, 3.85, 3.96, 3.96, 3.87], "Apparent_Power": [9.21, 9.21, 6.9, 9.21, 9.2, 9.21, 9.21, 9.2, 9.21, 9.21, 9.21, 9.21, 9.21, 9.21, 9.21, 9.21, 9.21, 9.21, 6.91, 9.21, 6.91, 9.2, 9.21, 9.2, 9.2, 9.2, 6.9, 6.9, 6.9, 9.2, 6.91, 9.2, 9.21, 9.2, 9.21, 9.21, 9.2, 9.21, 9.21, 6.9, 6.9, 9.21, 9.2, 9.21, 9.2], "Apparent_Power_Reactive": [8.4, 8.35, 5.67, 8.29, 8.32, 8.31, 8.35, 8.31, 8.35, 8.3, 8.33, 8.34, 8.34, 8.32, 8.34, 8.28, 8.33, 8.31, 5.77, 8.35, 5.81, 8.32, 8.35, 8.33, 8.27, 8.3, 5.77, 5.79, 5.74, 8.35, 5.74, 8.36, 8.35, 8.35, 8.31, 8.32, 8.31, 8.31, 8.36, 5.71, 5.71, 8.36, 8.3, 8.31, 8.34], "Power_Factor": [0.409, 0.421, 0.569, 0.434, 0.426, 0.428, 0.421, 0.428, 0.421, 0.432, 0.425, 0.423, 0.422, 0.427, 0.423, 0.436, 0.424, 0.428, 0.548, 0.42, 0.539, 0.426, 0.42, 0.422, 0.436, 0.429, 0.547, 0.543, 0.553, 0.418, 0.555, 0.415, 0.42, 0.419, 0.428, 0.426, 0.427, 0.428, 0.419, 0.56, 0.559, 0.418, 0.43, 0.429, 0.42], "Energy": [0.0, 0.0, 0.0, 0.0, 0.01, 0.01, 0.01, 0.01, 0.01, 0.02, 0.02, 0.02, 0.02, 0.03, 0.03, 0.03, 0.03, 0.03, 0.04, 0.04, 0.04, 0.04, 0.05, 0.05, 0.05, 0.05, 0.05, 0.06, 0.06, 0.06, 0.06, 0.07, 0.07, 0.07, 0.07, 0.07, 0.08, 0.08, 0.08, 0.08, 0.08, 0.09, 0.09, 0.09, 0.09], "Frequency": [49.43, 49.43, 49.43, 49.43, 49.41, 49.41, 49.41, 49.42, 49.42, 49.42, 49.41, 49.41, 49.41, 49.41, 49.41, 49.41, 49.41, 49.41, 49.41, 49.42, 49.42, 49.42, 49.43, 49.43, 49.43, 49.42, 49.42, 49.42, 49.41, 49.41, 49.41, 49.41, 49.41, 49.41, 49.4, 49.4, 49.4, 49.41, 49.41, 49.41, 49.4, 49.4, 49.4, 49.4, 49.4], "Temp_env": []}