{"Start_Time": [1758907376.2214713], "Time": [1758907378.2244644, 1758907380.22739, 1758907382.2304947, 1758907384.2333555, 1758907386.236335, 1758907388.239154, 1758907390.241494, 1758907392.2444441, 1758907394.246673, 1758907396.2494228, 1758907398.2524915, 1758907400.2555542, 1758907402.25869, 1758907404.2612848, 1758907406.2635667, 1758907408.2664118, 1758907410.2686925, 1758907412.2709074, 1758907414.2737696, 1758907416.2766237, 1758907418.2787855, 1758907420.281431, 1758907422.284194, 1758907424.2866104, 1758907426.2896554, 1758907428.2925496, 1758907430.295692, 1758907432.2984316, 1758907434.3008196, 1758907436.3031855, 1758907438.306042, 1758907440.3086197, 1758907442.311192, 1758907444.3136432, 1758907446.3159964, 1758907448.3186524, 1758907450.3212242, 1758907452.3240342, 1758907454.3271713, 1758907456.329758, 1758907458.332098, 1758907460.3347998, 1758907462.3373501, 1758907464.3401709, 1758907466.3431344], "Voltage": [229.03, 229.03, 229.08, 228.98, 229.03, 229.08, 229.14, 229.08, 229.14, 229.08, 228.98, 229.19, 229.03, 229.08, 228.98, 228.93, 229.08, 229.03, 229.08, 228.98, 229.03, 228.98, 229.03, 229.03, 228.98, 228.98, 229.03, 228.93, 228.93, 228.87, 228.77, 228.93, 228.77, 228.98, 228.98, 228.87, 228.93, 228.98, 228.98, 228.82, 228.87, 229.08, 228.87, 228.87, 228.93], "Current": [0.04, 0.04, 0.04, 0.04, 0.04, 0.04, 0.04, 0.04, 0.04, 0.04, 0.04, 0.04, 0.04, 0.04, 0.04, 0.04, 0.04, 0.04, 0.04, 0.04, 0.04, 0.04, 0.04, 0.04, 0.04, 0.04, 0.04, 0.04, 0.04, 0.04, 0.04, 0.04, 0.04, 0.04, 0.04, 0.04, 0.04, 0.04, 0.04, 0.04, 0.04, 0.04, 0.04, 0.04, 0.04], "Real_Power": [3.89, 3.91, 3.92, 3.97, 3.9, 3.88, 3.93, 3.89, 3.92, 3.86, 3.94, 3.85, 3.92, 3.98, 4.02, 3.94, 4.03, 3.88, 3.97, 4.01, 3.95, 3.98, 3.9, 3.87, 3.95, 3.96, 3.95, 3.93, 4.02, 4.02, 3.96, 3.97, 3.85, 3.99, 3.95, 3.96, 3.94, 3.85, 3.87, 3.88, 3.99, 3.86, 3.92, 3.85, 4.05], "Apparent_Power": [9.16, 9.16, 9.16, 9.15, 9.16, 9.16, 9.16, 9.16, 9.16, 9.16, 9.15, 9.16, 9.16, 9.16, 9.15, 9.15, 9.16, 9.16, 9.16, 9.15, 9.16, 9.15, 9.16, 9.16, 9.15, 9.15, 9.16, 9.15, 9.15, 9.15, 9.15, 9.15, 9.15, 9.15, 9.15, 9.15, 9.15, 9.15, 9.15, 9.15, 9.15, 9.16, 9.15, 9.15, 9.15], "Apparent_Power_Reactive": [8.29, 8.28, 8.27, 8.24, 8.28, 8.29, 8.27, 8.29, 8.27, 8.3, 8.25, 8.31, 8.27, 8.25, 8.21, 8.25, 8.22, 8.29, 8.25, 8.22, 8.26, 8.23, 8.28, 8.3, 8.25, 8.24, 8.26, 8.26, 8.21, 8.21, 8.24, 8.24, 8.3, 8.23, 8.25, 8.24, 8.25, 8.3, 8.29, 8.28, 8.23, 8.3, 8.26, 8.3, 8.2], "Power_Factor": [0.424, 0.426, 0.427, 0.433, 0.425, 0.423, 0.429, 0.424, 0.427, 0.421, 0.43, 0.42, 0.427, 0.434, 0.439, 0.43, 0.439, 0.423, 0.433, 0.438, 0.431, 0.434, 0.425, 0.422, 0.431, 0.432, 0.431, 0.429, 0.439, 0.439, 0.432, 0.433, 0.42, 0.436, 0.431, 0.432, 0.43, 0.42, 0.422, 0.424, 0.436, 0.421, 0.428, 0.42, 0.442], "Energy": [0.0, 0.0, 0.0, 0.0, 0.01, 0.01, 0.01, 0.01, 0.01, 0.02, 0.02, 0.02, 0.02, 0.03, 0.03, 0.03, 0.03, 0.03, 0.04, 0.04, 0.04, 0.04, 0.05, 0.05, 0.05, 0.05, 0.05, 0.06, 0.06, 0.06, 0.06, 0.07, 0.07, 0.07, 0.07, 0.07, 0.08, 0.08, 0.08, 0.08, 0.09, 0.09, 0.09, 0.09, 0.09], "Frequency": [49.4, 49.4, 49.4, 49.39, 49.39, 49.39, 49.39, 49.39, 49.39, 49.39, 49.39, 49.39, 49.39, 49.39, 49.39, 49.4, 49.4, 49.4, 49.4, 49.4, 49.4, 49.39, 49.39, 49.39, 49.38, 49.38, 49.38, 49.39, 49.39, 49.39, 49.39, 49.39, 49.39, 49.39, 49.39, 49.39, 49.39, 49.39, 49.39, 49.37, 49.37, 49.37, 49.37, 49.37, 49.37], "Temp_env": []}