{"Start_Time": [1759350137.3377388], "Time": [1759350139.3400867, 1759350141.3428962, 1759350143.3452172, 1759350145.3480833, 1759350147.3512487, 1759350149.3543005, 1759350151.3568978, 1759350153.3593123, 1759350155.3619502, 1759350157.3643768, 1759350159.3743782, 1759350161.377247, 1759350163.3793828, 1759350165.3893344, 1759350167.3924656, 1759350169.3945227, 1759350171.404493, 1759350173.407433, 1759350175.4103308, 1759350177.4202192, 1759350179.4234166, 1759350181.4261944, 1759350183.4367158, 1759350185.4395602, 1759350187.4425302, 1759350189.4521832, 1759350191.454685, 1759350193.4573467, 1759350195.4675221, 1759350197.4707236, 1759350199.4733152, 1759350201.4835865, 1759350203.4863803, 1759350205.4894977, 1759350207.4926572, 1759350209.4951046, 1759350211.4977853, 1759350213.5075328, 1759350215.5106618, 1759350217.5135474, 1759350219.5236037, 1759350221.5264752, 1759350223.529043, 1759350225.5387383, 1759350227.5415437], "Voltage": [228.82, 228.82, 228.87, 228.82, 228.72, 228.66, 228.82, 228.87, 228.93, 228.93, 228.93, 228.82, 228.82, 228.87, 228.77, 228.93, 228.82, 228.87, 228.82, 228.72, 228.87, 228.87, 228.87, 228.77, 228.87, 228.77, 228.77, 228.77, 228.87, 228.82, 228.72, 228.77, 228.82, 228.66, 228.66, 228.87, 228.87, 228.82, 228.93, 228.82, 228.87, 228.93, 228.87, 228.98, 228.98], "Current": [0.04, 0.04, 0.04, 0.04, 0.04, 0.04, 0.04, 0.04, 0.04, 0.04, 0.04, 0.04, 0.04, 0.04, 0.04, 0.04, 0.04, 0.04, 0.04, 0.04, 0.04, 0.04, 0.04, 0.04, 0.04, 0.04, 0.04, 0.04, 0.04, 0.04, 0.04, 0.04, 0.04, 0.04, 0.04, 0.04, 0.04, 0.04, 0.04, 0.04, 0.04, 0.04, 0.04, 0.04, 0.04], "Real_Power": [3.95, 4.11, 4.06, 3.91, 3.98, 3.93, 3.98, 3.91, 3.94, 3.99, 3.95, 4.02, 3.87, 3.92, 3.9, 3.96, 3.98, 4.01, 3.91, 3.85, 3.98, 3.93, 3.9, 4.01, 3.91, 3.99, 3.89, 3.87, 3.96, 3.97, 3.88, 4.08, 3.99, 3.94, 3.96, 3.93, 3.86, 3.93, 3.99, 3.93, 3.84, 3.91, 3.87, 3.87, 4.01], "Apparent_Power": [9.15, 9.15, 9.15, 9.15, 9.14, 9.14, 9.15, 9.15, 9.15, 9.15, 9.15, 9.15, 9.15, 9.15, 9.15, 9.15, 9.15, 9.15, 9.15, 9.14, 9.15, 9.15, 9.15, 9.15, 9.15, 9.15, 9.15, 9.15, 9.15, 9.15, 9.14, 9.15, 9.15, 9.14, 9.14, 9.15, 9.15, 9.15, 9.15, 9.15, 9.15, 9.15, 9.15, 9.15, 9.15], "Apparent_Power_Reactive": [8.25, 8.17, 8.19, 8.27, 8.22, 8.25, 8.23, 8.27, 8.25, 8.23, 8.25, 8.21, 8.29, 8.26, 8.27, 8.24, 8.23, 8.22, 8.27, 8.28, 8.23, 8.26, 8.27, 8.22, 8.27, 8.23, 8.28, 8.29, 8.24, 8.24, 8.27, 8.19, 8.23, 8.24, 8.23, 8.26, 8.29, 8.26, 8.23, 8.26, 8.3, 8.27, 8.29, 8.29, 8.22], "Power_Factor": [0.431, 0.449, 0.443, 0.427, 0.435, 0.429, 0.434, 0.427, 0.43, 0.436, 0.431, 0.439, 0.422, 0.428, 0.426, 0.432, 0.434, 0.438, 0.427, 0.421, 0.434, 0.429, 0.426, 0.438, 0.427, 0.436, 0.425, 0.422, 0.432, 0.433, 0.424, 0.445, 0.436, 0.431, 0.433, 0.429, 0.421, 0.429, 0.436, 0.429, 0.419, 0.427, 0.422, 0.422, 0.438], "Energy": [0.0, 0.0, 0.0, 0.0, 0.01, 0.01, 0.01, 0.01, 0.01, 0.02, 0.02, 0.02, 0.02, 0.03, 0.03, 0.03, 0.03, 0.03, 0.04, 0.04, 0.04, 0.04, 0.05, 0.05, 0.05, 0.05, 0.05, 0.06, 0.06, 0.06, 0.06, 0.07, 0.07, 0.07, 0.07, 0.07, 0.08, 0.08, 0.08, 0.08, 0.09, 0.09, 0.09, 0.09, 0.09], "Frequency": [49.44, 49.44, 49.44, 49.44, 49.44, 49.44, 49.44, 49.43, 49.43, 49.43, 49.43, 49.43, 49.43, 49.43, 49.43, 49.43, 49.43, 49.43, 49.43, 49.44, 49.44, 49.44, 49.43, 49.43, 49.43, 49.44, 49.44, 49.44, 49.45, 49.45, 49.45, 49.45, 49.45, 49.45, 49.46, 49.46, 49.46, 49.44, 49.44, 49.44, 49.43, 49.43, 49.43, 49.43, 49.43], "Temp_env": []}