{"Start_Time": [1759254155.6339297], "Time": [1759254157.6366987, 1759254159.6393607, 1759254161.6415844, 1759254163.644195, 1759254165.6469, 1759254167.6491191, 1759254169.6516702, 1759254171.6539989, 1759254173.656702, 1759254175.6591113, 1759254177.6692781, 1759254179.6721861, 1759254181.6748047, 1759254183.684771, 1759254185.6874945, 1759254187.6900637, 1759254189.6928816, 1759254191.69549, 1759254193.698217, 1759254195.700932, 1759254197.7032416, 1759254199.7059653, 1759254201.7163682, 1759254203.7183564, 1759254205.7213073, 1759254207.7243562, 1759254209.7270892, 1759254211.729802, 1759254213.732291, 1759254215.7353528, 1759254217.7374, 1759254219.7403219, 1759254221.742452, 1759254223.7452662, 1759254225.7553194, 1759254227.7585075, 1759254229.7613928, 1759254231.7645338, 1759254233.7666216, 1759254235.7699296, 1759254237.7724226, 1759254239.7756393, 1759254241.7784243, 1759254243.7816758, 1759254245.78429], "Voltage": [228.3, 228.19, 228.19, 228.24, 228.19, 228.14, 228.14, 228.09, 228.04, 228.14, 228.14, 228.3, 228.35, 228.3, 228.3, 228.35, 228.45, 228.51, 228.51, 228.56, 228.35, 228.51, 228.45, 228.56, 228.45, 228.51, 228.45, 228.35, 228.4, 228.24, 228.24, 228.3, 228.24, 228.35, 228.3, 228.35, 228.45, 228.45, 228.56, 228.51, 228.56, 228.51, 228.4, 228.4, 228.45], "Current": [0.04, 0.04, 0.04, 0.04, 0.04, 0.04, 0.04, 0.04, 0.04, 0.04, 0.04, 0.04, 0.04, 0.04, 0.04, 0.04, 0.04, 0.04, 0.04, 0.04, 0.04, 0.04, 0.04, 0.04, 0.04, 0.04, 0.04, 0.04, 0.04, 0.04, 0.04, 0.04, 0.04, 0.04, 0.04, 0.04, 0.04, 0.04, 0.04, 0.04, 0.04, 0.04, 0.04, 0.04, 0.04], "Real_Power": [3.93, 3.83, 3.81, 3.98, 3.99, 3.98, 3.92, 3.96, 3.89, 3.93, 3.95, 3.91, 3.9, 3.82, 3.82, 3.95, 3.95, 3.95, 3.97, 3.94, 3.85, 3.91, 3.99, 3.94, 3.93, 4.13, 3.88, 3.92, 3.89, 3.93, 4.03, 3.9, 3.99, 3.99, 3.9, 3.96, 4.01, 3.99, 3.96, 3.94, 3.94, 3.94, 3.95, 3.88, 4.0], "Apparent_Power": [9.13, 9.12, 9.12, 9.12, 9.12, 9.12, 9.12, 9.12, 9.12, 9.12, 9.12, 9.13, 9.13, 9.13, 9.13, 9.13, 9.13, 9.14, 9.14, 9.14, 9.13, 9.14, 9.13, 9.14, 9.13, 9.14, 9.13, 9.13, 9.13, 9.12, 9.12, 9.13, 9.12, 9.13, 9.13, 9.13, 9.13, 9.13, 9.14, 9.14, 9.14, 9.14, 9.13, 9.13, 9.13], "Apparent_Power_Reactive": [8.24, 8.27, 8.28, 8.2, 8.2, 8.2, 8.23, 8.21, 8.24, 8.22, 8.22, 8.25, 8.25, 8.29, 8.29, 8.23, 8.23, 8.24, 8.23, 8.24, 8.27, 8.26, 8.21, 8.24, 8.24, 8.15, 8.26, 8.24, 8.25, 8.22, 8.18, 8.25, 8.2, 8.21, 8.25, 8.22, 8.2, 8.21, 8.23, 8.24, 8.24, 8.24, 8.23, 8.26, 8.2], "Power_Factor": [0.43, 0.419, 0.417, 0.436, 0.437, 0.436, 0.429, 0.434, 0.426, 0.43, 0.433, 0.428, 0.427, 0.418, 0.418, 0.432, 0.432, 0.432, 0.434, 0.431, 0.421, 0.427, 0.437, 0.431, 0.43, 0.451, 0.424, 0.429, 0.426, 0.43, 0.441, 0.427, 0.437, 0.437, 0.427, 0.433, 0.439, 0.437, 0.433, 0.431, 0.431, 0.431, 0.432, 0.424, 0.438], "Energy": [0.0, 0.0, 0.0, 0.0, 0.01, 0.01, 0.01, 0.01, 0.01, 0.02, 0.02, 0.02, 0.02, 0.03, 0.03, 0.03, 0.03, 0.03, 0.04, 0.04, 0.04, 0.04, 0.05, 0.05, 0.05, 0.05, 0.05, 0.06, 0.06, 0.06, 0.06, 0.07, 0.07, 0.07, 0.07, 0.07, 0.08, 0.08, 0.08, 0.08, 0.09, 0.09, 0.09, 0.09, 0.09], "Frequency": [49.38, 49.37, 49.37, 49.37, 49.37, 49.37, 49.37, 49.36, 49.36, 49.36, 49.37, 49.37, 49.37, 49.37, 49.37, 49.37, 49.39, 49.39, 49.39, 49.39, 49.39, 49.39, 49.39, 49.39, 49.39, 49.4, 49.4, 49.4, 49.38, 49.38, 49.38, 49.39, 49.39, 49.39, 49.38, 49.38, 49.38, 49.39, 49.39, 49.39, 49.39, 49.39, 49.39, 49.39, 49.39], "Temp_env": []}