{"Start_Time": [1759044608.3302612], "Time": [1759044610.332942, 1759044612.3358085, 1759044614.3386195, 1759044616.341015, 1759044618.3507094, 1759044620.3532038, 1759044622.3560905, 1759044624.3661764, 1759044626.3689413, 1759044628.3720021, 1759044630.3747964, 1759044632.3771331, 1759044634.380249, 1759044636.390098, 1759044638.3924081, 1759044640.3948967, 1759044642.4048626, 1759044644.4075606, 1759044646.4104037, 1759044648.420266, 1759044650.4224937, 1759044652.4252336, 1759044654.435169, 1759044656.437314, 1759044658.4399931, 1759044660.4504611, 1759044662.4525273, 1759044664.455275, 1759044666.4654021, 1759044668.4680727, 1759044670.4704537, 1759044672.4730995, 1759044674.475494, 1759044676.4783823, 1759044678.4885335, 1759044680.4914284, 1759044682.4944293, 1759044684.5047708, 1759044686.5072908, 1759044688.5096517, 1759044690.5196033, 1759044692.5226898, 1759044694.5253625, 1759044696.5279644, 1759044698.530406], "Voltage": [227.77, 227.72, 227.62, 227.67, 227.51, 227.72, 227.72, 227.62, 227.62, 227.51, 227.56, 227.72, 227.72, 227.62, 227.56, 227.72, 227.72, 227.72, 227.67, 227.72, 227.93, 227.67, 227.67, 227.88, 227.77, 227.72, 227.83, 227.72, 227.77, 227.72, 227.67, 227.67, 227.72, 227.72, 227.56, 227.67, 227.72, 227.77, 227.62, 227.72, 227.83, 227.77, 227.77, 227.77, 227.88], "Current": [0.04, 0.04, 0.04, 0.04, 0.04, 0.04, 0.04, 0.04, 0.04, 0.04, 0.04, 0.04, 0.04, 0.04, 0.04, 0.04, 0.04, 0.04, 0.04, 0.04, 0.04, 0.04, 0.04, 0.04, 0.04, 0.04, 0.04, 0.04, 0.04, 0.04, 0.04, 0.04, 0.04, 0.04, 0.04, 0.04, 0.04, 0.04, 0.04, 0.04, 0.04, 0.04, 0.04, 0.04, 0.04], "Real_Power": [3.87, 3.86, 3.77, 3.93, 4.02, 3.8, 3.87, 3.87, 3.92, 3.93, 3.88, 3.88, 3.9, 3.85, 3.81, 3.81, 3.93, 3.83, 3.93, 3.95, 3.83, 3.84, 3.83, 3.91, 3.82, 3.85, 3.84, 3.98, 3.95, 3.88, 3.86, 3.89, 3.78, 3.94, 3.91, 3.88, 3.86, 3.93, 4.0, 3.91, 3.82, 3.85, 3.84, 3.85, 3.8], "Apparent_Power": [9.11, 9.1, 9.1, 9.1, 9.1, 9.1, 9.1, 9.1, 9.1, 9.1, 9.1, 9.1, 9.1, 9.1, 9.1, 9.1, 9.1, 9.1, 9.1, 9.1, 9.11, 9.1, 9.1, 9.11, 9.11, 9.1, 9.11, 9.1, 9.11, 9.1, 9.1, 9.1, 9.1, 9.1, 9.1, 9.1, 9.1, 9.11, 9.1, 9.1, 9.11, 9.11, 9.11, 9.11, 9.11], "Apparent_Power_Reactive": [8.24, 8.24, 8.28, 8.2, 8.16, 8.26, 8.23, 8.23, 8.21, 8.2, 8.23, 8.23, 8.22, 8.24, 8.26, 8.26, 8.2, 8.25, 8.2, 8.19, 8.26, 8.25, 8.25, 8.22, 8.27, 8.24, 8.26, 8.18, 8.2, 8.23, 8.24, 8.22, 8.27, 8.2, 8.21, 8.23, 8.24, 8.21, 8.17, 8.21, 8.27, 8.25, 8.26, 8.25, 8.27], "Power_Factor": [0.424, 0.424, 0.414, 0.431, 0.441, 0.417, 0.425, 0.425, 0.43, 0.431, 0.426, 0.426, 0.428, 0.423, 0.418, 0.418, 0.431, 0.42, 0.431, 0.434, 0.42, 0.421, 0.42, 0.429, 0.419, 0.423, 0.421, 0.437, 0.433, 0.426, 0.424, 0.427, 0.415, 0.432, 0.429, 0.426, 0.424, 0.431, 0.439, 0.429, 0.419, 0.422, 0.421, 0.422, 0.417], "Energy": [0.0, 0.0, 0.0, 0.0, 0.01, 0.01, 0.01, 0.01, 0.01, 0.02, 0.02, 0.02, 0.02, 0.03, 0.03, 0.03, 0.03, 0.03, 0.04, 0.04, 0.04, 0.04, 0.05, 0.05, 0.05, 0.05, 0.05, 0.06, 0.06, 0.06, 0.06, 0.07, 0.07, 0.07, 0.07, 0.07, 0.08, 0.08, 0.08, 0.08, 0.08, 0.09, 0.09, 0.09, 0.09], "Frequency": [49.39, 49.39, 49.39, 49.39, 49.39, 49.41, 49.41, 49.41, 49.39, 49.39, 49.39, 49.38, 49.38, 49.38, 49.37, 49.37, 49.37, 49.39, 49.39, 49.39, 49.39, 49.39, 49.39, 49.39, 49.39, 49.39, 49.39, 49.39, 49.39, 49.4, 49.4, 49.4, 49.41, 49.41, 49.41, 49.39, 49.39, 49.39, 49.4, 49.4, 49.4, 49.41, 49.41, 49.41, 49.41], "Temp_env": []}