{"Start_Time": [1759316238.5971386], "Time": [1759316240.5993502, 1759316242.6024103, 1759316244.6049898, 1759316246.6073554, 1759316248.610055, 1759316250.6123219, 1759316252.614445, 1759316254.617378, 1759316256.627292, 1759316258.6303995, 1759316260.6333869, 1759316262.643405, 1759316264.6463006, 1759316266.6485834, 1759316268.6515973, 1759316270.6544144, 1759316272.6575224, 1759316274.6604583, 1759316276.66263, 1759316278.6655977, 1759316280.6753387, 1759316282.6776786, 1759316284.6805906, 1759316286.6835623, 1759316288.6868412, 1759316290.6893573, 1759316292.6918075, 1759316294.6945426, 1759316296.6974306, 1759316298.7001324, 1759316300.7024977, 1759316302.7050831, 1759316304.714802, 1759316306.7175117, 1759316308.7198532, 1759316310.7225602, 1759316312.7248826, 1759316314.7280228, 1759316316.730976, 1759316318.7336295, 1759316320.7359786, 1759316322.7386694, 1759316324.7410362, 1759316326.7441518, 1759316328.7470257], "Voltage": [229.87, 229.92, 229.87, 229.71, 229.97, 229.76, 229.76, 229.82, 229.76, 229.92, 229.87, 229.87, 229.92, 229.87, 230.08, 230.03, 230.03, 230.08, 231.07, 231.23, 231.02, 231.18, 231.07, 231.13, 230.97, 231.18, 231.07, 231.02, 230.92, 230.92, 230.97, 230.97, 230.97, 231.13, 231.02, 230.92, 231.07, 231.13, 231.02, 231.02, 230.97, 230.92, 231.02, 230.92, 230.86], "Current": [0.04, 0.04, 0.04, 0.04, 0.04, 0.04, 0.04, 0.04, 0.04, 0.04, 0.04, 0.04, 0.04, 0.04, 0.04, 0.04, 0.04, 0.04, 0.04, 0.04, 0.04, 0.04, 0.04, 0.04, 0.04, 0.04, 0.04, 0.04, 0.04, 0.04, 0.04, 0.04, 0.04, 0.04, 0.04, 0.04, 0.04, 0.04, 0.04, 0.04, 0.04, 0.04, 0.04, 0.04, 0.04], "Real_Power": [3.99, 4.06, 4.03, 4.03, 3.95, 4.08, 4.08, 3.99, 4.02, 4.01, 4.01, 3.86, 4.04, 4.01, 4.02, 3.93, 3.98, 3.98, 3.99, 4.06, 4.09, 4.08, 3.9, 4.02, 3.95, 4.02, 4.02, 4.0, 4.0, 3.94, 3.91, 3.86, 3.96, 4.03, 3.95, 4.01, 4.08, 3.9, 4.0, 4.04, 4.08, 4.02, 4.0, 4.06, 3.97], "Apparent_Power": [9.19, 9.19, 9.19, 9.18, 9.19, 9.19, 9.19, 9.19, 9.19, 9.19, 9.19, 9.19, 9.19, 9.19, 9.2, 9.2, 9.2, 9.2, 9.24, 9.24, 9.24, 9.24, 9.24, 9.24, 9.23, 9.24, 9.24, 9.24, 9.23, 9.23, 9.23, 9.23, 9.23, 9.24, 9.24, 9.23, 9.24, 9.24, 9.24, 9.24, 9.23, 9.23, 9.24, 9.23, 9.23], "Apparent_Power_Reactive": [8.27, 8.24, 8.25, 8.24, 8.29, 8.23, 8.23, 8.27, 8.26, 8.26, 8.26, 8.34, 8.25, 8.26, 8.27, 8.31, 8.29, 8.29, 8.33, 8.3, 8.28, 8.29, 8.37, 8.31, 8.34, 8.31, 8.31, 8.32, 8.31, 8.34, 8.36, 8.38, 8.33, 8.31, 8.35, 8.31, 8.29, 8.37, 8.32, 8.3, 8.27, 8.3, 8.32, 8.28, 8.33], "Power_Factor": [0.434, 0.441, 0.438, 0.438, 0.429, 0.443, 0.443, 0.434, 0.437, 0.436, 0.436, 0.42, 0.439, 0.436, 0.436, 0.427, 0.432, 0.432, 0.431, 0.439, 0.442, 0.441, 0.422, 0.435, 0.427, 0.435, 0.435, 0.432, 0.433, 0.426, 0.423, 0.418, 0.429, 0.436, 0.427, 0.434, 0.441, 0.422, 0.432, 0.437, 0.442, 0.435, 0.432, 0.439, 0.43], "Energy": [0.0, 0.0, 0.0, 0.0, 0.01, 0.01, 0.01, 0.01, 0.02, 0.02, 0.02, 0.02, 0.02, 0.03, 0.03, 0.03, 0.03, 0.04, 0.04, 0.04, 0.04, 0.04, 0.05, 0.05, 0.05, 0.05, 0.06, 0.06, 0.06, 0.06, 0.06, 0.07, 0.07, 0.07, 0.07, 0.08, 0.08, 0.08, 0.08, 0.08, 0.09, 0.09, 0.09, 0.09, 0.1], "Frequency": [49.44, 49.44, 49.44, 49.44, 49.44, 49.44, 49.42, 49.42, 49.42, 49.41, 49.41, 49.41, 49.41, 49.41, 49.41, 49.42, 49.42, 49.42, 49.43, 49.43, 49.43, 49.41, 49.41, 49.41, 49.42, 49.42, 49.42, 49.41, 49.41, 49.41, 49.43, 49.43, 49.43, 49.41, 49.41, 49.41, 49.41, 49.41, 49.41, 49.4, 49.4, 49.41, 49.41, 49.41, 49.42], "Temp_env": []}