{"Start_Time": [1758775657.0047333], "Time": [1758775659.0071738, 1758775661.0101202, 1758775663.0127861, 1758775665.0156958, 1758775667.0187514, 1758775669.0210686, 1758775671.024071, 1758775673.026999, 1758775675.0297978, 1758775677.0322216, 1758775679.0347424, 1758775681.0370917, 1758775683.0392373, 1758775685.0423384, 1758775687.0451787, 1758775689.0480187, 1758775691.0509698, 1758775693.0538971, 1758775695.0563, 1758775697.0592532, 1758775699.0624943, 1758775701.0651975, 1758775703.068127, 1758775705.0710454, 1758775707.0733345, 1758775709.0764277, 1758775711.0794377, 1758775713.082638, 1758775715.0851078, 1758775717.087443, 1758775719.0901752, 1758775721.093204, 1758775723.0955958, 1758775725.0983064, 1758775727.1006103, 1758775729.102953, 1758775731.1058078, 1758775733.10869, 1758775735.1113482, 1758775737.1135778, 1758775739.1164184, 1758775741.1191099, 1758775743.1219702, 1758775745.1246088, 1758775747.1276906], "Voltage": [229.08, 229.14, 229.14, 229.03, 229.03, 229.24, 229.24, 229.29, 229.14, 229.19, 229.29, 229.19, 229.19, 229.03, 229.14, 229.24, 229.08, 229.14, 229.19, 229.14, 228.98, 229.19, 229.03, 229.03, 229.08, 228.98, 228.98, 229.03, 228.93, 228.93, 228.87, 228.98, 228.98, 228.98, 228.98, 229.08, 229.03, 228.93, 228.98, 229.03, 229.08, 229.08, 229.45, 229.5, 229.55], "Current": [0.04, 0.04, 0.04, 0.04, 0.04, 0.04, 0.04, 0.04, 0.04, 0.04, 0.04, 0.04, 0.04, 0.04, 0.04, 0.04, 0.04, 0.04, 0.04, 0.04, 0.04, 0.04, 0.04, 0.04, 0.04, 0.04, 0.04, 0.04, 0.04, 0.04, 0.04, 0.04, 0.04, 0.04, 0.04, 0.04, 0.04, 0.04, 0.04, 0.04, 0.04, 0.04, 0.04, 0.04, 0.04], "Real_Power": [3.94, 3.84, 3.92, 3.88, 3.87, 3.92, 3.86, 3.97, 4.03, 3.95, 4.06, 3.94, 3.87, 3.95, 3.91, 4.0, 3.92, 4.0, 3.9, 4.02, 3.84, 3.93, 3.89, 3.94, 3.91, 3.86, 3.97, 3.95, 3.97, 4.09, 3.88, 3.88, 3.89, 3.91, 3.89, 3.99, 4.0, 4.02, 3.94, 3.98, 3.91, 3.9, 3.98, 3.87, 4.0], "Apparent_Power": [9.16, 9.16, 9.16, 9.16, 9.16, 9.16, 9.16, 9.17, 9.16, 9.16, 9.17, 9.16, 9.16, 9.16, 9.16, 9.16, 9.16, 9.16, 9.16, 9.16, 9.15, 9.16, 9.16, 9.16, 9.16, 9.15, 9.15, 9.16, 9.15, 9.15, 9.15, 9.15, 9.15, 9.15, 9.15, 9.16, 9.16, 9.15, 9.15, 9.16, 9.16, 9.16, 9.17, 9.18, 9.18], "Apparent_Power_Reactive": [8.26, 8.31, 8.27, 8.29, 8.3, 8.27, 8.3, 8.26, 8.22, 8.26, 8.22, 8.26, 8.3, 8.26, 8.28, 8.24, 8.27, 8.24, 8.28, 8.23, 8.3, 8.27, 8.29, 8.26, 8.28, 8.29, 8.24, 8.26, 8.24, 8.18, 8.28, 8.28, 8.28, 8.27, 8.28, 8.24, 8.24, 8.21, 8.25, 8.25, 8.28, 8.28, 8.26, 8.32, 8.26], "Power_Factor": [0.43, 0.419, 0.427, 0.423, 0.422, 0.427, 0.421, 0.432, 0.439, 0.431, 0.442, 0.43, 0.422, 0.431, 0.426, 0.436, 0.427, 0.436, 0.425, 0.438, 0.419, 0.429, 0.424, 0.43, 0.426, 0.421, 0.433, 0.431, 0.433, 0.446, 0.424, 0.424, 0.425, 0.427, 0.425, 0.435, 0.436, 0.439, 0.43, 0.434, 0.426, 0.425, 0.434, 0.421, 0.435], "Energy": [0.0, 0.0, 0.0, 0.0, 0.01, 0.01, 0.01, 0.01, 0.01, 0.02, 0.02, 0.02, 0.02, 0.03, 0.03, 0.03, 0.03, 0.03, 0.04, 0.04, 0.04, 0.04, 0.05, 0.05, 0.05, 0.05, 0.05, 0.06, 0.06, 0.06, 0.06, 0.07, 0.07, 0.07, 0.07, 0.07, 0.08, 0.08, 0.08, 0.08, 0.09, 0.09, 0.09, 0.09, 0.09], "Frequency": [49.44, 49.44, 49.43, 49.43, 49.43, 49.44, 49.44, 49.44, 49.43, 49.43, 49.43, 49.43, 49.43, 49.43, 49.43, 49.43, 49.43, 49.47, 49.47, 49.47, 49.47, 49.47, 49.47, 49.47, 49.47, 49.47, 49.47, 49.47, 49.47, 49.45, 49.45, 49.45, 49.45, 49.45, 49.45, 49.44, 49.44, 49.44, 49.43, 49.43, 49.43, 49.43, 49.43, 49.43, 49.43], "Temp_env": []}