{"Start_Time": [1758956898.9172413], "Time": [1758956900.9194303, 1758956902.9225016, 1758956904.925398, 1758956906.9283028, 1758956908.9305804, 1758956910.9336722, 1758956912.9363005, 1758956914.9394267, 1758956916.9425824, 1758956918.944536, 1758956920.9476707, 1758956922.950615, 1758956924.9534817, 1758956926.9565234, 1758956928.9585915, 1758956930.9615002, 1758956932.9637756, 1758956934.966466, 1758956936.96954, 1758956938.972412, 1758956940.9756749, 1758956942.9786243, 1758956944.9818242, 1758956946.9837842, 1758956948.9864879, 1758956950.9886546, 1758956952.990751, 1758956954.9936185, 1758956956.9969378, 1758956958.999465, 1758956961.0017483, 1758956963.0044973, 1758956965.0067997, 1758956967.0091515, 1758956969.0119982, 1758956971.014836, 1758956973.0175498, 1758956975.0200756, 1758956977.022589, 1758956979.0258884, 1758956981.0290956, 1758956983.0319445, 1758956985.0348728, 1758956987.0376904, 1758956989.040673], "Voltage": [229.03, 228.66, 228.87, 228.77, 228.61, 228.72, 228.77, 228.82, 228.77, 228.82, 228.87, 228.72, 228.72, 228.72, 228.72, 228.72, 228.72, 228.66, 228.56, 228.77, 228.77, 228.66, 228.82, 228.72, 228.61, 228.77, 228.61, 228.56, 228.66, 228.87, 228.87, 228.72, 228.82, 228.77, 228.87, 228.87, 228.82, 228.87, 228.82, 228.93, 228.98, 228.93, 228.93, 228.93, 228.82], "Current": [0.04, 0.04, 0.04, 0.04, 0.04, 0.04, 0.04, 0.04, 0.04, 0.04, 0.04, 0.04, 0.04, 0.04, 0.04, 0.04, 0.04, 0.04, 0.04, 0.04, 0.04, 0.04, 0.04, 0.04, 0.04, 0.04, 0.04, 0.04, 0.04, 0.04, 0.04, 0.04, 0.04, 0.04, 0.04, 0.04, 0.04, 0.04, 0.04, 0.04, 0.04, 0.04, 0.04, 0.04, 0.04], "Real_Power": [3.92, 3.96, 3.96, 4.03, 3.9, 3.95, 3.99, 3.88, 3.82, 3.93, 3.96, 4.05, 3.89, 3.87, 3.95, 3.9, 3.92, 3.85, 3.95, 3.99, 3.81, 3.96, 3.9, 3.93, 3.89, 3.8, 3.93, 3.92, 3.91, 3.88, 3.99, 3.88, 3.97, 3.89, 3.88, 3.83, 3.98, 3.96, 3.89, 3.89, 3.87, 3.83, 3.93, 3.9, 3.84], "Apparent_Power": [9.16, 9.14, 9.15, 9.15, 9.14, 9.14, 9.15, 9.15, 9.15, 9.15, 9.15, 9.14, 9.14, 9.14, 9.14, 9.14, 9.14, 9.14, 9.14, 9.15, 9.15, 9.14, 9.15, 9.14, 9.14, 9.15, 9.14, 9.14, 9.14, 9.15, 9.15, 9.14, 9.15, 9.15, 9.15, 9.15, 9.15, 9.15, 9.15, 9.15, 9.15, 9.15, 9.15, 9.15, 9.15], "Apparent_Power_Reactive": [8.27, 8.23, 8.24, 8.21, 8.26, 8.24, 8.23, 8.28, 8.31, 8.26, 8.24, 8.19, 8.27, 8.28, 8.24, 8.26, 8.25, 8.28, 8.24, 8.23, 8.31, 8.23, 8.27, 8.25, 8.27, 8.32, 8.25, 8.25, 8.26, 8.28, 8.23, 8.27, 8.24, 8.28, 8.28, 8.3, 8.23, 8.24, 8.28, 8.28, 8.29, 8.3, 8.26, 8.27, 8.3], "Power_Factor": [0.427, 0.433, 0.432, 0.44, 0.426, 0.432, 0.436, 0.424, 0.417, 0.429, 0.432, 0.443, 0.425, 0.423, 0.432, 0.426, 0.428, 0.421, 0.432, 0.436, 0.416, 0.433, 0.426, 0.429, 0.425, 0.415, 0.429, 0.428, 0.427, 0.424, 0.436, 0.424, 0.433, 0.425, 0.424, 0.418, 0.434, 0.432, 0.425, 0.425, 0.422, 0.418, 0.429, 0.426, 0.419], "Energy": [0.0, 0.0, 0.0, 0.0, 0.01, 0.01, 0.01, 0.01, 0.01, 0.02, 0.02, 0.02, 0.02, 0.03, 0.03, 0.03, 0.03, 0.03, 0.04, 0.04, 0.04, 0.04, 0.05, 0.05, 0.05, 0.05, 0.05, 0.06, 0.06, 0.06, 0.06, 0.07, 0.07, 0.07, 0.07, 0.07, 0.08, 0.08, 0.08, 0.08, 0.08, 0.09, 0.09, 0.09, 0.09], "Frequency": [49.43, 49.43, 49.41, 49.41, 49.41, 49.41, 49.41, 49.41, 49.4, 49.4, 49.4, 49.4, 49.4, 49.4, 49.4, 49.4, 49.4, 49.39, 49.39, 49.39, 49.39, 49.39, 49.39, 49.4, 49.4, 49.4, 49.39, 49.39, 49.39, 49.41, 49.41, 49.41, 49.41, 49.41, 49.41, 49.43, 49.43, 49.43, 49.42, 49.42, 49.42, 49.43, 49.43, 49.43, 49.43], "Temp_env": []}