{"Start_Time": [1758887668.4020627], "Time": [1758887670.4043043, 1758887672.4073422, 1758887674.4102602, 1758887676.4130566, 1758887678.4229994, 1758887680.4259274, 1758887682.4282954, 1758887684.438282, 1758887686.4412239, 1758887688.4443393, 1758887690.4543548, 1758887692.4571614, 1758887694.4595244, 1758887696.4694767, 1758887698.472432, 1758887700.4753647, 1758887702.4774635, 1758887704.4803789, 1758887706.4837022, 1758887708.4935694, 1758887710.496553, 1758887712.4993548, 1758887714.5094185, 1758887716.5124736, 1758887718.5156205, 1758887720.5252523, 1758887722.5276332, 1758887724.5297506, 1758887726.5324936, 1758887728.5355833, 1758887730.53867, 1758887732.5483701, 1758887734.550599, 1758887736.5533967, 1758887738.5628426, 1758887740.5655305, 1758887742.5676928, 1758887744.5699847, 1758887746.5725183, 1758887748.5748532, 1758887750.5775788, 1758887752.5799546, 1758887754.582541, 1758887756.5927076, 1758887758.5960145], "Voltage": [228.61, 228.66, 228.56, 228.56, 228.45, 228.45, 228.4, 228.4, 228.4, 228.56, 228.51, 228.56, 228.4, 228.35, 228.3, 228.19, 228.09, 228.35, 228.24, 228.45, 228.35, 228.4, 228.35, 228.24, 228.45, 228.51, 228.56, 228.51, 228.51, 228.61, 228.4, 228.51, 228.51, 228.35, 228.45, 228.35, 228.19, 228.4, 228.09, 228.35, 228.24, 228.24, 228.4, 228.35, 228.4], "Current": [0.04, 0.04, 0.04, 0.04, 0.04, 0.04, 0.04, 0.04, 0.04, 0.04, 0.04, 0.04, 0.04, 0.04, 0.04, 0.04, 0.04, 0.04, 0.04, 0.04, 0.04, 0.04, 0.04, 0.04, 0.04, 0.04, 0.04, 0.04, 0.04, 0.04, 0.04, 0.04, 0.04, 0.04, 0.04, 0.04, 0.04, 0.04, 0.04, 0.04, 0.04, 0.04, 0.04, 0.04, 0.04], "Real_Power": [3.94, 3.99, 4.1, 3.96, 3.99, 3.96, 4.06, 3.98, 4.1, 4.05, 3.94, 4.0, 4.05, 3.91, 4.01, 4.1, 3.92, 4.05, 3.97, 3.98, 3.98, 4.01, 4.0, 3.99, 3.95, 4.06, 4.19, 3.94, 3.88, 4.08, 4.05, 4.05, 4.06, 4.04, 4.01, 4.07, 4.03, 4.07, 3.98, 4.05, 3.99, 4.1, 4.0, 3.96, 4.04], "Apparent_Power": [9.14, 9.14, 9.14, 9.14, 9.13, 9.13, 9.13, 9.13, 9.13, 9.14, 9.14, 9.14, 9.13, 9.13, 9.13, 9.12, 9.12, 9.13, 9.12, 9.13, 9.13, 9.13, 9.13, 9.12, 9.13, 9.14, 9.14, 9.14, 9.14, 9.14, 9.13, 9.14, 9.14, 9.13, 9.13, 9.13, 9.12, 9.13, 9.12, 9.13, 9.12, 9.12, 9.13, 9.13, 9.13], "Apparent_Power_Reactive": [8.24, 8.22, 8.16, 8.23, 8.21, 8.22, 8.17, 8.21, 8.15, 8.19, 8.24, 8.21, 8.18, 8.25, 8.2, 8.14, 8.23, 8.18, 8.21, 8.21, 8.21, 8.2, 8.2, 8.2, 8.23, 8.18, 8.12, 8.24, 8.27, 8.17, 8.18, 8.19, 8.18, 8.18, 8.2, 8.17, 8.18, 8.17, 8.2, 8.18, 8.2, 8.14, 8.2, 8.22, 8.18], "Power_Factor": [0.431, 0.436, 0.448, 0.433, 0.437, 0.433, 0.444, 0.435, 0.449, 0.443, 0.431, 0.437, 0.443, 0.428, 0.439, 0.449, 0.429, 0.443, 0.435, 0.435, 0.435, 0.439, 0.438, 0.437, 0.432, 0.444, 0.458, 0.431, 0.424, 0.446, 0.443, 0.443, 0.444, 0.442, 0.439, 0.445, 0.441, 0.445, 0.436, 0.443, 0.437, 0.449, 0.438, 0.433, 0.442], "Energy": [0.0, 0.0, 0.0, 0.0, 0.01, 0.01, 0.01, 0.01, 0.02, 0.02, 0.02, 0.02, 0.02, 0.03, 0.03, 0.03, 0.03, 0.04, 0.04, 0.04, 0.04, 0.04, 0.05, 0.05, 0.05, 0.05, 0.06, 0.06, 0.06, 0.06, 0.06, 0.07, 0.07, 0.07, 0.07, 0.08, 0.08, 0.08, 0.08, 0.08, 0.09, 0.09, 0.09, 0.09, 0.1], "Frequency": [49.38, 49.38, 49.38, 49.38, 49.39, 49.39, 49.39, 49.37, 49.37, 49.37, 49.39, 49.39, 49.39, 49.38, 49.38, 49.38, 49.37, 49.37, 49.37, 49.38, 49.38, 49.38, 49.39, 49.39, 49.39, 49.38, 49.38, 49.38, 49.39, 49.39, 49.39, 49.39, 49.39, 49.39, 49.4, 49.4, 49.4, 49.41, 49.41, 49.41, 49.41, 49.41, 49.41, 49.41, 49.41], "Temp_env": []}