{"Start_Time": [1758656494.442269], "Time": [1758656496.4445696, 1758656498.447197, 1758656500.4496303, 1758656502.4525213, 1758656504.462451, 1758656506.4645255, 1758656508.4670649, 1758656510.4699576, 1758656512.4723697, 1758656514.474765, 1758656516.4846416, 1758656518.4874954, 1758656520.4905634, 1758656522.5005002, 1758656524.5036354, 1758656526.5069005, 1758656528.516924, 1758656530.5194483, 1758656532.5218189, 1758656534.5245373, 1758656536.5272243, 1758656538.5301166, 1758656540.539812, 1758656542.542689, 1758656544.5448194, 1758656546.554725, 1758656548.5570924, 1758656550.5600781, 1758656552.5699334, 1758656554.5726402, 1758656556.574984, 1758656558.5772226, 1758656560.5796878, 1758656562.5820343, 1758656564.5920727, 1758656566.5950758, 1758656568.597752, 1758656570.6076946, 1758656572.610005, 1758656574.6128612, 1758656576.6152282, 1758656578.6181655, 1758656580.6210432, 1758656582.6231685, 1758656584.6259005], "Voltage": [230.71, 230.45, 230.6, 230.6, 230.5, 230.6, 230.6, 230.5, 230.5, 230.5, 230.6, 230.66, 230.6, 230.66, 230.45, 230.55, 230.6, 230.55, 230.5, 230.6, 230.5, 230.45, 230.66, 230.6, 230.55, 230.55, 230.5, 230.5, 230.45, 230.5, 230.5, 230.39, 230.39, 230.39, 230.5, 230.45, 230.34, 230.5, 230.29, 230.24, 230.45, 230.45, 230.39, 230.39, 230.34], "Current": [0.04, 0.04, 0.03, 0.04, 0.04, 0.04, 0.04, 0.04, 0.04, 0.04, 0.04, 0.04, 0.04, 0.04, 0.04, 0.04, 0.04, 0.04, 0.04, 0.04, 0.04, 0.04, 0.04, 0.04, 0.04, 0.04, 0.04, 0.04, 0.04, 0.04, 0.04, 0.04, 0.04, 0.04, 0.04, 0.04, 0.04, 0.04, 0.04, 0.04, 0.04, 0.04, 0.04, 0.03, 0.03], "Real_Power": [3.89, 4.02, 3.8, 4.01, 3.97, 3.9, 3.93, 4.0, 3.93, 4.01, 3.93, 4.03, 3.98, 3.84, 3.93, 3.93, 3.96, 3.94, 3.87, 3.9, 3.85, 3.92, 4.02, 3.93, 3.94, 3.97, 4.02, 3.91, 3.9, 3.89, 3.99, 3.9, 3.97, 4.0, 3.97, 3.95, 3.92, 3.89, 3.91, 3.96, 3.9, 3.87, 3.94, 3.81, 3.9], "Apparent_Power": [9.22, 9.21, 6.91, 9.22, 9.22, 9.22, 9.22, 9.22, 9.22, 9.22, 9.22, 9.22, 9.22, 9.22, 9.21, 9.22, 9.22, 9.22, 9.22, 9.22, 9.22, 9.21, 9.22, 9.22, 9.22, 9.22, 9.22, 9.22, 9.21, 9.22, 9.22, 9.21, 9.21, 9.21, 9.22, 9.21, 9.21, 9.22, 9.21, 9.2, 9.21, 9.21, 9.21, 6.91, 6.91], "Apparent_Power_Reactive": [8.35, 8.28, 5.77, 8.3, 8.32, 8.35, 8.34, 8.3, 8.34, 8.3, 8.34, 8.29, 8.31, 8.38, 8.32, 8.34, 8.32, 8.33, 8.36, 8.35, 8.37, 8.33, 8.29, 8.34, 8.33, 8.32, 8.29, 8.34, 8.34, 8.35, 8.31, 8.34, 8.31, 8.29, 8.32, 8.31, 8.33, 8.35, 8.33, 8.3, 8.34, 8.35, 8.32, 5.76, 5.7], "Power_Factor": [0.421, 0.436, 0.549, 0.434, 0.43, 0.422, 0.426, 0.433, 0.426, 0.434, 0.426, 0.437, 0.431, 0.416, 0.426, 0.426, 0.429, 0.427, 0.419, 0.422, 0.417, 0.425, 0.436, 0.426, 0.427, 0.43, 0.436, 0.424, 0.423, 0.421, 0.432, 0.423, 0.431, 0.434, 0.43, 0.428, 0.425, 0.421, 0.424, 0.43, 0.423, 0.42, 0.427, 0.551, 0.564], "Energy": [0.0, 0.0, 0.0, 0.0, 0.01, 0.01, 0.01, 0.01, 0.01, 0.02, 0.02, 0.02, 0.02, 0.03, 0.03, 0.03, 0.03, 0.03, 0.04, 0.04, 0.04, 0.04, 0.05, 0.05, 0.05, 0.05, 0.05, 0.06, 0.06, 0.06, 0.06, 0.07, 0.07, 0.07, 0.07, 0.07, 0.08, 0.08, 0.08, 0.08, 0.09, 0.09, 0.09, 0.09, 0.09], "Frequency": [49.41, 49.41, 49.4, 49.4, 49.4, 49.42, 49.42, 49.42, 49.41, 49.41, 49.41, 49.42, 49.42, 49.42, 49.41, 49.41, 49.41, 49.4, 49.4, 49.4, 49.41, 49.41, 49.41, 49.4, 49.4, 49.4, 49.39, 49.39, 49.39, 49.41, 49.41, 49.41, 49.42, 49.42, 49.42, 49.43, 49.43, 49.43, 49.43, 49.43, 49.43, 49.41, 49.41, 49.41, 49.43], "Temp_env": []}