{"Start_Time": [1759081877.7462666], "Time": [1759081879.7487657, 1759081881.7509294, 1759081883.7536802, 1759081885.7563787, 1759081887.7590613, 1759081889.7618825, 1759081891.764684, 1759081893.77475, 1759081895.7776325, 1759081897.7803237, 1759081899.7826583, 1759081901.785263, 1759081903.7881238, 1759081905.7907295, 1759081907.7930954, 1759081909.7959294, 1759081911.7987673, 1759081913.8011148, 1759081915.8040369, 1759081917.813871, 1759081919.816226, 1759081921.818918, 1759081923.8218272, 1759081925.8241777, 1759081927.8270884, 1759081929.830139, 1759081931.8328118, 1759081933.8351836, 1759081935.8380191, 1759081937.8409126, 1759081939.8433058, 1759081941.8464048, 1759081943.849233, 1759081945.8519206, 1759081947.8549917, 1759081949.8584244, 1759081951.8613482, 1759081953.8642318, 1759081955.8672247, 1759081957.8703475, 1759081959.8730247, 1759081961.875352, 1759081963.878427, 1759081965.8813717, 1759081967.8844588], "Voltage": [230.18, 230.24, 230.24, 230.45, 230.29, 230.34, 230.39, 230.39, 230.55, 230.45, 230.55, 230.45, 230.39, 230.39, 230.39, 230.34, 230.39, 230.24, 230.45, 230.45, 230.5, 230.34, 230.45, 230.45, 230.39, 230.34, 230.39, 230.5, 230.39, 230.39, 230.39, 230.34, 230.34, 230.39, 230.34, 230.34, 230.29, 230.24, 230.29, 230.29, 230.18, 230.24, 230.24, 230.34, 230.29], "Current": [0.04, 0.04, 0.04, 0.04, 0.04, 0.04, 0.04, 0.04, 0.04, 0.04, 0.04, 0.04, 0.04, 0.04, 0.04, 0.04, 0.04, 0.04, 0.04, 0.04, 0.04, 0.04, 0.04, 0.04, 0.04, 0.04, 0.04, 0.04, 0.04, 0.04, 0.04, 0.04, 0.04, 0.04, 0.04, 0.04, 0.04, 0.04, 0.04, 0.04, 0.04, 0.04, 0.04, 0.04, 0.04], "Real_Power": [3.84, 3.85, 3.99, 3.85, 3.81, 3.93, 3.9, 3.85, 3.9, 3.85, 3.88, 3.84, 4.03, 3.99, 3.95, 3.95, 4.02, 4.02, 3.82, 3.82, 3.84, 3.97, 3.9, 3.9, 3.88, 3.83, 3.88, 3.88, 3.91, 3.94, 3.93, 3.88, 3.88, 3.97, 3.95, 3.88, 3.95, 3.83, 3.87, 3.85, 3.82, 3.95, 3.87, 3.87, 3.89], "Apparent_Power": [9.2, 9.2, 9.2, 9.21, 9.21, 9.21, 9.21, 9.21, 9.22, 9.21, 9.22, 9.21, 9.21, 9.21, 9.21, 9.21, 9.21, 9.2, 9.21, 9.21, 9.22, 9.21, 9.21, 9.21, 9.21, 9.21, 9.21, 9.22, 9.21, 9.21, 9.21, 9.21, 9.21, 9.21, 9.21, 9.21, 9.21, 9.2, 9.21, 9.21, 9.2, 9.2, 9.2, 9.21, 9.21], "Apparent_Power_Reactive": [8.36, 8.35, 8.28, 8.36, 8.38, 8.32, 8.34, 8.36, 8.35, 8.36, 8.36, 8.37, 8.28, 8.3, 8.31, 8.31, 8.28, 8.27, 8.38, 8.38, 8.38, 8.31, 8.34, 8.34, 8.35, 8.37, 8.35, 8.36, 8.33, 8.32, 8.32, 8.35, 8.35, 8.31, 8.31, 8.35, 8.31, 8.36, 8.35, 8.36, 8.36, 8.3, 8.34, 8.35, 8.34], "Power_Factor": [0.417, 0.418, 0.433, 0.418, 0.413, 0.426, 0.423, 0.418, 0.422, 0.418, 0.42, 0.416, 0.437, 0.433, 0.428, 0.428, 0.436, 0.436, 0.414, 0.414, 0.416, 0.431, 0.423, 0.423, 0.421, 0.415, 0.421, 0.42, 0.424, 0.427, 0.426, 0.421, 0.421, 0.431, 0.428, 0.421, 0.428, 0.416, 0.42, 0.418, 0.415, 0.429, 0.42, 0.42, 0.422], "Energy": [0.0, 0.0, 0.0, 0.0, 0.01, 0.01, 0.01, 0.01, 0.01, 0.02, 0.02, 0.02, 0.02, 0.03, 0.03, 0.03, 0.03, 0.03, 0.04, 0.04, 0.04, 0.04, 0.05, 0.05, 0.05, 0.05, 0.05, 0.06, 0.06, 0.06, 0.06, 0.06, 0.07, 0.07, 0.07, 0.07, 0.08, 0.08, 0.08, 0.08, 0.08, 0.09, 0.09, 0.09, 0.09], "Frequency": [49.41, 49.4, 49.4, 49.4, 49.41, 49.41, 49.41, 49.41, 49.41, 49.41, 49.43, 49.43, 49.43, 49.43, 49.43, 49.43, 49.42, 49.42, 49.42, 49.42, 49.42, 49.42, 49.41, 49.41, 49.41, 49.41, 49.41, 49.41, 49.41, 49.41, 49.41, 49.41, 49.41, 49.41, 49.4, 49.4, 49.4, 49.4, 49.4, 49.4, 49.4, 49.4, 49.4, 49.4, 49.4], "Temp_env": []}