{"Start_Time": [1759234551.5809028], "Time": [1759234553.583648, 1759234555.5867178, 1759234557.5895722, 1759234559.5921154, 1759234561.5949962, 1759234563.597589, 1759234565.5999486, 1759234567.6027899, 1759234569.612832, 1759234571.6156464, 1759234573.6182468, 1759234575.6281974, 1759234577.6307101, 1759234579.6335819, 1759234581.6364639, 1759234583.6389658, 1759234585.6420994, 1759234587.644885, 1759234589.6474016, 1759234591.6498606, 1759234593.659835, 1759234595.6621673, 1759234597.6652925, 1759234599.6754138, 1759234601.678122, 1759234603.6812203, 1759234605.683889, 1759234607.686971, 1759234609.6894042, 1759234611.692284, 1759234613.6952226, 1759234615.6983404, 1759234617.7082736, 1759234619.7103744, 1759234621.713561, 1759234623.7164166, 1759234625.719283, 1759234627.722355, 1759234629.7253685, 1759234631.728454, 1759234633.731171, 1759234635.7335858, 1759234637.7363956, 1759234639.7384589, 1759234641.7484372], "Voltage": [229.19, 228.93, 229.29, 229.08, 229.24, 229.29, 229.35, 229.29, 229.24, 229.29, 229.35, 229.4, 229.5, 229.61, 229.5, 229.61, 229.55, 229.61, 229.5, 229.5, 229.4, 229.29, 229.29, 229.19, 229.29, 229.35, 229.24, 229.03, 229.82, 229.76, 229.92, 229.82, 229.66, 229.61, 229.82, 229.76, 229.71, 229.76, 229.76, 229.71, 229.66, 229.55, 229.71, 229.71, 229.66], "Current": [0.04, 0.04, 0.04, 0.04, 0.04, 0.04, 0.04, 0.04, 0.04, 0.04, 0.04, 0.04, 0.04, 0.04, 0.04, 0.04, 0.04, 0.04, 0.04, 0.04, 0.04, 0.04, 0.04, 0.04, 0.04, 0.04, 0.04, 0.04, 0.04, 0.04, 0.04, 0.04, 0.04, 0.04, 0.04, 0.04, 0.04, 0.04, 0.04, 0.04, 0.04, 0.04, 0.04, 0.04, 0.04], "Real_Power": [3.94, 3.9, 4.04, 4.0, 4.04, 4.03, 3.88, 3.99, 3.96, 4.12, 4.04, 3.95, 3.89, 3.97, 4.09, 3.96, 3.95, 4.02, 3.97, 3.86, 4.01, 3.9, 3.99, 3.98, 4.12, 3.95, 3.96, 3.97, 4.05, 4.09, 4.1, 3.93, 3.95, 4.01, 4.05, 3.97, 4.04, 4.04, 3.95, 4.0, 3.97, 3.97, 4.03, 4.02, 3.97], "Apparent_Power": [9.16, 9.15, 9.17, 9.16, 9.16, 9.17, 9.17, 9.17, 9.16, 9.17, 9.17, 9.17, 9.18, 9.18, 9.18, 9.18, 9.18, 9.18, 9.18, 9.18, 9.17, 9.17, 9.17, 9.16, 9.17, 9.17, 9.16, 9.16, 9.19, 9.19, 9.19, 9.19, 9.18, 9.18, 9.19, 9.19, 9.18, 9.19, 9.19, 9.18, 9.18, 9.18, 9.18, 9.18, 9.18], "Apparent_Power_Reactive": [8.26, 8.27, 8.23, 8.24, 8.22, 8.23, 8.3, 8.25, 8.25, 8.19, 8.23, 8.27, 8.31, 8.27, 8.21, 8.28, 8.28, 8.25, 8.27, 8.32, 8.24, 8.29, 8.25, 8.25, 8.19, 8.27, 8.25, 8.25, 8.24, 8.22, 8.22, 8.3, 8.28, 8.25, 8.24, 8.28, 8.24, 8.25, 8.29, 8.26, 8.27, 8.27, 8.24, 8.25, 8.27], "Power_Factor": [0.43, 0.426, 0.44, 0.436, 0.441, 0.439, 0.423, 0.435, 0.432, 0.449, 0.44, 0.43, 0.423, 0.432, 0.445, 0.431, 0.43, 0.437, 0.432, 0.42, 0.437, 0.425, 0.435, 0.434, 0.449, 0.43, 0.432, 0.433, 0.44, 0.445, 0.446, 0.427, 0.43, 0.436, 0.44, 0.431, 0.44, 0.439, 0.429, 0.435, 0.432, 0.432, 0.438, 0.437, 0.432], "Energy": [0.0, 0.0, 0.0, 0.0, 0.01, 0.01, 0.01, 0.01, 0.02, 0.02, 0.02, 0.02, 0.02, 0.03, 0.03, 0.03, 0.03, 0.04, 0.04, 0.04, 0.04, 0.04, 0.05, 0.05, 0.05, 0.05, 0.06, 0.06, 0.06, 0.06, 0.06, 0.07, 0.07, 0.07, 0.07, 0.08, 0.08, 0.08, 0.08, 0.08, 0.09, 0.09, 0.09, 0.09, 0.1], "Frequency": [49.41, 49.46, 49.46, 49.46, 49.44, 49.44, 49.44, 49.43, 49.43, 49.42, 49.42, 49.42, 49.41, 49.41, 49.41, 49.39, 49.39, 49.39, 49.39, 49.39, 49.39, 49.41, 49.41, 49.41, 49.39, 49.39, 49.39, 49.38, 49.38, 49.38, 49.38, 49.38, 49.38, 49.39, 49.39, 49.39, 49.39, 49.39, 49.39, 49.39, 49.39, 49.39, 49.39, 49.39, 49.39], "Temp_env": []}