{"Start_Time": [1759269370.306037], "Time": [1759269372.3083453, 1759269374.3110242, 1759269376.3140206, 1759269378.316529, 1759269380.3193653, 1759269382.3224926, 1759269384.325113, 1759269386.3279502, 1759269388.3303323, 1759269390.3326666, 1759269392.3355489, 1759269394.3384633, 1759269396.341348, 1759269398.3438184, 1759269400.346294, 1759269402.348904, 1759269404.3516812, 1759269406.3545744, 1759269408.357495, 1759269410.3603117, 1759269412.3631043, 1759269414.3659604, 1759269416.3758311, 1759269418.378511, 1759269420.3816671, 1759269422.3907304, 1759269424.393665, 1759269426.3965476, 1759269428.4065354, 1759269430.4091372, 1759269432.4116185, 1759269434.4215188, 1759269436.4238698, 1759269438.4267993, 1759269440.4296849, 1759269442.432031, 1759269444.434962, 1759269446.4447193, 1759269448.447084, 1759269450.4498205, 1759269452.4597735, 1759269454.4621315, 1759269456.4650452, 1759269458.4751792, 1759269460.4778128], "Voltage": [231.44, 231.49, 231.55, 231.44, 231.44, 231.44, 231.44, 231.44, 231.39, 231.39, 231.44, 231.34, 231.44, 231.23, 231.34, 231.34, 231.34, 231.39, 231.44, 231.28, 231.44, 231.39, 231.39, 231.39, 231.39, 231.34, 231.28, 231.23, 231.23, 231.28, 231.39, 231.28, 231.44, 231.39, 231.23, 231.28, 231.34, 231.18, 231.34, 231.28, 231.39, 231.49, 231.39, 231.39, 231.39], "Current": [0.03, 0.03, 0.03, 0.03, 0.03, 0.03, 0.03, 0.03, 0.03, 0.03, 0.03, 0.03, 0.04, 0.04, 0.03, 0.03, 0.03, 0.03, 0.03, 0.03, 0.03, 0.03, 0.03, 0.03, 0.03, 0.03, 0.03, 0.03, 0.03, 0.03, 0.03, 0.03, 0.03, 0.03, 0.03, 0.03, 0.04, 0.03, 0.03, 0.03, 0.03, 0.03, 0.04, 0.03, 0.03], "Real_Power": [3.88, 3.9, 3.94, 3.92, 3.94, 3.88, 3.85, 3.93, 4.01, 4.03, 3.92, 3.91, 3.96, 3.92, 3.93, 3.84, 3.84, 3.88, 3.82, 4.0, 3.96, 3.87, 3.88, 3.99, 4.01, 3.81, 3.92, 3.8, 3.92, 3.91, 3.91, 3.92, 3.96, 3.86, 3.81, 3.94, 4.0, 3.97, 3.84, 3.9, 3.83, 3.97, 3.97, 3.89, 3.92], "Apparent_Power": [6.94, 6.94, 6.94, 6.94, 6.94, 6.94, 6.94, 6.94, 6.94, 6.94, 6.94, 6.94, 9.25, 9.24, 6.94, 6.94, 6.94, 6.94, 6.94, 6.93, 6.94, 6.94, 6.94, 6.94, 6.94, 6.94, 6.93, 6.93, 6.93, 6.93, 6.94, 6.93, 6.94, 6.94, 6.93, 6.93, 9.25, 6.93, 6.94, 6.93, 6.94, 6.94, 9.25, 6.94, 6.94], "Apparent_Power_Reactive": [5.75, 5.74, 5.71, 5.72, 5.71, 5.75, 5.77, 5.72, 5.66, 5.65, 5.72, 5.73, 8.35, 8.36, 5.72, 5.78, 5.78, 5.75, 5.79, 5.65, 5.69, 5.76, 5.75, 5.67, 5.66, 5.8, 5.71, 5.79, 5.71, 5.72, 5.73, 5.71, 5.69, 5.76, 5.78, 5.7, 8.34, 5.68, 5.78, 5.72, 5.78, 5.69, 8.35, 5.74, 5.72], "Power_Factor": [0.559, 0.561, 0.567, 0.564, 0.567, 0.559, 0.554, 0.566, 0.577, 0.58, 0.564, 0.563, 0.428, 0.424, 0.566, 0.553, 0.553, 0.559, 0.55, 0.577, 0.57, 0.557, 0.559, 0.574, 0.577, 0.548, 0.565, 0.548, 0.565, 0.564, 0.563, 0.565, 0.57, 0.556, 0.549, 0.568, 0.432, 0.572, 0.553, 0.562, 0.551, 0.572, 0.429, 0.56, 0.564], "Energy": [0.0, 0.0, 0.0, 0.0, 0.01, 0.01, 0.01, 0.01, 0.01, 0.02, 0.02, 0.02, 0.02, 0.03, 0.03, 0.03, 0.03, 0.03, 0.04, 0.04, 0.04, 0.04, 0.05, 0.05, 0.05, 0.05, 0.05, 0.06, 0.06, 0.06, 0.06, 0.07, 0.07, 0.07, 0.07, 0.07, 0.08, 0.08, 0.08, 0.08, 0.09, 0.09, 0.09, 0.09, 0.09], "Frequency": [49.39, 49.43, 49.43, 49.43, 49.43, 49.43, 49.43, 49.44, 49.44, 49.44, 49.43, 49.43, 49.43, 49.42, 49.42, 49.42, 49.39, 49.39, 49.39, 49.42, 49.42, 49.42, 49.47, 49.47, 49.47, 49.46, 49.46, 49.46, 49.47, 49.47, 49.47, 49.45, 49.45, 49.45, 49.48, 49.48, 49.48, 49.47, 49.47, 49.47, 49.46, 49.46, 49.46, 49.48, 49.48], "Temp_env": []}