{"Start_Time": [1758697544.1337004], "Time": [1758697546.1363883, 1758697548.1396415, 1758697550.1426158, 1758697552.1455173, 1758697554.1486921, 1758697556.1515641, 1758697558.1548388, 1758697560.1573575, 1758697562.160644, 1758697564.1635084, 1758697566.166812, 1758697568.169512, 1758697570.1725693, 1758697572.1749036, 1758697574.1776774, 1758697576.180788, 1758697578.183633, 1758697580.1861472, 1758697582.1885655, 1758697584.191738, 1758697586.1947775, 1758697588.1976674, 1758697590.200055, 1758697592.202889, 1758697594.2055414, 1758697596.2079666, 1758697598.2105794, 1758697600.2129865, 1758697602.215877, 1758697604.2190201, 1758697606.2218854, 1758697608.2240233, 1758697610.2268434, 1758697612.2290902, 1758697614.231301, 1758697616.2341437, 1758697618.236767, 1758697620.2393496, 1758697622.2418118, 1758697624.2451007, 1758697626.247226, 1758697628.2502506, 1758697630.2530944, 1758697632.2560835, 1758697634.259204], "Voltage": [229.08, 229.29, 229.19, 229.14, 229.08, 229.19, 229.19, 229.19, 229.19, 229.24, 229.19, 229.14, 229.19, 229.29, 229.14, 229.14, 229.19, 229.03, 229.24, 229.14, 229.14, 229.29, 229.19, 229.14, 229.08, 229.14, 229.19, 229.24, 229.24, 229.29, 229.24, 229.29, 229.35, 229.45, 229.4, 229.29, 229.35, 229.29, 229.35, 229.29, 229.5, 229.45, 229.5, 229.5, 229.4], "Current": [0.04, 0.04, 0.04, 0.04, 0.04, 0.04, 0.04, 0.04, 0.04, 0.04, 0.04, 0.04, 0.04, 0.04, 0.04, 0.04, 0.04, 0.04, 0.04, 0.04, 0.04, 0.04, 0.04, 0.04, 0.04, 0.04, 0.04, 0.04, 0.04, 0.04, 0.04, 0.04, 0.04, 0.04, 0.04, 0.04, 0.04, 0.04, 0.04, 0.04, 0.04, 0.04, 0.04, 0.04, 0.04], "Real_Power": [4.06, 3.94, 3.88, 3.98, 3.9, 3.94, 3.97, 3.88, 3.9, 3.88, 3.89, 3.88, 3.96, 4.0, 3.9, 3.95, 3.95, 3.9, 3.87, 3.92, 3.88, 3.91, 3.93, 4.02, 3.92, 3.97, 3.91, 3.93, 3.88, 3.97, 3.94, 4.09, 3.92, 3.92, 4.07, 3.96, 4.01, 3.97, 3.98, 3.92, 3.98, 3.96, 4.01, 3.93, 4.02], "Apparent_Power": [9.16, 9.17, 9.16, 9.16, 9.16, 9.16, 9.16, 9.16, 9.16, 9.16, 9.16, 9.16, 9.16, 9.17, 9.16, 9.16, 9.16, 9.16, 9.16, 9.16, 9.16, 9.17, 9.16, 9.16, 9.16, 9.16, 9.16, 9.16, 9.16, 9.17, 9.16, 9.17, 9.17, 9.17, 9.17, 9.17, 9.17, 9.17, 9.17, 9.17, 9.18, 9.17, 9.18, 9.18, 9.17], "Apparent_Power_Reactive": [8.21, 8.28, 8.29, 8.25, 8.28, 8.26, 8.25, 8.29, 8.28, 8.29, 8.29, 8.29, 8.25, 8.25, 8.28, 8.26, 8.26, 8.28, 8.3, 8.27, 8.29, 8.29, 8.27, 8.23, 8.27, 8.25, 8.28, 8.27, 8.29, 8.26, 8.26, 8.2, 8.28, 8.28, 8.21, 8.27, 8.24, 8.26, 8.26, 8.28, 8.27, 8.27, 8.25, 8.29, 8.24], "Power_Factor": [0.443, 0.429, 0.423, 0.434, 0.425, 0.43, 0.433, 0.423, 0.425, 0.423, 0.424, 0.423, 0.432, 0.436, 0.425, 0.431, 0.431, 0.425, 0.422, 0.427, 0.423, 0.426, 0.429, 0.438, 0.427, 0.433, 0.426, 0.429, 0.423, 0.432, 0.43, 0.446, 0.427, 0.427, 0.443, 0.431, 0.437, 0.432, 0.434, 0.427, 0.433, 0.431, 0.436, 0.428, 0.438], "Energy": [0.0, 0.0, 0.0, 0.0, 0.01, 0.01, 0.01, 0.01, 0.01, 0.02, 0.02, 0.02, 0.02, 0.03, 0.03, 0.03, 0.03, 0.03, 0.04, 0.04, 0.04, 0.04, 0.05, 0.05, 0.05, 0.05, 0.05, 0.06, 0.06, 0.06, 0.06, 0.07, 0.07, 0.07, 0.07, 0.07, 0.08, 0.08, 0.08, 0.08, 0.09, 0.09, 0.09, 0.09, 0.09], "Frequency": [49.37, 49.37, 49.37, 49.37, 49.37, 49.37, 49.38, 49.38, 49.38, 49.39, 49.39, 49.39, 49.39, 49.39, 49.39, 49.4, 49.4, 49.4, 49.4, 49.4, 49.4, 49.39, 49.39, 49.39, 49.41, 49.41, 49.41, 49.42, 49.42, 49.42, 49.42, 49.42, 49.42, 49.43, 49.43, 49.43, 49.41, 49.41, 49.41, 49.41, 49.41, 49.41, 49.4, 49.4, 49.4], "Temp_env": []}