{"Start_Time": [1759355446.1940951], "Time": [1759355448.196639, 1759355450.1992993, 1759355452.209601, 1759355454.2125504, 1759355456.2149403, 1759355458.2174075, 1759355460.2197378, 1759355462.2226918, 1759355464.2255206, 1759355466.2286384, 1759355468.2310662, 1759355470.233782, 1759355472.2364857, 1759355474.2391365, 1759355476.241711, 1759355478.24453, 1759355480.2470548, 1759355482.249921, 1759355484.2525823, 1759355486.2551973, 1759355488.257835, 1759355490.2608163, 1759355492.2636962, 1759355494.2660403, 1759355496.2690005, 1759355498.2718668, 1759355500.2747514, 1759355502.2778518, 1759355504.2813103, 1759355506.2841864, 1759355508.287134, 1759355510.2900546, 1759355512.292108, 1759355514.2948437, 1759355516.2974362, 1759355518.2998972, 1759355520.302113, 1759355522.3051925, 1759355524.308308, 1759355526.3110762, 1759355528.314228, 1759355530.3174157, 1759355532.3203187, 1759355534.323411, 1759355536.326292], "Voltage": [229.92, 229.82, 229.87, 229.82, 229.92, 229.97, 229.87, 229.92, 230.03, 230.03, 230.03, 229.97, 229.92, 230.08, 230.03, 230.03, 229.97, 230.08, 230.08, 230.13, 230.18, 230.18, 229.87, 230.08, 230.13, 230.18, 229.97, 230.08, 230.03, 230.08, 230.08, 229.97, 230.13, 230.03, 230.13, 230.08, 230.08, 230.08, 230.03, 229.97, 229.97, 230.13, 230.08, 230.03, 229.97], "Current": [0.04, 0.04, 0.04, 0.04, 0.04, 0.04, 0.04, 0.04, 0.04, 0.04, 0.04, 0.04, 0.04, 0.04, 0.04, 0.04, 0.04, 0.04, 0.04, 0.04, 0.04, 0.04, 0.04, 0.04, 0.04, 0.04, 0.04, 0.04, 0.04, 0.04, 0.04, 0.04, 0.04, 0.04, 0.04, 0.04, 0.04, 0.04, 0.04, 0.04, 0.04, 0.04, 0.04, 0.04, 0.04], "Real_Power": [3.88, 3.94, 3.87, 3.97, 3.91, 3.9, 3.94, 3.89, 3.81, 3.87, 3.98, 3.91, 3.9, 3.98, 3.94, 3.96, 3.94, 3.98, 3.97, 3.97, 3.89, 3.86, 3.94, 3.91, 3.89, 3.9, 3.83, 3.87, 3.86, 3.96, 4.01, 3.97, 3.96, 3.89, 4.0, 3.85, 3.95, 3.95, 3.89, 3.73, 3.93, 3.91, 3.89, 3.9, 4.0], "Apparent_Power": [9.19, 9.19, 9.19, 9.19, 9.19, 9.19, 9.19, 9.19, 9.2, 9.2, 9.2, 9.19, 9.19, 9.2, 9.2, 9.2, 9.19, 9.2, 9.2, 9.2, 9.2, 9.2, 9.19, 9.2, 9.2, 9.2, 9.19, 9.2, 9.2, 9.2, 9.2, 9.19, 9.2, 9.2, 9.2, 9.2, 9.2, 9.2, 9.2, 9.19, 9.19, 9.2, 9.2, 9.2, 9.19], "Apparent_Power_Reactive": [8.33, 8.3, 8.33, 8.28, 8.31, 8.32, 8.3, 8.32, 8.37, 8.34, 8.29, 8.31, 8.32, 8.29, 8.31, 8.3, 8.3, 8.29, 8.29, 8.29, 8.33, 8.35, 8.3, 8.32, 8.33, 8.33, 8.35, 8.34, 8.35, 8.3, 8.28, 8.28, 8.3, 8.33, 8.28, 8.35, 8.3, 8.3, 8.33, 8.39, 8.3, 8.32, 8.33, 8.33, 8.27], "Power_Factor": [0.422, 0.428, 0.421, 0.431, 0.425, 0.424, 0.428, 0.423, 0.414, 0.42, 0.432, 0.425, 0.424, 0.432, 0.428, 0.43, 0.428, 0.432, 0.431, 0.431, 0.422, 0.419, 0.428, 0.425, 0.422, 0.423, 0.416, 0.42, 0.419, 0.43, 0.435, 0.431, 0.43, 0.422, 0.434, 0.418, 0.429, 0.429, 0.422, 0.405, 0.427, 0.425, 0.422, 0.423, 0.435], "Energy": [0.0, 0.0, 0.0, 0.0, 0.01, 0.01, 0.01, 0.01, 0.01, 0.02, 0.02, 0.02, 0.02, 0.03, 0.03, 0.03, 0.03, 0.03, 0.04, 0.04, 0.04, 0.04, 0.05, 0.05, 0.05, 0.05, 0.05, 0.06, 0.06, 0.06, 0.06, 0.07, 0.07, 0.07, 0.07, 0.07, 0.08, 0.08, 0.08, 0.08, 0.09, 0.09, 0.09, 0.09, 0.09], "Frequency": [49.41, 49.42, 49.42, 49.42, 49.42, 49.42, 49.42, 49.43, 49.43, 49.43, 49.42, 49.42, 49.42, 49.43, 49.43, 49.43, 49.43, 49.43, 49.43, 49.4, 49.4, 49.4, 49.41, 49.41, 49.41, 49.42, 49.42, 49.42, 49.43, 49.43, 49.43, 49.43, 49.43, 49.43, 49.43, 49.43, 49.43, 49.43, 49.43, 49.43, 49.42, 49.42, 49.42, 49.43, 49.43], "Temp_env": []}