{"Start_Time": [1759102504.7781117], "Time": [1759102506.780902, 1759102508.784255, 1759102510.787256, 1759102512.7900465, 1759102514.7929854, 1759102516.7952898, 1759102518.7979429, 1759102520.8002691, 1759102522.8029652, 1759102524.805288, 1759102526.8082328, 1759102528.8110821, 1759102530.8139923, 1759102532.816351, 1759102534.8192701, 1759102536.8213737, 1759102538.8242803, 1759102540.8275328, 1759102542.8301334, 1759102544.8324735, 1759102546.835162, 1759102548.8376324, 1759102550.8403966, 1759102552.8435001, 1759102554.8478143, 1759102556.8503704, 1759102558.8526132, 1759102560.8555036, 1759102562.8583329, 1759102564.860674, 1759102566.8633742, 1759102568.8659222, 1759102570.8687248, 1759102572.8714478, 1759102574.874586, 1759102576.8776193, 1759102578.8806827, 1759102580.883535, 1759102582.8858466, 1759102584.8878796, 1759102586.8906178, 1759102588.8934605, 1759102590.8962383, 1759102592.8991647, 1759102594.9019518], "Voltage": [231.97, 232.07, 232.12, 232.17, 231.97, 231.91, 232.07, 232.12, 232.02, 232.07, 232.17, 232.17, 232.17, 232.02, 232.23, 232.07, 232.17, 232.28, 232.23, 232.17, 232.23, 232.12, 232.28, 232.28, 232.33, 232.12, 232.07, 232.23, 232.12, 232.23, 232.23, 232.07, 232.17, 232.17, 232.17, 232.17, 232.17, 232.12, 232.28, 232.17, 232.23, 232.23, 232.38, 232.23, 232.07], "Current": [0.03, 0.04, 0.03, 0.03, 0.04, 0.03, 0.03, 0.03, 0.04, 0.04, 0.03, 0.04, 0.03, 0.03, 0.04, 0.03, 0.04, 0.04, 0.04, 0.03, 0.04, 0.04, 0.04, 0.04, 0.04, 0.03, 0.04, 0.03, 0.04, 0.04, 0.04, 0.04, 0.04, 0.04, 0.03, 0.04, 0.03, 0.03, 0.04, 0.04, 0.03, 0.04, 0.03, 0.04, 0.04], "Real_Power": [3.85, 3.84, 3.83, 3.94, 3.93, 3.89, 3.9, 3.96, 3.96, 3.85, 3.92, 3.95, 3.92, 3.96, 3.88, 3.83, 3.97, 3.89, 4.0, 3.82, 3.94, 3.91, 3.84, 3.97, 3.92, 3.86, 3.91, 3.84, 3.87, 3.95, 3.87, 3.86, 3.89, 3.96, 3.81, 3.92, 3.9, 3.86, 3.97, 3.88, 3.86, 3.85, 3.95, 3.87, 3.99], "Apparent_Power": [6.95, 9.28, 6.96, 6.96, 9.27, 6.95, 6.96, 6.96, 9.28, 9.28, 6.96, 9.28, 6.96, 6.96, 9.28, 6.96, 9.28, 9.29, 9.28, 6.96, 9.28, 9.28, 9.29, 9.29, 9.29, 6.96, 9.28, 6.96, 9.28, 9.28, 9.28, 9.28, 9.28, 9.28, 6.96, 9.28, 6.96, 6.96, 9.29, 9.28, 6.96, 9.28, 6.97, 9.28, 9.28], "Apparent_Power_Reactive": [5.78, 8.44, 5.81, 5.73, 8.39, 5.75, 5.76, 5.72, 8.39, 8.44, 5.75, 8.39, 5.75, 5.72, 8.42, 5.81, 8.38, 8.43, 8.37, 5.81, 8.4, 8.41, 8.45, 8.39, 8.42, 5.79, 8.41, 5.8, 8.43, 8.39, 8.43, 8.43, 8.42, 8.39, 5.82, 8.41, 5.76, 5.79, 8.39, 8.42, 5.79, 8.44, 5.74, 8.43, 8.37], "Power_Factor": [0.553, 0.413, 0.55, 0.566, 0.423, 0.559, 0.56, 0.568, 0.426, 0.414, 0.563, 0.425, 0.563, 0.568, 0.418, 0.55, 0.427, 0.418, 0.431, 0.548, 0.424, 0.421, 0.413, 0.427, 0.421, 0.554, 0.421, 0.551, 0.417, 0.425, 0.417, 0.415, 0.419, 0.426, 0.547, 0.422, 0.56, 0.554, 0.427, 0.418, 0.554, 0.414, 0.566, 0.417, 0.429], "Energy": [0.0, 0.0, 0.0, 0.0, 0.01, 0.01, 0.01, 0.01, 0.01, 0.02, 0.02, 0.02, 0.02, 0.03, 0.03, 0.03, 0.03, 0.03, 0.04, 0.04, 0.04, 0.04, 0.05, 0.05, 0.05, 0.05, 0.05, 0.06, 0.06, 0.06, 0.06, 0.07, 0.07, 0.07, 0.07, 0.07, 0.08, 0.08, 0.08, 0.08, 0.08, 0.09, 0.09, 0.09, 0.09], "Frequency": [49.39, 49.38, 49.38, 49.38, 49.39, 49.39, 49.39, 49.39, 49.39, 49.39, 49.39, 49.39, 49.39, 49.39, 49.39, 49.39, 49.39, 49.39, 49.39, 49.39, 49.39, 49.39, 49.41, 49.41, 49.41, 49.41, 49.41, 49.41, 49.4, 49.4, 49.4, 49.39, 49.39, 49.39, 49.38, 49.38, 49.38, 49.36, 49.36, 49.36, 49.38, 49.38, 49.38, 49.39, 49.39], "Temp_env": []}