{"Start_Time": [1759105057.514179], "Time": [1759105059.5170288, 1759105061.519418, 1759105063.5223107, 1759105065.5250452, 1759105067.5274541, 1759105069.5301015, 1759105071.5324848, 1759105073.5426006, 1759105075.5451107, 1759105077.5474193, 1759105079.5574152, 1759105081.5596647, 1759105083.5623896, 1759105085.5734987, 1759105087.5765686, 1759105089.5797107, 1759105091.5823257, 1759105093.5847263, 1759105095.587386, 1759105097.597384, 1759105099.599778, 1759105101.6028461, 1759105103.6126277, 1759105105.6146977, 1759105107.6176276, 1759105109.620443, 1759105111.6237469, 1759105113.6270359, 1759105115.629644, 1759105117.6317406, 1759105119.6346576, 1759105121.6368947, 1759105123.639808, 1759105125.642567, 1759105127.6519392, 1759105129.6546507, 1759105131.6578603, 1759105133.6606617, 1759105135.6637459, 1759105137.6666453, 1759105139.6690304, 1759105141.6720161, 1759105143.6750417, 1759105145.6849475, 1759105147.6870587], "Voltage": [232.17, 232.12, 232.02, 232.12, 232.12, 232.02, 232.07, 232.17, 231.97, 231.97, 232.07, 232.02, 232.02, 232.12, 232.07, 232.12, 232.17, 232.07, 232.12, 232.02, 232.07, 232.12, 232.28, 232.23, 232.07, 232.12, 232.02, 231.91, 232.07, 232.02, 232.07, 232.07, 232.07, 231.97, 232.07, 233.07, 233.28, 233.28, 233.17, 233.17, 233.22, 233.12, 232.96, 233.17, 233.12], "Current": [0.04, 0.04, 0.04, 0.04, 0.04, 0.04, 0.04, 0.04, 0.04, 0.04, 0.04, 0.04, 0.04, 0.04, 0.04, 0.04, 0.04, 0.04, 0.04, 0.04, 0.04, 0.04, 0.04, 0.04, 0.04, 0.04, 0.04, 0.04, 0.04, 0.04, 0.04, 0.04, 0.04, 0.04, 0.04, 0.04, 0.04, 0.04, 0.03, 0.03, 0.04, 0.03, 0.04, 0.04, 0.04], "Real_Power": [3.83, 3.94, 4.02, 4.01, 3.93, 3.79, 3.96, 3.93, 3.92, 3.93, 3.89, 3.88, 3.86, 4.01, 3.86, 3.8, 3.8, 3.91, 3.96, 3.82, 3.94, 3.81, 3.94, 3.91, 3.93, 3.9, 3.86, 3.92, 3.9, 4.03, 3.93, 3.99, 4.05, 3.9, 3.87, 3.87, 3.95, 3.89, 3.88, 3.89, 3.92, 3.83, 3.85, 3.97, 3.88], "Apparent_Power": [9.28, 9.28, 9.28, 9.28, 9.28, 9.28, 9.28, 9.28, 9.27, 9.27, 9.28, 9.28, 9.28, 9.28, 9.28, 9.28, 9.28, 9.28, 9.28, 9.28, 9.28, 9.28, 9.29, 9.28, 9.28, 9.28, 9.28, 9.27, 9.28, 9.28, 9.28, 9.28, 9.28, 9.27, 9.28, 9.32, 9.33, 9.33, 6.99, 6.99, 9.32, 6.99, 9.31, 9.32, 9.32], "Apparent_Power_Reactive": [8.45, 8.4, 8.36, 8.36, 8.4, 8.47, 8.39, 8.4, 8.4, 8.39, 8.42, 8.42, 8.43, 8.36, 8.43, 8.46, 8.46, 8.41, 8.39, 8.45, 8.4, 8.46, 8.41, 8.41, 8.4, 8.42, 8.43, 8.4, 8.42, 8.35, 8.4, 8.37, 8.34, 8.4, 8.43, 8.47, 8.45, 8.48, 5.81, 5.8, 8.45, 5.84, 8.47, 8.43, 8.47], "Power_Factor": [0.412, 0.424, 0.433, 0.432, 0.423, 0.408, 0.426, 0.423, 0.422, 0.423, 0.419, 0.418, 0.415, 0.432, 0.415, 0.409, 0.409, 0.421, 0.426, 0.411, 0.424, 0.41, 0.424, 0.421, 0.423, 0.42, 0.415, 0.422, 0.42, 0.434, 0.423, 0.429, 0.436, 0.42, 0.417, 0.415, 0.423, 0.416, 0.555, 0.556, 0.42, 0.547, 0.413, 0.425, 0.416], "Energy": [0.0, 0.0, 0.0, 0.0, 0.01, 0.01, 0.01, 0.01, 0.01, 0.02, 0.02, 0.02, 0.02, 0.03, 0.03, 0.03, 0.03, 0.03, 0.04, 0.04, 0.04, 0.04, 0.05, 0.05, 0.05, 0.05, 0.05, 0.06, 0.06, 0.06, 0.06, 0.07, 0.07, 0.07, 0.07, 0.07, 0.08, 0.08, 0.08, 0.08, 0.09, 0.09, 0.09, 0.09, 0.09], "Frequency": [49.4, 49.4, 49.4, 49.39, 49.39, 49.39, 49.4, 49.4, 49.4, 49.4, 49.4, 49.4, 49.39, 49.39, 49.39, 49.39, 49.39, 49.39, 49.39, 49.39, 49.39, 49.39, 49.39, 49.39, 49.39, 49.39, 49.39, 49.39, 49.39, 49.39, 49.38, 49.38, 49.38, 49.39, 49.39, 49.39, 49.39, 49.39, 49.39, 49.39, 49.39, 49.39, 49.39, 49.39, 49.39], "Temp_env": []}