{"Start_Time": [1758203778.6876543], "Time": [1758203780.6898587, 1758203782.6920967, 1758203784.7437358, 1758203786.7460585, 1758203788.7489579, 1758203790.7511601, 1758203792.7531664, 1758203794.755917, 1758203796.758063, 1758203798.7601228, 1758203800.7628298, 1758203802.7651892, 1758203804.767926, 1758203806.770137, 1758203808.7728717, 1758203810.775245, 1758203812.7779372, 1758203814.7801845, 1758203816.7829447, 1758203818.7852345, 1758203820.7879546, 1758203822.7901824, 1758203824.7929125, 1758203826.7952542, 1758203828.7980096, 1758203830.800217, 1758203832.8029342, 1758203834.8052692, 1758203836.8080022, 1758203838.810272, 1758203840.8130329, 1758203842.8153508, 1758203844.8180199, 1758203846.8203654, 1758203848.8230867, 1758203850.8254535, 1758203852.8282135, 1758203854.8302994, 1758203856.8323195, 1758203858.8344798, 1758203860.8371737, 1758203862.8395069, 1758203864.8420644, 1758203866.844382, 1758203868.848088], "Voltage": [227.77, 227.72, 227.3, 227.51, 227.41, 227.46, 227.62, 227.56, 227.72, 227.46, 227.62, 227.62, 227.62, 227.62, 227.67, 227.72, 227.62, 227.3, 227.3, 227.09, 227.14, 227.04, 226.73, 226.83, 226.78, 226.93, 226.99, 226.78, 226.78, 226.93, 227.09, 226.99, 227.04, 227.14, 227.04, 227.41, 227.56, 227.46, 227.25, 227.2, 227.14, 227.3, 227.46, 227.56, 227.51], "Current": [0.2, 0.2, 0.2, 0.2, 0.2, 0.2, 0.2, 0.2, 0.2, 0.2, 0.2, 0.2, 0.2, 0.2, 0.2, 0.2, 0.2, 0.2, 0.2, 0.2, 0.2, 0.2, 0.2, 0.2, 0.2, 0.2, 0.2, 0.2, 0.2, 0.2, 0.2, 0.2, 0.2, 0.2, 0.2, 0.2, 0.2, 0.2, 0.2, 0.2, 0.2, 0.2, 0.2, 0.2, 0.2], "Real_Power": [31.09, 31.03, 31.1, 31.17, 31.06, 30.99, 31.31, 31.04, 31.17, 31.2, 30.9, 31.24, 31.21, 30.96, 31.26, 31.29, 31.02, 31.28, 31.02, 31.07, 31.34, 30.93, 31.15, 31.26, 30.88, 31.14, 31.32, 30.99, 31.2, 31.26, 31.12, 31.09, 31.26, 31.12, 31.02, 31.11, 31.18, 31.02, 31.29, 31.12, 30.98, 31.43, 31.19, 30.92, 31.36], "Apparent_Power": [45.55, 45.54, 45.46, 45.5, 45.48, 45.49, 45.52, 45.51, 45.54, 45.49, 45.52, 45.52, 45.52, 45.52, 45.53, 45.54, 45.52, 45.46, 45.46, 45.41, 45.42, 45.4, 45.34, 45.36, 45.35, 45.38, 45.39, 45.35, 45.35, 45.38, 45.41, 45.39, 45.4, 45.42, 45.4, 45.48, 45.51, 45.49, 45.45, 45.44, 45.42, 45.46, 45.49, 45.51, 45.5], "Apparent_Power_Reactive": [33.28, 33.33, 33.15, 33.14, 33.22, 33.3, 33.04, 33.28, 33.2, 33.1, 33.42, 33.1, 33.13, 33.36, 33.1, 33.08, 33.31, 32.98, 33.23, 33.11, 32.87, 33.23, 32.94, 32.86, 33.21, 33.0, 32.85, 33.1, 32.91, 32.89, 33.06, 33.07, 32.92, 33.08, 33.14, 33.17, 33.15, 33.27, 32.96, 33.11, 33.21, 32.84, 33.11, 33.39, 32.96], "Power_Factor": [0.682, 0.681, 0.684, 0.685, 0.682, 0.681, 0.687, 0.682, 0.684, 0.685, 0.678, 0.686, 0.685, 0.68, 0.686, 0.687, 0.681, 0.688, 0.682, 0.684, 0.69, 0.681, 0.687, 0.689, 0.68, 0.686, 0.69, 0.683, 0.687, 0.688, 0.685, 0.684, 0.688, 0.685, 0.683, 0.684, 0.685, 0.681, 0.688, 0.684, 0.682, 0.691, 0.685, 0.679, 0.689], "Energy": [0.01, 0.03, 0.05, 0.07, 0.08, 0.1, 0.12, 0.14, 0.15, 0.17, 0.19, 0.21, 0.22, 0.24, 0.26, 0.28, 0.29, 0.31, 0.33, 0.35, 0.36, 0.38, 0.4, 0.42, 0.43, 0.45, 0.47, 0.49, 0.5, 0.52, 0.54, 0.56, 0.57, 0.59, 0.61, 0.63, 0.64, 0.66, 0.68, 0.7, 0.71, 0.73, 0.75, 0.77, 0.78], "Frequency": [49.4, 49.39, 49.39, 49.39, 49.39, 49.39, 49.39, 49.39, 49.39, 49.39, 49.39, 49.39, 49.39, 49.39, 49.39, 49.39, 49.39, 49.39, 49.39, 49.39, 49.39, 49.39, 49.38, 49.38, 49.38, 49.38, 49.38, 49.38, 49.39, 49.39, 49.39, 49.39, 49.39, 49.39, 49.4, 49.4, 49.4, 49.41, 49.41, 49.41, 49.42, 49.42, 49.42, 49.42, 49.42], "Temp_env": []}