{"Start_Time": [1758204800.708091], "Time": [1758204802.710817, 1758204804.713104, 1758204806.7152455, 1758204808.717953, 1758204810.720223, 1758204812.7229278, 1758204814.725358, 1758204816.7278676, 1758204818.7301867, 1758204820.7329009, 1758204822.735306, 1758204824.7380395, 1758204826.7403572, 1758204828.7430208, 1758204830.7454545, 1758204832.7480104, 1758204834.7503326, 1758204836.7530105, 1758204838.7554855, 1758204840.7581823, 1758204842.7603652, 1758204844.763069, 1758204846.765517, 1758204848.7681692, 1758204850.7703822, 1758204852.7731774, 1758204854.7761002, 1758204856.7784142, 1758204858.7811146, 1758204860.783478, 1758204862.7861884, 1758204864.7885256, 1758204866.791231, 1758204868.7934911, 1758204870.7956133, 1758204872.7983358, 1758204874.800624, 1758204876.8033702, 1758204878.8057044, 1758204880.808359, 1758204882.810501, 1758204884.81336, 1758204886.815832, 1758204888.818318, 1758204890.822168], "Voltage": [227.77, 227.67, 227.67, 227.77, 227.77, 227.88, 227.77, 227.93, 227.56, 227.67, 227.67, 227.77, 227.88, 227.67, 227.88, 227.98, 228.04, 227.88, 227.83, 227.77, 227.83, 227.67, 227.67, 227.93, 227.98, 228.14, 227.77, 227.98, 227.72, 227.83, 227.77, 227.88, 227.83, 228.04, 228.04, 227.62, 227.88, 227.77, 227.77, 227.93, 227.83, 227.88, 227.83, 227.88, 227.93], "Current": [0.2, 0.2, 0.2, 0.2, 0.2, 0.2, 0.2, 0.2, 0.2, 0.2, 0.2, 0.2, 0.2, 0.2, 0.2, 0.2, 0.2, 0.2, 0.2, 0.2, 0.2, 0.2, 0.2, 0.2, 0.2, 0.2, 0.2, 0.2, 0.2, 0.2, 0.2, 0.2, 0.2, 0.2, 0.2, 0.2, 0.2, 0.2, 0.2, 0.2, 0.2, 0.2, 0.2, 0.2, 0.2], "Real_Power": [31.49, 31.36, 31.72, 31.41, 31.64, 31.66, 31.53, 31.58, 31.63, 31.42, 31.45, 31.44, 31.66, 31.61, 31.46, 31.62, 31.52, 31.5, 31.46, 31.42, 31.5, 31.46, 31.76, 31.46, 31.5, 31.63, 31.4, 31.48, 31.78, 31.43, 31.4, 31.67, 31.54, 31.64, 31.49, 31.49, 31.81, 31.43, 31.56, 31.64, 31.42, 31.51, 31.71, 31.41, 31.59], "Apparent_Power": [45.55, 45.53, 45.53, 45.55, 45.55, 45.57, 45.55, 45.58, 45.51, 45.53, 45.53, 45.55, 45.57, 45.53, 45.57, 45.59, 45.6, 45.57, 45.56, 45.55, 45.56, 45.53, 45.53, 45.58, 45.59, 45.62, 45.55, 45.59, 45.54, 45.56, 45.55, 45.57, 45.56, 45.6, 45.6, 45.52, 45.57, 45.55, 45.55, 45.58, 45.56, 45.57, 45.56, 45.57, 45.58], "Apparent_Power_Reactive": [32.91, 33.0, 32.66, 32.98, 32.76, 32.77, 32.87, 32.86, 32.72, 32.95, 32.92, 32.95, 32.77, 32.76, 32.96, 32.84, 32.95, 32.92, 32.95, 32.97, 32.91, 32.91, 32.62, 32.98, 32.95, 32.87, 32.99, 32.97, 32.61, 32.98, 32.99, 32.76, 32.87, 32.83, 32.98, 32.87, 32.63, 32.96, 32.84, 32.8, 32.99, 32.92, 32.71, 33.01, 32.85], "Power_Factor": [0.691, 0.688, 0.696, 0.689, 0.694, 0.694, 0.692, 0.692, 0.695, 0.69, 0.69, 0.69, 0.694, 0.694, 0.69, 0.693, 0.691, 0.691, 0.69, 0.689, 0.691, 0.69, 0.697, 0.69, 0.69, 0.693, 0.689, 0.69, 0.697, 0.689, 0.689, 0.694, 0.692, 0.693, 0.69, 0.691, 0.698, 0.69, 0.692, 0.694, 0.689, 0.691, 0.696, 0.689, 0.693], "Energy": [0.01, 0.03, 0.05, 0.07, 0.08, 0.1, 0.12, 0.14, 0.15, 0.17, 0.19, 0.21, 0.23, 0.24, 0.26, 0.28, 0.3, 0.31, 0.33, 0.35, 0.37, 0.38, 0.4, 0.42, 0.44, 0.46, 0.47, 0.49, 0.51, 0.53, 0.54, 0.56, 0.58, 0.6, 0.62, 0.63, 0.65, 0.67, 0.69, 0.7, 0.72, 0.74, 0.76, 0.77, 0.79], "Frequency": [49.44, 49.44, 49.44, 49.45, 49.45, 49.45, 49.45, 49.45, 49.45, 49.45, 49.45, 49.45, 49.45, 49.45, 49.45, 49.44, 49.44, 49.44, 49.43, 49.43, 49.43, 49.44, 49.44, 49.44, 49.46, 49.46, 49.46, 49.45, 49.45, 49.45, 49.47, 49.47, 49.47, 49.46, 49.46, 49.46, 49.47, 49.47, 49.47, 49.45, 49.45, 49.45, 49.44, 49.44, 49.44], "Temp_env": []}