{"Start_Time": [1758123253.5646071], "Time": [1758123255.5671954, 1758123257.5693257, 1758123259.5714252, 1758123261.5740938, 1758123263.576468, 1758123265.5791757, 1758123267.5814161, 1758123269.5835893, 1758123271.5862823, 1758123273.5884547, 1758123275.590773, 1758123277.5932713, 1758123279.595639, 1758123281.5983174, 1758123283.6007402, 1758123285.6032977, 1758123287.6056445, 1758123289.608321, 1758123291.610798, 1758123293.6133618, 1758123295.6156833, 1758123297.6184146, 1758123299.620864, 1758123301.623562, 1758123303.62571, 1758123305.628536, 1758123307.6309779, 1758123309.6336355, 1758123311.635783, 1758123313.638592, 1758123315.64108, 1758123317.6435995, 1758123319.6459863, 1758123321.648673, 1758123323.6511226, 1758123325.6538203, 1758123327.6560397, 1758123329.658659, 1758123331.6611109, 1758123333.6638422, 1758123335.6660604, 1758123337.6689289, 1758123339.6712692, 1758123341.6739597, 1758123343.67732], "Voltage": [227.56, 227.46, 227.46, 227.46, 227.67, 227.72, 227.72, 227.56, 227.56, 227.62, 227.67, 227.77, 227.77, 227.67, 227.62, 227.67, 227.51, 227.62, 227.41, 227.56, 227.67, 227.56, 227.51, 227.35, 227.46, 227.62, 227.56, 227.41, 227.35, 227.41, 227.46, 227.51, 227.46, 227.35, 227.51, 227.35, 227.51, 227.35, 227.25, 227.25, 227.41, 227.67, 227.3, 227.41, 227.46], "Current": [0.17, 0.17, 0.17, 0.17, 0.17, 0.17, 0.17, 0.17, 0.17, 0.17, 0.17, 0.17, 0.17, 0.17, 0.17, 0.17, 0.17, 0.17, 0.17, 0.17, 0.17, 0.17, 0.17, 0.17, 0.17, 0.17, 0.17, 0.17, 0.17, 0.17, 0.17, 0.17, 0.17, 0.17, 0.17, 0.17, 0.17, 0.17, 0.17, 0.17, 0.17, 0.17, 0.17, 0.17, 0.17], "Real_Power": [25.92, 25.86, 25.86, 25.77, 25.85, 25.9, 25.94, 25.79, 25.84, 25.74, 25.72, 25.84, 25.88, 25.71, 26.0, 25.86, 25.6, 26.0, 25.82, 25.87, 25.99, 25.81, 25.69, 25.89, 25.91, 25.87, 25.84, 25.77, 25.91, 25.99, 25.71, 25.84, 25.87, 25.76, 25.85, 25.87, 25.89, 25.92, 25.69, 25.84, 25.93, 25.81, 25.92, 25.85, 25.76], "Apparent_Power": [38.68, 38.66, 38.66, 38.66, 38.7, 38.71, 38.71, 38.68, 38.68, 38.69, 38.7, 38.72, 38.72, 38.7, 38.69, 38.7, 38.67, 38.69, 38.65, 38.68, 38.7, 38.68, 38.67, 38.64, 38.66, 38.69, 38.68, 38.65, 38.64, 38.65, 38.66, 38.67, 38.66, 38.64, 38.67, 38.64, 38.67, 38.64, 38.63, 38.63, 38.65, 38.7, 38.64, 38.65, 38.66], "Apparent_Power_Reactive": [28.71, 28.73, 28.73, 28.81, 28.8, 28.76, 28.73, 28.82, 28.78, 28.88, 28.91, 28.83, 28.8, 28.92, 28.65, 28.79, 28.98, 28.65, 28.76, 28.75, 28.67, 28.8, 28.9, 28.68, 28.69, 28.76, 28.78, 28.8, 28.66, 28.6, 28.87, 28.76, 28.72, 28.8, 28.76, 28.7, 28.72, 28.65, 28.84, 28.71, 28.66, 28.83, 28.65, 28.73, 28.82], "Power_Factor": [0.67, 0.668, 0.668, 0.666, 0.667, 0.669, 0.67, 0.666, 0.668, 0.665, 0.664, 0.667, 0.668, 0.664, 0.672, 0.668, 0.662, 0.672, 0.668, 0.668, 0.671, 0.667, 0.664, 0.67, 0.67, 0.668, 0.668, 0.666, 0.67, 0.672, 0.665, 0.668, 0.669, 0.666, 0.668, 0.669, 0.669, 0.67, 0.665, 0.668, 0.67, 0.666, 0.67, 0.668, 0.666], "Energy": [0.01, 0.02, 0.04, 0.05, 0.07, 0.08, 0.1, 0.11, 0.13, 0.14, 0.15, 0.17, 0.18, 0.2, 0.21, 0.23, 0.24, 0.26, 0.27, 0.29, 0.3, 0.31, 0.33, 0.34, 0.36, 0.37, 0.39, 0.4, 0.42, 0.43, 0.45, 0.46, 0.48, 0.49, 0.51, 0.52, 0.53, 0.55, 0.56, 0.58, 0.59, 0.61, 0.62, 0.64, 0.65], "Frequency": [49.41, 49.41, 49.43, 49.43, 49.43, 49.41, 49.41, 49.41, 49.43, 49.43, 49.43, 49.43, 49.43, 49.43, 49.42, 49.42, 49.42, 49.43, 49.43, 49.43, 49.41, 49.41, 49.41, 49.43, 49.43, 49.43, 49.41, 49.41, 49.41, 49.41, 49.41, 49.41, 49.42, 49.42, 49.42, 49.4, 49.4, 49.4, 49.41, 49.41, 49.41, 49.41, 49.41, 49.41, 49.39], "Temp_env": []}