{"Start_Time": [1758126754.8035586], "Time": [1758126756.806308, 1758126758.8086474, 1758126760.8113594, 1758126762.813704, 1758126764.8164585, 1758126766.8185828, 1758126768.8214135, 1758126770.8237526, 1758126772.8264103, 1758126774.8286576, 1758126776.8308253, 1758126778.8335173, 1758126780.8358827, 1758126782.8384287, 1758126784.840775, 1758126786.8434696, 1758126788.8458211, 1758126790.848111, 1758126792.8505933, 1758126794.8529336, 1758126796.8556447, 1758126798.8580906, 1758126800.8606088, 1758126802.8629687, 1758126804.8656743, 1758126806.8681197, 1758126808.8708115, 1758126810.8729901, 1758126812.8751268, 1758126814.878028, 1758126816.8807182, 1758126818.8830674, 1758126820.8858736, 1758126822.8883116, 1758126824.8908238, 1758126826.8931506, 1758126828.8958216, 1758126830.8983133, 1758126832.9010084, 1758126834.9088721, 1758126836.9112504, 1758126838.913926, 1758126840.9219406, 1758126842.9243577, 1758126844.9276927], "Voltage": [230.55, 230.66, 230.29, 230.08, 230.13, 230.29, 230.24, 230.39, 230.45, 230.34, 230.24, 230.34, 230.24, 230.39, 230.45, 230.55, 230.29, 230.18, 230.24, 230.34, 230.34, 230.6, 230.29, 230.29, 230.24, 230.24, 230.29, 230.24, 230.29, 229.92, 230.08, 230.13, 229.97, 230.08, 230.13, 229.87, 230.03, 229.92, 229.97, 230.08, 230.13, 230.24, 229.97, 230.03, 229.97], "Current": [0.17, 0.17, 0.17, 0.17, 0.17, 0.17, 0.17, 0.17, 0.17, 0.17, 0.17, 0.17, 0.17, 0.17, 0.17, 0.17, 0.17, 0.17, 0.17, 0.17, 0.17, 0.17, 0.17, 0.17, 0.17, 0.17, 0.17, 0.17, 0.17, 0.17, 0.17, 0.17, 0.17, 0.17, 0.17, 0.17, 0.17, 0.17, 0.17, 0.17, 0.17, 0.17, 0.17, 0.17, 0.17], "Real_Power": [26.18, 26.11, 25.94, 26.22, 25.98, 26.36, 26.18, 26.13, 26.22, 26.1, 26.12, 26.28, 26.17, 26.11, 26.21, 26.05, 26.29, 26.05, 26.15, 26.27, 26.13, 26.16, 26.27, 26.08, 26.36, 26.13, 26.08, 26.36, 26.07, 26.06, 26.19, 26.14, 26.27, 26.14, 26.08, 26.19, 25.99, 26.2, 26.2, 26.15, 26.27, 26.11, 25.95, 26.32, 26.12], "Apparent_Power": [39.19, 39.21, 39.14, 39.11, 39.12, 39.14, 39.14, 39.16, 39.17, 39.15, 39.14, 39.15, 39.14, 39.16, 39.17, 39.19, 39.14, 39.13, 39.14, 39.15, 39.15, 39.2, 39.14, 39.14, 39.14, 39.14, 39.14, 39.14, 39.14, 39.08, 39.11, 39.12, 39.09, 39.11, 39.12, 39.07, 39.1, 39.08, 39.09, 39.11, 39.12, 39.14, 39.09, 39.1, 39.09], "Apparent_Power_Reactive": [29.16, 29.25, 29.3, 29.01, 29.24, 28.93, 29.09, 29.16, 29.09, 29.18, 29.14, 29.01, 29.1, 29.18, 29.1, 29.27, 28.99, 29.19, 29.12, 29.02, 29.15, 29.19, 29.01, 29.18, 28.93, 29.14, 29.18, 28.93, 29.19, 29.12, 29.04, 29.1, 28.94, 29.09, 29.15, 28.99, 29.21, 28.99, 29.01, 29.08, 28.98, 29.15, 29.23, 28.91, 29.08], "Power_Factor": [0.668, 0.665, 0.662, 0.67, 0.664, 0.673, 0.668, 0.667, 0.669, 0.666, 0.667, 0.671, 0.668, 0.666, 0.669, 0.664, 0.671, 0.665, 0.668, 0.671, 0.667, 0.667, 0.671, 0.666, 0.673, 0.667, 0.666, 0.673, 0.666, 0.666, 0.669, 0.668, 0.672, 0.668, 0.666, 0.67, 0.664, 0.67, 0.67, 0.668, 0.671, 0.667, 0.663, 0.673, 0.668], "Energy": [0.01, 0.02, 0.04, 0.05, 0.07, 0.08, 0.1, 0.11, 0.13, 0.14, 0.16, 0.17, 0.19, 0.2, 0.22, 0.23, 0.24, 0.26, 0.27, 0.29, 0.3, 0.32, 0.33, 0.35, 0.36, 0.38, 0.39, 0.41, 0.42, 0.44, 0.45, 0.47, 0.48, 0.49, 0.51, 0.52, 0.54, 0.55, 0.57, 0.58, 0.6, 0.61, 0.63, 0.64, 0.66], "Frequency": [49.41, 49.41, 49.41, 49.42, 49.42, 49.42, 49.41, 49.41, 49.41, 49.4, 49.4, 49.4, 49.42, 49.42, 49.42, 49.42, 49.42, 49.42, 49.42, 49.42, 49.42, 49.42, 49.42, 49.42, 49.42, 49.42, 49.42, 49.43, 49.43, 49.43, 49.42, 49.42, 49.42, 49.42, 49.42, 49.42, 49.41, 49.41, 49.41, 49.42, 49.42, 49.42, 49.43, 49.43, 49.43], "Temp_env": []}