{"Start_Time": [1758123050.184372], "Time": [1758123052.186499, 1758123054.1887774, 1758123056.1913083, 1758123058.1987371, 1758123060.2012668, 1758123062.2036178, 1758123064.2057278, 1758123066.2085893, 1758123068.2113726, 1758123070.2137384, 1758123072.2164445, 1758123074.218931, 1758123076.2265778, 1758123078.2289133, 1758123080.2314315, 1758123082.233742, 1758123084.2359576, 1758123086.2386937, 1758123088.2409058, 1758123090.2436256, 1758123092.2459784, 1758123094.2488854, 1758123096.2516747, 1758123098.254027, 1758123100.261873, 1758123102.2646866, 1758123104.2670403, 1758123106.269693, 1758123108.2720125, 1758123110.274114, 1758123112.2768135, 1758123114.2791991, 1758123116.2817874, 1758123118.2840521, 1758123120.286196, 1758123122.289036, 1758123124.2918892, 1758123126.2942324, 1758123128.2969034, 1758123130.299325, 1758123132.3020568, 1758123134.305003, 1758123136.3072898, 1758123138.3100326, 1758123140.3134441], "Voltage": [228.24, 228.45, 227.56, 227.3, 227.41, 227.41, 227.41, 227.35, 227.25, 227.3, 227.51, 227.56, 227.62, 227.2, 227.41, 227.35, 227.35, 227.35, 227.3, 227.51, 227.51, 227.46, 227.35, 227.2, 227.3, 227.46, 227.35, 227.2, 227.25, 227.14, 227.25, 227.3, 227.14, 227.04, 227.14, 227.14, 227.14, 226.93, 226.83, 226.93, 227.3, 227.2, 227.04, 227.09, 227.25], "Current": [0.17, 0.17, 0.17, 0.17, 0.17, 0.17, 0.17, 0.17, 0.17, 0.17, 0.17, 0.17, 0.17, 0.17, 0.17, 0.17, 0.17, 0.17, 0.17, 0.17, 0.17, 0.17, 0.17, 0.17, 0.17, 0.17, 0.17, 0.17, 0.17, 0.17, 0.17, 0.17, 0.17, 0.17, 0.17, 0.17, 0.17, 0.17, 0.17, 0.17, 0.17, 0.17, 0.17, 0.17, 0.17], "Real_Power": [25.85, 25.79, 26.0, 25.75, 25.8, 26.11, 25.76, 25.79, 26.04, 25.75, 25.74, 26.1, 25.63, 25.83, 25.89, 25.78, 25.92, 25.78, 25.85, 25.83, 25.87, 25.87, 25.65, 25.9, 25.71, 25.82, 25.87, 25.7, 26.02, 25.87, 25.65, 26.05, 25.81, 25.78, 26.02, 25.89, 25.78, 26.02, 25.99, 25.76, 25.85, 25.91, 25.68, 25.91, 25.69], "Apparent_Power": [38.8, 38.83, 38.68, 38.64, 38.65, 38.65, 38.65, 38.64, 38.63, 38.64, 38.67, 38.68, 38.69, 38.62, 38.65, 38.64, 38.64, 38.64, 38.64, 38.67, 38.67, 38.66, 38.64, 38.62, 38.64, 38.66, 38.64, 38.62, 38.63, 38.61, 38.63, 38.64, 38.61, 38.59, 38.61, 38.61, 38.61, 38.57, 38.56, 38.57, 38.64, 38.62, 38.59, 38.6, 38.63], "Apparent_Power_Reactive": [28.93, 29.02, 28.63, 28.8, 28.77, 28.49, 28.81, 28.77, 28.53, 28.8, 28.85, 28.54, 28.98, 28.71, 28.69, 28.78, 28.65, 28.78, 28.71, 28.77, 28.74, 28.72, 28.89, 28.64, 28.84, 28.77, 28.7, 28.82, 28.55, 28.66, 28.88, 28.53, 28.71, 28.71, 28.52, 28.64, 28.74, 28.47, 28.48, 28.7, 28.71, 28.63, 28.8, 28.61, 28.84], "Power_Factor": [0.666, 0.664, 0.672, 0.666, 0.667, 0.675, 0.666, 0.667, 0.674, 0.666, 0.665, 0.674, 0.662, 0.668, 0.669, 0.667, 0.67, 0.667, 0.668, 0.667, 0.668, 0.669, 0.663, 0.67, 0.665, 0.667, 0.669, 0.665, 0.673, 0.67, 0.663, 0.674, 0.668, 0.668, 0.673, 0.67, 0.667, 0.674, 0.674, 0.667, 0.668, 0.67, 0.665, 0.671, 0.665], "Energy": [0.01, 0.02, 0.04, 0.05, 0.07, 0.08, 0.1, 0.11, 0.13, 0.14, 0.15, 0.17, 0.18, 0.2, 0.21, 0.23, 0.24, 0.26, 0.27, 0.29, 0.3, 0.31, 0.33, 0.34, 0.36, 0.37, 0.39, 0.4, 0.42, 0.43, 0.45, 0.46, 0.47, 0.49, 0.5, 0.52, 0.53, 0.55, 0.56, 0.58, 0.59, 0.61, 0.62, 0.64, 0.65], "Frequency": [49.42, 49.42, 49.43, 49.43, 49.43, 49.43, 49.43, 49.43, 49.43, 49.43, 49.43, 49.43, 49.43, 49.43, 49.43, 49.43, 49.43, 49.43, 49.43, 49.43, 49.42, 49.42, 49.42, 49.41, 49.41, 49.41, 49.42, 49.42, 49.42, 49.42, 49.42, 49.42, 49.42, 49.42, 49.42, 49.43, 49.43, 49.43, 49.42, 49.42, 49.42, 49.43, 49.43, 49.43, 49.43], "Temp_env": []}