{"Start_Time": [1758125515.0818443], "Time": [1758125517.0842934, 1758125519.086591, 1758125521.089274, 1758125523.0975144, 1758125525.1003284, 1758125527.1026647, 1758125529.1103482, 1758125531.1126633, 1758125533.1153617, 1758125535.117739, 1758125537.1204963, 1758125539.1226132, 1758125541.1254659, 1758125543.1280272, 1758125545.1304762, 1758125547.1379883, 1758125549.1404152, 1758125551.142767, 1758125553.1506348, 1758125555.152784, 1758125557.1554987, 1758125559.1579716, 1758125561.1606421, 1758125563.1629794, 1758125565.1656866, 1758125567.168101, 1758125569.1706197, 1758125571.1780484, 1758125573.1808133, 1758125575.1830287, 1758125577.1906717, 1758125579.1929893, 1758125581.1957166, 1758125583.198133, 1758125585.2008345, 1758125587.203174, 1758125589.2059507, 1758125591.2082872, 1758125593.210809, 1758125595.218337, 1758125597.2208917, 1758125599.223225, 1758125601.2259505, 1758125603.228397, 1758125605.2324653], "Voltage": [227.72, 227.67, 227.67, 227.88, 227.77, 227.83, 227.72, 227.72, 227.67, 227.77, 227.88, 227.72, 227.62, 227.56, 227.51, 227.62, 227.72, 227.62, 227.51, 227.51, 227.35, 227.56, 227.72, 227.83, 227.67, 227.83, 227.72, 227.98, 227.88, 227.72, 227.62, 227.51, 227.51, 227.72, 227.67, 227.62, 227.56, 227.51, 227.51, 227.83, 227.77, 227.62, 227.56, 227.51, 227.62], "Current": [0.17, 0.17, 0.17, 0.17, 0.17, 0.17, 0.17, 0.17, 0.17, 0.17, 0.17, 0.17, 0.17, 0.17, 0.17, 0.17, 0.17, 0.17, 0.17, 0.17, 0.17, 0.17, 0.17, 0.17, 0.17, 0.17, 0.17, 0.17, 0.17, 0.17, 0.17, 0.17, 0.17, 0.17, 0.17, 0.17, 0.17, 0.17, 0.17, 0.17, 0.18, 0.17, 0.17, 0.17, 0.17], "Real_Power": [26.05, 26.03, 26.07, 25.97, 26.13, 26.06, 26.06, 26.18, 25.99, 26.14, 26.09, 25.99, 26.27, 26.01, 26.14, 26.18, 25.96, 26.02, 26.15, 26.11, 26.09, 26.17, 26.02, 26.18, 26.08, 26.17, 26.11, 25.99, 26.18, 26.01, 26.08, 26.16, 25.99, 26.26, 26.21, 26.07, 26.15, 26.07, 26.05, 26.09, 26.33, 26.06, 26.05, 26.2, 26.08], "Apparent_Power": [38.71, 38.7, 38.7, 38.73, 38.72, 38.73, 38.71, 38.71, 38.7, 38.72, 38.73, 38.71, 38.69, 38.68, 38.67, 38.69, 38.71, 38.69, 38.67, 38.67, 38.64, 38.68, 38.71, 38.73, 38.7, 38.73, 38.71, 38.75, 38.73, 38.71, 38.69, 38.67, 38.67, 38.71, 38.7, 38.69, 38.68, 38.67, 38.67, 38.73, 40.99, 38.69, 38.68, 38.67, 38.69], "Apparent_Power_Reactive": [28.63, 28.63, 28.6, 28.73, 28.57, 28.65, 28.62, 28.51, 28.67, 28.56, 28.62, 28.68, 28.4, 28.62, 28.49, 28.48, 28.71, 28.63, 28.48, 28.52, 28.5, 28.48, 28.66, 28.54, 28.59, 28.55, 28.57, 28.74, 28.54, 28.66, 28.57, 28.47, 28.63, 28.44, 28.47, 28.58, 28.5, 28.56, 28.57, 28.62, 31.41, 28.59, 28.59, 28.44, 28.57], "Power_Factor": [0.672, 0.672, 0.673, 0.67, 0.674, 0.672, 0.673, 0.676, 0.671, 0.675, 0.673, 0.671, 0.678, 0.672, 0.675, 0.676, 0.67, 0.672, 0.676, 0.675, 0.675, 0.676, 0.672, 0.675, 0.673, 0.675, 0.674, 0.67, 0.675, 0.671, 0.674, 0.676, 0.672, 0.678, 0.677, 0.673, 0.676, 0.674, 0.673, 0.673, 0.642, 0.673, 0.673, 0.677, 0.674], "Energy": [0.01, 0.02, 0.04, 0.05, 0.07, 0.08, 0.1, 0.11, 0.13, 0.14, 0.16, 0.17, 0.19, 0.2, 0.22, 0.23, 0.24, 0.26, 0.27, 0.29, 0.3, 0.32, 0.33, 0.35, 0.36, 0.38, 0.39, 0.41, 0.42, 0.44, 0.45, 0.46, 0.48, 0.49, 0.51, 0.52, 0.54, 0.55, 0.57, 0.58, 0.6, 0.61, 0.63, 0.64, 0.66], "Frequency": [49.4, 49.4, 49.4, 49.4, 49.4, 49.4, 49.4, 49.4, 49.39, 49.39, 49.39, 49.38, 49.38, 49.38, 49.38, 49.38, 49.38, 49.38, 49.38, 49.38, 49.39, 49.39, 49.39, 49.39, 49.39, 49.39, 49.4, 49.4, 49.4, 49.4, 49.4, 49.4, 49.39, 49.39, 49.39, 49.39, 49.39, 49.39, 49.4, 49.4, 49.4, 49.39, 49.39, 49.39, 49.4], "Temp_env": []}