{"Start_Time": [1758125309.8144822], "Time": [1758125311.8169217, 1758125313.8195338, 1758125315.8218465, 1758125317.8246207, 1758125319.8268173, 1758125321.829588, 1758125323.831949, 1758125325.8346586, 1758125327.836859, 1758125329.8396566, 1758125331.8419638, 1758125333.8446968, 1758125335.8469555, 1758125337.8499508, 1758125339.8527408, 1758125341.8551092, 1758125343.857795, 1758125345.8601017, 1758125347.8627343, 1758125349.8651538, 1758125351.867867, 1758125353.8701737, 1758125355.872862, 1758125357.8752642, 1758125359.8779373, 1758125361.880255, 1758125363.8829951, 1758125365.8853185, 1758125367.887948, 1758125369.8903897, 1758125371.8930702, 1758125373.8952522, 1758125375.8980885, 1758125377.9063256, 1758125379.9090698, 1758125381.9115636, 1758125383.9193923, 1758125385.92209, 1758125387.9244902, 1758125389.932116, 1758125391.9344246, 1758125393.9371262, 1758125395.9452252, 1758125397.9474642, 1758125399.950645], "Voltage": [229.29, 229.08, 229.19, 229.03, 229.19, 229.19, 229.03, 228.93, 229.08, 229.08, 228.98, 229.03, 229.24, 228.82, 229.03, 228.87, 229.08, 229.19, 229.08, 228.93, 228.87, 228.87, 229.03, 229.24, 229.29, 228.93, 228.87, 228.82, 228.87, 228.98, 229.08, 228.82, 228.87, 228.82, 228.82, 228.77, 228.98, 228.77, 228.77, 228.87, 229.08, 228.87, 228.87, 228.61, 228.72], "Current": [0.17, 0.17, 0.17, 0.17, 0.17, 0.17, 0.17, 0.17, 0.17, 0.17, 0.17, 0.17, 0.17, 0.17, 0.17, 0.17, 0.17, 0.17, 0.17, 0.17, 0.17, 0.17, 0.17, 0.17, 0.17, 0.17, 0.17, 0.17, 0.17, 0.17, 0.17, 0.17, 0.17, 0.17, 0.17, 0.17, 0.17, 0.17, 0.17, 0.17, 0.17, 0.17, 0.17, 0.17, 0.17], "Real_Power": [26.15, 26.08, 26.05, 26.15, 26.16, 26.14, 26.16, 26.02, 26.13, 26.17, 26.01, 26.23, 26.15, 26.12, 26.23, 26.19, 26.25, 26.16, 26.23, 26.1, 26.01, 26.28, 26.0, 26.27, 26.11, 26.09, 26.2, 26.02, 26.17, 26.23, 26.17, 26.29, 26.26, 26.1, 26.13, 26.08, 26.26, 26.18, 26.04, 26.2, 26.15, 26.1, 26.24, 26.06, 26.13], "Apparent_Power": [38.97, 38.94, 38.96, 38.93, 38.96, 38.96, 38.93, 38.91, 38.94, 38.94, 38.92, 38.93, 38.97, 38.89, 38.93, 38.9, 38.94, 38.96, 38.94, 38.91, 38.9, 38.9, 38.93, 38.97, 38.97, 38.91, 38.9, 38.89, 38.9, 38.92, 38.94, 38.89, 38.9, 38.89, 38.89, 38.89, 38.92, 38.89, 38.89, 38.9, 38.94, 38.9, 38.9, 38.86, 38.88], "Apparent_Power_Reactive": [28.89, 28.91, 28.97, 28.83, 28.87, 28.88, 28.83, 28.93, 28.87, 28.83, 28.95, 28.76, 28.89, 28.81, 28.76, 28.76, 28.76, 28.87, 28.78, 28.85, 28.92, 28.68, 28.97, 28.78, 28.92, 28.86, 28.75, 28.9, 28.78, 28.75, 28.83, 28.65, 28.69, 28.83, 28.8, 28.84, 28.72, 28.75, 28.88, 28.75, 28.85, 28.84, 28.71, 28.82, 28.79], "Power_Factor": [0.671, 0.669, 0.668, 0.671, 0.671, 0.67, 0.671, 0.668, 0.671, 0.672, 0.668, 0.673, 0.671, 0.671, 0.673, 0.673, 0.674, 0.671, 0.673, 0.67, 0.668, 0.675, 0.667, 0.674, 0.67, 0.67, 0.673, 0.669, 0.672, 0.673, 0.672, 0.676, 0.675, 0.671, 0.671, 0.67, 0.674, 0.673, 0.669, 0.673, 0.671, 0.67, 0.674, 0.67, 0.672], "Energy": [0.01, 0.02, 0.04, 0.05, 0.07, 0.08, 0.1, 0.11, 0.13, 0.14, 0.16, 0.17, 0.19, 0.2, 0.22, 0.23, 0.25, 0.26, 0.28, 0.29, 0.3, 0.32, 0.33, 0.35, 0.36, 0.38, 0.39, 0.41, 0.42, 0.44, 0.45, 0.47, 0.48, 0.5, 0.51, 0.52, 0.54, 0.55, 0.57, 0.58, 0.6, 0.61, 0.63, 0.64, 0.66], "Frequency": [49.43, 49.43, 49.43, 49.43, 49.43, 49.43, 49.43, 49.43, 49.43, 49.43, 49.43, 49.43, 49.42, 49.42, 49.42, 49.42, 49.42, 49.42, 49.42, 49.42, 49.42, 49.42, 49.42, 49.42, 49.43, 49.43, 49.43, 49.42, 49.42, 49.42, 49.43, 49.43, 49.43, 49.42, 49.42, 49.42, 49.43, 49.43, 49.43, 49.41, 49.41, 49.41, 49.42, 49.42, 49.42], "Temp_env": []}