{"Start_Time": [1758123456.9048407], "Time": [1758123458.907081, 1758123460.9098492, 1758123462.9124568, 1758123464.9149373, 1758123466.9173028, 1758123468.9200373, 1758123470.928, 1758123472.930293, 1758123474.93244, 1758123476.9403124, 1758123478.942633, 1758123480.945178, 1758123482.9526823, 1758123484.9551501, 1758123486.9575417, 1758123488.9602182, 1758123490.9625869, 1758123492.9652598, 1758123494.972793, 1758123496.9752765, 1758123498.977623, 1758123500.9852867, 1758123502.987591, 1758123504.9903092, 1758123506.9927187, 1758123508.9953964, 1758123510.9975982, 1758123513.0053697, 1758123515.0077195, 1758123517.0104246, 1758123519.0128589, 1758123521.0154004, 1758123523.017699, 1758123525.0204244, 1758123527.0229237, 1758123529.025632, 1758123531.0279453, 1758123533.0306957, 1758123535.0335424, 1758123537.0359142, 1758123539.038632, 1758123541.0410168, 1758123543.0436409, 1758123545.0460186, 1758123547.0493386], "Voltage": [227.67, 227.77, 227.77, 227.77, 227.62, 227.56, 227.62, 227.72, 227.83, 227.51, 227.67, 227.83, 227.77, 228.04, 227.72, 227.72, 227.88, 227.83, 227.51, 227.62, 227.72, 227.72, 227.83, 227.62, 227.56, 227.83, 228.24, 228.09, 227.93, 228.04, 228.24, 228.3, 228.35, 228.3, 228.35, 228.51, 228.4, 228.3, 228.19, 228.45, 228.56, 228.51, 228.45, 228.4, 228.45], "Current": [0.17, 0.17, 0.17, 0.17, 0.17, 0.17, 0.17, 0.17, 0.17, 0.17, 0.17, 0.17, 0.17, 0.17, 0.17, 0.17, 0.17, 0.17, 0.17, 0.17, 0.17, 0.17, 0.17, 0.17, 0.17, 0.17, 0.17, 0.17, 0.17, 0.17, 0.17, 0.17, 0.17, 0.17, 0.17, 0.17, 0.17, 0.17, 0.17, 0.17, 0.17, 0.17, 0.17, 0.17, 0.17], "Real_Power": [25.66, 25.77, 26.08, 25.69, 25.81, 25.97, 25.71, 25.83, 25.97, 25.89, 25.9, 25.75, 25.82, 25.89, 25.94, 25.84, 25.93, 25.78, 25.92, 25.84, 25.87, 25.86, 25.79, 25.97, 25.82, 25.81, 26.15, 25.89, 25.7, 25.96, 25.85, 25.77, 25.97, 25.72, 25.84, 25.94, 25.89, 25.94, 25.92, 25.82, 25.93, 25.93, 25.9, 25.94, 25.83], "Apparent_Power": [38.7, 38.72, 38.72, 38.72, 38.69, 38.68, 38.69, 38.71, 38.73, 38.67, 38.7, 38.73, 38.72, 38.76, 38.71, 38.71, 38.73, 38.73, 38.67, 38.69, 38.71, 38.71, 38.73, 38.69, 38.68, 38.73, 38.8, 38.77, 38.74, 38.76, 38.8, 38.81, 38.81, 38.81, 38.81, 38.84, 38.82, 38.81, 38.79, 38.83, 38.85, 38.84, 38.83, 38.82, 38.83], "Apparent_Power_Reactive": [28.96, 28.89, 28.61, 28.97, 28.82, 28.66, 28.91, 28.83, 28.73, 28.72, 28.75, 28.93, 28.85, 28.84, 28.73, 28.82, 28.76, 28.9, 28.69, 28.79, 28.79, 28.8, 28.89, 28.67, 28.8, 28.87, 28.66, 28.85, 28.98, 28.78, 28.93, 29.01, 28.84, 29.06, 28.95, 28.9, 28.92, 28.86, 28.85, 29.0, 28.93, 28.91, 28.93, 28.88, 28.99], "Power_Factor": [0.663, 0.665, 0.673, 0.663, 0.667, 0.671, 0.664, 0.667, 0.67, 0.669, 0.669, 0.664, 0.666, 0.667, 0.67, 0.667, 0.669, 0.665, 0.67, 0.667, 0.668, 0.668, 0.665, 0.671, 0.667, 0.666, 0.673, 0.667, 0.663, 0.669, 0.666, 0.664, 0.669, 0.662, 0.665, 0.667, 0.666, 0.668, 0.668, 0.664, 0.667, 0.667, 0.667, 0.668, 0.665], "Energy": [0.01, 0.02, 0.04, 0.05, 0.07, 0.08, 0.1, 0.11, 0.13, 0.14, 0.15, 0.17, 0.18, 0.2, 0.21, 0.23, 0.24, 0.26, 0.27, 0.29, 0.3, 0.31, 0.33, 0.34, 0.36, 0.37, 0.39, 0.4, 0.42, 0.43, 0.45, 0.46, 0.47, 0.49, 0.5, 0.52, 0.53, 0.55, 0.56, 0.58, 0.59, 0.61, 0.62, 0.63, 0.65], "Frequency": [49.38, 49.38, 49.37, 49.37, 49.37, 49.37, 49.37, 49.37, 49.38, 49.38, 49.38, 49.37, 49.37, 49.37, 49.36, 49.36, 49.36, 49.36, 49.36, 49.36, 49.35, 49.35, 49.35, 49.36, 49.36, 49.36, 49.35, 49.35, 49.35, 49.37, 49.37, 49.37, 49.37, 49.37, 49.37, 49.39, 49.39, 49.39, 49.39, 49.39, 49.39, 49.39, 49.39, 49.39, 49.37], "Temp_env": []}