{"Start_Time": [1758127474.7993133], "Time": [1758127476.8014634, 1758127478.80372, 1758127480.8062413, 1758127482.8083944, 1758127484.8105044, 1758127486.8133883, 1758127488.8154702, 1758127490.8182435, 1758127492.8205986, 1758127494.8234563, 1758127496.826271, 1758127498.8286283, 1758127500.8313155, 1758127502.8337474, 1758127504.8363054, 1758127506.838634, 1758127508.8414266, 1758127510.8439713, 1758127512.846449, 1758127514.8487859, 1758127516.851553, 1758127518.8539023, 1758127520.856621, 1758127522.8587475, 1758127524.861472, 1758127526.864128, 1758127528.866619, 1758127530.8687987, 1758127532.8715956, 1758127534.8740249, 1758127536.8767369, 1758127538.8789783, 1758127540.8816993, 1758127542.8841622, 1758127544.8867106, 1758127546.8890407, 1758127548.8917449, 1758127550.8942983, 1758127552.8967762, 1758127554.8991427, 1758127556.9018161, 1758127558.90425, 1758127560.9067745, 1758127562.9091172, 1758127564.9126081], "Voltage": [229.97, 229.92, 229.82, 229.92, 229.76, 229.97, 229.92, 230.34, 230.13, 230.08, 229.97, 229.97, 230.13, 229.97, 230.03, 229.87, 229.87, 229.82, 229.92, 229.87, 229.97, 230.03, 229.92, 229.66, 229.76, 229.97, 230.03, 229.97, 229.76, 229.82, 229.71, 229.76, 229.82, 229.71, 229.92, 229.71, 229.61, 229.55, 229.61, 229.76, 229.82, 229.76, 229.45, 229.66, 229.87], "Current": [0.17, 0.17, 0.17, 0.17, 0.17, 0.17, 0.17, 0.17, 0.17, 0.17, 0.17, 0.17, 0.17, 0.17, 0.17, 0.17, 0.17, 0.17, 0.17, 0.17, 0.17, 0.17, 0.17, 0.17, 0.17, 0.17, 0.17, 0.17, 0.17, 0.17, 0.17, 0.17, 0.17, 0.17, 0.17, 0.17, 0.17, 0.17, 0.17, 0.17, 0.17, 0.17, 0.17, 0.17, 0.17], "Real_Power": [26.16, 26.15, 26.08, 26.24, 25.94, 26.21, 26.16, 26.04, 26.19, 26.04, 26.0, 26.25, 26.09, 26.02, 26.23, 26.02, 26.2, 26.11, 26.06, 26.27, 26.05, 26.16, 26.26, 26.12, 26.12, 26.22, 26.26, 26.0, 26.12, 26.23, 26.05, 26.28, 26.12, 26.1, 26.37, 26.2, 26.18, 26.15, 26.06, 26.3, 26.17, 26.15, 26.11, 26.12, 26.25], "Apparent_Power": [39.09, 39.08, 39.06, 39.08, 39.05, 39.09, 39.08, 39.15, 39.12, 39.11, 39.09, 39.09, 39.12, 39.09, 39.1, 39.07, 39.07, 39.06, 39.08, 39.07, 39.09, 39.1, 39.08, 39.04, 39.05, 39.09, 39.1, 39.09, 39.05, 39.06, 39.05, 39.05, 39.06, 39.05, 39.08, 39.05, 39.03, 39.02, 39.03, 39.05, 39.06, 39.05, 39.0, 39.04, 39.07], "Apparent_Power_Reactive": [29.04, 29.04, 29.07, 28.96, 29.18, 29.0, 29.03, 29.23, 29.05, 29.18, 29.18, 28.96, 29.14, 29.17, 28.99, 29.14, 28.98, 29.05, 29.12, 28.91, 29.14, 29.05, 28.94, 29.01, 29.02, 28.99, 28.96, 29.18, 29.02, 28.94, 29.09, 28.88, 29.04, 29.04, 28.84, 28.95, 28.94, 28.96, 29.05, 28.86, 28.99, 29.0, 28.97, 29.01, 28.93], "Power_Factor": [0.669, 0.669, 0.667, 0.671, 0.664, 0.67, 0.669, 0.665, 0.669, 0.665, 0.665, 0.671, 0.666, 0.665, 0.67, 0.665, 0.67, 0.668, 0.666, 0.672, 0.666, 0.669, 0.671, 0.669, 0.668, 0.67, 0.671, 0.665, 0.668, 0.671, 0.667, 0.672, 0.668, 0.668, 0.674, 0.67, 0.67, 0.67, 0.667, 0.673, 0.669, 0.669, 0.669, 0.669, 0.671], "Energy": [0.01, 0.02, 0.04, 0.05, 0.07, 0.08, 0.1, 0.11, 0.13, 0.14, 0.16, 0.17, 0.19, 0.2, 0.22, 0.23, 0.24, 0.26, 0.27, 0.29, 0.3, 0.32, 0.33, 0.35, 0.36, 0.38, 0.39, 0.41, 0.42, 0.44, 0.45, 0.47, 0.48, 0.5, 0.51, 0.53, 0.54, 0.56, 0.57, 0.58, 0.6, 0.61, 0.63, 0.64, 0.66], "Frequency": [49.37, 49.37, 49.37, 49.38, 49.38, 49.38, 49.39, 49.39, 49.39, 49.38, 49.38, 49.38, 49.39, 49.39, 49.39, 49.38, 49.38, 49.38, 49.39, 49.39, 49.39, 49.4, 49.4, 49.4, 49.4, 49.4, 49.4, 49.4, 49.4, 49.4, 49.39, 49.39, 49.39, 49.39, 49.39, 49.39, 49.37, 49.37, 49.37, 49.38, 49.38, 49.38, 49.38, 49.38, 49.38], "Temp_env": []}