{"Start_Time": [1758122434.8849306], "Time": [1758122436.8871224, 1758122438.8898594, 1758122440.8921554, 1758122442.8942852, 1758122444.8969512, 1758122446.899271, 1758122448.9019632, 1758122450.9042108, 1758122452.906354, 1758122454.9140263, 1758122456.916388, 1758122458.919088, 1758122460.9263482, 1758122462.9290988, 1758122464.9314473, 1758122466.9392948, 1758122468.941379, 1758122470.943527, 1758122472.951199, 1758122474.9536817, 1758122476.9562325, 1758122478.9584036, 1758122480.9604802, 1758122482.9634202, 1758122484.9654925, 1758122486.9676087, 1758122488.970368, 1758122490.9735281, 1758122492.9762726, 1758122494.9786184, 1758122496.9864328, 1758122498.9885776, 1758122500.99136, 1758122502.9938178, 1758122504.9963703, 1758122506.998714, 1758122509.0008101, 1758122511.0036714, 1758122513.0057688, 1758122515.0085459, 1758122517.0109098, 1758122519.0137494, 1758122521.0165956, 1758122523.0187964, 1758122525.0220246], "Voltage": [228.56, 228.19, 228.24, 228.35, 228.35, 228.24, 228.19, 228.3, 228.45, 228.3, 228.14, 228.3, 228.35, 228.14, 228.14, 228.24, 228.35, 228.35, 228.09, 228.19, 228.4, 228.35, 228.4, 228.4, 228.56, 228.45, 228.4, 228.3, 228.4, 228.45, 228.24, 228.35, 228.45, 228.45, 228.35, 228.4, 228.51, 228.51, 228.51, 228.4, 228.4, 228.56, 228.45, 228.24, 228.35], "Current": [0.17, 0.17, 0.17, 0.17, 0.17, 0.17, 0.17, 0.17, 0.17, 0.17, 0.17, 0.17, 0.17, 0.17, 0.17, 0.17, 0.17, 0.17, 0.17, 0.17, 0.17, 0.17, 0.17, 0.17, 0.17, 0.17, 0.17, 0.17, 0.17, 0.17, 0.17, 0.17, 0.17, 0.17, 0.17, 0.17, 0.17, 0.17, 0.17, 0.17, 0.17, 0.17, 0.17, 0.17, 0.17], "Real_Power": [25.68, 25.64, 25.76, 25.59, 25.57, 25.76, 25.53, 25.73, 25.67, 25.48, 25.66, 25.72, 25.71, 25.64, 25.77, 25.57, 25.5, 25.99, 25.48, 25.58, 25.82, 25.43, 25.56, 25.81, 25.52, 25.6, 25.81, 25.93, 25.47, 25.63, 25.57, 25.81, 25.7, 25.58, 25.86, 25.64, 25.55, 25.72, 25.7, 25.48, 25.65, 25.74, 25.56, 25.64, 25.73], "Apparent_Power": [38.85, 38.79, 38.8, 38.81, 38.81, 38.8, 38.79, 38.81, 38.83, 38.81, 38.78, 38.81, 38.81, 38.78, 38.78, 38.8, 38.81, 38.81, 38.77, 38.79, 38.82, 38.81, 38.82, 38.82, 38.85, 38.83, 38.82, 38.81, 38.82, 38.83, 38.8, 38.81, 38.83, 38.83, 38.81, 38.82, 38.84, 38.84, 38.84, 38.82, 38.82, 38.85, 38.83, 38.8, 38.81], "Apparent_Power_Reactive": [29.15, 29.1, 29.01, 29.17, 29.19, 29.01, 29.2, 29.05, 29.13, 29.27, 29.07, 29.06, 29.07, 29.09, 28.97, 29.18, 29.25, 28.82, 29.22, 29.16, 28.98, 29.31, 29.21, 28.99, 29.29, 29.19, 28.99, 28.87, 29.29, 29.16, 29.18, 28.98, 29.1, 29.21, 28.93, 29.14, 29.25, 29.1, 29.12, 29.28, 29.13, 29.09, 29.23, 29.12, 29.05], "Power_Factor": [0.661, 0.66, 0.663, 0.659, 0.658, 0.663, 0.658, 0.662, 0.661, 0.656, 0.661, 0.662, 0.662, 0.661, 0.664, 0.659, 0.657, 0.669, 0.657, 0.659, 0.665, 0.655, 0.658, 0.664, 0.656, 0.659, 0.664, 0.668, 0.656, 0.66, 0.659, 0.665, 0.661, 0.658, 0.666, 0.66, 0.657, 0.662, 0.661, 0.656, 0.66, 0.662, 0.658, 0.66, 0.662], "Energy": [0.01, 0.02, 0.04, 0.05, 0.07, 0.08, 0.1, 0.11, 0.12, 0.14, 0.15, 0.17, 0.18, 0.2, 0.21, 0.23, 0.24, 0.25, 0.27, 0.28, 0.3, 0.31, 0.33, 0.34, 0.36, 0.37, 0.38, 0.4, 0.41, 0.43, 0.44, 0.46, 0.47, 0.49, 0.5, 0.52, 0.53, 0.54, 0.56, 0.57, 0.59, 0.6, 0.62, 0.63, 0.65], "Frequency": [49.41, 49.41, 49.41, 49.4, 49.4, 49.4, 49.39, 49.39, 49.39, 49.4, 49.4, 49.4, 49.39, 49.39, 49.39, 49.39, 49.39, 49.39, 49.39, 49.39, 49.39, 49.39, 49.39, 49.39, 49.39, 49.39, 49.39, 49.4, 49.4, 49.4, 49.41, 49.41, 49.41, 49.41, 49.41, 49.41, 49.4, 49.4, 49.4, 49.39, 49.39, 49.39, 49.39, 49.39, 49.39], "Temp_env": []}