{"Start_Time": [1758212631.5125518], "Time": [1758212633.514875, 1758212635.5175736, 1758212637.5200596, 1758212639.522702, 1758212641.5249166, 1758212643.527033, 1758212645.5299845, 1758212647.5326586, 1758212649.5350308, 1758212651.5377462, 1758212653.5401947, 1758212655.542874, 1758212657.5451553, 1758212659.5478768, 1758212661.5502133, 1758212663.5529118, 1758212665.5552135, 1758212667.5578942, 1758212669.5603657, 1758212671.5629003, 1758212673.5652685, 1758212675.5679114, 1758212677.5703833, 1758212679.573006, 1758212681.575301, 1758212683.5780466, 1758212685.5804875, 1758212687.5830038, 1758212689.5853472, 1758212691.5880456, 1758212693.5905073, 1758212695.593083, 1758212697.595394, 1758212699.598149, 1758212701.6005843, 1758212703.603126, 1758212705.605421, 1758212707.6082623, 1758212709.6106086, 1758212711.6132798, 1758212713.6156003, 1758212715.6183426, 1758212717.6207798, 1758212719.6232774, 1758212721.6272616], "Voltage": [228.51, 228.51, 228.45, 228.35, 228.3, 228.3, 228.3, 228.3, 228.3, 228.3, 228.14, 228.14, 228.24, 228.3, 228.4, 228.35, 228.4, 228.35, 228.35, 228.3, 228.51, 228.45, 228.35, 228.35, 228.4, 228.3, 228.35, 228.3, 228.4, 228.45, 228.4, 228.35, 228.3, 228.4, 228.3, 228.56, 228.45, 228.51, 228.51, 229.4, 229.61, 229.61, 229.61, 229.45, 229.5], "Current": [0.23, 0.23, 0.23, 0.23, 0.23, 0.23, 0.23, 0.23, 0.23, 0.23, 0.23, 0.23, 0.23, 0.23, 0.23, 0.23, 0.23, 0.23, 0.23, 0.23, 0.23, 0.23, 0.23, 0.23, 0.23, 0.23, 0.23, 0.23, 0.23, 0.23, 0.23, 0.23, 0.23, 0.23, 0.23, 0.23, 0.23, 0.23, 0.23, 0.23, 0.23, 0.23, 0.23, 0.23, 0.23], "Real_Power": [37.93, 38.01, 37.67, 37.97, 37.97, 37.75, 37.89, 37.83, 37.81, 37.88, 37.72, 37.86, 37.84, 37.63, 37.76, 37.92, 37.71, 37.96, 37.84, 37.79, 38.02, 37.73, 37.87, 37.95, 37.84, 37.83, 37.84, 37.63, 37.91, 37.94, 37.98, 37.81, 37.75, 37.88, 37.89, 37.74, 37.94, 37.9, 37.56, 38.03, 37.89, 37.66, 37.99, 37.79, 37.87], "Apparent_Power": [52.55, 52.55, 52.54, 52.52, 52.5, 52.5, 52.5, 52.5, 52.5, 52.5, 52.47, 52.47, 52.49, 52.5, 52.53, 52.52, 52.53, 52.52, 52.52, 52.5, 52.55, 52.54, 52.52, 52.52, 52.53, 52.5, 52.52, 52.5, 52.53, 52.54, 52.53, 52.52, 52.5, 52.53, 52.5, 52.56, 52.54, 52.55, 52.55, 52.76, 52.81, 52.81, 52.81, 52.77, 52.78], "Apparent_Power_Reactive": [36.37, 36.28, 36.62, 36.28, 36.25, 36.48, 36.34, 36.4, 36.42, 36.35, 36.47, 36.32, 36.37, 36.6, 36.51, 36.33, 36.56, 36.29, 36.42, 36.44, 36.27, 36.56, 36.38, 36.3, 36.43, 36.4, 36.42, 36.6, 36.36, 36.34, 36.28, 36.45, 36.48, 36.39, 36.34, 36.58, 36.34, 36.4, 36.75, 36.56, 36.78, 37.02, 36.68, 36.83, 36.76], "Power_Factor": [0.721, 0.723, 0.716, 0.722, 0.723, 0.719, 0.721, 0.72, 0.72, 0.721, 0.718, 0.721, 0.72, 0.716, 0.718, 0.722, 0.717, 0.722, 0.72, 0.719, 0.723, 0.718, 0.721, 0.722, 0.72, 0.72, 0.72, 0.716, 0.721, 0.722, 0.723, 0.719, 0.719, 0.721, 0.721, 0.718, 0.722, 0.721, 0.714, 0.72, 0.717, 0.713, 0.719, 0.716, 0.717], "Energy": [0.02, 0.04, 0.06, 0.08, 0.1, 0.12, 0.14, 0.17, 0.19, 0.21, 0.23, 0.25, 0.27, 0.29, 0.31, 0.34, 0.36, 0.38, 0.4, 0.42, 0.44, 0.46, 0.48, 0.51, 0.53, 0.55, 0.57, 0.59, 0.61, 0.63, 0.65, 0.68, 0.7, 0.72, 0.74, 0.76, 0.78, 0.8, 0.82, 0.85, 0.87, 0.89, 0.91, 0.93, 0.95], "Frequency": [49.4, 49.4, 49.39, 49.39, 49.39, 49.37, 49.37, 49.37, 49.36, 49.36, 49.36, 49.37, 49.37, 49.37, 49.38, 49.38, 49.38, 49.37, 49.37, 49.37, 49.39, 49.39, 49.39, 49.37, 49.37, 49.37, 49.37, 49.37, 49.37, 49.35, 49.35, 49.35, 49.35, 49.35, 49.35, 49.35, 49.35, 49.35, 49.37, 49.37, 49.37, 49.37, 49.37, 49.37, 49.37], "Temp_env": []}