{"Start_Time": [1758215260.2449083], "Time": [1758215262.2475994, 1758215264.249954, 1758215266.2526345, 1758215268.2550921, 1758215270.2578087, 1758215272.2599382, 1758215274.262013, 1758215276.2648773, 1758215278.2670555, 1758215280.2697284, 1758215282.2720795, 1758215284.2799766, 1758215286.2821965, 1758215288.2850974, 1758215290.2871618, 1758215292.2898648, 1758215294.2922537, 1758215296.2951508, 1758215298.2972128, 1758215300.2999725, 1758215302.3080394, 1758215304.31035, 1758215306.3130634, 1758215308.31552, 1758215310.3180492, 1758215312.3203802, 1758215314.3231037, 1758215316.3255482, 1758215318.328092, 1758215320.3304389, 1758215322.33317, 1758215324.3356352, 1758215326.3433292, 1758215328.3456511, 1758215330.3483517, 1758215332.350544, 1758215334.3532362, 1758215336.3556845, 1758215338.35838, 1758215340.360547, 1758215342.3633811, 1758215344.3658435, 1758215346.3683813, 1758215348.3707201, 1758215350.3742454], "Voltage": [229.29, 229.5, 229.5, 229.35, 229.4, 229.55, 229.55, 229.55, 229.61, 229.55, 229.55, 229.45, 229.55, 229.35, 229.45, 229.5, 229.4, 229.5, 229.5, 229.4, 229.4, 229.55, 229.5, 229.55, 229.55, 229.5, 229.4, 229.35, 229.45, 229.61, 229.35, 229.45, 229.5, 229.45, 229.45, 229.45, 229.55, 229.5, 229.45, 229.5, 229.5, 229.45, 229.45, 229.29, 229.5], "Current": [0.23, 0.23, 0.23, 0.23, 0.23, 0.23, 0.23, 0.23, 0.23, 0.23, 0.23, 0.23, 0.23, 0.23, 0.23, 0.23, 0.23, 0.23, 0.23, 0.23, 0.23, 0.23, 0.23, 0.23, 0.23, 0.23, 0.23, 0.23, 0.23, 0.23, 0.23, 0.23, 0.23, 0.23, 0.23, 0.23, 0.23, 0.23, 0.23, 0.23, 0.23, 0.23, 0.23, 0.23, 0.23], "Real_Power": [37.74, 37.87, 37.9, 37.66, 37.89, 37.76, 37.75, 37.88, 37.81, 37.9, 37.94, 37.67, 37.97, 37.77, 37.63, 37.87, 37.69, 37.72, 37.99, 37.63, 37.89, 37.77, 37.75, 37.93, 37.69, 37.88, 38.01, 37.71, 37.89, 37.98, 37.73, 37.89, 37.73, 37.95, 37.83, 37.64, 37.83, 37.78, 37.73, 37.92, 37.68, 37.87, 37.88, 37.7, 37.77], "Apparent_Power": [52.73, 52.78, 52.78, 52.75, 52.76, 52.79, 52.79, 52.79, 52.81, 52.79, 52.79, 52.77, 52.79, 52.75, 52.77, 52.78, 52.76, 52.78, 52.78, 52.76, 52.76, 52.79, 52.78, 52.79, 52.79, 52.78, 52.76, 52.75, 52.77, 52.81, 52.75, 52.77, 52.78, 52.77, 52.77, 52.77, 52.79, 52.78, 52.77, 52.78, 52.78, 52.77, 52.77, 52.73, 52.78], "Apparent_Power_Reactive": [36.82, 36.76, 36.73, 36.93, 36.71, 36.89, 36.9, 36.76, 36.86, 36.74, 36.7, 36.95, 36.67, 36.82, 36.99, 36.76, 36.91, 36.91, 36.63, 36.98, 36.71, 36.88, 36.88, 36.71, 36.96, 36.75, 36.59, 36.88, 36.72, 36.69, 36.86, 36.72, 36.9, 36.66, 36.79, 36.98, 36.81, 36.85, 36.89, 36.71, 36.95, 36.74, 36.73, 36.86, 36.86], "Power_Factor": [0.715, 0.717, 0.718, 0.713, 0.718, 0.715, 0.715, 0.717, 0.715, 0.717, 0.718, 0.713, 0.719, 0.716, 0.713, 0.717, 0.714, 0.714, 0.719, 0.713, 0.718, 0.715, 0.715, 0.718, 0.713, 0.717, 0.72, 0.714, 0.718, 0.719, 0.715, 0.718, 0.714, 0.719, 0.716, 0.713, 0.716, 0.715, 0.714, 0.718, 0.713, 0.717, 0.717, 0.714, 0.715], "Energy": [0.02, 0.04, 0.06, 0.08, 0.1, 0.12, 0.14, 0.17, 0.19, 0.21, 0.23, 0.25, 0.27, 0.29, 0.31, 0.34, 0.36, 0.38, 0.4, 0.42, 0.44, 0.46, 0.48, 0.51, 0.53, 0.55, 0.57, 0.59, 0.61, 0.63, 0.65, 0.68, 0.7, 0.72, 0.74, 0.76, 0.78, 0.8, 0.82, 0.85, 0.87, 0.89, 0.91, 0.93, 0.95], "Frequency": [49.4, 49.4, 49.39, 49.39, 49.39, 49.41, 49.41, 49.41, 49.4, 49.4, 49.4, 49.41, 49.41, 49.41, 49.4, 49.4, 49.4, 49.4, 49.4, 49.4, 49.39, 49.39, 49.39, 49.39, 49.39, 49.39, 49.39, 49.39, 49.39, 49.4, 49.4, 49.4, 49.4, 49.4, 49.4, 49.41, 49.41, 49.41, 49.42, 49.42, 49.42, 49.42, 49.42, 49.42, 49.42], "Temp_env": []}