{"Start_Time": [1758211301.7726579], "Time": [1758211303.7767816, 1758211305.7799625, 1758211307.7840364, 1758211309.7886193, 1758211311.7932894, 1758211313.7970858, 1758211315.8015547, 1758211317.8055637, 1758211319.8096943, 1758211321.8133888, 1758211323.8185222, 1758211325.8229651, 1758211327.8264303, 1758211329.830059, 1758211331.8334126, 1758211333.8378894, 1758211335.841364, 1758211337.8455472, 1758211339.8488562, 1758211341.85296, 1758211343.856879, 1758211345.8616986, 1758211347.8650491, 1758211349.869225, 1758211351.8740447, 1758211353.8780258, 1758211355.8827188, 1758211357.8862758, 1758211359.8905003, 1758211361.8944855, 1758211363.8993464, 1758211365.9035838, 1758211367.9079247, 1758211369.912977, 1758211371.9179366, 1758211373.9222429, 1758211375.932825, 1758211377.93699, 1758211379.941387, 1758211381.9465027, 1758211383.9513023, 1758211385.955518, 1758211387.9603581, 1758211389.9653187, 1758211391.9699643], "Voltage": [229.76, 229.66, 229.82, 229.82, 229.76, 229.66, 229.76, 229.71, 229.66, 229.55, 229.61, 229.61, 229.66, 229.66, 229.55, 229.55, 229.66, 229.61, 229.61, 229.55, 229.66, 229.5, 229.5, 229.55, 229.55, 229.45, 229.45, 229.4, 229.35, 229.35, 229.45, 229.35, 229.35, 229.29, 229.35, 229.4, 229.35, 229.29, 229.4, 229.4, 229.4, 229.4, 229.4, 229.35, 229.45], "Current": [0.23, 0.23, 0.23, 0.23, 0.23, 0.23, 0.23, 0.23, 0.23, 0.23, 0.23, 0.23, 0.23, 0.23, 0.23, 0.23, 0.23, 0.23, 0.23, 0.23, 0.23, 0.23, 0.23, 0.23, 0.23, 0.23, 0.23, 0.23, 0.23, 0.23, 0.23, 0.23, 0.23, 0.23, 0.23, 0.23, 0.23, 0.23, 0.23, 0.23, 0.23, 0.23, 0.23, 0.23, 0.23], "Real_Power": [37.7, 37.81, 37.4, 37.63, 37.9, 37.6, 37.81, 37.42, 37.6, 37.85, 37.66, 37.65, 37.93, 37.47, 37.55, 37.56, 37.58, 37.73, 37.64, 37.77, 37.76, 37.69, 37.88, 37.64, 38.05, 37.49, 37.82, 37.81, 37.59, 37.73, 37.65, 37.71, 37.51, 37.57, 37.68, 37.44, 37.45, 37.66, 37.84, 37.63, 37.73, 37.91, 37.48, 37.53, 37.61], "Apparent_Power": [52.84, 52.82, 52.85, 52.85, 52.84, 52.82, 52.84, 52.83, 52.82, 52.79, 52.81, 52.81, 52.82, 52.82, 52.79, 52.79, 52.82, 52.81, 52.81, 52.79, 52.82, 52.78, 52.78, 52.79, 52.79, 52.77, 52.77, 52.76, 52.75, 52.75, 52.77, 52.75, 52.75, 52.73, 52.75, 52.76, 52.75, 52.73, 52.76, 52.76, 52.76, 52.76, 52.76, 52.75, 52.77], "Apparent_Power_Reactive": [37.02, 36.88, 37.34, 37.1, 36.81, 37.09, 36.91, 37.29, 37.09, 36.79, 37.02, 37.03, 36.75, 37.22, 37.1, 37.09, 37.11, 36.95, 37.04, 36.88, 36.93, 36.94, 36.75, 37.01, 36.59, 37.13, 36.8, 36.79, 37.0, 36.86, 36.97, 36.88, 37.08, 36.99, 36.91, 37.17, 37.14, 36.9, 36.76, 36.98, 36.87, 36.69, 37.13, 37.06, 37.01], "Power_Factor": [0.713, 0.715, 0.707, 0.712, 0.717, 0.711, 0.715, 0.708, 0.711, 0.716, 0.713, 0.712, 0.718, 0.709, 0.711, 0.711, 0.711, 0.714, 0.712, 0.715, 0.714, 0.714, 0.717, 0.713, 0.72, 0.71, 0.716, 0.716, 0.712, 0.715, 0.713, 0.714, 0.711, 0.712, 0.714, 0.709, 0.709, 0.714, 0.717, 0.713, 0.715, 0.718, 0.71, 0.711, 0.712], "Energy": [0.02, 0.04, 0.06, 0.08, 0.1, 0.12, 0.14, 0.16, 0.19, 0.21, 0.23, 0.25, 0.27, 0.29, 0.31, 0.34, 0.36, 0.38, 0.4, 0.42, 0.44, 0.46, 0.48, 0.5, 0.53, 0.55, 0.57, 0.59, 0.61, 0.63, 0.65, 0.67, 0.7, 0.72, 0.74, 0.76, 0.78, 0.8, 0.82, 0.85, 0.87, 0.89, 0.91, 0.93, 0.95], "Frequency": [49.46, 49.46, 49.46, 49.46, 49.45, 49.45, 49.45, 49.45, 49.45, 49.45, 49.46, 49.46, 49.46, 49.46, 49.46, 49.46, 49.46, 49.46, 49.46, 49.47, 49.47, 49.47, 49.45, 49.45, 49.45, 49.47, 49.47, 49.47, 49.45, 49.45, 49.45, 49.45, 49.45, 49.45, 49.45, 49.45, 49.45, 49.45, 49.45, 49.45, 49.47, 49.47, 49.47, 49.45, 49.45], "Temp_env": []}