{"Start_Time": [1758217898.5164707], "Time": [1758217900.518844, 1758217902.5217137, 1758217904.5245385, 1758217906.526916, 1758217908.529569, 1758217910.532131, 1758217912.5346007, 1758217914.536963, 1758217916.539634, 1758217918.54205, 1758217920.5445933, 1758217922.546903, 1758217924.5497892, 1758217926.5521138, 1758217928.55481, 1758217930.5577245, 1758217932.5600557, 1758217934.5627522, 1758217936.565075, 1758217938.5679069, 1758217940.5701914, 1758217942.5728998, 1758217944.5752163, 1758217946.577911, 1758217948.5802622, 1758217950.582899, 1758217952.5852795, 1758217954.5880227, 1758217956.5903122, 1758217958.592577, 1758217960.5950618, 1758217962.5973964, 1758217964.6001124, 1758217966.6025383, 1758217968.605098, 1758217970.6074421, 1758217972.6101358, 1758217974.6126072, 1758217976.6151428, 1758217978.6174397, 1758217980.6201663, 1758217982.622593, 1758217984.6253161, 1758217986.6282487, 1758217988.6320703], "Voltage": [227.77, 227.83, 227.83, 227.88, 227.93, 227.88, 227.88, 227.88, 227.93, 227.93, 227.88, 227.67, 227.77, 227.93, 227.83, 227.98, 227.88, 227.83, 227.77, 227.77, 227.72, 227.72, 227.62, 227.56, 227.62, 227.62, 227.67, 227.51, 227.51, 227.41, 227.62, 227.62, 227.62, 227.67, 227.41, 227.46, 227.67, 227.77, 227.62, 227.56, 227.72, 227.67, 227.62, 227.77, 227.83], "Current": [0.23, 0.23, 0.23, 0.23, 0.23, 0.23, 0.23, 0.23, 0.23, 0.23, 0.23, 0.23, 0.23, 0.23, 0.23, 0.23, 0.23, 0.23, 0.23, 0.23, 0.23, 0.23, 0.23, 0.23, 0.23, 0.23, 0.23, 0.23, 0.23, 0.23, 0.23, 0.23, 0.23, 0.23, 0.23, 0.23, 0.23, 0.23, 0.23, 0.23, 0.23, 0.23, 0.23, 0.23, 0.23], "Real_Power": [37.9, 37.8, 37.93, 37.75, 37.98, 37.86, 37.75, 37.86, 37.63, 37.72, 37.87, 37.77, 37.84, 37.85, 37.78, 37.76, 37.72, 37.82, 37.69, 37.85, 37.73, 37.78, 37.89, 37.69, 37.86, 37.81, 37.67, 37.94, 37.83, 37.96, 37.77, 37.52, 37.87, 37.7, 37.6, 37.95, 37.67, 37.65, 37.81, 37.74, 37.85, 37.8, 37.69, 37.85, 37.73], "Apparent_Power": [52.38, 52.4, 52.4, 52.41, 52.42, 52.41, 52.41, 52.41, 52.42, 52.42, 52.41, 52.36, 52.38, 52.42, 52.4, 52.43, 52.41, 52.4, 52.38, 52.38, 52.37, 52.37, 52.35, 52.33, 52.35, 52.35, 52.36, 52.32, 52.32, 52.3, 52.35, 52.35, 52.35, 52.36, 52.3, 52.31, 52.36, 52.38, 52.35, 52.33, 52.37, 52.36, 52.35, 52.38, 52.4], "Apparent_Power_Reactive": [36.15, 36.28, 36.15, 36.35, 36.12, 36.24, 36.35, 36.24, 36.49, 36.4, 36.23, 36.26, 36.21, 36.26, 36.31, 36.37, 36.38, 36.26, 36.37, 36.2, 36.31, 36.26, 36.12, 36.3, 36.15, 36.2, 36.36, 36.02, 36.14, 35.97, 36.24, 36.5, 36.14, 36.33, 36.35, 36.0, 36.36, 36.41, 36.2, 36.25, 36.19, 36.23, 36.33, 36.2, 36.36], "Power_Factor": [0.723, 0.721, 0.723, 0.72, 0.724, 0.722, 0.72, 0.722, 0.717, 0.719, 0.722, 0.721, 0.722, 0.722, 0.72, 0.72, 0.719, 0.721, 0.719, 0.722, 0.72, 0.721, 0.723, 0.72, 0.723, 0.722, 0.719, 0.725, 0.723, 0.725, 0.721, 0.716, 0.723, 0.72, 0.718, 0.725, 0.719, 0.718, 0.722, 0.721, 0.722, 0.721, 0.719, 0.722, 0.72], "Energy": [0.02, 0.04, 0.06, 0.08, 0.1, 0.12, 0.14, 0.16, 0.19, 0.21, 0.23, 0.25, 0.27, 0.29, 0.32, 0.34, 0.36, 0.38, 0.4, 0.42, 0.44, 0.46, 0.49, 0.51, 0.53, 0.55, 0.57, 0.59, 0.61, 0.63, 0.66, 0.68, 0.7, 0.72, 0.74, 0.76, 0.78, 0.8, 0.83, 0.85, 0.87, 0.89, 0.91, 0.93, 0.95], "Frequency": [49.4, 49.4, 49.4, 49.41, 49.41, 49.41, 49.4, 49.4, 49.4, 49.41, 49.41, 49.41, 49.41, 49.41, 49.41, 49.42, 49.42, 49.42, 49.42, 49.42, 49.42, 49.43, 49.43, 49.43, 49.42, 49.42, 49.42, 49.42, 49.42, 49.42, 49.4, 49.4, 49.4, 49.4, 49.4, 49.4, 49.4, 49.4, 49.4, 49.43, 49.43, 49.43, 49.46, 49.46, 49.46], "Temp_env": []}