{"Start_Time": [1746530582.8312316], "Time": [1746530588.9835455, 1746530589.0669897, 1746530591.183882, 1746530591.2672088, 1746530593.3853953, 1746530593.4675584, 1746530597.5853243, 1746530597.6664882, 1746530601.7844095, 1746530601.8663678, 1746530603.9818954, 1746530604.0694802, 1746530608.1804733, 1746530608.2679918, 1746530610.3829389, 1746530610.466366, 1746530614.583279, 1746530614.6657698, 1746530616.7815833, 1746530616.8679242, 1746530618.9815445, 1746530621.0670416, 1746530623.1794984, 1746530625.2692213, 1746530627.384025, 1746530627.4679654, 1746530629.5846267, 1746530629.6684325, 1746530631.7841232, 1746530631.8672853, 1746530633.9809134, 1746530636.0681913, 1746530640.184715, 1746530640.264967, 1746530642.3844233, 1746530642.4682355, 1746530644.5814013, 1746530646.6675413, 1746530650.78439, 1746530650.868331, 1746530654.9864044, 1746530655.0676572, 1746530659.1812234, 1746530659.2659738, 1746530663.3805306, 1746530663.469339, 1746530667.5840538, 1746530667.66736, 1746530669.78354, 1746530669.866697, 1746530673.9874413, 1746530674.0691748, 1746530676.1843767, 1746530676.2663298, 1746530680.3799944, 1746530682.4685907, 1746530684.5837471, 1746530684.6675868, 1746530686.7848525, 1746530686.8671246, 1746530690.9826396, 1746530691.0681791, 1746530693.1806002, 1746530695.2653337, 1746530697.384769, 1746530697.4677348, 1746530699.580529, 1746530701.6698222, 1746530705.7754703, 1746530707.85847, 1746530713.9755044, 1746530718.059551, 1746530724.1715782, 1746530728.259686, 1746530734.3756554, 1746530738.458653, 1746530744.5767312, 1746530746.659742, 1746530752.7757983, 1746530756.8598146, 1746530762.9718614, 1746530767.0599163, 1746530773.1760018, 1746530775.2590475, 1746530781.3769786, 1746530783.4599926, 1746530789.5718, 1746530793.6600592, 1746530799.7761335, 1746530803.8601239, 1746530809.9761617, 1746530814.060262, 1746530820.1773622, 1746530822.2603703, 1746530828.3763282, 1746530830.454185, 1746530838.5774448, 1746530840.6604638, 1746530846.7765744, 1746530850.8605428, 1746530856.977596, 1746530859.060619, 1746530865.1766658, 1746530869.2608726, 1746530875.3767605, 1746530879.4607923], "Voltage": [230.29, 230.29, 230.31, 230.31, 230.28, 230.28, 230.35, 230.35, 230.04, 230.04, 230.2, 230.2, 230.27, 230.27, 230.31, 230.31, 230.32, 230.32, 230.18, 230.18, 230.07, 230.35, 230.41, 230.5, 229.87, 229.87, 230.41, 230.41, 230.14, 230.14, 230.44, 230.41, 230.39, 230.39, 230.56, 230.56, 230.58, 230.56, 230.54, 230.54, 230.48, 230.48, 230.62, 230.62, 230.66, 230.66, 230.62, 230.62, 230.44, 230.44, 230.39, 230.39, 230.58, 230.58, 230.47, 230.59, 230.59, 230.59, 230.64, 230.64, 230.48, 230.48, 230.55, 230.58, 230.67, 230.67, 230.63, 230.61, 230.41, 230.26, 230.36, 230.32, 230.42, 230.39, 230.51, 230.31, 230.08, 230.1, 230.26, 230.25, 230.28, 230.16, 230.21, 230.14, 229.97, 230.14, 230.1, 230.29, 230.2, 230.18, 229.89, 230.03, 230.04, 230.03, 229.66, 230.11, 229.57, 230.14, 230.06, 230.08, 230.06, 229.94, 230.0, 229.85, 229.82, 229.23], "Current": [0.031132, 0.031132, 0.031071, 0.031071, 0.030996, 0.030996, 0.030945, 0.030945, 0.031032, 0.031032, 0.031158, 0.031158, 0.031158, 0.031158, 0.030952, 0.030952, 0.031034, 0.031034, 0.031185, 0.031185, 0.031264, 0.031166, 0.03161, 0.033297, 0.032951, 0.032951, 0.033177, 0.033177, 0.032853, 0.032853, 0.033101, 0.033206, 0.033281, 0.033281, 0.033192, 0.033192, 0.033101, 0.033244, 0.033291, 0.033291, 0.033217, 0.033217, 0.033424, 0.033424, 0.03321, 0.03321, 0.033348, 0.033348, 0.033106, 0.033106, 0.032644, 0.032644, 0.031225, 0.031225, 0.031339, 0.031096, 0.031262, 0.031262, 0.031004, 0.031004, 0.031037, 0.031037, 0.031138, 0.031241, 0.030947, 0.030947, 0.030953, 0.030979, 0.034211, 0.034586, 0.034134, 0.034425, 0.034559, 0.034282, 0.034229, 0.03553, 0.037079, 0.037022, 0.036888, 0.036917, 0.036882, 0.03659, 0.036952, 0.037243, 0.036836, 0.036882, 0.037142, 0.037059, 0.035922, 0.037263, 0.037222, 0.036996, 0.037198, 0.037057, 0.037433, 0.037082, 0.037328, 0.037332, 0.035, 0.034513, 0.034713, 0.034621, 0.034852, 0.034945, 0.035849, 0.037373], "Real_Power": [3.3539, 3.3539, 3.3462, 3.3462, 3.3293, 3.3293, 3.3106, 3.3106, 3.3225, 3.3225, 3.3398, 3.3398, 3.3452, 3.3452, 3.3203, 3.3203, 3.3326, 3.3326, 3.3579, 3.3579, 3.3746, 3.3426, 3.4033, 3.353, 3.2618, 3.2618, 3.3604, 3.3604, 3.298, 3.298, 3.3456, 3.337, 3.3531, 3.3531, 3.3439, 3.3439, 3.3303, 3.3559, 3.361, 3.361, 3.3433, 3.3433, 3.3671, 3.3671, 3.3334, 3.3334, 3.3608, 3.3608, 3.3211, 3.3211, 3.3314, 3.3314, 3.3691, 3.3691, 3.3677, 3.3354, 3.3645, 3.3645, 3.3385, 3.3385, 3.3343, 3.3343, 3.349, 3.3821, 3.3284, 3.3284, 3.3257, 3.3365, 3.9085, 3.9102, 3.8951, 3.9038, 3.9596, 3.9253, 3.9141, 3.8951, 3.9161, 3.9173, 3.9417, 3.9187, 3.9171, 3.8601, 3.9128, 3.9521, 3.9049, 3.8893, 3.9317, 3.9222, 3.9336, 3.9381, 3.9485, 3.9171, 3.9601, 3.9413, 3.9889, 3.9126, 3.9304, 3.9471, 3.9654, 3.9073, 3.9421, 3.8993, 3.9567, 3.9608, 3.901, 3.9629], "Apparent_Power": [7.1694, 7.1694, 7.1559, 7.1559, 7.1378, 7.1378, 7.128, 7.128, 7.1387, 7.1387, 7.1726, 7.1726, 7.175, 7.175, 7.1286, 7.1286, 7.1475, 7.1475, 7.1779, 7.1779, 7.1928, 7.1791, 7.2835, 7.6749, 7.5744, 7.5744, 7.6444, 7.6444, 7.5609, 7.5609, 7.6279, 7.6508, 7.6676, 7.6676, 7.6527, 7.6527, 7.6325, 7.6647, 7.6746, 7.6746, 7.6558, 7.6558, 7.7084, 7.7084, 7.6602, 7.6602, 7.6907, 7.6907, 7.6288, 7.6288, 7.521, 7.521, 7.2, 7.2, 7.2226, 7.1702, 7.2086, 7.2086, 7.1507, 7.1507, 7.1534, 7.1534, 7.1789, 7.2037, 7.1386, 7.1386, 7.1386, 7.1441, 7.8827, 7.9639, 7.8631, 7.9289, 7.9632, 7.8983, 7.8903, 8.1829, 8.5312, 8.5187, 8.4938, 8.4999, 8.4932, 8.4213, 8.5068, 8.5708, 8.4713, 8.4879, 8.5461, 8.5342, 8.2691, 8.5771, 8.5571, 8.5104, 8.5569, 8.5243, 8.5969, 8.5331, 8.5693, 8.5915, 8.052, 7.9408, 7.9859, 7.9608, 8.0162, 8.0321, 8.2388, 8.567], "Apparent_Power_Reactive": [-6.3365, -6.3365, -6.3253, -6.3253, -6.3138, -6.3138, -6.3126, -6.3126, -6.3184, -6.3184, -6.3476, -6.3476, -6.3474, -6.3474, -6.3081, -6.3081, -6.3231, -6.3231, -6.3441, -6.3441, -6.352, -6.3534, -6.4395, 6.9037, 6.836, 6.836, 6.8662, 6.8662, 6.8037, 6.8037, 6.8551, -6.8847, 6.8956, -6.8956, 6.8835, -6.8835, 6.8676, -6.8911, 6.8996, -6.8996, 6.8872, -6.8872, 6.9341, -6.9341, 6.897, -6.897, 6.9175, -6.9175, 6.868, -6.868, 6.743, -6.743, -6.3631, -6.3631, -6.3894, -6.3472, -6.3753, -6.3753, -6.3235, -6.3235, -6.3288, -6.3288, -6.3499, -6.3604, -6.3151, -6.3151, -6.3166, -6.3172, -6.8455, -6.9378, -6.8306, -6.9012, -6.909, -6.8539, -6.8511, 7.1963, 7.5793, 7.5646, 7.5238, 7.5427, 7.536, -7.4845, 7.5535, -7.6053, 7.5176, -7.5444, 7.588, -7.5795, -7.2735, -7.6196, 7.5916, -7.5553, 7.5854, -7.5584, 7.6154, -7.5832, 7.6148, 7.6311, -7.0079, -6.913, -6.9451, -6.9405, -6.9716, -6.9877, -7.2567, -7.5953], "Power_Factor": [0.4678, 0.4678, 0.4676, 0.4676, 0.4664, 0.4664, 0.4645, 0.4645, 0.4654, 0.4654, 0.4656, 0.4656, 0.4662, 0.4662, 0.4658, 0.4658, 0.4663, 0.4663, 0.4678, 0.4678, 0.4692, 0.4656, 0.4673, 0.4369, 0.4306, 0.4306, 0.4396, 0.4396, 0.4362, 0.4362, 0.4386, 0.4362, 0.4373, 0.4373, 0.437, 0.437, 0.4363, 0.4378, 0.4379, 0.4379, 0.4367, 0.4367, 0.4368, 0.4368, 0.4352, 0.4352, 0.437, 0.437, 0.4353, 0.4353, 0.4429, 0.4429, 0.4679, 0.4679, 0.4663, 0.4652, 0.4667, 0.4667, 0.4669, 0.4669, 0.4661, 0.4661, 0.4665, 0.4695, 0.4663, 0.4663, 0.4659, 0.467, 0.4958, 0.491, 0.4954, 0.4924, 0.4972, 0.497, 0.4961, 0.476, 0.459, 0.4599, 0.4641, 0.461, 0.4612, 0.4584, 0.46, 0.4611, 0.461, 0.4582, 0.4601, 0.4596, 0.4757, 0.4591, 0.4614, 0.4603, 0.4628, 0.4624, 0.464, 0.4585, 0.4587, 0.4594, 0.4925, 0.4921, 0.4936, 0.4898, 0.4936, 0.4931, 0.4735, 0.4626],