{"Start_Time": [1746544647.0550241], "Time": [1746544653.1922035, 1746544653.2710574, 1746544655.3952904, 1746544655.477567, 1746544659.5929694, 1746544661.6791873, 1746544663.7956913, 1746544663.8769321, 1746544665.9910083, 1746544668.0813706, 1746544670.197487, 1746544670.2813993, 1746544672.3963785, 1746544672.478081, 1746544676.598324, 1746544676.6792035, 1746544678.7973588, 1746544678.879891, 1746544680.9978878, 1746544681.0794113, 1746544685.1973982, 1746544685.279431, 1746544687.3957546, 1746544689.4790428, 1746544691.5964358, 1746544691.6793377, 1746544695.794013, 1746544697.8808048, 1746544699.9971764, 1746544700.0753567, 1746544702.1965747, 1746544702.2784672, 1746544704.3968341, 1746544704.476565, 1746544708.5951045, 1746544708.680275, 1746544710.7929716, 1746544712.8789268, 1746544714.9968467, 1746544715.077427, 1746544719.1974359, 1746544719.2802873, 1746544721.3965747, 1746544721.4794343, 1746544723.59064, 1746544725.678177, 1746544729.7970827, 1746544729.8758464, 1746544731.9943213, 1746544732.0805528, 1746544734.1952732, 1746544734.2812681, 1746544736.395569, 1746544736.4801633, 1746544738.5944898, 1746544738.6718047, 1746544740.7938023, 1746544740.8799589, 1746544742.9970677, 1746544743.082637, 1746544745.1988337, 1746544745.2826111, 1746544749.398308, 1746544749.4763253, 1746544751.5944724, 1746544753.6808114, 1746544755.7935047, 1746544757.8774476, 1746544759.9939811, 1746544760.0790825, 1746544764.198274, 1746544764.2727907, 1746544770.3885636, 1746544774.4716592, 1746544780.5887392, 1746544784.6726832, 1746544790.7877371, 1746544794.8717682, 1746544800.9889627, 1746544805.071828, 1746544811.1889007, 1746544815.2729325, 1746544821.388734, 1746544825.4720323, 1746544831.589027, 1746544835.6720915, 1746544841.789114, 1746544845.872269, 1746544851.9852111, 1746544856.0731566, 1746544862.1892915, 1746544866.2724884, 1746544872.3861191, 1746544876.4723885, 1746544882.5894315, 1746544886.6734366, 1746544892.7885005, 1746544896.8725297, 1746544902.9875703, 1746544907.0725994, 1746544913.1872323, 1746544917.2726681, 1746544923.3877075, 1746544927.4734883, 1746544933.589909, 1746544937.6738021, 1746544943.7898417], "Voltage": [229.17, 229.17, 229.02, 229.02, 228.95, 229.2, 229.12, 229.12, 228.9, 229.05, 228.87, 228.87, 229.07, 229.07, 228.99, 228.99, 228.84, 228.84, 228.82, 228.82, 228.91, 228.91, 229.14, 228.99, 228.82, 228.82, 228.91, 228.87, 228.97, 228.97, 229.08, 229.08, 229.07, 229.07, 228.9, 228.9, 229.03, 228.94, 229.19, 229.19, 229.03, 229.03, 229.0, 229.0, 228.83, 229.15, 229.04, 229.04, 228.76, 228.76, 228.68, 228.68, 228.83, 228.83, 228.67, 228.67, 228.95, 228.95, 228.77, 228.77, 228.85, 228.85, 228.6, 228.6, 228.87, 228.52, 228.75, 228.77, 228.6, 228.6, 228.79, 228.79, 228.53, 228.36, 228.67, 228.3, 228.56, 228.45, 228.73, 228.72, 228.66, 228.65, 228.53, 228.67, 228.5, 228.38, 228.58, 228.32, 228.57, 228.48, 228.58, 228.48, 228.64, 228.5, 228.67, 228.68, 228.68, 228.77, 228.6, 228.76, 228.66, 228.49, 228.68, 228.42, 228.81, 228.52, 228.7], "Current": [0.039192, 0.039192, 0.038913, 0.038913, 0.040556, 0.040204, 0.040275, 0.040275, 0.040459, 0.040555, 0.040494, 0.040494, 0.040388, 0.040388, 0.040428, 0.040428, 0.040543, 0.040543, 0.04039, 0.04039, 0.040339, 0.040339, 0.040224, 0.040213, 0.040005, 0.040005, 0.040597, 0.03854, 0.037496, 0.037496, 0.038075, 0.038075, 0.037496, 0.037496, 0.037428, 0.037428, 0.03708, 0.037454, 0.037368, 0.037368, 0.037409, 0.037409, 0.037223, 0.037223, 0.03746, 0.03718, 0.037529, 0.037529, 0.037371, 0.037371, 0.037413, 0.037413, 0.037384, 0.037384, 0.037399, 0.037399, 0.037244, 0.037244, 0.037166, 0.037166, 0.037509, 0.037509, 0.037246, 0.037246, 0.037185, 0.037281, 0.037495, 0.037296, 0.037375, 0.037375, 0.037584, 0.037584, 0.040491, 0.040091, 0.040232, 0.040373, 0.040378, 0.04046, 0.040275, 0.040606, 0.040604, 0.04082, 0.040581, 0.040163, 0.040796, 0.041095, 0.040844, 0.040827, 0.041393, 0.040543, 0.040473, 0.040533, 0.040587, 0.040338, 0.040447, 0.040299, 0.040516, 0.04037, 0.040279, 0.040248, 0.040609, 0.040385, 0.043482, 0.043609, 0.04375, 0.043448, 0.043768], "Real_Power": [4.5328, 4.5328, 4.5034, 4.5034, 4.5407, 4.5188, 4.5311, 4.5311, 4.5249, 4.5038, 4.5239, 4.5239, 4.5296, 4.5296, 4.5164, 4.5164, 4.5285, 4.5285, 4.4935, 4.4935, 4.5534, 4.5534, 4.5118, 4.5097, 4.51, 4.51, 4.5583, 4.5196, 4.5108, 4.5108, 4.61, 4.61, 4.5169, 4.5169, 4.5272, 4.5272, 4.4809, 4.5204, 4.5145, 4.5145, 4.5527, 4.5527, 4.5119, 4.5119, 4.5554, 4.5146, 4.5534, 4.5534, 4.5207, 4.5207, 4.5265, 4.5265, 4.5333, 4.5333, 4.5106, 4.5106, 4.5135, 4.5135, 4.514, 4.514, 4.541, 4.541, 4.5204, 4.5204, 4.5123, 4.5184, 4.5412, 4.5184, 4.5111, 4.5111, 4.5644, 4.5644, 5.0999, 5.043, 5.0636, 5.0717, 5.0786, 5.0843, 5.0645, 5.1114, 5.1161, 5.1259, 5.1249, 5.0741, 5.1022, 5.0887, 5.0786, 5.1112, 5.099, 5.0866, 5.1033, 5.0933, 5.099, 5.0977, 5.0761, 5.064, 5.0797, 5.0832, 5.088, 5.0738, 5.115, 5.0921, 5.0923, 5.1096, 5.0629, 5.0643, 5.1628], "Apparent_Power": [8.9818, 8.9818, 8.9117, 8.9117, 9.2851, 9.2149, 9.2277, 9.2277, 9.2611, 9.2892, 9.2679, 9.2679, 9.2518, 9.2518, 9.2576, 9.2576, 9.2779, 9.2779, 9.2421, 9.2421, 9.234, 9.234, 9.2169, 9.2083, 9.1539, 9.1539, 9.2931, 8.8206, 8.5852, 8.5852, 8.7222, 8.7222, 8.5892, 8.5892, 8.5675, 8.5675, 8.4923, 8.5747, 8.5644, 8.5644, 8.5681, 8.5681, 8.5239, 8.5239, 8.5719, 8.52, 8.5957, 8.5957, 8.5493, 8.5493, 8.5554, 8.5554, 8.5546, 8.5546, 8.552, 8.552, 8.5271, 8.5271, 8.5025, 8.5025, 8.584, 8.584, 8.5144, 8.5144, 8.5105, 8.5193, 8.5768, 8.5323, 8.5437, 8.5437, 8.599, 8.599, 9.2532, 9.1551, 9.2, 9.2173, 9.2289, 9.2432, 9.212, 9.2876, 9.2846, 9.3336, 9.2739, 9.184, 9.3218, 9.3854, 9.3361, 9.3217, 9.4613, 9.2631, 9.2513, 9.261, 9.2796, 9.2173, 9.249, 9.2155, 9.265, 9.2353, 9.2078, 9.2071, 9.2858, 9.2276, 9.9435, 9.9614, 10.011, 9.9288, 10.01], "Apparent_Power_Reactive": [7.7541, -7.7541, 7.6901, 7.6901, 8.0991, 8.0309, 8.0386, 8.0386, 8.0804, 8.1243, 8.0887, 8.0887, 8.0671, 8.0671, 8.0812, 8.0812, 8.0977, 8.0977, 8.0762, 8.0762, 8.0332, -8.0332, 8.0371, -8.0284, 7.9658, -7.9658, 8.0984, -7.5747, 7.3047, -7.3047, 7.4043, -7.4043, 7.3056, -7.3056, 7.2737, -7.2737, 7.214, -7.2864, 7.2779, -7.2779, 7.2584, -7.2584, 7.2319, -7.2319, 7.2612, -7.2255, 7.2905, -7.2905, 7.2563, -7.2563, 7.2598, -7.2598, 7.2547, -7.2547, 7.2658, -7.2658, 7.2346, -7.2346, 7.2053, -7.2053, 7.2845, -7.2845, 7.2153, -7.2153, 7.2157, -7.2224, 7.2759, -7.2376, 7.2557, -7.2557, 7.2876, -7.2876, 7.7209, -7.641, 7.6812, -7.6965, 7.7059, -7.7192, 7.6949, -7.7545, 7.7478, -7.8001, 7.7291, -7.6551, 7.8015, -7.8862, 7.8339, -7.7955, 7.9696, -7.7416, 7.7164, -7.7346, 7.7531, -7.6793, 7.7316, -7.6995, 7.7483, -7.7105, 7.6744, -7.6829, 7.75, -7.6954, 8.5406, -8.5511, 8.6359, -8.5402, 8.5756], "Power_Factor": [0.5047, 0.5047, 0.5053, 0.5053, 0.489, 0.4904, 0.491, 0.491, 0.4886, 0.4848, 0.4881, 0.4881, 0.4896, 0.4896, 0.4879, 0.4879, 0.4881, 0.4881, 0.4862, 0.4862, 0.4931, 0.4931, 0.4895, 0.4897, 0.4927, 0.4927, 0.4905, 0.5124, 0.5254, 0.5254, 0.5285, 0.5285, 0.5259, 0.5259, 0.5284, 0.5284, 0.5276, 0.5272, 0.5271, 0.5271, 0.5314, 0.5314, 0.5293, 0.5293, 0.5314, 0.5299, 0.5297, 0.5297, 0.5288, 0.5288, 0.5291, 0.5291, 0.5299, 0.5299, 0.5274, 0.5274, 0.5293, 0.5293, 0.5309, 0.5309, 0.529, 0.529, 0.5309, 0.5309, 0.5302, 0.5304, 0.5295, 0.5296, 0.528, 0.528, 0.5308, 0.5308, 0.5512, 0.5508, 0.5504, 0.5502, 0.5503, 0.5501, 0.5498, 0.5503, 0.551, 0.5492, 0.5526, 0.5525, 0.5473, 0.5422, 0.544, 0.5483, 0.5389, 0.5491, 0.5516, 0.55, 0.5495, 0.5531, 0.5488, 0.5495, 0.5483, 0.5504, 0.5526, 0.5511, 0.5508, 0.5518, 0.5121, 0.5129, 0.5058, 0.5101, 0.5158],