{"Start_Time": [1758194426.4640706], "Time": [1758194428.4664114, 1758194430.4690788, 1758194432.4713366, 1758194434.4735508, 1758194436.4759915, 1758194438.4783616, 1758194440.4810517, 1758194442.4835486, 1758194444.4861004, 1758194446.4884384, 1758194448.4911888, 1758194450.4936507, 1758194452.496196, 1758194454.498567, 1758194456.5013137, 1758194458.5038855, 1758194460.506311, 1758194462.5086284, 1758194464.5113695, 1758194466.5138655, 1758194468.5215633, 1758194470.5238857, 1758194472.5263789, 1758194474.5287247, 1758194476.5314188, 1758194478.5338826, 1758194480.5363789, 1758194482.5387254, 1758194484.541418, 1758194486.5438418, 1758194488.5465705, 1758194490.549452, 1758194492.5518067, 1758194494.5544922, 1758194496.5568902, 1758194498.5595837, 1758194500.5619822, 1758194502.564706, 1758194504.567049, 1758194506.5697374, 1758194508.5726488, 1758194510.574949, 1758194512.577695, 1758194514.5806549, 1758194516.5845287], "Voltage": [226.88, 227.09, 226.93, 226.88, 227.14, 226.93, 227.09, 226.99, 227.04, 227.09, 227.04, 227.04, 227.25, 227.09, 227.04, 227.14, 226.99, 227.04, 226.93, 226.93, 226.93, 226.93, 227.09, 227.09, 226.83, 226.88, 226.83, 226.99, 226.93, 226.88, 226.99, 227.09, 226.99, 227.09, 227.04, 226.73, 226.99, 227.09, 226.78, 227.14, 226.93, 227.2, 227.04, 226.93, 226.83], "Current": [0.19, 0.19, 0.19, 0.19, 0.19, 0.19, 0.19, 0.19, 0.19, 0.19, 0.19, 0.19, 0.19, 0.19, 0.19, 0.19, 0.19, 0.19, 0.19, 0.19, 0.19, 0.19, 0.19, 0.19, 0.19, 0.19, 0.19, 0.19, 0.19, 0.19, 0.19, 0.19, 0.19, 0.19, 0.19, 0.19, 0.19, 0.19, 0.19, 0.19, 0.19, 0.19, 0.19, 0.19, 0.19], "Real_Power": [28.91, 29.0, 28.78, 28.92, 28.78, 28.87, 28.95, 28.85, 29.06, 28.88, 29.19, 28.99, 29.01, 28.82, 28.87, 28.68, 28.81, 29.07, 28.99, 29.06, 28.96, 28.92, 28.73, 28.72, 29.03, 28.95, 29.05, 28.91, 29.01, 28.69, 28.82, 28.85, 28.91, 29.1, 28.78, 29.11, 28.83, 28.96, 28.65, 28.75, 29.02, 28.9, 29.15, 28.96, 29.09], "Apparent_Power": [43.1, 43.14, 43.11, 43.1, 43.15, 43.11, 43.14, 43.12, 43.13, 43.14, 43.13, 43.13, 43.17, 43.14, 43.13, 43.15, 43.12, 43.13, 43.11, 43.11, 43.11, 43.11, 43.14, 43.14, 43.09, 43.1, 43.09, 43.12, 43.11, 43.1, 43.12, 43.14, 43.12, 43.14, 43.13, 43.07, 43.12, 43.14, 43.08, 43.15, 43.11, 43.16, 43.13, 43.11, 43.09], "Apparent_Power_Reactive": [31.96, 31.93, 32.09, 31.95, 32.15, 32.01, 31.98, 32.04, 31.87, 32.04, 31.75, 31.93, 31.96, 32.1, 32.04, 32.23, 32.08, 31.86, 31.9, 31.84, 31.93, 31.97, 32.18, 32.19, 31.84, 31.92, 31.82, 31.99, 31.88, 32.16, 32.07, 32.07, 31.99, 31.84, 32.12, 31.74, 32.06, 31.97, 32.17, 32.17, 31.87, 32.05, 31.78, 31.93, 31.78], "Power_Factor": [0.67, 0.672, 0.667, 0.67, 0.666, 0.669, 0.671, 0.669, 0.673, 0.669, 0.676, 0.672, 0.671, 0.668, 0.669, 0.664, 0.668, 0.674, 0.672, 0.674, 0.671, 0.67, 0.665, 0.665, 0.673, 0.671, 0.674, 0.67, 0.672, 0.665, 0.668, 0.668, 0.67, 0.674, 0.667, 0.675, 0.668, 0.671, 0.665, 0.666, 0.673, 0.669, 0.675, 0.671, 0.675], "Energy": [0.01, 0.03, 0.04, 0.06, 0.08, 0.09, 0.11, 0.12, 0.14, 0.16, 0.17, 0.19, 0.21, 0.22, 0.24, 0.26, 0.27, 0.29, 0.3, 0.32, 0.34, 0.35, 0.37, 0.39, 0.4, 0.42, 0.43, 0.45, 0.47, 0.48, 0.5, 0.52, 0.53, 0.55, 0.56, 0.58, 0.6, 0.61, 0.63, 0.65, 0.66, 0.68, 0.69, 0.71, 0.73], "Frequency": [49.41, 49.41, 49.41, 49.39, 49.39, 49.39, 49.39, 49.39, 49.39, 49.4, 49.4, 49.4, 49.41, 49.41, 49.41, 49.39, 49.39, 49.39, 49.38, 49.38, 49.38, 49.39, 49.39, 49.39, 49.38, 49.38, 49.38, 49.38, 49.38, 49.38, 49.39, 49.39, 49.39, 49.4, 49.4, 49.4, 49.4, 49.4, 49.4, 49.41, 49.41, 49.41, 49.39, 49.39, 49.39], "Temp_env": []}