{"Start_Time": [1758190338.412566], "Time": [1758190340.4151075, 1758190342.4174619, 1758190344.4201777, 1758190346.4223053, 1758190348.4244864, 1758190350.4272645, 1758190352.4294002, 1758190354.4315128, 1758190356.434232, 1758190358.4365375, 1758190360.4392538, 1758190362.4414217, 1758190364.443468, 1758190366.445618, 1758190368.447709, 1758190370.4502053, 1758190372.4525375, 1758190374.4546652, 1758190376.4575238, 1758190378.4596095, 1758190380.4624023, 1758190382.4647577, 1758190384.4675756, 1758190386.4703712, 1758190388.4727926, 1758190390.4754982, 1758190392.47799, 1758190394.4804468, 1758190396.4827518, 1758190398.4854794, 1758190400.4878752, 1758190402.490585, 1758190404.4927502, 1758190406.4956226, 1758190408.4979541, 1758190410.5006506, 1758190412.5027974, 1758190414.5056398, 1758190416.5081012, 1758190418.5106308, 1758190420.5129936, 1758190422.5156796, 1758190424.5181167, 1758190426.5205853, 1758190428.5238833], "Voltage": [229.03, 229.19, 228.98, 229.14, 229.24, 229.29, 229.14, 229.29, 229.5, 229.35, 229.14, 229.29, 229.35, 229.24, 229.29, 229.45, 229.61, 229.4, 229.61, 229.35, 229.35, 229.5, 229.61, 229.61, 229.55, 229.5, 229.45, 229.19, 229.24, 229.35, 229.14, 228.77, 229.14, 228.98, 228.87, 229.03, 229.03, 229.03, 229.08, 229.08, 229.08, 228.87, 229.03, 229.03, 228.87], "Current": [0.18, 0.19, 0.19, 0.19, 0.18, 0.19, 0.18, 0.18, 0.19, 0.18, 0.18, 0.18, 0.18, 0.18, 0.19, 0.18, 0.18, 0.19, 0.18, 0.18, 0.19, 0.18, 0.18, 0.19, 0.18, 0.18, 0.19, 0.18, 0.19, 0.19, 0.19, 0.18, 0.19, 0.18, 0.18, 0.19, 0.19, 0.18, 0.19, 0.19, 0.18, 0.19, 0.19, 0.18, 0.19], "Real_Power": [28.32, 28.63, 28.64, 28.41, 28.34, 28.66, 28.34, 28.33, 28.63, 28.33, 28.33, 28.45, 28.34, 28.36, 28.64, 28.31, 28.32, 28.55, 28.33, 28.19, 28.68, 28.41, 28.27, 28.7, 28.33, 28.34, 28.49, 28.33, 28.42, 28.63, 28.4, 28.37, 28.52, 28.36, 28.41, 28.55, 28.49, 28.35, 28.53, 28.5, 28.35, 28.51, 28.39, 28.44, 28.54], "Apparent_Power": [41.22, 43.54, 43.5, 43.53, 41.26, 43.56, 41.24, 41.27, 43.6, 41.28, 41.24, 41.27, 41.28, 41.26, 43.56, 41.3, 41.32, 43.58, 41.32, 41.28, 43.57, 41.31, 41.32, 43.62, 41.31, 41.31, 43.59, 41.25, 43.55, 43.57, 43.53, 41.17, 43.53, 41.21, 41.19, 43.51, 43.51, 41.22, 43.52, 43.52, 41.23, 43.48, 43.51, 41.22, 43.48], "Apparent_Power_Reactive": [29.95, 32.8, 32.74, 32.98, 29.98, 32.8, 29.95, 30.01, 32.88, 30.02, 29.96, 29.89, 30.01, 29.96, 32.82, 30.07, 30.08, 32.92, 30.07, 30.15, 32.79, 29.98, 30.13, 32.84, 30.06, 30.05, 32.99, 29.98, 32.99, 32.84, 32.98, 29.83, 32.88, 29.89, 29.82, 32.83, 32.88, 29.92, 32.86, 32.88, 29.93, 32.82, 32.97, 29.83, 32.8], "Power_Factor": [0.687, 0.657, 0.658, 0.652, 0.686, 0.657, 0.687, 0.686, 0.656, 0.686, 0.686, 0.689, 0.686, 0.687, 0.657, 0.685, 0.685, 0.655, 0.685, 0.682, 0.658, 0.687, 0.684, 0.657, 0.685, 0.686, 0.653, 0.686, 0.652, 0.657, 0.652, 0.689, 0.655, 0.688, 0.689, 0.656, 0.654, 0.687, 0.655, 0.654, 0.687, 0.655, 0.652, 0.689, 0.656], "Energy": [0.01, 0.03, 0.04, 0.06, 0.08, 0.09, 0.11, 0.12, 0.14, 0.16, 0.17, 0.19, 0.2, 0.22, 0.24, 0.25, 0.27, 0.28, 0.3, 0.32, 0.33, 0.35, 0.36, 0.38, 0.4, 0.41, 0.43, 0.44, 0.46, 0.48, 0.49, 0.51, 0.52, 0.54, 0.56, 0.57, 0.59, 0.6, 0.62, 0.64, 0.65, 0.67, 0.68, 0.7, 0.71], "Frequency": [49.47, 49.47, 49.47, 49.47, 49.47, 49.47, 49.47, 49.48, 49.48, 49.48, 49.48, 49.48, 49.48, 49.47, 49.47, 49.47, 49.48, 49.48, 49.48, 49.48, 49.48, 49.48, 49.46, 49.46, 49.46, 49.46, 49.46, 49.46, 49.44, 49.44, 49.44, 49.44, 49.44, 49.44, 49.45, 49.45, 49.45, 49.44, 49.44, 49.44, 49.43, 49.43, 49.43, 49.45, 49.45], "Temp_env": []}