{"Start_Time": [1758188192.7285612], "Time": [1758188194.7306185, 1758188196.733478, 1758188198.7356002, 1758188200.7376614, 1758188202.7398584, 1758188204.7419095, 1758188206.7446058, 1758188208.74679, 1758188210.7496097, 1758188212.7520747, 1758188214.7545698, 1758188216.7569144, 1758188218.7596219, 1758188220.7620773, 1758188222.7646103, 1758188224.766912, 1758188226.7689946, 1758188228.771921, 1758188230.7747047, 1758188232.777081, 1758188234.7797916, 1758188236.7822216, 1758188238.784908, 1758188240.7871075, 1758188242.7891948, 1758188244.7920895, 1758188246.7949007, 1758188248.797289, 1758188250.8000104, 1758188252.8024542, 1758188254.804993, 1758188256.8072793, 1758188258.8094196, 1758188260.8122687, 1758188262.8143835, 1758188264.8171039, 1758188266.819436, 1758188268.8222926, 1758188270.8245158, 1758188272.8272624, 1758188274.8295686, 1758188276.8324246, 1758188278.8352425, 1758188280.8375869, 1758188282.8408508], "Voltage": [229.71, 229.82, 229.71, 229.76, 229.61, 229.66, 229.76, 229.71, 229.87, 229.76, 229.71, 229.71, 229.82, 229.76, 229.76, 229.87, 229.82, 229.71, 229.66, 229.82, 229.55, 230.03, 229.82, 229.82, 229.66, 229.76, 229.92, 229.76, 229.92, 230.03, 230.18, 230.08, 230.13, 230.08, 230.08, 229.92, 229.92, 229.82, 229.92, 229.97, 229.87, 229.82, 229.76, 229.76, 229.82], "Current": [0.18, 0.18, 0.18, 0.18, 0.18, 0.18, 0.18, 0.18, 0.18, 0.18, 0.18, 0.18, 0.18, 0.18, 0.18, 0.18, 0.18, 0.18, 0.18, 0.18, 0.18, 0.18, 0.18, 0.18, 0.18, 0.18, 0.18, 0.18, 0.18, 0.18, 0.18, 0.18, 0.18, 0.18, 0.18, 0.18, 0.18, 0.18, 0.18, 0.18, 0.18, 0.18, 0.18, 0.18, 0.18], "Real_Power": [27.75, 27.84, 28.11, 27.65, 27.9, 28.25, 27.71, 27.88, 28.15, 27.62, 27.92, 27.94, 27.71, 27.96, 28.07, 27.78, 27.9, 28.03, 27.95, 27.96, 28.0, 27.77, 27.91, 28.04, 27.85, 27.82, 28.15, 27.88, 27.95, 27.96, 27.67, 27.97, 28.1, 27.86, 28.0, 28.15, 27.74, 27.95, 28.09, 27.92, 27.97, 27.84, 27.74, 27.96, 27.96], "Apparent_Power": [41.34, 41.36, 41.34, 41.35, 41.32, 41.33, 41.35, 41.34, 41.37, 41.35, 41.34, 41.34, 41.36, 41.35, 41.35, 41.37, 41.36, 41.34, 41.33, 41.36, 41.31, 41.4, 41.36, 41.36, 41.33, 41.35, 41.38, 41.35, 41.38, 41.4, 41.43, 41.41, 41.42, 41.41, 41.41, 41.38, 41.38, 41.36, 41.38, 41.39, 41.37, 41.36, 41.35, 41.35, 41.36], "Apparent_Power_Reactive": [30.64, 30.58, 30.31, 30.74, 30.47, 30.16, 30.69, 30.52, 30.31, 30.77, 30.48, 30.46, 30.7, 30.46, 30.36, 30.65, 30.53, 30.38, 30.44, 30.47, 30.37, 30.7, 30.52, 30.4, 30.53, 30.59, 30.32, 30.53, 30.51, 30.53, 30.83, 30.53, 30.43, 30.63, 30.5, 30.32, 30.7, 30.48, 30.38, 30.55, 30.48, 30.58, 30.66, 30.46, 30.47], "Power_Factor": [0.671, 0.673, 0.679, 0.668, 0.675, 0.683, 0.67, 0.674, 0.68, 0.667, 0.675, 0.675, 0.669, 0.676, 0.678, 0.671, 0.674, 0.678, 0.676, 0.676, 0.677, 0.67, 0.674, 0.677, 0.673, 0.672, 0.68, 0.674, 0.675, 0.675, 0.667, 0.675, 0.678, 0.672, 0.676, 0.68, 0.67, 0.675, 0.678, 0.674, 0.676, 0.673, 0.67, 0.676, 0.676], "Energy": [0.01, 0.03, 0.04, 0.06, 0.07, 0.09, 0.1, 0.12, 0.14, 0.15, 0.17, 0.18, 0.2, 0.21, 0.23, 0.25, 0.26, 0.28, 0.29, 0.31, 0.32, 0.34, 0.36, 0.37, 0.39, 0.4, 0.42, 0.43, 0.45, 0.47, 0.48, 0.5, 0.51, 0.53, 0.54, 0.56, 0.58, 0.59, 0.61, 0.62, 0.64, 0.65, 0.67, 0.69, 0.7], "Frequency": [49.39, 49.39, 49.39, 49.39, 49.39, 49.39, 49.39, 49.39, 49.4, 49.4, 49.4, 49.4, 49.4, 49.4, 49.42, 49.42, 49.42, 49.42, 49.42, 49.42, 49.4, 49.4, 49.4, 49.39, 49.39, 49.39, 49.39, 49.39, 49.39, 49.39, 49.39, 49.39, 49.4, 49.4, 49.4, 49.43, 49.43, 49.43, 49.45, 49.45, 49.45, 49.45, 49.45, 49.45, 49.42], "Temp_env": []}