{"Start_Time": [1758192382.359834], "Time": [1758192384.3620186, 1758192386.3647478, 1758192388.3670702, 1758192390.3692155, 1758192392.3719714, 1758192394.374116, 1758192396.3764133, 1758192398.3789184, 1758192400.3813071, 1758192402.3840322, 1758192404.3865232, 1758192406.3890653, 1758192408.3914208, 1758192410.394111, 1758192412.3964536, 1758192414.3991807, 1758192416.4014802, 1758192418.404202, 1758192420.4065351, 1758192422.409199, 1758192424.4115744, 1758192426.4142377, 1758192428.4166574, 1758192430.4243329, 1758192432.4266412, 1758192434.4293475, 1758192436.431549, 1758192438.4343083, 1758192440.436765, 1758192442.4393203, 1758192444.441605, 1758192446.4443305, 1758192448.4473515, 1758192450.4497106, 1758192452.4525595, 1758192454.454793, 1758192456.4569962, 1758192458.4594636, 1758192460.461814, 1758192462.4645052, 1758192464.4669795, 1758192466.4695215, 1758192468.4718795, 1758192470.4745667, 1758192472.4776175], "Voltage": [227.14, 227.14, 227.2, 227.09, 226.88, 227.04, 227.09, 226.88, 226.88, 227.04, 226.99, 227.14, 227.04, 227.14, 227.41, 227.35, 227.41, 227.35, 227.51, 227.41, 227.41, 227.56, 227.41, 227.35, 227.41, 227.09, 227.25, 227.14, 227.04, 227.2, 227.14, 227.04, 227.09, 227.25, 227.09, 227.2, 227.2, 227.2, 227.3, 227.25, 227.3, 227.3, 227.14, 227.3, 227.3], "Current": [0.19, 0.19, 0.19, 0.19, 0.19, 0.19, 0.19, 0.19, 0.19, 0.19, 0.19, 0.19, 0.19, 0.19, 0.19, 0.19, 0.19, 0.19, 0.19, 0.19, 0.19, 0.19, 0.19, 0.19, 0.19, 0.19, 0.19, 0.19, 0.19, 0.19, 0.19, 0.19, 0.19, 0.19, 0.19, 0.19, 0.19, 0.19, 0.19, 0.19, 0.19, 0.19, 0.19, 0.19, 0.19], "Real_Power": [28.61, 28.76, 28.71, 28.58, 28.84, 28.61, 28.55, 28.65, 28.43, 28.53, 28.78, 28.74, 28.44, 28.71, 28.61, 28.72, 28.62, 28.67, 28.73, 28.52, 28.61, 28.81, 28.6, 28.66, 28.85, 28.47, 28.55, 28.92, 28.51, 28.67, 28.75, 28.72, 28.5, 28.83, 28.49, 28.46, 28.82, 28.61, 28.5, 28.79, 28.51, 28.53, 28.82, 28.6, 28.37], "Apparent_Power": [43.15, 43.15, 43.16, 43.14, 43.1, 43.13, 43.14, 43.1, 43.1, 43.13, 43.12, 43.15, 43.13, 43.15, 43.2, 43.19, 43.2, 43.19, 43.22, 43.2, 43.2, 43.23, 43.2, 43.19, 43.2, 43.14, 43.17, 43.15, 43.13, 43.16, 43.15, 43.13, 43.14, 43.17, 43.14, 43.16, 43.16, 43.16, 43.18, 43.17, 43.18, 43.18, 43.15, 43.18, 43.18], "Apparent_Power_Reactive": [32.3, 32.16, 32.22, 32.31, 32.02, 32.27, 32.34, 32.19, 32.39, 32.34, 32.1, 32.18, 32.42, 32.21, 32.36, 32.25, 32.35, 32.3, 32.28, 32.44, 32.36, 32.23, 32.37, 32.31, 32.15, 32.41, 32.38, 32.02, 32.36, 32.26, 32.17, 32.17, 32.38, 32.13, 32.39, 32.44, 32.12, 32.31, 32.43, 32.16, 32.42, 32.41, 32.11, 32.35, 32.55], "Power_Factor": [0.663, 0.666, 0.665, 0.662, 0.669, 0.663, 0.661, 0.664, 0.659, 0.661, 0.667, 0.666, 0.659, 0.665, 0.662, 0.664, 0.662, 0.663, 0.664, 0.66, 0.662, 0.666, 0.662, 0.663, 0.667, 0.659, 0.661, 0.67, 0.661, 0.664, 0.666, 0.665, 0.66, 0.667, 0.66, 0.659, 0.667, 0.662, 0.66, 0.666, 0.66, 0.66, 0.667, 0.662, 0.657], "Energy": [0.01, 0.03, 0.04, 0.06, 0.08, 0.09, 0.11, 0.12, 0.14, 0.16, 0.17, 0.19, 0.2, 0.22, 0.24, 0.25, 0.27, 0.28, 0.3, 0.32, 0.33, 0.35, 0.37, 0.38, 0.4, 0.41, 0.43, 0.45, 0.46, 0.48, 0.49, 0.51, 0.53, 0.54, 0.56, 0.58, 0.59, 0.61, 0.62, 0.64, 0.66, 0.67, 0.69, 0.7, 0.72], "Frequency": [49.41, 49.41, 49.4, 49.4, 49.4, 49.39, 49.39, 49.39, 49.4, 49.4, 49.4, 49.4, 49.4, 49.4, 49.43, 49.43, 49.43, 49.41, 49.41, 49.41, 49.41, 49.41, 49.41, 49.39, 49.39, 49.39, 49.4, 49.4, 49.4, 49.4, 49.4, 49.4, 49.4, 49.4, 49.44, 49.44, 49.44, 49.43, 49.43, 49.43, 49.43, 49.43, 49.43, 49.43, 49.43], "Temp_env": []}